# Blender 4.5.3 LTS
# www.blender.org
mtllib 03.mtl
o 03
v -518.658203 -0.000117 -6.403145
v -525.874207 -0.000117 -6.480137
v -518.683960 -0.000116 -3.998878
v -525.899902 -0.000116 -4.075825
v -504.232483 -0.000117 -6.249203
v -511.457214 -0.000117 -6.326328
v -504.258179 -0.000116 -3.844959
v -511.482666 -0.000116 -3.922043
v -504.258179 -0.000116 -3.844959
v -511.482666 -0.000116 -3.922043
v -504.283936 -0.000115 -1.440674
v -511.508423 -0.000115 -1.517735
v -518.683960 -0.000116 -3.998878
v -525.899902 -0.000116 -4.075825
v -518.709656 -0.000115 -1.594612
v -525.925415 -0.000115 -1.671608
v -511.420776 -0.483641 -9.730305
v -511.426331 -0.000118 -9.214512
v -504.196289 -0.483641 -9.653225
v -504.201843 -0.000118 -9.137409
v -525.837769 -0.483641 -9.884083
v -525.843384 -0.000118 -9.368275
v -518.622009 -0.483641 -9.807117
v -518.627380 -0.000118 -9.291328
v -511.426331 -0.000118 -9.214512
v -511.457214 -0.000117 -6.326328
v -504.201843 -0.000118 -9.137409
v -504.232483 -0.000117 -6.249203
v -518.627380 -0.000118 -9.291328
v -525.843384 -0.000118 -9.368275
v -518.658203 -0.000117 -6.403145
v -525.874207 -0.000117 -6.480137
v -511.508423 -0.000115 -1.517735
v -518.709656 -0.000115 -1.594612
v -518.627380 -0.000118 -9.291328
v -511.426331 -0.000118 -9.214512
v -518.622009 -0.483641 -9.807117
v -518.627380 -0.000118 -9.291328
v -511.420776 -0.483641 -9.730305
v -511.426331 -0.000118 -9.214512
v -533.109680 -0.000116 -4.152840
v -525.925415 -0.000115 -1.671608
v -533.135315 -0.000115 -1.748463
v -533.083923 -0.000117 -6.557034
v -533.109680 -0.000116 -4.152840
v -533.053101 -0.000118 -9.445267
v -533.083923 -0.000117 -6.557034
v -525.843384 -0.000118 -9.368275
v -533.047729 -0.483641 -9.960987
v -533.053101 -0.000118 -9.445267
v -525.837769 -0.483641 -9.884083
v -525.843384 -0.000118 -9.368275
v -525.951050 -0.000115 0.732700
v -525.976746 -0.000114 3.136986
v -518.735291 -0.000115 0.809673
v -518.760986 -0.000114 3.214000
v -511.534058 -0.000115 0.886482
v -511.559753 -0.000114 3.290794
v -504.309631 -0.000115 0.963634
v -504.335266 -0.000114 3.367851
v -511.534058 -0.000115 0.886482
v -504.283936 -0.000115 -1.440674
v -504.309631 -0.000115 0.963634
v -525.951050 -0.000115 0.732700
v -518.735291 -0.000115 0.809673
v -504.366150 -0.000113 6.255856
v -511.590576 -0.000113 6.178799
v -504.371460 -0.483636 6.771820
v -511.596008 -0.483636 6.694717
v -518.791809 -0.000113 6.101963
v -526.007568 -0.000113 6.024994
v -518.797241 -0.483636 6.617908
v -526.013000 -0.483636 6.540936
v -504.335266 -0.000114 3.367851
v -511.559753 -0.000114 3.290794
v -504.366150 -0.000113 6.255856
v -511.590576 -0.000113 6.178799
v -525.976746 -0.000114 3.136986
v -526.007568 -0.000113 6.024994
v -518.760986 -0.000114 3.214000
v -518.791809 -0.000113 6.101963
v -511.590576 -0.000113 6.178799
v -518.791809 -0.000113 6.101963
v -511.590576 -0.000113 6.178799
v -518.791809 -0.000113 6.101963
v -511.596008 -0.483636 6.694717
v -518.797241 -0.483636 6.617908
v -533.135315 -0.000115 -1.748463
v -533.161011 -0.000115 0.655800
v -533.161011 -0.000115 0.655800
v -533.186523 -0.000114 3.060062
v -533.186523 -0.000114 3.060062
v -526.007568 -0.000113 6.024994
v -533.217529 -0.000113 5.947979
v -526.007568 -0.000113 6.024994
v -533.217529 -0.000113 5.947979
v -526.013000 -0.483636 6.540936
v -533.222961 -0.483636 6.463970
v -505.011353 -0.381089 -9.445686
v -505.011353 0.183956 -9.445686
v -511.411377 -0.381089 -9.513920
v -511.411377 0.183956 -9.513920
v -505.000366 0.183956 -10.472347
v -505.000366 -0.408052 -10.472347
v -511.400452 0.183956 -10.540646
v -511.400452 -0.408052 -10.540646
v -505.011353 0.183956 -9.445686
v -505.000366 0.183956 -10.472347
v -511.411377 0.183956 -9.513920
v -511.400452 0.183956 -10.540646
v -518.624268 0.183956 -9.590885
v -518.624268 -0.381089 -9.590885
v -518.613281 -0.408052 -10.617619
v -518.613281 0.183956 -10.617619
v -518.613281 0.183956 -10.617619
v -518.624268 0.183956 -9.590885
v -519.426147 17.327690 -10.626278
v -519.426147 16.443144 -10.626278
v -533.039001 17.327690 -10.771496
v -533.039001 16.443144 -10.771496
v -519.437073 17.327690 -9.599545
v -533.049988 17.327690 -9.744747
v -519.437073 16.443144 -9.599545
v -533.049988 16.443144 -9.744747
v -519.437073 16.443144 -9.599545
v -533.049988 16.443144 -9.744747
v -519.426147 16.443144 -10.626278
v -533.039001 16.443144 -10.771496
v -511.581909 0.183961 6.478607
v -505.181885 0.183961 6.546906
v -511.581909 -0.381084 6.478607
v -505.181885 -0.381084 6.546906
v -511.593079 -0.408046 7.505333
v -505.192810 -0.408046 7.573677
v -511.593079 0.183961 7.505333
v -505.192810 0.183961 7.573677
v -511.593079 0.183961 7.505333
v -505.192810 0.183961 7.573677
v -511.581909 0.183961 6.478607
v -505.181885 0.183961 6.546906
v -518.794983 -0.381084 6.401684
v -518.794983 0.183961 6.401684
v -518.805969 0.183961 7.428410
v -518.805969 -0.408046 7.428410
v -518.794983 0.183961 6.401684
v -518.805969 0.183961 7.428410
v -533.231384 17.327694 7.274513
v -533.231384 16.443148 7.274513
v -519.618530 17.327696 7.419735
v -519.618530 16.443150 7.419735
v -533.220703 16.443148 6.247742
v -533.220703 17.327694 6.247742
v -519.607605 16.443148 6.393009
v -519.607605 17.327694 6.393009
v -533.231384 16.443148 7.274513
v -533.220703 16.443148 6.247742
v -519.618530 16.443150 7.419735
v -519.607605 16.443148 6.393009
v -526.007568 0.183961 6.324711
v -526.007568 -0.381084 6.324711
v -526.018555 -0.408046 7.351463
v -526.018555 0.183961 7.351463
v -526.018555 0.183961 7.351463
v -526.007568 0.183961 6.324711
v -532.407837 -0.381084 6.256393
v -532.407837 0.183961 6.256393
v -532.418823 0.183961 7.283165
v -532.418823 -0.408046 7.283165
v -532.407837 0.183961 6.256393
v -532.418823 0.183961 7.283165
v -525.837097 -0.381089 -9.667858
v -525.837097 0.183956 -9.667858
v -525.826172 0.183956 -10.694546
v -525.826172 -0.408052 -10.694546
v -525.837097 0.183956 -9.667858
v -525.826172 0.183956 -10.694546
v -532.237122 0.183956 -9.736088
v -532.237122 -0.381089 -9.736088
v -532.226135 -0.408052 -10.762859
v -532.226135 0.183956 -10.762859
v -532.226135 0.183956 -10.762859
v -532.237122 0.183956 -9.736088
v -518.196289 17.327692 -1.589146
v -518.282104 17.327694 6.465172
v -518.196289 16.443146 -1.589146
v -518.282104 16.443148 6.465172
v -518.196289 16.443146 -1.589146
v -518.282104 16.443148 6.465172
v -519.222961 16.443146 -1.600075
v -519.308838 16.443148 6.454201
v -518.110413 16.443144 -9.643414
v -518.110413 17.327690 -9.643414
v -519.136963 16.443144 -9.654415
v -518.110413 16.443144 -9.643414
v -431.642212 17.327692 -0.665646
v -431.728210 17.327696 7.388668
v -431.642212 16.443146 -0.665646
v -431.728210 16.443150 7.388668
v -431.642212 16.443146 -0.665646
v -431.728210 16.443150 7.388668
v -432.668823 16.443146 -0.676598
v -432.754700 16.443150 7.377651
v -431.556335 16.443144 -8.719959
v -431.556335 17.327690 -8.719959
v -432.582825 16.443144 -8.730911
v -431.556335 16.443144 -8.719959
v -417.631897 0.725965 -9.687412
v -417.635315 -1.350656 -9.375469
v -417.605286 0.725964 -12.180515
v -417.614014 -1.350657 -11.371334
v -419.730896 11.037968 -16.221630
v -419.773804 0.725964 -12.203648
v -417.562683 11.037968 -16.198475
v -417.605286 0.725964 -12.180515
v -419.730896 12.952320 -16.221638
v -417.562683 12.952320 -16.198483
v -419.773804 0.725964 -12.203648
v -419.800415 0.725965 -9.710522
v -417.605286 0.725964 -12.180515
v -417.631897 0.725965 -9.687412
v -417.845581 -1.350650 10.336929
v -417.824341 -1.350651 8.341022
v -417.854309 0.725971 11.146091
v -417.827698 0.725970 8.652988
v -417.854309 0.725971 11.146091
v -420.022827 0.725971 11.122940
v -417.897217 11.037976 15.164051
v -420.065430 11.037976 15.140965
v -417.897217 12.952329 15.164051
v -420.065430 12.952329 15.140965
v -417.827698 0.725970 8.652988
v -419.995972 0.725970 8.629837
v -417.854309 0.725971 11.146091
v -420.022827 0.725971 11.122940
v -446.529846 -0.000117 -5.633606
v -453.746704 -0.000117 -5.710575
v -446.555542 -0.000116 -3.229343
v -453.772217 -0.000116 -3.306377
v -432.104126 -0.000117 -5.479691
v -439.320068 -0.000117 -5.556660
v -432.129822 -0.000116 -3.075424
v -439.345825 -0.000116 -3.152374
v -417.678589 -0.000117 -5.325798
v -424.903076 -0.000117 -5.402832
v -417.704102 -0.000116 -2.921486
v -424.928833 -0.000116 -2.998569
v -417.704102 -0.000116 -2.921486
v -424.928833 -0.000116 -2.998569
v -417.729797 -0.000115 -0.517223
v -424.954224 -0.000115 -0.594330
v -432.129822 -0.000116 -3.075424
v -439.345825 -0.000116 -3.152374
v -432.155579 -0.000115 -0.671097
v -439.371338 -0.000115 -0.748131
v -446.555542 -0.000116 -3.229343
v -453.772217 -0.000116 -3.306377
v -446.581238 -0.000115 -0.825012
v -453.797913 -0.000115 -0.902027
v -424.866699 -0.483641 -8.806782
v -424.872253 -0.000118 -8.290997
v -417.642151 -0.483641 -8.729748
v -417.647583 -0.000118 -8.230026
v -439.283875 -0.483641 -8.960609
v -439.289246 -0.000118 -8.444843
v -432.067932 -0.483641 -8.883617
v -432.073303 -0.000118 -8.367874
v -453.710266 -0.483641 -9.114548
v -453.715881 -0.000118 -8.598736
v -446.493652 -0.483641 -9.037556
v -446.499023 -0.000118 -8.521770
v -424.872253 -0.000118 -8.290997
v -424.903076 -0.000117 -5.402832
v -417.647583 -0.000118 -8.230026
v -417.678589 -0.000117 -5.325798
v -432.073303 -0.000118 -8.367874
v -439.289246 -0.000118 -8.444843
v -432.104126 -0.000117 -5.479691
v -439.320068 -0.000117 -5.556660
v -446.499023 -0.000118 -8.521770
v -453.715881 -0.000118 -8.598736
v -446.529846 -0.000117 -5.633606
v -453.746704 -0.000117 -5.710575
v -424.954224 -0.000115 -0.594330
v -432.155579 -0.000115 -0.671097
v -432.073303 -0.000118 -8.367874
v -424.872253 -0.000118 -8.290997
v -432.067932 -0.483641 -8.883617
v -432.073303 -0.000118 -8.367874
v -424.866699 -0.483641 -8.806782
v -424.872253 -0.000118 -8.290997
v -439.371338 -0.000115 -0.748131
v -446.581238 -0.000115 -0.825012
v -446.499023 -0.000118 -8.521770
v -439.289246 -0.000118 -8.444843
v -446.493652 -0.483641 -9.037556
v -446.499023 -0.000118 -8.521770
v -439.283875 -0.483641 -8.960609
v -439.289246 -0.000118 -8.444843
v -460.981201 -0.000116 -3.383190
v -453.797913 -0.000115 -0.902027
v -461.006958 -0.000115 -0.978973
v -460.955566 -0.000117 -5.787498
v -460.981201 -0.000116 -3.383190
v -460.924683 -0.000118 -8.675663
v -460.955566 -0.000117 -5.787498
v -453.715881 -0.000118 -8.598736
v -460.919189 -0.483641 -9.191448
v -460.924683 -0.000118 -8.675663
v -453.710266 -0.483641 -9.114548
v -453.715881 -0.000118 -8.598736
v -453.823547 -0.000114 1.502258
v -453.849304 -0.000114 3.906524
v -446.606934 -0.000114 1.579231
v -446.632446 -0.000114 3.983539
v -439.396973 -0.000114 1.656155
v -439.422668 -0.000114 4.060421
v -432.181213 -0.000114 1.733170
v -432.206909 -0.000114 4.137386
v -424.979980 -0.000114 1.810028
v -425.005676 -0.000114 4.214272
v -417.755493 -0.000114 1.887062
v -417.781189 -0.000114 4.291374
v -424.979980 -0.000114 1.810028
v -417.729797 -0.000115 -0.517223
v -417.755493 -0.000114 1.887062
v -439.396973 -0.000114 1.656155
v -432.181213 -0.000114 1.733170
v -453.823547 -0.000114 1.502258
v -446.606934 -0.000114 1.579231
v -417.812073 -0.000113 7.195602
v -425.036499 -0.000113 7.102249
v -417.817383 -0.483636 7.695324
v -425.041870 -0.483636 7.618217
v -432.237732 -0.000113 7.025459
v -439.453491 -0.000113 6.948467
v -432.243103 -0.483636 7.541428
v -439.458862 -0.483636 7.464348
v -446.663452 -0.000113 6.871502
v -453.880127 -0.000113 6.794529
v -446.668823 -0.483636 7.387489
v -453.885498 -0.483636 7.310410
v -417.781189 -0.000114 4.291374
v -425.005676 -0.000114 4.214272
v -417.812073 -0.000113 7.195602
v -425.036499 -0.000113 7.102249
v -439.422668 -0.000114 4.060421
v -439.453491 -0.000113 6.948467
v -432.206909 -0.000114 4.137386
v -432.237732 -0.000113 7.025459
v -453.849304 -0.000114 3.906524
v -453.880127 -0.000113 6.794529
v -446.632446 -0.000114 3.983539
v -446.663452 -0.000113 6.871502
v -425.036499 -0.000113 7.102249
v -432.237732 -0.000113 7.025459
v -425.036499 -0.000113 7.102249
v -432.237732 -0.000113 7.025459
v -425.041870 -0.483636 7.618217
v -432.243103 -0.483636 7.541428
v -439.453491 -0.000113 6.948467
v -446.663452 -0.000113 6.871502
v -439.453491 -0.000113 6.948467
v -446.663452 -0.000113 6.871502
v -439.458862 -0.483636 7.464348
v -446.668823 -0.483636 7.387489
v -461.006958 -0.000115 -0.978973
v -461.032471 -0.000114 1.425335
v -461.032471 -0.000114 1.425335
v -461.058167 -0.000114 3.829624
v -461.058167 -0.000114 3.829624
v -453.880127 -0.000113 6.794529
v -461.088989 -0.000113 6.717625
v -453.880127 -0.000113 6.794529
v -461.088989 -0.000113 6.717625
v -453.885498 -0.483636 7.310410
v -461.094604 -0.483636 7.233616
v -418.457275 -0.381089 -8.522171
v -418.457275 0.183957 -8.522171
v -424.857544 -0.381089 -8.590488
v -424.857544 0.183957 -8.590488
v -418.446289 0.183956 -9.548893
v -418.446289 -0.408051 -9.548893
v -424.846375 0.183956 -9.617168
v -424.846375 -0.408051 -9.617168
v -418.457275 0.183957 -8.522171
v -418.446289 0.183956 -9.548893
v -424.857544 0.183957 -8.590488
v -424.846375 0.183956 -9.617168
v -432.070129 0.183957 -8.667370
v -432.070129 -0.381089 -8.667370
v -432.059204 -0.408051 -9.694141
v -432.059204 0.183956 -9.694141
v -432.059204 0.183956 -9.694141
v -432.070129 0.183957 -8.667370
v -432.872009 17.327690 -9.702824
v -432.872009 16.443144 -9.702824
v -446.484924 17.327690 -9.848019
v -446.484924 16.443144 -9.848019
v -432.882996 17.327690 -8.676090
v -446.495911 17.327690 -8.821354
v -432.882996 16.443144 -8.676090
v -446.495911 16.443144 -8.821354
v -432.882996 16.443144 -8.676090
v -446.495911 16.443144 -8.821354
v -432.872009 16.443144 -9.702824
v -446.484924 16.443144 -9.848019
v -425.028015 0.183961 7.402084
v -418.627991 0.183961 7.470379
v -425.028015 -0.381084 7.402084
v -418.627991 -0.381084 7.470379
v -425.038940 -0.408046 8.428856
v -418.638672 -0.408046 8.497108
v -425.038940 0.183962 8.428856
v -418.638672 0.183962 8.497108
v -425.038940 0.183962 8.428856
v -418.638672 0.183962 8.497108
v -425.028015 0.183961 7.402084
v -418.627991 0.183961 7.470379
v -432.240845 -0.381084 7.325138
v -432.240845 0.183961 7.325138
v -432.251831 0.183962 8.351887
v -432.251831 -0.408046 8.351887
v -432.240845 0.183961 7.325138
v -432.251831 0.183962 8.351887
v -446.677551 17.327696 8.198009
v -446.677551 16.443150 8.198009
v -433.064453 17.327696 8.343189
v -433.064453 16.443150 8.343189
v -446.666626 16.443148 7.171215
v -446.666626 17.327694 7.171215
v -433.053528 16.443150 7.316437
v -433.053528 17.327696 7.316437
v -446.677551 16.443150 8.198009
v -446.666626 16.443148 7.171215
v -433.064453 16.443150 8.343189
v -433.053528 16.443150 7.316437
v -460.493591 17.327692 -0.973476
v -460.579468 17.327694 7.080811
v -460.493591 16.443146 -0.973476
v -460.579468 16.443148 7.080811
v -460.493591 16.443146 -0.973476
v -460.579468 16.443148 7.080811
v -461.520325 16.443146 -0.984428
v -461.606079 16.443148 7.069862
v -460.407593 16.443144 -9.027794
v -460.407593 17.327690 -9.027794
v -461.434326 16.443144 -9.038788
v -460.407593 16.443144 -9.027794
v -439.453491 0.183961 7.248211
v -439.453491 -0.381084 7.248211
v -439.464661 -0.408046 8.274940
v -439.464661 0.183962 8.274940
v -439.464661 0.183962 8.274940
v -439.453491 0.183961 7.248211
v -445.853760 -0.381084 7.179913
v -445.853760 0.183961 7.179913
v -445.864746 0.183962 8.206665
v -445.864746 -0.408046 8.206665
v -445.853760 0.183961 7.179913
v -445.864746 0.183962 8.206665
v -460.290283 17.327696 8.052700
v -460.290283 16.443150 8.052700
v -460.279480 16.443148 7.025993
v -460.279480 17.327694 7.025993
v -460.290283 16.443150 8.052700
v -460.279480 16.443148 7.025993
v -439.282959 -0.381089 -8.744339
v -439.282959 0.183957 -8.744339
v -439.272095 0.183956 -9.771069
v -439.272095 -0.408051 -9.771069
v -439.282959 0.183957 -8.744339
v -439.272095 0.183956 -9.771069
v -445.683044 0.183957 -8.812683
v -445.683044 -0.381089 -8.812683
v -445.672058 -0.408051 -9.839344
v -445.672058 0.183956 -9.839344
v -445.672058 0.183956 -9.839344
v -445.683044 0.183957 -8.812683
v -460.097778 17.327690 -9.993290
v -460.097778 16.443144 -9.993290
v -460.108765 17.327690 -8.966557
v -460.108765 16.443144 -8.966557
v -460.108765 16.443144 -8.966557
v -460.097778 16.443144 -9.993290
v -453.879517 0.183961 7.094273
v -447.479248 0.183961 7.162548
v -453.879517 -0.381084 7.094273
v -447.479248 -0.381084 7.162548
v -453.890198 -0.408046 8.120998
v -447.490173 -0.408046 8.189278
v -453.890198 0.183962 8.120998
v -447.490173 0.183962 8.189278
v -453.890198 0.183962 8.120998
v -447.490173 0.183962 8.189278
v -453.879517 0.183961 7.094273
v -447.479248 0.183961 7.162548
v -461.092346 -0.381084 7.017349
v -461.092346 0.183961 7.017349
v -461.103333 0.183961 8.044056
v -461.103333 -0.408046 8.044056
v -461.092346 0.183961 7.017349
v -461.103333 0.183961 8.044056
v -475.528748 17.327696 7.890133
v -475.528748 16.443150 7.890133
v -461.915894 17.327696 8.035378
v -461.915894 16.443150 8.035378
v -475.517822 16.443148 6.863407
v -475.517822 17.327694 6.863407
v -461.904907 16.443148 7.008606
v -461.904907 17.327694 7.008606
v -475.528748 16.443150 7.890133
v -475.517822 16.443148 6.863407
v -461.915894 16.443150 8.035378
v -461.904907 16.443148 7.008606
v -447.308655 -0.381089 -8.830002
v -447.308655 0.183957 -8.830002
v -453.708740 -0.381089 -8.898254
v -453.708740 0.183957 -8.898254
v -447.297546 0.183956 -9.856724
v -447.297546 -0.408051 -9.856724
v -453.697815 0.183956 -9.924999
v -453.697815 -0.408051 -9.924999
v -447.308655 0.183957 -8.830002
v -447.297546 0.183956 -9.856724
v -453.708740 0.183957 -8.898254
v -453.697815 0.183956 -9.924999
v -460.921631 0.183957 -8.975227
v -460.921631 -0.381089 -8.975227
v -460.910645 -0.408051 -10.001972
v -460.910645 0.183956 -10.001972
v -460.910645 0.183956 -10.001972
v -460.921631 0.183957 -8.975227
v -461.723206 17.327690 -10.010609
v -461.723206 16.443144 -10.010609
v -475.336365 17.327690 -10.155849
v -475.336365 16.443144 -10.155849
v -461.734375 17.327690 -8.983879
v -475.347290 17.327690 -9.129192
v -461.734375 16.443144 -8.983879
v -475.347290 16.443144 -9.129192
v -461.734375 16.443144 -8.983879
v -475.347290 16.443144 -9.129192
v -461.723206 16.443144 -10.010609
v -475.336365 16.443144 -10.155849
v -489.806946 -0.000117 -6.095333
v -497.023682 -0.000117 -6.172413
v -489.832703 -0.000116 -3.691025
v -497.049316 -0.000116 -3.768036
v -475.381287 -0.000117 -5.941463
v -482.597046 -0.000117 -6.018410
v -475.406982 -0.000116 -3.537178
v -482.622742 -0.000116 -3.614143
v -468.179993 -0.000117 -5.864601
v -468.205688 -0.000116 -3.460342
v -468.205688 -0.000116 -3.460342
v -468.231445 -0.000115 -1.056030
v -475.406982 -0.000116 -3.537178
v -482.622742 -0.000116 -3.614143
v -475.432678 -0.000115 -1.132843
v -482.648438 -0.000115 -1.209816
v -489.832703 -0.000116 -3.691025
v -497.049316 -0.000116 -3.768036
v -489.858215 -0.000115 -1.286804
v -497.075012 -0.000115 -1.363728
v -468.143860 -0.483641 -9.268532
v -468.149475 -0.000118 -8.752743
v -460.919189 -0.483641 -9.191448
v -460.924683 -0.000118 -8.675663
v -482.560608 -0.483641 -9.422379
v -482.566162 -0.000118 -8.906567
v -475.344849 -0.483641 -9.345413
v -475.350403 -0.000118 -8.829601
v -496.987183 -0.483641 -9.576298
v -496.992798 -0.000118 -9.060505
v -489.770569 -0.483641 -9.499287
v -489.776123 -0.000118 -8.983471
v -468.149475 -0.000118 -8.752743
v -468.179993 -0.000117 -5.864601
v -460.924683 -0.000118 -8.675663
v -475.350403 -0.000118 -8.829601
v -482.566162 -0.000118 -8.906567
v -475.381287 -0.000117 -5.941463
v -482.597046 -0.000117 -6.018410
v -489.776123 -0.000118 -8.983471
v -496.992798 -0.000118 -9.060505
v -489.806946 -0.000117 -6.095333
v -497.023682 -0.000117 -6.172413
v -468.231445 -0.000115 -1.056030
v -475.432678 -0.000115 -1.132843
v -475.350403 -0.000118 -8.829601
v -468.149475 -0.000118 -8.752743
v -475.344849 -0.483641 -9.345413
v -475.350403 -0.000118 -8.829601
v -468.143860 -0.483641 -9.268532
v -468.149475 -0.000118 -8.752743
v -482.648438 -0.000115 -1.209816
v -489.858215 -0.000115 -1.286804
v -489.776123 -0.000118 -8.983471
v -482.566162 -0.000118 -8.906567
v -489.770569 -0.483641 -9.499287
v -489.776123 -0.000118 -8.983471
v -482.560608 -0.483641 -9.422379
v -482.566162 -0.000118 -8.906567
v -497.075012 -0.000115 -1.363728
v -504.201843 -0.000118 -9.137409
v -496.992798 -0.000118 -9.060505
v -504.196289 -0.483641 -9.653225
v -504.201843 -0.000118 -9.137409
v -496.987183 -0.483641 -9.576298
v -496.992798 -0.000118 -9.060505
v -497.100769 -0.000115 1.040489
v -497.126282 -0.000114 3.444797
v -489.883911 -0.000115 1.117504
v -489.909546 -0.000114 3.521835
v -482.674133 -0.000115 1.194427
v -482.699646 -0.000114 3.598736
v -475.458191 -0.000115 1.271355
v -475.483887 -0.000114 3.675686
v -468.257141 -0.000114 1.348255
v -468.282654 -0.000114 3.752495
v -468.257141 -0.000114 1.348255
v -482.674133 -0.000115 1.194427
v -475.458191 -0.000115 1.271355
v -497.100769 -0.000115 1.040489
v -489.883911 -0.000115 1.117504
v -461.088989 -0.000113 6.717625
v -468.313477 -0.000113 6.640549
v -461.094604 -0.483636 7.233616
v -468.319092 -0.483636 7.156471
v -475.514709 -0.000113 6.563667
v -482.730469 -0.000113 6.486698
v -475.520020 -0.483636 7.079609
v -482.736084 -0.483636 7.002644
v -489.940430 -0.000113 6.409794
v -497.157104 -0.000113 6.332779
v -489.945740 -0.483636 6.925739
v -497.162659 -0.483636 6.848747
v -468.282654 -0.000114 3.752495
v -461.088989 -0.000113 6.717625
v -468.313477 -0.000113 6.640549
v -482.699646 -0.000114 3.598736
v -482.730469 -0.000113 6.486698
v -475.483887 -0.000114 3.675686
v -475.514709 -0.000113 6.563667
v -497.126282 -0.000114 3.444797
v -497.157104 -0.000113 6.332779
v -489.909546 -0.000114 3.521835
v -489.940430 -0.000113 6.409794
v -468.313477 -0.000113 6.640549
v -475.514709 -0.000113 6.563667
v -468.313477 -0.000113 6.640549
v -475.514709 -0.000113 6.563667
v -468.319092 -0.483636 7.156471
v -475.520020 -0.483636 7.079609
v -482.730469 -0.000113 6.486698
v -489.940430 -0.000113 6.409794
v -482.730469 -0.000113 6.486698
v -489.940430 -0.000113 6.409794
v -482.736084 -0.483636 7.002644
v -489.945740 -0.483636 6.925739
v -497.157104 -0.000113 6.332779
v -504.366150 -0.000113 6.255856
v -497.157104 -0.000113 6.332779
v -504.366150 -0.000113 6.255856
v -497.162659 -0.483636 6.848747
v -504.371460 -0.483636 6.771820
v -468.134460 -0.381089 -9.052216
v -468.134460 0.183957 -9.052216
v -468.123474 0.183956 -10.078945
v -468.123474 -0.408051 -10.078945
v -468.134460 0.183957 -9.052216
v -468.123474 0.183956 -10.078945
v -474.534485 0.183957 -9.120449
v -474.534485 -0.381089 -9.120449
v -474.523499 -0.408051 -10.147221
v -474.523499 0.183956 -10.147221
v -474.523499 0.183956 -10.147221
v -474.534485 0.183957 -9.120449
v -488.949219 17.327690 -10.301167
v -488.949219 16.443144 -10.301167
v -488.960205 17.327690 -9.274433
v -488.960205 16.443144 -9.274433
v -488.960205 16.443144 -9.274433
v -488.949219 16.443144 -10.301167
v -468.304932 0.183961 6.940376
v -468.304932 -0.381084 6.940376
v -468.315918 -0.408046 7.967083
v -468.315918 0.183961 7.967083
v -468.315918 0.183961 7.967083
v -468.304932 0.183961 6.940376
v -474.705017 -0.381084 6.872082
v -474.705017 0.183961 6.872082
v -474.715942 0.183961 7.898808
v -474.715942 -0.408046 7.898808
v -474.705017 0.183961 6.872082
v -474.715942 0.183961 7.898808
v -489.141663 17.327696 7.744865
v -489.141663 16.443150 7.744865
v -489.130737 16.443148 6.718204
v -489.130737 17.327694 6.718204
v -489.141663 16.443150 7.744865
v -489.130737 16.443148 6.718204
v -482.730652 0.183961 6.786438
v -476.330627 0.183961 6.854736
v -482.730652 -0.381084 6.786438
v -476.330627 -0.381084 6.854736
v -482.741638 -0.408046 7.813213
v -476.341614 -0.408046 7.881508
v -482.741638 0.183961 7.813213
v -476.341614 0.183961 7.881508
v -482.741638 0.183961 7.813213
v -476.341614 0.183961 7.881508
v -482.730652 0.183961 6.786438
v -476.330627 0.183961 6.854736
v -489.943604 -0.381084 6.709515
v -489.943604 0.183961 6.709515
v -489.954468 0.183961 7.736198
v -489.954468 -0.408046 7.736198
v -489.943604 0.183961 6.709515
v -489.954468 0.183961 7.736198
v -504.380249 17.327696 7.582344
v -504.380249 16.443150 7.582344
v -490.767151 17.327696 7.727547
v -490.767151 16.443150 7.727547
v -504.369263 16.443148 6.555573
v -504.369263 17.327694 6.555573
v -490.756348 16.443148 6.700817
v -490.756348 17.327694 6.700817
v -504.380249 16.443150 7.582344
v -504.369263 16.443148 6.555573
v -490.767151 16.443150 7.727547
v -490.756348 16.443148 6.700817
v -476.159912 -0.381089 -9.137814
v -476.159912 0.183956 -9.137814
v -482.559998 -0.381089 -9.206089
v -482.559998 0.183957 -9.206089
v -476.148926 0.183956 -10.164516
v -476.148926 -0.408051 -10.164516
v -482.549194 0.183956 -10.232815
v -482.549194 -0.408051 -10.232815
v -476.159912 0.183956 -9.137814
v -476.148926 0.183956 -10.164516
v -482.559998 0.183957 -9.206089
v -482.549194 0.183956 -10.232815
v -489.773010 0.183957 -9.283058
v -489.773010 -0.381089 -9.283058
v -489.762085 -0.408052 -10.309803
v -489.762085 0.183956 -10.309803
v -489.762085 0.183956 -10.309803
v -489.773010 0.183957 -9.283058
v -482.559998 0.183957 -9.206089
v -490.574646 17.327690 -10.318485
v -490.574646 16.443144 -10.318485
v -504.187561 17.327690 -10.463688
v -504.187561 16.443144 -10.463688
v -490.585632 17.327690 -9.291752
v -504.198547 17.327690 -9.436954
v -490.585632 16.443144 -9.291752
v -504.198547 16.443144 -9.436954
v -490.585632 16.443144 -9.291752
v -504.198547 16.443144 -9.436954
v -490.574646 16.443144 -10.318485
v -504.187561 16.443144 -10.463688
v -497.156433 0.183961 6.632545
v -497.156433 -0.381084 6.632545
v -497.167419 -0.408046 7.659317
v -497.167419 0.183961 7.659317
v -497.167419 0.183961 7.659317
v -497.156433 0.183961 6.632545
v -503.556458 -0.381084 6.564201
v -503.556458 0.183961 6.564201
v -503.567383 0.183961 7.590996
v -503.567383 -0.408046 7.590996
v -503.556458 0.183961 6.564201
v -503.567383 0.183961 7.590996
v -517.993103 17.327696 7.437096
v -517.993103 16.443150 7.437096
v -517.982178 16.443148 6.410328
v -517.982178 17.327694 6.410328
v -517.993103 16.443150 7.437096
v -517.982178 16.443148 6.410328
v -496.985718 -0.381089 -9.360023
v -496.985718 0.183956 -9.360023
v -496.974731 0.183956 -10.386707
v -496.974731 -0.408052 -10.386707
v -496.985718 0.183956 -9.360023
v -496.974731 0.183956 -10.386707
v -503.385925 0.183956 -9.428280
v -503.385925 -0.381089 -9.428280
v -503.375000 -0.408052 -10.455029
v -503.375000 0.183956 -10.455029
v -503.375000 0.183956 -10.455029
v -503.385925 0.183956 -9.428280
v -496.985718 0.183956 -9.360023
v -517.800476 17.327690 -10.608891
v -517.800476 16.443144 -10.608891
v -517.811584 17.327690 -9.582226
v -517.811584 16.443144 -9.582226
v -517.811584 16.443144 -9.582226
v -517.800476 16.443144 -10.608891
v -501.283142 -0.460297 -10.623249
v -502.833435 2.070794 -10.639790
v -501.298096 -0.460296 -9.226379
v -502.848267 2.070794 -9.242920
v -502.833435 2.070794 -10.639790
v -504.185547 2.070794 -10.654202
v -502.848267 2.070794 -9.242920
v -504.200500 2.070794 -9.257378
v -504.185547 -0.460297 -10.654202
v -504.185547 2.070794 -10.654202
v -501.283142 -0.460297 -10.623249
v -502.833435 2.070794 -10.639790
v -501.298096 -0.460296 -9.226379
v -502.848267 2.070794 -9.242920
v -504.200500 -0.460296 -9.257378
v -504.200500 2.070794 -9.257378
v -503.015137 2.070799 6.390415
v -503.030151 2.070800 7.787266
v -501.465027 -0.460291 6.406887
v -501.479797 -0.460291 7.803802
v -504.367249 2.070799 6.375935
v -504.382202 2.070800 7.772827
v -503.015137 2.070799 6.390415
v -503.030151 2.070800 7.787266
v -503.030151 2.070800 7.787266
v -504.382202 2.070800 7.772827
v -501.479797 -0.460291 7.803802
v -504.382202 -0.460291 7.772827
v -504.367249 2.070799 6.375935
v -503.015137 2.070799 6.390415
v -504.367249 -0.460291 6.375935
v -501.465027 -0.460291 6.406887
v -505.537903 2.070794 -10.668636
v -505.552612 2.070794 -9.271770
v -507.102966 -0.460296 -9.288311
v -505.552612 2.070794 -9.271770
v -507.088013 -0.460297 -10.685200
v -505.537903 2.070794 -10.668636
v -504.185547 2.070794 -10.654202
v -505.719604 2.070799 6.361500
v -505.734314 2.070800 7.758369
v -505.734314 2.070800 7.758369
v -507.284668 -0.460291 7.741875
v -505.719604 2.070799 6.361500
v -504.367249 2.070799 6.375935
v -507.269714 -0.460291 6.344959
v -443.580444 -0.460296 -10.007565
v -445.130798 2.070794 -10.024097
v -443.595398 -0.460296 -8.610737
v -445.145508 2.070795 -8.627232
v -445.130798 2.070794 -10.024097
v -446.482910 2.070794 -10.038563
v -445.145508 2.070795 -8.627232
v -446.497681 2.070795 -8.641693
v -446.482910 -0.460296 -10.038563
v -446.482910 2.070794 -10.038563
v -443.580444 -0.460296 -10.007565
v -445.130798 2.070794 -10.024097
v -443.595398 -0.460296 -8.610737
v -445.145508 2.070795 -8.627232
v -446.497681 -0.460296 -8.641693
v -446.497681 2.070795 -8.641693
v -445.312500 2.070799 7.006020
v -445.327209 2.070800 8.402931
v -443.762146 -0.460291 7.022552
v -443.777100 -0.460290 8.419403
v -446.664612 2.070799 6.991604
v -446.679565 2.070800 8.388424
v -445.312500 2.070799 7.006020
v -445.327209 2.070800 8.402931
v -445.327209 2.070800 8.402931
v -446.679565 2.070800 8.388424
v -443.777100 -0.460290 8.419403
v -446.679565 -0.460290 8.388424
v -446.664612 2.070799 6.991604
v -445.312500 2.070799 7.006020
v -446.664612 -0.460291 6.991604
v -443.762146 -0.460291 7.022552
v -447.835266 2.070794 -10.052952
v -447.849976 2.070795 -8.656082
v -449.400330 -0.460296 -8.672665
v -447.849976 2.070795 -8.656082
v -449.385315 -0.460296 -10.069492
v -447.835266 2.070794 -10.052952
v -446.482910 2.070794 -10.038563
v -448.016968 2.070799 6.977165
v -448.031677 2.070800 8.374035
v -448.031677 2.070800 8.374035
v -449.582031 -0.460290 8.357475
v -448.016968 2.070799 6.977165
v -449.567017 -0.460291 6.960606
v -472.431946 -0.460296 -10.315418
v -473.981995 2.070794 -10.331974
v -472.446655 -0.460296 -8.918549
v -473.997009 2.070794 -8.935112
v -473.981995 2.070794 -10.331974
v -475.334290 2.070794 -10.346371
v -473.997009 2.070794 -8.935112
v -475.349121 2.070794 -8.949501
v -475.334290 -0.460296 -10.346371
v -475.334290 2.070794 -10.346371
v -472.431946 -0.460296 -10.315418
v -473.981995 2.070794 -10.331974
v -472.446655 -0.460296 -8.918549
v -473.997009 2.070794 -8.935112
v -475.349121 -0.460296 -8.949501
v -475.349121 2.070794 -8.949501
v -474.163757 2.070799 6.698231
v -474.178711 2.070800 8.095097
v -472.613647 -0.460291 6.714722
v -472.628357 -0.460291 8.111656
v -475.515808 2.070799 6.683765
v -475.530823 2.070800 8.080658
v -474.163757 2.070799 6.698231
v -474.178711 2.070800 8.095097
v -474.178711 2.070800 8.095097
v -475.530823 2.070800 8.080658
v -472.628357 -0.460291 8.111656
v -475.530823 -0.460291 8.080658
v -475.515808 2.070799 6.683765
v -474.163757 2.070799 6.698231
v -475.515808 -0.460291 6.683765
v -472.613647 -0.460291 6.714722
v -476.686462 2.070794 -10.360760
v -476.701477 2.070794 -8.963959
v -478.251526 -0.460296 -8.980453
v -476.701477 2.070794 -8.963959
v -478.236755 -0.460296 -10.377346
v -476.686462 2.070794 -10.360760
v -475.334290 2.070794 -10.346371
v -476.868164 2.070799 6.669334
v -476.883118 2.070800 8.066177
v -476.883118 2.070800 8.066177
v -478.433289 -0.460291 8.049706
v -476.868164 2.070799 6.669334
v -475.515808 2.070799 6.683765
v -478.418457 -0.460291 6.652794
v -429.154724 16.047642 -9.853672
v -430.705078 17.946554 -9.870213
v -429.169678 16.047642 -8.456802
v -430.719788 17.946554 -8.473389
v -432.057190 16.047642 -9.884655
v -429.154724 16.047642 -9.853672
v -432.072144 16.047642 -8.487801
v -429.169678 16.047642 -8.456802
v -432.057190 16.047642 -9.884655
v -432.057190 17.946554 -9.884655
v -429.154724 16.047642 -9.853672
v -430.705078 17.946554 -9.870213
v -429.169678 16.047642 -8.456802
v -430.719788 17.946554 -8.473389
v -432.072144 16.047642 -8.487801
v -432.072144 17.946554 -8.487801
v -458.804932 16.447971 -8.981979
v -460.748169 16.447971 -9.002743
v -446.564026 0.067199 -8.851391
v -448.507446 0.067199 -8.872150
v -458.801819 16.447971 -9.242428
v -458.804932 16.447971 -8.981979
v -446.560913 0.067198 -9.111820
v -446.564026 0.067199 -8.851391
v -459.400574 16.447971 -9.611279
v -459.403687 16.447971 -9.316990
v -447.159668 0.067198 -9.480671
v -447.162964 0.067198 -9.186375
v -458.797363 16.447971 -9.673008
v -459.400574 16.447971 -9.611279
v -446.556458 0.067198 -9.542393
v -447.159668 0.067198 -9.480671
v -458.794922 16.447971 -9.933369
v -458.797363 16.447971 -9.673008
v -446.554016 0.067198 -9.802799
v -446.556458 0.067198 -9.542393
v -473.335022 0.067198 -9.137051
v -461.094360 16.447971 -9.006451
v -475.278442 0.067198 -9.157726
v -463.037537 16.447971 -9.027126
v -473.324951 0.067198 -10.088421
v -461.084045 16.447971 -9.957821
v -473.327454 0.067198 -9.827991
v -461.086548 16.447971 -9.697437
v -473.327454 0.067198 -9.827991
v -461.086548 16.447971 -9.697437
v -473.930847 0.067198 -9.766262
v -461.689941 16.447971 -9.635662
v -473.930847 0.067198 -9.766262
v -461.689941 16.447971 -9.635662
v -473.933960 0.067198 -9.472080
v -461.693054 16.447971 -9.341461
v -473.331848 0.067198 -9.397461
v -461.091248 16.447971 -9.266857
v -473.335022 0.067198 -9.137051
v -461.094360 16.447971 -9.006451
v -487.656128 16.447971 -9.289833
v -489.599609 16.447971 -9.310574
v -475.415466 0.067198 -9.159222
v -477.358704 0.067198 -9.179966
v -487.653015 16.447971 -9.550266
v -487.656128 16.447971 -9.289833
v -475.412109 0.067198 -9.419632
v -475.415466 0.067198 -9.159222
v -488.251953 16.447971 -9.919086
v -488.255066 16.447971 -9.624783
v -476.011108 0.067198 -9.788479
v -476.014160 0.067198 -9.494213
v -487.648560 16.447971 -9.980839
v -488.251953 16.447971 -9.919086
v -475.407654 0.067198 -9.850224
v -476.011108 0.067198 -9.788479
v -487.646301 16.447971 -10.241207
v -487.648560 16.447971 -9.980839
v -475.405151 0.067198 -10.110592
v -475.407654 0.067198 -9.850224
v -502.186462 0.067198 -9.444931
v -489.945740 16.447971 -9.314327
v -504.129700 0.067198 -9.465603
v -491.888977 16.447971 -9.334999
v -502.176392 0.067198 -10.396252
v -489.935547 16.447971 -10.265652
v -502.178894 0.067198 -10.135822
v -489.937988 16.447971 -10.005222
v -502.178894 0.067198 -10.135822
v -489.937988 16.447971 -10.005222
v -502.782104 0.067198 -10.074093
v -490.541199 16.447971 -9.943493
v -502.782104 0.067198 -10.074093
v -490.541199 16.447971 -9.943493
v -502.785156 0.067198 -9.779804
v -490.544312 16.447971 -9.649204
v -502.183350 0.067198 -9.705273
v -489.942444 16.447971 -9.574650
v -502.186462 0.067198 -9.444931
v -489.945740 16.447971 -9.314327
v -444.483826 0.067199 -8.829262
v -432.242920 16.447971 -8.698593
v -446.427002 0.067199 -8.849979
v -434.186340 16.447971 -8.719357
v -444.473755 0.067198 -9.780590
v -432.232849 16.447971 -9.649967
v -444.475952 0.067198 -9.520161
v -432.235291 16.447971 -9.389622
v -444.475952 0.067198 -9.520161
v -432.235291 16.447971 -9.389622
v -445.079346 0.067198 -9.458427
v -432.838440 16.447971 -9.327824
v -445.079346 0.067198 -9.458427
v -432.838440 16.447971 -9.327824
v -445.082520 0.067198 -9.164230
v -432.841614 16.447971 -9.033604
v -444.480713 0.067198 -9.089581
v -432.239807 16.447971 -8.959049
v -444.483826 0.067199 -8.829262
v -432.242920 16.447971 -8.698593
v -429.953491 16.447971 -8.674168
v -431.896912 16.447971 -8.694908
v -417.712830 0.067199 -8.543583
v -419.656006 0.067199 -8.564320
v -429.950317 16.447971 -8.934597
v -429.953491 16.447971 -8.674168
v -417.709412 0.067199 -8.803963
v -417.712830 0.067199 -8.543583
v -430.549316 16.447971 -9.303421
v -430.552429 16.447971 -9.009174
v -418.308411 0.067198 -9.172791
v -418.311523 0.067199 -8.878567
v -429.945923 16.447971 -9.365170
v -430.549316 16.447971 -9.303421
v -417.705017 0.067198 -9.234581
v -418.308411 0.067198 -9.172791
v -429.943420 16.447971 -9.625538
v -429.945923 16.447971 -9.365170
v -417.702515 0.067198 -9.494946
v -417.705017 0.067198 -9.234581
v -458.801819 16.447971 -9.242428
v -446.560913 0.067198 -9.111820
v -459.403687 16.447971 -9.316990
v -447.162964 0.067198 -9.186375
v -458.794922 16.447971 -9.933369
v -446.554016 0.067198 -9.802799
v -460.738098 16.447971 -9.954113
v -448.497192 0.067198 -9.823521
v -461.084045 16.447971 -9.957821
v -473.324951 0.067198 -10.088421
v -463.027527 16.447971 -9.978497
v -475.268188 0.067198 -10.109142
v -461.091248 16.447971 -9.266857
v -473.331848 0.067198 -9.397461
v -461.693054 16.447971 -9.341461
v -473.933960 0.067198 -9.472080
v -487.653015 16.447971 -9.550266
v -475.412109 0.067198 -9.419632
v -488.255066 16.447971 -9.624783
v -476.014160 0.067198 -9.494213
v -487.646301 16.447971 -10.241207
v -475.405151 0.067198 -10.110592
v -489.589539 16.447971 -10.261944
v -477.348450 0.067198 -10.131351
v -489.935547 16.447971 -10.265652
v -502.176392 0.067198 -10.396252
v -491.878723 16.447971 -10.286373
v -504.119629 0.067198 -10.416973
v -489.942444 16.447971 -9.574650
v -502.183350 0.067198 -9.705273
v -490.544312 16.447971 -9.649204
v -502.785156 0.067198 -9.779804
v -432.232849 16.447971 -9.649967
v -444.473755 0.067198 -9.780590
v -434.176086 16.447971 -9.670750
v -446.416992 0.067198 -9.801350
v -432.239807 16.447971 -8.959049
v -444.480713 0.067198 -9.089581
v -432.841614 16.447971 -9.033604
v -445.082520 0.067198 -9.164230
v -429.950317 16.447971 -8.934597
v -417.709412 0.067199 -8.803963
v -430.552429 16.447971 -9.009174
v -418.311523 0.067199 -8.878567
v -429.943420 16.447971 -9.625538
v -417.702515 0.067198 -9.494946
v -431.886719 16.447971 -9.646275
v -419.645996 0.067198 -9.515682
v -430.886780 17.946558 7.159885
v -430.901489 17.946560 8.556797
v -429.336426 16.047646 7.176537
v -429.351440 16.047647 8.573338
v -429.336426 16.047646 7.176537
v -429.351440 16.047647 8.573338
v -432.238892 16.047646 7.145538
v -432.253845 16.047647 8.542408
v -430.901489 17.946560 8.556797
v -432.253845 17.946560 8.542408
v -429.351440 16.047647 8.573338
v -432.253845 16.047647 8.542408
v -432.238892 17.946558 7.145538
v -430.886780 17.946558 7.159885
v -432.238892 16.047646 7.145538
v -429.336426 16.047646 7.176537
v -448.678650 0.067203 7.179131
v -460.919556 16.447975 7.048588
v -446.735413 0.067203 7.199894
v -458.976135 16.447975 7.069283
v -446.735413 0.067203 7.199894
v -458.976135 16.447975 7.069283
v -446.737671 0.067203 7.460323
v -458.978577 16.447977 7.329647
v -447.341125 0.067203 7.521984
v -459.581970 16.447977 7.391396
v -447.344177 0.067203 7.816273
v -459.585083 16.447977 7.685665
v -447.344177 0.067203 7.816273
v -459.585083 16.447977 7.685665
v -446.742371 0.067203 7.890896
v -458.983093 16.447977 7.760288
v -446.742371 0.067203 7.890896
v -458.983093 16.447977 7.760288
v -446.745483 0.067203 8.151260
v -458.986389 16.447977 8.020649
v -463.208740 16.447975 7.024139
v -461.265564 16.447975 7.044899
v -475.449646 0.067203 6.893555
v -473.506409 0.067203 6.914299
v -461.272461 16.447977 7.735794
v -461.275574 16.447977 7.996265
v -473.513367 0.067203 7.605186
v -473.516479 0.067203 7.865665
v -461.874329 16.447977 7.661259
v -461.272461 16.447977 7.735794
v -474.115479 0.067203 7.530632
v -473.513367 0.067203 7.605186
v -461.871399 16.447977 7.366993
v -461.874329 16.447977 7.661259
v -474.112122 0.067203 7.236389
v -474.115479 0.067203 7.530632
v -461.265564 16.447975 7.044899
v -461.268005 16.447975 7.305218
v -473.506409 0.067203 6.914299
v -473.508850 0.067203 7.174618
v -477.530090 0.067203 6.871323
v -489.770813 16.447975 6.740707
v -475.586670 0.067203 6.892059
v -487.827576 16.447975 6.761452
v -475.586670 0.067203 6.892059
v -487.827576 16.447975 6.761452
v -475.589111 0.067203 7.152447
v -487.829834 16.447975 7.021881
v -476.192505 0.067203 7.214149
v -488.433228 16.447975 7.083561
v -476.195679 0.067203 7.508484
v -488.436584 16.447977 7.377831
v -476.195679 0.067203 7.508484
v -488.436584 16.447977 7.377831
v -475.593567 0.067203 7.583019
v -487.834473 16.447977 7.452450
v -475.593567 0.067203 7.583019
v -487.834473 16.447977 7.452450
v -475.596985 0.067203 7.843426
v -487.837585 16.447977 7.712818
v -490.123901 16.447977 7.428005
v -490.127075 16.447977 7.688389
v -502.364807 0.067203 7.297379
v -502.367981 0.067203 7.557835
v -490.725708 16.447977 7.353382
v -490.123901 16.447977 7.428005
v -502.966614 0.067203 7.222847
v -502.364807 0.067203 7.297379
v -490.722595 16.447975 7.059158
v -490.725708 16.447977 7.353382
v -502.963501 0.067203 6.928532
v -502.966614 0.067203 7.222847
v -490.116943 16.447975 6.737022
v -490.119385 16.447975 6.997387
v -502.357666 0.067203 6.606464
v -502.360107 0.067203 6.866829
v -434.357544 16.447977 7.331970
v -432.414124 16.447977 7.352688
v -446.598206 0.067203 7.201370
v -444.655029 0.067203 7.222019
v -432.421265 16.447977 8.043667
v -432.424377 16.447977 8.304031
v -444.662170 0.067203 7.913025
v -444.665222 0.067203 8.173386
v -433.023071 16.447977 7.969090
v -432.421265 16.447977 8.043667
v -445.263977 0.067203 7.838512
v -444.662170 0.067203 7.913025
v -433.019958 16.447977 7.674778
v -433.023071 16.447977 7.969090
v -445.260864 0.067203 7.544224
v -445.263977 0.067203 7.838512
v -432.414124 16.447977 7.352688
v -432.416565 16.447977 7.613094
v -444.655029 0.067203 7.222019
v -444.657471 0.067203 7.482449
v -419.827209 0.067203 7.486961
v -432.068115 16.447977 7.356373
v -417.884033 0.067203 7.507725
v -430.124939 16.447977 7.377117
v -417.884033 0.067203 7.507725
v -430.124939 16.447977 7.377117
v -417.886475 0.067203 7.768093
v -430.127380 16.447977 7.637436
v -418.489868 0.067203 7.829815
v -430.730591 16.447977 7.699226
v -418.493042 0.067203 8.124107
v -430.733704 16.447977 7.993473
v -418.493042 0.067203 8.124107
v -430.733704 16.447977 7.993473
v -417.890930 0.067203 8.198662
v -430.131836 16.447977 8.068008
v -417.890930 0.067203 8.198662
v -430.131836 16.447977 8.068008
v -417.894043 0.067204 8.459049
v -430.134949 16.447977 8.328438
v -447.341125 0.067203 7.521984
v -446.737671 0.067203 7.460323
v -459.581970 16.447977 7.391396
v -458.978577 16.447977 7.329647
v -448.688782 0.067203 8.130520
v -446.745483 0.067203 8.151260
v -460.929688 16.447977 7.999863
v -458.986389 16.447977 8.020649
v -475.459717 0.067203 7.844925
v -473.516479 0.067203 7.865665
v -463.219055 16.447977 7.975479
v -461.275574 16.447977 7.996265
v -474.112122 0.067203 7.236389
v -473.508850 0.067203 7.174618
v -461.871399 16.447977 7.366993
v -461.268005 16.447975 7.305218
v -476.192505 0.067203 7.214149
v -475.589111 0.067203 7.152447
v -488.433228 16.447975 7.083561
v -487.829834 16.447975 7.021881
v -477.540161 0.067203 7.822689
v -475.596985 0.067203 7.843426
v -489.781067 16.447977 7.692074
v -487.837585 16.447977 7.712818
v -504.311157 0.067203 7.537048
v -502.367981 0.067203 7.557835
v -492.070312 16.447977 7.667648
v -490.127075 16.447977 7.688389
v -502.963501 0.067203 6.928532
v -502.360107 0.067203 6.866829
v -490.722595 16.447975 7.059158
v -490.119385 16.447975 6.997387
v -446.608521 0.067203 8.152710
v -444.665222 0.067203 8.173386
v -434.367554 16.447977 8.283337
v -432.424377 16.447977 8.304031
v -445.260864 0.067203 7.544224
v -444.657471 0.067203 7.482449
v -433.019958 16.447977 7.674778
v -432.416565 16.447977 7.613094
v -418.489868 0.067203 7.829815
v -417.886475 0.067203 7.768093
v -430.730591 16.447977 7.699226
v -430.127380 16.447977 7.637436
v -419.837524 0.067204 8.438354
v -417.894043 0.067204 8.459049
v -432.078186 16.447977 8.307739
v -430.134949 16.447977 8.328438
v -434.974609 16.047642 -8.518799
v -433.424255 17.946554 -8.502235
v -434.959656 16.047642 -9.915600
v -434.974609 16.047642 -8.518799
v -434.959656 16.047642 -9.915600
v -433.409241 17.946554 -9.899067
v -433.605957 17.946560 8.527969
v -435.156311 16.047647 8.511410
v -435.141357 16.047646 7.114540
v -435.156311 16.047647 8.511410
v -433.590942 17.946558 7.131100
v -435.141357 16.047646 7.114540
v -458.006226 16.047642 -10.161549
v -459.556519 17.946554 -10.178020
v -458.021118 16.047642 -8.764614
v -459.571289 17.946554 -8.781151
v -460.908630 16.047642 -10.192509
v -458.006226 16.047642 -10.161549
v -460.923401 16.047642 -8.795567
v -458.021118 16.047642 -8.764614
v -460.908630 16.047642 -10.192509
v -460.908630 17.946554 -10.192509
v -458.006226 16.047642 -10.161549
v -459.556519 17.946554 -10.178020
v -458.021118 16.047642 -8.764614
v -459.571289 17.946554 -8.781151
v -460.923401 16.047642 -8.795567
v -460.923401 17.946554 -8.795567
v -459.738037 17.946558 6.852077
v -459.752930 17.946560 8.248966
v -458.187866 16.047646 6.868656
v -458.202820 16.047647 8.265526
v -458.187866 16.047646 6.868656
v -458.202820 16.047647 8.265526
v -461.090332 16.047646 6.837704
v -461.105286 16.047647 8.234573
v -459.752930 17.946560 8.248966
v -461.105286 17.946560 8.234573
v -458.202820 16.047647 8.265526
v -461.105286 16.047647 8.234573
v -461.090332 17.946558 6.837704
v -459.738037 17.946558 6.852077
v -461.090332 16.047646 6.837704
v -458.187866 16.047646 6.868656
v -463.825867 16.047642 -8.826542
v -462.275696 17.946554 -8.810074
v -463.811035 16.047642 -10.223438
v -463.825867 16.047642 -8.826542
v -463.811035 16.047642 -10.223438
v -462.260742 17.946554 -10.206898
v -462.457397 17.946560 8.220181
v -464.007507 16.047647 8.203598
v -463.992737 16.047646 6.806728
v -464.007507 16.047647 8.203598
v -462.442383 17.946558 6.823311
v -463.992737 16.047646 6.806728
v -486.857605 16.047642 -10.469341
v -488.407715 17.946554 -10.485859
v -486.872375 16.047642 -9.072445
v -488.422729 17.946554 -9.088985
v -489.759827 16.047642 -10.500248
v -486.857605 16.047642 -10.469341
v -489.774841 16.047642 -9.103374
v -486.872375 16.047642 -9.072445
v -489.759827 16.047642 -10.500248
v -489.759827 17.946554 -10.500248
v -486.857605 16.047642 -10.469341
v -488.407715 17.946554 -10.485859
v -486.872375 16.047642 -9.072445
v -488.422729 17.946554 -9.088985
v -489.774841 16.047642 -9.103374
v -489.774841 17.946554 -9.103374
v -488.589417 17.946558 6.544289
v -488.604431 17.946560 7.941154
v -487.039368 16.047646 6.560822
v -487.054077 16.047647 7.957649
v -487.039368 16.047646 6.560822
v -487.054077 16.047647 7.957649
v -489.941528 16.047646 6.529892
v -489.956543 16.047647 7.926693
v -488.604431 17.946560 7.941154
v -489.956543 17.946560 7.926693
v -487.054077 16.047647 7.957649
v -489.956543 16.047647 7.926693
v -489.941528 17.946558 6.529892
v -488.589417 17.946558 6.544289
v -489.941528 16.047646 6.529892
v -487.039368 16.047646 6.560822
v -492.677246 16.047642 -9.134373
v -491.127136 17.946554 -9.117836
v -492.662476 16.047642 -10.531269
v -492.677246 16.047642 -9.134373
v -492.662476 16.047642 -10.531269
v -491.112183 17.946554 -10.514729
v -491.308899 17.946560 7.912304
v -492.858948 16.047647 7.895721
v -492.844177 16.047646 6.498920
v -492.858948 16.047647 7.895721
v -491.293884 17.946558 6.515480
v -492.844177 16.047646 6.498920
v -530.134583 -0.460297 -10.931080
v -531.684875 2.070794 -10.947620
v -530.149475 -0.460296 -9.534214
v -531.699646 2.070794 -9.550770
v -531.684875 2.070794 -10.947620
v -533.037048 2.070794 -10.962040
v -531.699646 2.070794 -9.550770
v -533.051758 2.070794 -9.565166
v -533.037048 -0.460297 -10.962040
v -533.037048 2.070794 -10.962040
v -530.134583 -0.460297 -10.931080
v -531.684875 2.070794 -10.947620
v -530.149475 -0.460296 -9.534214
v -531.699646 2.070794 -9.550770
v -533.051758 -0.460296 -9.565166
v -533.051758 2.070794 -9.565166
v -531.866394 2.070799 6.082542
v -531.881348 2.070799 7.479431
v -530.316284 -0.460291 6.099125
v -530.331177 -0.460291 7.495991
v -533.218689 2.070799 6.068169
v -533.233643 2.070799 7.465038
v -531.866394 2.070799 6.082542
v -531.881348 2.070799 7.479431
v -531.881348 2.070799 7.479431
v -533.233643 2.070799 7.465038
v -530.331177 -0.460291 7.495991
v -533.233643 -0.460291 7.465038
v -533.218689 2.070799 6.068169
v -531.866394 2.070799 6.082542
v -533.218689 -0.460291 6.068169
v -530.316284 -0.460291 6.099125
v -515.708862 16.047642 -10.777149
v -517.259155 17.946554 -10.793644
v -515.723816 16.047642 -9.380280
v -517.273926 17.946554 -9.396774
v -518.611267 16.047642 -10.808109
v -515.708862 16.047642 -10.777149
v -518.626221 16.047642 -9.411232
v -515.723816 16.047642 -9.380280
v -518.611267 16.047642 -10.808109
v -518.611267 17.946554 -10.808109
v -515.708862 16.047642 -10.777149
v -517.259155 17.946554 -10.793644
v -515.708862 16.047642 -10.777149
v -515.723816 16.047642 -9.380280
v -517.273926 17.946554 -9.396774
v -518.626221 16.047642 -9.411232
v -518.626221 17.946554 -9.411232
v -531.037903 0.067198 -9.752651
v -518.796997 16.447971 -9.622051
v -532.981079 0.067198 -9.773388
v -520.740234 16.447971 -9.642834
v -531.027649 0.067198 -10.704021
v -518.786926 16.447971 -10.573421
v -531.030090 0.067198 -10.443653
v -518.789368 16.447971 -10.313099
v -531.030090 0.067198 -10.443653
v -518.789368 16.447971 -10.313099
v -531.633484 0.067198 -10.381908
v -519.392578 16.447971 -10.251331
v -531.633484 0.067198 -10.381908
v -519.392578 16.447971 -10.251331
v -531.636597 0.067198 -10.087681
v -519.395691 16.447971 -9.957081
v -531.034790 0.067198 -10.013103
v -518.793884 16.447971 -9.882526
v -531.037903 0.067198 -9.752651
v -518.796997 16.447971 -9.622051
v -516.507568 16.447971 -9.597645
v -518.450989 16.447971 -9.618404
v -504.266907 0.067198 -9.467030
v -506.210083 0.067198 -9.487797
v -516.504456 16.447971 -9.858036
v -516.507568 16.447971 -9.597645
v -504.263550 0.067198 -9.727421
v -504.266907 0.067198 -9.467030
v -517.103394 16.447971 -10.226925
v -517.106323 16.447971 -9.932659
v -504.862488 0.067198 -10.096333
v -504.865601 0.067198 -9.802044
v -516.499817 16.447971 -10.288677
v -517.103394 16.447971 -10.226925
v -504.259094 0.067198 -10.157993
v -504.862488 0.067198 -10.096333
v -516.497559 16.447971 -10.549038
v -516.499817 16.447971 -10.288677
v -504.256653 0.067198 -10.418423
v -504.259094 0.067198 -10.157993
v -518.786926 16.447971 -10.573421
v -531.027649 0.067198 -10.704021
v -520.730164 16.447971 -10.594158
v -532.971069 0.067198 -10.724758
v -518.793884 16.447971 -9.882526
v -531.034790 0.067198 -10.013103
v -519.395691 16.447971 -9.957081
v -531.636597 0.067198 -10.087681
v -516.504456 16.447971 -9.858036
v -504.263550 0.067198 -9.727421
v -517.106323 16.447971 -9.932659
v -504.865601 0.067198 -9.802044
v -516.497559 16.447971 -10.549038
v -504.256653 0.067198 -10.418423
v -518.440796 16.447971 -10.569752
v -506.199890 0.067198 -10.439159
v -517.440857 17.946558 6.236454
v -517.455872 17.946560 7.633274
v -515.890503 16.047646 6.252991
v -515.905518 16.047647 7.649860
v -515.890503 16.047646 6.252991
v -515.905518 16.047647 7.649860
v -518.792969 16.047646 6.222015
v -518.807922 16.047647 7.618885
v -517.455872 17.946560 7.633274
v -518.807922 17.946560 7.618885
v -515.905518 16.047647 7.649860
v -518.807922 16.047647 7.618885
v -515.905518 16.047647 7.649860
v -518.792969 17.946558 6.222015
v -517.440857 17.946558 6.236454
v -518.792969 16.047646 6.222015
v -515.890503 16.047646 6.252991
v -520.911438 16.447975 6.408497
v -518.968201 16.447975 6.429192
v -533.152283 0.067203 6.277893
v -531.209106 0.067203 6.298611
v -518.975342 16.447975 7.120148
v -518.978516 16.447977 7.380600
v -531.216248 0.067203 6.989521
v -531.219360 0.067203 7.249977
v -519.577209 16.447975 7.045567
v -518.975342 16.447975 7.120148
v -531.818115 0.067203 6.915012
v -531.216248 0.067203 6.989521
v -519.574036 16.447975 6.751347
v -519.577209 16.447975 7.045567
v -531.814941 0.067203 6.620701
v -531.818115 0.067203 6.915012
v -518.968201 16.447975 6.429192
v -518.970642 16.447975 6.689552
v -531.209106 0.067203 6.298611
v -531.211548 0.067203 6.558952
v -506.381287 0.067203 6.563442
v -518.622192 16.447975 6.432877
v -504.438110 0.067203 6.584229
v -516.679016 16.447975 6.453640
v -504.438110 0.067203 6.584229
v -516.679016 16.447975 6.453640
v -504.440552 0.067203 6.844612
v -516.681458 16.447975 6.714050
v -505.043945 0.067203 6.906319
v -517.284668 16.447975 6.775684
v -505.046875 0.067203 7.200607
v -517.287842 16.447975 7.070000
v -505.046875 0.067203 7.200607
v -517.287842 16.447975 7.070000
v -504.445007 0.067203 7.275230
v -516.685913 16.447975 7.144600
v -504.445007 0.067203 7.275230
v -516.685913 16.447975 7.144600
v -504.448120 0.067203 7.535618
v -516.689026 16.447977 7.405006
v -533.162598 0.067203 7.229259
v -531.219360 0.067203 7.249977
v -520.921692 16.447977 7.359818
v -518.978516 16.447977 7.380600
v -531.814941 0.067203 6.620701
v -531.211548 0.067203 6.558952
v -519.574036 16.447975 6.751347
v -518.970642 16.447975 6.689552
v -505.043945 0.067203 6.906319
v -504.440552 0.067203 6.844612
v -517.284668 16.447975 6.775684
v -516.681458 16.447975 6.714050
v -506.391602 0.067203 7.514854
v -504.448120 0.067203 7.535618
v -518.632324 16.447977 7.384243
v -516.689026 16.447977 7.405006
v -521.528687 16.047642 -9.442207
v -519.978333 17.946554 -9.425625
v -521.513733 16.047642 -10.839077
v -521.528687 16.047642 -9.442207
v -521.513733 16.047642 -10.839077
v -519.963623 17.946554 -10.822567
v -520.160034 17.946560 7.604492
v -521.710388 16.047647 7.587933
v -521.695435 16.047646 6.191086
v -521.710388 16.047647 7.587933
v -520.145020 17.946558 6.207623
v -521.695435 16.047646 6.191086
v -417.117432 -1.278864 -9.725254
v -417.580750 2.070794 -9.730190
v -417.132446 -1.278863 -8.328335
v -417.595764 2.070795 -8.333344
v -417.580750 2.070794 -9.730190
v -420.019897 2.070794 -9.756207
v -417.595764 2.070795 -8.333344
v -420.034912 2.070795 -8.359314
v -420.019897 -1.278864 -9.756207
v -420.019897 2.070794 -9.756207
v -417.117432 -1.278864 -9.725254
v -417.580750 2.070794 -9.730190
v -417.132446 -1.278863 -8.328335
v -417.595764 2.070795 -8.333344
v -420.034912 -1.278863 -8.359314
v -420.034912 2.070795 -8.359314
v -417.762451 2.070799 7.299969
v -417.777405 2.070800 8.696819
v -417.299133 -1.278859 7.304932
v -417.314148 -1.278858 8.701756
v -420.201599 2.070799 7.273933
v -420.216553 2.070800 8.670803
v -417.762451 2.070799 7.299969
v -417.777405 2.070800 8.696819
v -417.777405 2.070800 8.696819
v -420.216553 2.070800 8.670803
v -417.314148 -1.278858 8.701756
v -420.216553 -1.278859 8.670803
v -420.201599 2.070799 7.273933
v -417.762451 2.070799 7.299969
v -420.201599 -1.278859 7.273933
v -417.299133 -1.278859 7.304932
v -421.849792 2.070794 -9.775761
v -421.864807 2.070795 -8.378845
v -423.414917 -1.278863 -8.395432
v -421.864807 2.070795 -8.378845
v -423.400146 -1.278864 -9.792294
v -421.849792 2.070794 -9.775761
v -420.019897 2.070794 -9.756207
v -422.031494 2.070799 7.254425
v -422.046448 2.070800 8.651295
v -422.046448 2.070800 8.651295
v -423.596619 -1.278859 8.634754
v -422.031494 2.070799 7.254425
v -420.201599 2.070799 7.273933
v -423.581848 -1.278859 7.237843
v -489.344849 17.327692 -1.281357
v -489.430908 17.327694 6.772961
v -489.344849 16.443146 -1.281357
v -489.430908 16.443148 6.772961
v -489.344849 16.443146 -1.281357
v -489.430908 16.443148 6.772961
v -490.371582 16.443146 -1.292259
v -490.457581 16.443148 6.762051
v -489.258728 16.443144 -9.335648
v -489.258728 17.327690 -9.335648
v -490.285706 16.443144 -9.346577
v -489.258728 16.443144 -9.335648
v -554.744202 -0.000116 -4.383636
v -554.718689 -0.000117 -6.787945
v -561.961060 -0.000116 -4.460651
v -561.935425 -0.000117 -6.864872
v -569.170837 -0.000116 -4.537579
v -569.145325 -0.000117 -6.941837
v -576.386780 -0.000116 -4.614502
v -576.361084 -0.000117 -7.018810
v -583.587830 -0.000116 -4.691311
v -583.562073 -0.000117 -7.095646
v -590.812317 -0.000116 -4.768440
v -590.786560 -0.000117 -7.172703
v -583.613525 -0.000116 -2.287071
v -583.587830 -0.000116 -4.691311
v -590.838013 -0.000116 -2.364155
v -590.812317 -0.000116 -4.768440
v -569.196533 -0.000116 -2.133244
v -569.170837 -0.000116 -4.537579
v -576.412292 -0.000116 -2.210217
v -576.386780 -0.000116 -4.614502
v -554.769897 -0.000116 -1.979305
v -554.744202 -0.000116 -4.383636
v -561.986572 -0.000116 -2.056339
v -561.961060 -0.000116 -4.460651
v -590.755981 -0.000118 -10.060863
v -583.531250 -0.000118 -9.983799
v -590.750366 -0.483642 -10.576626
v -583.525879 -0.483642 -10.499546
v -576.330261 -0.000118 -9.906971
v -569.114258 -0.000118 -9.829998
v -576.324890 -0.483642 -10.422756
v -569.108887 -0.483642 -10.345837
v -561.904480 -0.000118 -9.753010
v -554.687866 -0.000118 -9.676060
v -561.898926 -0.483642 -10.268818
v -554.682251 -0.483642 -10.191898
v -590.786560 -0.000117 -7.172703
v -583.562073 -0.000117 -7.095646
v -590.755981 -0.000118 -10.060863
v -583.531250 -0.000118 -9.983799
v -569.145325 -0.000117 -6.941837
v -569.114258 -0.000118 -9.829998
v -576.361084 -0.000117 -7.018810
v -576.330261 -0.000118 -9.906971
v -554.718689 -0.000117 -6.787945
v -554.687866 -0.000118 -9.676060
v -561.935425 -0.000117 -6.864872
v -561.904480 -0.000118 -9.753010
v -576.412292 -0.000116 -2.210217
v -583.613525 -0.000116 -2.287071
v -583.531250 -0.000118 -9.983799
v -576.330261 -0.000118 -9.906971
v -583.531250 -0.000118 -9.983799
v -576.330261 -0.000118 -9.906971
v -583.525879 -0.483642 -10.499546
v -576.324890 -0.483642 -10.422756
v -561.986572 -0.000116 -2.056339
v -569.196533 -0.000116 -2.133244
v -569.114258 -0.000118 -9.829998
v -561.904480 -0.000118 -9.753010
v -569.114258 -0.000118 -9.829998
v -561.904480 -0.000118 -9.753010
v -569.108887 -0.483642 -10.345837
v -561.898926 -0.483642 -10.268818
v -547.561035 -0.000116 -1.902401
v -547.535400 -0.000116 -4.306713
v -554.769897 -0.000116 -1.979305
v -547.535400 -0.000116 -4.306713
v -547.509705 -0.000117 -6.710999
v -547.509705 -0.000117 -6.710999
v -554.687866 -0.000118 -9.676060
v -547.478760 -0.000118 -9.599140
v -554.687866 -0.000118 -9.676060
v -547.478760 -0.000118 -9.599140
v -554.682251 -0.483642 -10.191898
v -547.473267 -0.483642 -10.114948
v -562.037964 -0.000114 2.752186
v -554.821045 -0.000114 2.829220
v -562.012268 -0.000115 0.347965
v -554.795593 -0.000115 0.424961
v -576.463684 -0.000114 2.598316
v -569.247681 -0.000114 2.675327
v -576.437988 -0.000115 0.194027
v -569.222229 -0.000115 0.270996
v -590.889343 -0.000114 2.444397
v -583.664917 -0.000114 2.521522
v -590.863708 -0.000115 0.040157
v -583.639221 -0.000115 0.117237
v -590.863708 -0.000115 0.040157
v -583.639221 -0.000115 0.117237
v -590.838013 -0.000116 -2.364155
v -576.437988 -0.000115 0.194027
v -569.222229 -0.000115 0.270996
v -562.012268 -0.000115 0.347965
v -554.795593 -0.000115 0.424961
v -583.701111 -0.483636 5.925449
v -583.695496 -0.000113 5.409527
v -590.925598 -0.483636 5.848373
v -590.920288 -0.000113 5.332424
v -569.284119 -0.483636 6.079235
v -569.278503 -0.000113 5.563244
v -576.499878 -0.483636 6.002285
v -576.494263 -0.000113 5.486320
v -554.857483 -0.483636 6.233173
v -554.851868 -0.000113 5.717251
v -562.074158 -0.483636 6.156136
v -562.068787 -0.000113 5.640259
v -583.695496 -0.000113 5.409527
v -583.664917 -0.000114 2.521522
v -590.920288 -0.000113 5.332424
v -590.889343 -0.000114 2.444397
v -576.494263 -0.000113 5.486320
v -569.278503 -0.000113 5.563244
v -576.463684 -0.000114 2.598316
v -569.247681 -0.000114 2.675327
v -562.068787 -0.000113 5.640259
v -554.851868 -0.000113 5.717251
v -562.037964 -0.000114 2.752186
v -554.821045 -0.000114 2.829220
v -576.494263 -0.000113 5.486320
v -583.695496 -0.000113 5.409527
v -576.499878 -0.483636 6.002285
v -576.494263 -0.000113 5.486320
v -583.701111 -0.483636 5.925449
v -583.695496 -0.000113 5.409527
v -562.068787 -0.000113 5.640259
v -569.278503 -0.000113 5.563244
v -562.074158 -0.483636 6.156136
v -562.068787 -0.000113 5.640259
v -569.284119 -0.483636 6.079235
v -569.278503 -0.000113 5.563244
v -547.586548 -0.000115 0.501816
v -547.561035 -0.000116 -1.902401
v -547.612244 -0.000114 2.906147
v -547.586548 -0.000115 0.501816
v -547.643066 -0.000113 5.794128
v -547.612244 -0.000114 2.906147
v -554.851868 -0.000113 5.717251
v -547.648499 -0.483636 6.310074
v -547.643066 -0.000113 5.794128
v -554.857483 -0.483636 6.233173
v -554.851868 -0.000113 5.717251
v -583.539795 0.183956 -10.283459
v -589.940063 0.183956 -10.351757
v -583.539795 -0.381089 -10.283459
v -589.940063 -0.381090 -10.351757
v -583.528992 -0.408052 -11.310207
v -589.929077 -0.408052 -11.378529
v -583.528992 0.183956 -11.310207
v -589.929077 0.183956 -11.378529
v -583.528992 0.183956 -11.310207
v -589.929077 0.183956 -11.378529
v -583.539795 0.183956 -10.283459
v -589.940063 0.183956 -10.351757
v -576.327087 -0.381089 -10.206554
v -576.327087 0.183956 -10.206554
v -576.316162 0.183956 -11.233219
v -576.316162 -0.408052 -11.233219
v -576.327087 0.183956 -10.206554
v -576.316162 0.183956 -11.233219
v -561.890442 16.443144 -11.079350
v -575.503357 16.443144 -11.224552
v -561.890442 17.327690 -11.079350
v -575.503357 17.327690 -11.224552
v -561.901367 16.443144 -10.052624
v -561.901367 17.327690 -10.052624
v -575.514343 16.443144 -10.197895
v -575.514343 17.327690 -10.197895
v -561.890442 16.443144 -11.079350
v -561.901367 16.443144 -10.052624
v -575.503357 16.443144 -11.224552
v -575.514343 16.443144 -10.197895
v -590.110535 -0.381084 5.640797
v -590.110535 0.183961 5.640797
v -583.710510 -0.381084 5.709072
v -583.710510 0.183961 5.709072
v -590.121460 0.183961 6.667522
v -590.121460 -0.408047 6.667522
v -583.721497 0.183961 6.735798
v -583.721497 -0.408047 6.735798
v -590.110535 0.183961 5.640797
v -590.121460 0.183961 6.667522
v -583.710510 0.183961 5.709072
v -583.721497 0.183961 6.735798
v -576.497681 0.183961 5.785995
v -576.497681 -0.381084 5.785995
v -576.508606 -0.408047 6.812813
v -576.508606 0.183961 6.812813
v -576.508606 0.183961 6.812813
v -576.497681 0.183961 5.785995
v -575.695740 16.443148 6.821457
v -562.082886 16.443148 6.966656
v -575.695740 17.327694 6.821457
v -562.082886 17.327694 6.966656
v -575.684814 17.327694 5.794704
v -562.071960 17.327694 5.939930
v -575.684814 16.443148 5.794704
v -562.071960 16.443148 5.939930
v -575.684814 16.443148 5.794704
v -562.071960 16.443148 5.939930
v -575.695740 16.443148 6.821457
v -562.082886 16.443148 6.966656
v -547.133545 17.327694 6.157295
v -547.133545 16.443148 6.157295
v -547.047729 17.327692 -1.896912
v -547.047729 16.443146 -1.896912
v -547.133545 16.443148 6.157295
v -548.160217 16.443148 6.146385
v -547.047729 16.443146 -1.896912
v -548.074402 16.443146 -1.907925
v -546.961670 16.443144 -9.951206
v -546.961670 17.327690 -9.951206
v -547.988403 16.443144 -9.962177
v -546.961670 16.443144 -9.951206
v -569.284790 -0.381084 5.863010
v -569.284790 0.183961 5.863010
v -569.295776 0.183961 6.889713
v -569.295776 -0.408047 6.889713
v -569.284790 0.183961 5.863010
v -569.295776 0.183961 6.889713
v -562.884705 0.183961 5.931240
v -562.884705 -0.381084 5.931240
v -562.895691 -0.408047 6.958012
v -562.895691 0.183961 6.958012
v -562.895691 0.183961 6.958012
v -562.884705 0.183961 5.931240
v -548.469971 16.443148 7.111877
v -548.469971 17.327694 7.111877
v -548.459045 17.327694 6.085194
v -548.459045 16.443148 6.085194
v -548.459045 16.443148 6.085194
v -548.469971 16.443148 7.111877
v -569.114075 0.183956 -10.129566
v -569.114075 -0.381089 -10.129566
v -569.103271 -0.408052 -11.156292
v -569.103271 0.183956 -11.156292
v -569.103271 0.183956 -11.156292
v -569.114075 0.183956 -10.129566
v -562.714233 -0.381089 -10.061245
v -562.714233 0.183956 -10.061245
v -562.703003 0.183956 -11.088017
v -562.703003 -0.408052 -11.088017
v -562.714233 0.183956 -10.061245
v -562.703003 0.183956 -11.088017
v -548.277588 16.443144 -10.934132
v -548.277588 17.327690 -10.934132
v -548.288513 16.443144 -9.907383
v -548.288513 17.327690 -9.907383
v -548.277588 16.443144 -10.934132
v -548.288513 16.443144 -9.907383
v -561.259094 -0.381084 5.948627
v -561.259094 0.183961 5.948627
v -554.859070 -0.381084 6.016880
v -554.859070 0.183961 6.016880
v -561.270264 0.183961 6.975330
v -561.270264 -0.408046 6.975330
v -554.870056 0.183961 7.043674
v -554.870056 -0.408046 7.043674
v -561.259094 0.183961 5.948627
v -561.270264 0.183961 6.975330
v -554.859070 0.183961 6.016880
v -554.870056 0.183961 7.043674
v -547.646240 0.183961 6.093872
v -547.646240 -0.381084 6.093872
v -547.657104 -0.408046 7.120533
v -547.657104 0.183961 7.120533
v -547.657104 0.183961 7.120533
v -547.646240 0.183961 6.093872
v -554.688538 0.183956 -9.975689
v -561.088562 0.183956 -10.043964
v -554.688538 -0.381089 -9.975689
v -561.088562 -0.381089 -10.043964
v -554.677551 -0.408052 -11.002354
v -561.077637 -0.408052 -11.070690
v -554.677551 0.183956 -11.002354
v -561.077637 0.183956 -11.070690
v -554.677551 0.183956 -11.002354
v -561.077637 0.183956 -11.070690
v -554.688538 0.183956 -9.975689
v -561.088562 0.183956 -10.043964
v -547.475708 -0.381089 -9.898724
v -547.475708 0.183956 -9.898724
v -547.464722 0.183956 -10.925495
v -547.464722 -0.408052 -10.925495
v -547.475708 0.183956 -9.898724
v -547.464722 0.183956 -10.925495
v -575.984985 17.327694 5.849575
v -575.984985 16.443148 5.849575
v -575.898926 17.327692 -2.204762
v -575.898926 16.443146 -2.204762
v -575.984985 16.443148 5.849575
v -577.011475 16.443148 5.838554
v -575.898926 16.443146 -2.204762
v -576.925659 16.443146 -2.215694
v -575.813110 16.443144 -10.259083
v -575.813110 17.327690 -10.259083
v -576.839783 16.443144 -10.270031
v -575.813110 16.443144 -10.259083
v -662.539062 17.327694 4.926098
v -662.539062 16.443148 4.926098
v -662.453003 17.327692 -3.128216
v -662.453003 16.443146 -3.128216
v -662.539062 16.443148 4.926098
v -663.565735 16.443148 4.915123
v -662.453003 16.443146 -3.128216
v -663.479736 16.443146 -3.139214
v -662.367188 16.443144 -11.182560
v -662.367188 17.327690 -11.182560
v -663.393677 16.443144 -11.193531
v -662.367188 16.443144 -11.182560
v -677.267639 0.725963 -14.950893
v -675.099304 0.725963 -14.927807
v -677.224670 11.037967 -18.968884
v -675.056396 11.037967 -18.945728
v -677.224670 12.952319 -18.968891
v -675.056396 12.952319 -18.945736
v -677.294250 0.725964 -12.457798
v -675.125732 0.725964 -12.434689
v -677.267639 0.725963 -14.950893
v -675.099304 0.725963 -14.927807
v -675.125732 0.725964 -12.434689
v -675.129272 -1.350687 -12.122723
v -675.099304 0.725963 -14.927807
v -675.099304 -1.350717 -14.927807
v -675.056396 11.037967 -18.945728
v -675.390930 11.037976 12.416706
v -675.348083 0.725970 8.398796
v -677.559448 11.037976 12.393597
v -677.516357 0.725970 8.375618
v -675.390930 12.952329 12.416706
v -677.559448 12.952329 12.393597
v -675.348083 0.725970 8.398796
v -675.321472 0.725970 5.905697
v -677.516357 0.725970 8.375618
v -677.489990 0.725970 5.882584
v -675.348083 -1.350709 8.398796
v -675.318115 -1.350681 5.593746
v -675.348083 0.725970 8.398796
v -675.321472 0.725970 5.905697
v -675.390930 11.037976 12.416706
v -641.298279 -0.000117 -5.307114
v -641.272766 -0.000117 -7.711330
v -648.515137 -0.000117 -5.384083
v -648.489502 -0.000117 -7.788414
v -655.724915 -0.000117 -5.461052
v -655.699219 -0.000117 -7.865273
v -662.940674 -0.000117 -5.538021
v -662.915161 -0.000117 -7.942284
v -670.141907 -0.000117 -5.614834
v -670.116211 -0.000117 -8.019142
v -677.366394 -0.000117 -5.691917
v -677.340881 -0.000117 -8.096203
v -670.167603 -0.000116 -3.210548
v -670.141907 -0.000117 -5.614834
v -677.392090 -0.000116 -3.287674
v -677.366394 -0.000117 -5.691917
v -655.750610 -0.000116 -3.056740
v -655.724915 -0.000117 -5.461052
v -662.966370 -0.000116 -3.133755
v -662.940674 -0.000117 -5.538021
v -641.323975 -0.000116 -2.902802
v -641.298279 -0.000117 -5.307114
v -648.540833 -0.000116 -2.979816
v -648.515137 -0.000117 -5.384083
v -677.309875 -0.000118 -11.000431
v -670.085388 -0.000118 -10.907284
v -677.304443 -0.483642 -11.500172
v -670.079956 -0.483642 -11.423069
v -662.884338 -0.000118 -10.830471
v -655.668579 -0.000118 -10.753475
v -662.878723 -0.483642 -11.346188
v -655.662781 -0.483642 -11.269222
v -648.458618 -0.000118 -10.676510
v -641.241943 -0.000118 -10.599537
v -648.453003 -0.483642 -11.192295
v -641.236389 -0.483642 -11.115299
v -677.340881 -0.000117 -8.096203
v -670.116211 -0.000117 -8.019142
v -677.309875 -0.000118 -11.000431
v -670.085388 -0.000118 -10.907284
v -655.699219 -0.000117 -7.865273
v -655.668579 -0.000118 -10.753475
v -662.915161 -0.000117 -7.942284
v -662.884338 -0.000118 -10.830471
v -641.272766 -0.000117 -7.711330
v -641.241943 -0.000118 -10.599537
v -648.489502 -0.000117 -7.788414
v -648.458618 -0.000118 -10.676510
v -662.966370 -0.000116 -3.133755
v -670.167603 -0.000116 -3.210548
v -670.085388 -0.000118 -10.907284
v -662.884338 -0.000118 -10.830471
v -670.085388 -0.000118 -10.907284
v -662.884338 -0.000118 -10.830471
v -670.079956 -0.483642 -11.423069
v -662.878723 -0.483642 -11.346188
v -648.540833 -0.000116 -2.979816
v -655.750610 -0.000116 -3.056740
v -655.668579 -0.000118 -10.753475
v -648.458618 -0.000118 -10.676510
v -655.668579 -0.000118 -10.753475
v -648.458618 -0.000118 -10.676510
v -655.662781 -0.483642 -11.269222
v -648.453003 -0.483642 -11.192295
v -634.115112 -0.000116 -2.825878
v -634.089478 -0.000117 -5.230164
v -641.323975 -0.000116 -2.902802
v -634.089478 -0.000117 -5.230164
v -634.063782 -0.000117 -7.634407
v -634.063782 -0.000117 -7.634407
v -641.241943 -0.000118 -10.599537
v -634.032959 -0.000118 -10.522633
v -641.241943 -0.000118 -10.599537
v -634.032959 -0.000118 -10.522633
v -641.236389 -0.483642 -11.115299
v -634.027527 -0.483642 -11.038425
v -648.592102 -0.000114 1.828777
v -641.375427 -0.000114 1.905724
v -648.566345 -0.000115 -0.575508
v -641.349731 -0.000115 -0.498516
v -663.017822 -0.000114 1.674862
v -655.802063 -0.000114 1.751808
v -662.992065 -0.000115 -0.729404
v -655.776306 -0.000115 -0.652454
v -677.443237 -0.000114 1.520920
v -670.218750 -0.000114 1.597984
v -677.417847 -0.000115 -0.883385
v -670.193054 -0.000115 -0.806305
v -677.417847 -0.000115 -0.883385
v -670.193054 -0.000115 -0.806305
v -677.392090 -0.000116 -3.287674
v -662.992065 -0.000115 -0.729404
v -655.776306 -0.000115 -0.652454
v -648.566345 -0.000115 -0.575508
v -641.349731 -0.000115 -0.498516
v -670.255005 -0.483637 5.001930
v -670.249634 -0.000114 4.486050
v -677.479675 -0.483637 4.924870
v -677.474365 -0.000114 4.425156
v -655.838196 -0.483637 5.155735
v -655.832581 -0.000113 4.639858
v -663.053955 -0.483637 5.078808
v -663.048645 -0.000113 4.562843
v -641.411560 -0.483637 5.309673
v -641.406006 -0.000113 4.793709
v -648.628296 -0.483637 5.232750
v -648.622925 -0.000113 4.716736
v -670.249634 -0.000114 4.486050
v -670.218750 -0.000114 1.597984
v -677.474365 -0.000114 4.425156
v -677.443237 -0.000114 1.520920
v -663.048645 -0.000113 4.562843
v -655.832581 -0.000113 4.639858
v -663.017822 -0.000114 1.674862
v -655.802063 -0.000114 1.751808
v -648.622925 -0.000113 4.716736
v -641.406006 -0.000113 4.793709
v -648.592102 -0.000114 1.828777
v -641.375427 -0.000114 1.905724
v -663.048645 -0.000113 4.562843
v -670.249634 -0.000114 4.486050
v -663.053955 -0.483637 5.078808
v -663.048645 -0.000113 4.562843
v -670.255005 -0.483637 5.001930
v -670.249634 -0.000114 4.486050
v -648.622925 -0.000113 4.716736
v -655.832581 -0.000113 4.639858
v -648.628296 -0.483637 5.232750
v -648.622925 -0.000113 4.716736
v -655.838196 -0.483637 5.155735
v -655.832581 -0.000113 4.639858
v -634.140625 -0.000115 -0.421638
v -634.115112 -0.000116 -2.825878
v -634.166321 -0.000114 1.982647
v -634.140625 -0.000115 -0.421638
v -634.197205 -0.000113 4.870655
v -634.166321 -0.000114 1.982647
v -641.406006 -0.000113 4.793709
v -634.202759 -0.483637 5.386597
v -634.197205 -0.000113 4.870655
v -641.411560 -0.483637 5.309673
v -641.406006 -0.000113 4.793709
v -670.093872 0.183956 -11.206951
v -676.494141 0.183956 -11.275227
v -670.093872 -0.381090 -11.206951
v -676.494141 -0.381090 -11.275227
v -670.082886 -0.408052 -12.233685
v -676.483154 -0.408052 -12.301960
v -670.082886 0.183956 -12.233685
v -676.483154 0.183956 -12.301960
v -670.082886 0.183956 -12.233685
v -676.483154 0.183956 -12.301960
v -670.093872 0.183956 -11.206951
v -676.494141 0.183956 -11.275227
v -662.880981 -0.381090 -11.129963
v -662.880981 0.183956 -11.129963
v -662.870056 0.183956 -12.156712
v -662.870056 -0.408052 -12.156712
v -662.880981 0.183956 -11.129963
v -662.870056 0.183956 -12.156712
v -648.444580 16.443142 -12.002827
v -662.057434 16.443142 -12.148029
v -648.444580 17.327688 -12.002827
v -662.057434 17.327688 -12.148029
v -648.455505 16.443144 -10.976101
v -648.455505 17.327690 -10.976101
v -662.068420 16.443144 -11.121296
v -662.068420 17.327690 -11.121296
v -648.444580 16.443142 -12.002827
v -648.455505 16.443144 -10.976101
v -662.057434 16.443142 -12.148029
v -662.068420 16.443144 -11.121296
v -676.664856 -0.381085 4.717319
v -676.664856 0.183960 4.717319
v -670.264587 -0.381085 4.785526
v -670.264587 0.183960 4.785526
v -676.675842 0.183961 5.744068
v -676.675842 -0.408047 5.744068
v -670.275574 0.183961 5.812321
v -670.275574 -0.408047 5.812321
v -676.664856 0.183960 4.717319
v -676.675842 0.183961 5.744068
v -670.264587 0.183960 4.785526
v -670.275574 0.183961 5.812321
v -663.051758 0.183960 4.862541
v -663.051758 -0.381085 4.862541
v -663.062683 -0.408047 5.889267
v -663.062683 0.183961 5.889267
v -663.062683 0.183961 5.889267
v -663.051758 0.183960 4.862541
v -662.250122 16.443148 5.897980
v -648.636963 16.443148 6.043201
v -662.250122 17.327694 5.897980
v -648.636963 17.327694 6.043201
v -662.239136 17.327694 4.871185
v -648.626038 17.327694 5.016457
v -662.239136 16.443148 4.871185
v -648.626038 16.443148 5.016457
v -662.239136 16.443148 4.871185
v -648.626038 16.443148 5.016457
v -662.250122 16.443148 5.897980
v -648.636963 16.443148 6.043201
v -633.687622 17.327694 5.233887
v -633.687622 16.443148 5.233887
v -633.601807 17.327692 -2.820431
v -633.601807 16.443146 -2.820431
v -633.687622 16.443148 5.233887
v -634.714539 16.443148 5.222958
v -633.601807 16.443146 -2.820431
v -634.628479 16.443146 -2.831379
v -633.515747 16.443144 -10.874699
v -633.515747 17.327690 -10.874699
v -634.542480 16.443144 -10.885654
v -633.515747 16.443144 -10.874699
v -655.838867 -0.381085 4.939533
v -655.838867 0.183961 4.939533
v -655.849854 0.183961 5.966259
v -655.849854 -0.408047 5.966259
v -655.838867 0.183961 4.939533
v -655.849854 0.183961 5.966259
v -649.438843 0.183961 5.007809
v -649.438843 -0.381085 5.007809
v -649.449768 -0.408047 6.034515
v -649.449768 0.183961 6.034515
v -649.449768 0.183961 6.034515
v -649.438843 0.183961 5.007809
v -635.024048 16.443148 6.188473
v -635.024048 17.327694 6.188473
v -635.013184 17.327694 5.161697
v -635.013184 16.443148 5.161697
v -635.013184 16.443148 5.161697
v -635.024048 16.443148 6.188473
v -655.668152 0.183956 -11.053066
v -655.668152 -0.381090 -11.053066
v -655.657410 -0.408052 -12.079723
v -655.657410 0.183956 -12.079723
v -655.657410 0.183956 -12.079723
v -655.668152 0.183956 -11.053066
v -649.268127 -0.381090 -10.984768
v -649.268127 0.183956 -10.984768
v -649.257141 0.183956 -12.011517
v -649.257141 -0.408052 -12.011517
v -649.268127 0.183956 -10.984768
v -649.257141 0.183956 -12.011517
v -634.831665 16.443142 -11.857563
v -634.831665 17.327688 -11.857563
v -634.842590 16.443144 -10.830898
v -634.842590 17.327690 -10.830898
v -634.831665 16.443142 -11.857563
v -634.842590 16.443144 -10.830898
v -647.813416 -0.381085 5.025127
v -647.813416 0.183961 5.025127
v -641.413391 -0.381085 5.093407
v -641.413391 0.183961 5.093407
v -647.824402 0.183961 6.051857
v -647.824402 -0.408047 6.051857
v -641.424316 0.183961 6.120132
v -641.424316 -0.408047 6.120132
v -647.813416 0.183961 5.025127
v -647.824402 0.183961 6.051857
v -641.413391 0.183961 5.093407
v -641.424316 0.183961 6.120132
v -634.200500 0.183961 5.170372
v -634.200500 -0.381085 5.170372
v -634.211243 -0.408047 6.197124
v -634.211243 0.183961 6.197124
v -634.211243 0.183961 6.197124
v -634.200500 0.183961 5.170372
v -633.398682 16.443148 6.205791
v -619.785767 16.443148 6.350990
v -633.398682 17.327694 6.205791
v -619.785767 17.327694 6.350990
v -633.387695 17.327694 5.179016
v -619.774597 17.327694 5.324333
v -633.387695 16.443148 5.179016
v -619.774597 16.443148 5.324333
v -633.387695 16.443148 5.179016
v -619.774597 16.443148 5.324333
v -633.398682 16.443148 6.205791
v -619.785767 16.443148 6.350990
v -641.242615 0.183956 -10.899075
v -647.642700 0.183956 -10.967419
v -641.242615 -0.381090 -10.899075
v -647.642700 -0.381090 -10.967419
v -641.231750 -0.408052 -11.925854
v -647.631714 -0.408052 -11.994175
v -641.231750 0.183956 -11.925854
v -647.631714 0.183956 -11.994175
v -641.231750 0.183956 -11.925854
v -647.631714 0.183956 -11.994175
v -641.242615 0.183956 -10.899075
v -647.642700 0.183956 -10.967419
v -634.029785 -0.381090 -10.822224
v -634.029785 0.183956 -10.822224
v -634.018799 0.183956 -11.848881
v -634.018799 -0.408052 -11.848881
v -634.029785 0.183956 -10.822224
v -634.018799 0.183956 -11.848881
v -619.593079 16.443142 -11.695042
v -633.205994 16.443142 -11.840244
v -619.593079 17.327688 -11.695042
v -633.205994 17.327688 -11.840244
v -619.604065 16.443144 -10.668285
v -619.604065 17.327690 -10.668285
v -633.216980 16.443144 -10.813511
v -633.216980 17.327690 -10.813511
v -619.593079 16.443142 -11.695042
v -619.604065 16.443144 -10.668285
v -633.205994 16.443142 -11.840244
v -633.216980 16.443144 -10.813511
v -598.021362 -0.000116 -4.845341
v -597.995667 -0.000117 -7.249603
v -605.238037 -0.000116 -4.922375
v -605.212341 -0.000117 -7.326641
v -612.447998 -0.000117 -4.999237
v -612.422058 -0.000117 -7.403545
v -619.663757 -0.000117 -5.076252
v -619.638062 -0.000117 -7.480537
v -626.864746 -0.000117 -5.153107
v -626.839294 -0.000117 -7.557350
v -626.890686 -0.000116 -2.748798
v -626.864746 -0.000117 -5.153107
v -612.473633 -0.000116 -2.595013
v -612.447998 -0.000117 -4.999237
v -619.689453 -0.000116 -2.672005
v -619.663757 -0.000117 -5.076252
v -598.046814 -0.000116 -2.441074
v -598.021362 -0.000116 -4.845341
v -605.263733 -0.000116 -2.518047
v -605.238037 -0.000116 -4.922375
v -634.032959 -0.000118 -10.522633
v -626.808472 -0.000118 -10.445530
v -634.027527 -0.483642 -11.038425
v -626.803040 -0.483642 -10.961300
v -619.607239 -0.000118 -10.368671
v -612.391479 -0.000118 -10.291706
v -619.601807 -0.483642 -10.884487
v -612.385864 -0.483642 -10.807491
v -605.181458 -0.000118 -10.214802
v -597.964844 -0.000118 -10.137768
v -605.176086 -0.483642 -10.730633
v -597.959473 -0.483642 -10.653599
v -626.839294 -0.000117 -7.557350
v -634.032959 -0.000118 -10.522633
v -626.808472 -0.000118 -10.445530
v -612.422058 -0.000117 -7.403545
v -612.391479 -0.000118 -10.291706
v -619.638062 -0.000117 -7.480537
v -619.607239 -0.000118 -10.368671
v -597.995667 -0.000117 -7.249603
v -597.964844 -0.000118 -10.137768
v -605.212341 -0.000117 -7.326641
v -605.181458 -0.000118 -10.214802
v -619.689453 -0.000116 -2.672005
v -626.890686 -0.000116 -2.748798
v -626.808472 -0.000118 -10.445530
v -619.607239 -0.000118 -10.368671
v -626.808472 -0.000118 -10.445530
v -619.607239 -0.000118 -10.368671
v -626.803040 -0.483642 -10.961300
v -619.601807 -0.483642 -10.884487
v -605.263733 -0.000116 -2.518047
v -612.473633 -0.000116 -2.595013
v -612.391479 -0.000118 -10.291706
v -605.181458 -0.000118 -10.214802
v -612.391479 -0.000118 -10.291706
v -605.181458 -0.000118 -10.214802
v -612.385864 -0.483642 -10.807491
v -605.176086 -0.483642 -10.730633
v -598.046814 -0.000116 -2.441074
v -597.964844 -0.000118 -10.137768
v -590.755981 -0.000118 -10.060863
v -597.964844 -0.000118 -10.137768
v -590.755981 -0.000118 -10.060863
v -597.959473 -0.483642 -10.653599
v -590.750366 -0.483642 -10.576626
v -605.315125 -0.000114 2.290527
v -598.098267 -0.000114 2.367519
v -605.289368 -0.000115 -0.113850
v -598.072510 -0.000115 -0.036766
v -619.740601 -0.000114 2.136589
v -612.524841 -0.000114 2.213581
v -619.714905 -0.000115 -0.267719
v -612.499146 -0.000115 -0.190704
v -626.941833 -0.000114 2.059731
v -626.916138 -0.000115 -0.344513
v -626.916138 -0.000115 -0.344513
v -619.714905 -0.000115 -0.267719
v -612.499146 -0.000115 -0.190704
v -605.289368 -0.000115 -0.113850
v -598.072510 -0.000115 -0.036766
v -626.978088 -0.483637 5.463680
v -626.972656 -0.000113 4.947716
v -634.202759 -0.483637 5.386597
v -634.197205 -0.000113 4.870655
v -612.561096 -0.483637 5.617550
v -612.555481 -0.000113 5.101585
v -619.777039 -0.483637 5.540535
v -619.771423 -0.000113 5.024593
v -598.134460 -0.483636 5.771469
v -598.129089 -0.000113 5.255478
v -605.351318 -0.483636 5.694408
v -605.345947 -0.000113 5.178440
v -626.972656 -0.000113 4.947716
v -626.941833 -0.000114 2.059731
v -634.197205 -0.000113 4.870655
v -619.771423 -0.000113 5.024593
v -612.555481 -0.000113 5.101585
v -619.740601 -0.000114 2.136589
v -612.524841 -0.000114 2.213581
v -605.345947 -0.000113 5.178440
v -598.129089 -0.000113 5.255478
v -605.315125 -0.000114 2.290527
v -598.098267 -0.000114 2.367519
v -619.771423 -0.000113 5.024593
v -626.972656 -0.000113 4.947716
v -619.777039 -0.483637 5.540535
v -619.771423 -0.000113 5.024593
v -626.978088 -0.483637 5.463680
v -626.972656 -0.000113 4.947716
v -605.345947 -0.000113 5.178440
v -612.555481 -0.000113 5.101585
v -605.351318 -0.483636 5.694408
v -605.345947 -0.000113 5.178440
v -612.561096 -0.483637 5.617550
v -612.555481 -0.000113 5.101585
v -590.920288 -0.000113 5.332424
v -598.129089 -0.000113 5.255478
v -590.925598 -0.483636 5.848373
v -590.920288 -0.000113 5.332424
v -598.134460 -0.483636 5.771469
v -598.129089 -0.000113 5.255478
v -626.817139 0.183956 -10.745228
v -626.817139 -0.381090 -10.745228
v -626.805969 -0.408052 -11.771893
v -626.805969 0.183956 -11.771893
v -626.805969 0.183956 -11.771893
v -626.817139 0.183956 -10.745228
v -620.416870 -0.381090 -10.676907
v -620.416870 0.183956 -10.676907
v -620.405945 0.183956 -11.703686
v -620.405945 -0.408052 -11.703686
v -620.416870 0.183956 -10.676907
v -620.405945 0.183956 -11.703686
v -605.980225 16.443144 -11.549725
v -605.980225 17.327690 -11.549725
v -605.991211 16.443144 -10.523067
v -605.991211 17.327690 -10.523067
v -605.980225 16.443144 -11.549725
v -605.991211 16.443144 -10.523067
v -626.987427 -0.381085 5.247345
v -626.987427 0.183961 5.247345
v -626.998413 0.183961 6.274071
v -626.998413 -0.408047 6.274071
v -626.987427 0.183961 5.247345
v -626.998413 0.183961 6.274071
v -620.587402 0.183961 5.315598
v -620.587402 -0.381085 5.315598
v -620.598328 -0.408047 6.342346
v -620.598328 0.183961 6.342346
v -620.598328 0.183961 6.342346
v -620.587402 0.183961 5.315598
v -606.172913 16.443148 6.496262
v -606.172913 17.327694 6.496262
v -606.161682 17.327694 5.469532
v -606.161682 16.443148 5.469532
v -606.161682 16.443148 5.469532
v -606.172913 16.443148 6.496262
v -618.962036 -0.381085 5.332958
v -618.962036 0.183961 5.332958
v -612.561951 -0.381084 5.401192
v -612.561951 0.183961 5.401192
v -618.972900 0.183961 6.359665
v -618.972900 -0.408047 6.359665
v -612.572876 0.183961 6.428009
v -612.572876 -0.408047 6.428009
v -618.962036 0.183961 5.332958
v -618.972900 0.183961 6.359665
v -612.561951 0.183961 5.401192
v -612.572876 0.183961 6.428009
v -605.349060 0.183961 5.478207
v -605.349060 -0.381084 5.478207
v -605.360046 -0.408047 6.504978
v -605.360046 0.183961 6.504978
v -605.360046 0.183961 6.504978
v -605.349060 0.183961 5.478207
v -604.547180 16.443148 6.513599
v -590.934326 16.443148 6.658821
v -604.547180 17.327694 6.513599
v -590.934326 17.327694 6.658821
v -604.536255 17.327694 5.486851
v -590.923340 17.327694 5.632072
v -604.536255 16.443148 5.486851
v -590.923340 16.443148 5.632072
v -604.536255 16.443148 5.486851
v -590.923340 16.443148 5.632072
v -604.547180 16.443148 6.513599
v -590.934326 16.443148 6.658821
v -612.391174 0.183956 -10.591290
v -618.791260 0.183956 -10.659588
v -612.391174 -0.381090 -10.591290
v -618.791260 -0.381090 -10.659588
v -612.380249 -0.408052 -11.618023
v -618.780273 -0.408052 -11.686359
v -612.380249 0.183956 -11.618023
v -618.780273 0.183956 -11.686359
v -612.380249 0.183956 -11.618023
v -618.780273 0.183956 -11.686359
v -612.391174 0.183956 -10.591290
v -618.791260 0.183956 -10.659588
v -605.178345 -0.381090 -10.514362
v -605.178345 0.183956 -10.514362
v -605.167358 0.183956 -11.541050
v -605.167358 -0.408052 -11.541050
v -605.178345 0.183956 -10.514362
v -605.167358 0.183956 -11.541050
v -590.741638 16.443144 -11.387165
v -604.354797 16.443144 -11.532406
v -590.741638 17.327690 -11.387165
v -604.354797 17.327690 -11.532406
v -590.752808 16.443144 -10.360439
v -590.752808 17.327690 -10.360439
v -604.365723 16.443144 -10.505657
v -604.365723 17.327690 -10.505657
v -590.741638 16.443144 -11.387165
v -590.752808 16.443144 -10.360439
v -604.354797 16.443144 -11.532406
v -604.365723 16.443144 -10.505657
v -598.136230 -0.381084 5.555199
v -598.136230 0.183961 5.555199
v -598.147156 0.183961 6.581860
v -598.147156 -0.408047 6.581860
v -598.136230 0.183961 5.555199
v -598.147156 0.183961 6.581860
v -591.735962 0.183961 5.623409
v -591.735962 -0.381084 5.623409
v -591.746887 -0.408047 6.650204
v -591.746887 0.183961 6.650204
v -591.746887 0.183961 6.650204
v -591.735962 0.183961 5.623409
v -577.321411 16.443148 6.804070
v -577.321411 17.327694 6.804070
v -577.310425 17.327694 5.777363
v -577.310425 16.443148 5.777363
v -577.310425 16.443148 5.777363
v -577.321411 16.443148 6.804070
v -597.965454 0.183956 -10.437420
v -597.965454 -0.381090 -10.437420
v -597.954529 -0.408052 -11.464146
v -597.954529 0.183956 -11.464146
v -597.954529 0.183956 -11.464146
v -597.965454 0.183956 -10.437420
v -591.565491 -0.381090 -10.369076
v -591.565491 0.183956 -10.369076
v -591.554504 0.183956 -11.395802
v -591.554504 -0.408052 -11.395802
v -591.565491 0.183956 -10.369076
v -591.554504 0.183956 -11.395802
v -577.128784 16.443144 -11.241962
v -577.128784 17.327690 -11.241962
v -577.139709 16.443144 -10.215237
v -577.139709 17.327690 -10.215237
v -577.128784 16.443144 -11.241962
v -577.139709 16.443144 -10.215237
v -540.319580 -0.000116 -4.229698
v -540.293884 -0.000117 -6.634007
v -540.345093 -0.000116 -1.825413
v -540.319580 -0.000116 -4.229698
v -547.478760 -0.000118 -9.599140
v -540.263000 -0.000118 -9.522144
v -547.473267 -0.483642 -10.114948
v -540.257507 -0.483641 -10.037952
v -540.293884 -0.000117 -6.634007
v -540.263000 -0.000118 -9.522144
v -547.478760 -0.000118 -9.599140
v -540.345093 -0.000116 -1.825413
v -540.263000 -0.000118 -9.522144
v -540.263000 -0.000118 -9.522144
v -540.257507 -0.483641 -10.037952
v -540.396484 -0.000114 2.983116
v -540.370789 -0.000115 0.578831
v -540.370789 -0.000115 0.578831
v -540.432678 -0.483636 6.387089
v -540.427307 -0.000113 5.871120
v -547.648499 -0.483636 6.310074
v -547.643066 -0.000113 5.794128
v -547.643066 -0.000113 5.794128
v -540.427307 -0.000113 5.871120
v -540.396484 -0.000114 2.983116
v -540.427307 -0.000113 5.871120
v -540.432678 -0.483636 6.387089
v -540.427307 -0.000113 5.871120
v -546.651855 16.443144 -10.916767
v -546.651855 17.327690 -10.916767
v -546.663086 16.443144 -9.890064
v -546.663086 17.327690 -9.890064
v -546.651855 16.443144 -10.916767
v -546.663086 16.443144 -9.890064
v -546.844360 16.443148 7.129265
v -546.844360 17.327694 7.129265
v -546.833557 17.327694 6.102539
v -546.833557 16.443148 6.102539
v -546.833557 16.443148 6.102539
v -546.844360 16.443148 7.129265
v -540.433350 -0.381084 6.170841
v -540.433350 0.183961 6.170841
v -540.444275 0.183961 7.197544
v -540.444275 -0.408046 7.197544
v -540.433350 0.183961 6.170841
v -540.444275 0.183961 7.197544
v -534.033325 0.183961 6.239075
v -534.033325 -0.381084 6.239075
v -534.044250 -0.408046 7.265842
v -534.044250 0.183961 7.265842
v -534.044250 0.183961 7.265842
v -534.033325 0.183961 6.239075
v -540.262817 0.183956 -9.821751
v -540.262817 -0.381089 -9.821751
v -540.251892 -0.408052 -10.848484
v -540.251892 0.183956 -10.848484
v -540.251892 0.183956 -10.848484
v -540.262817 0.183956 -9.821751
v -533.862732 -0.381089 -9.753475
v -533.862732 0.183956 -9.753475
v -533.851868 0.183956 -10.780178
v -533.851868 -0.408052 -10.780178
v -533.862732 0.183956 -9.753475
v -533.851868 0.183956 -10.780178
v -590.754578 2.070794 -10.180767
v -590.739685 2.070794 -11.577702
v -592.106750 2.070794 -10.195271
v -592.091797 2.070794 -11.592091
v -587.852234 -0.460296 -10.149815
v -587.837219 -0.460297 -11.546749
v -589.402344 2.070794 -10.166348
v -589.387512 2.070794 -11.563175
v -592.091797 2.070794 -11.592091
v -590.739685 2.070794 -11.577702
v -593.642090 -0.460297 -11.608677
v -590.739685 -0.460297 -11.577702
v -590.754578 2.070794 -10.180767
v -592.106750 2.070794 -10.195271
v -590.754578 -0.460296 -10.180767
v -593.657043 -0.460296 -10.211742
v -592.288391 2.070799 6.834892
v -590.936340 2.070799 6.849350
v -592.273499 2.070799 5.438091
v -590.921326 2.070799 5.452480
v -589.584045 2.070799 6.863743
v -588.033875 -0.460291 6.880329
v -589.569214 2.070799 5.466919
v -588.018921 -0.460291 5.483459
v -590.936340 -0.460291 6.849350
v -590.936340 2.070799 6.849350
v -593.838745 -0.460291 6.818401
v -592.288391 2.070799 6.834892
v -593.823792 -0.460291 5.421532
v -592.273499 2.070799 5.438091
v -590.921326 -0.460291 5.452480
v -590.921326 2.070799 5.452480
v -589.402344 2.070794 -10.166348
v -589.387512 2.070794 -11.563175
v -589.402344 2.070794 -10.166348
v -590.754578 2.070794 -10.180767
v -587.852234 -0.460296 -10.149815
v -589.387512 2.070794 -11.563175
v -587.837219 -0.460297 -11.546749
v -590.739685 2.070794 -11.577702
v -589.584045 2.070799 6.863743
v -589.569214 2.070799 5.466919
v -588.033875 -0.460291 6.880329
v -589.584045 2.070799 6.863743
v -590.936340 2.070799 6.849350
v -588.018921 -0.460291 5.483459
v -589.569214 2.070799 5.466919
v -648.457520 2.070794 -10.796452
v -648.442505 2.070793 -12.193325
v -649.809387 2.070794 -10.810848
v -649.794617 2.070793 -12.207783
v -645.554871 -0.460297 -10.765476
v -645.539856 -0.460297 -12.162327
v -647.105164 2.070794 -10.781994
v -647.090210 2.070793 -12.178860
v -649.794617 2.070793 -12.207783
v -648.442505 2.070793 -12.193325
v -651.344971 -0.460297 -12.224255
v -648.442505 -0.460297 -12.193325
v -648.457520 2.070794 -10.796452
v -649.809387 2.070794 -10.810848
v -648.457520 -0.460297 -10.796452
v -651.359741 -0.460297 -10.827404
v -649.991333 2.070799 6.219269
v -648.639221 2.070799 6.233685
v -649.976318 2.070799 4.822426
v -648.624268 2.070799 4.836815
v -647.286865 2.070799 6.248123
v -645.736572 -0.460291 6.264664
v -647.271912 2.070799 4.851280
v -645.721802 -0.460292 4.867794
v -648.639221 -0.460291 6.233685
v -648.639221 2.070799 6.233685
v -651.541443 -0.460291 6.202736
v -649.991333 2.070799 6.219269
v -651.526672 -0.460292 4.805866
v -649.976318 2.070799 4.822426
v -648.624268 -0.460292 4.836815
v -648.624268 2.070799 4.836815
v -647.105164 2.070794 -10.781994
v -647.090210 2.070793 -12.178860
v -647.105164 2.070794 -10.781994
v -645.554871 -0.460297 -10.765476
v -647.090210 2.070793 -12.178860
v -645.539856 -0.460297 -12.162327
v -647.286865 2.070799 6.248123
v -647.271912 2.070799 4.851280
v -645.736572 -0.460291 6.264664
v -647.286865 2.070799 6.248123
v -645.721802 -0.460292 4.867794
v -647.271912 2.070799 4.851280
v -619.605835 2.070794 -10.488598
v -619.591125 2.070794 -11.885509
v -620.958191 2.070794 -10.503101
v -620.943176 2.070794 -11.899975
v -616.703369 -0.460296 -10.457600
v -616.688660 -0.460297 -11.854557
v -618.253723 2.070794 -10.474186
v -618.238770 2.070794 -11.871052
v -620.943176 2.070794 -11.899975
v -619.591125 2.070794 -11.885509
v -622.493591 -0.460297 -11.916485
v -619.591125 -0.460297 -11.885509
v -619.605835 2.070794 -10.488598
v -620.958191 2.070794 -10.503101
v -619.605835 -0.460296 -10.488598
v -622.508484 -0.460296 -10.519527
v -621.139893 2.070799 6.527103
v -619.787720 2.070799 6.541519
v -621.124878 2.070799 5.130257
v -619.772827 2.070799 5.144650
v -618.435425 2.070799 6.555954
v -616.885071 -0.460291 6.572495
v -618.420471 2.070799 5.159088
v -616.870361 -0.460292 5.175648
v -619.787720 -0.460291 6.541519
v -619.787720 2.070799 6.541519
v -622.690186 -0.460291 6.510521
v -621.139893 2.070799 6.527103
v -622.675293 -0.460292 5.113697
v -621.124878 2.070799 5.130257
v -619.772827 -0.460292 5.144650
v -619.772827 2.070799 5.144650
v -618.253723 2.070794 -10.474186
v -618.238770 2.070794 -11.871052
v -618.253723 2.070794 -10.474186
v -616.703369 -0.460296 -10.457600
v -618.238770 2.070794 -11.871052
v -616.688660 -0.460297 -11.854557
v -619.591125 2.070794 -11.885509
v -618.435425 2.070799 6.555954
v -618.420471 2.070799 5.159088
v -616.885071 -0.460291 6.572495
v -618.435425 2.070799 6.555954
v -619.787720 2.070799 6.541519
v -616.870361 -0.460292 5.175648
v -618.420471 2.070799 5.159088
v -659.980591 16.047642 -10.919422
v -659.965576 16.047640 -12.316288
v -661.530884 17.946554 -10.935963
v -661.515930 17.946552 -12.332783
v -665.785400 16.047642 -10.981350
v -665.770691 16.047640 -12.378223
v -662.883057 16.047642 -10.950375
v -662.868042 16.047640 -12.347248
v -664.220337 17.946552 -12.361637
v -662.868042 17.946552 -12.347248
v -665.770691 16.047640 -12.378223
v -662.868042 16.047640 -12.347248
v -662.883057 17.946554 -10.950375
v -664.235107 17.946554 -10.964817
v -662.883057 16.047642 -10.950375
v -665.785400 16.047642 -10.981350
v -646.443481 0.067198 -10.984005
v -634.202576 16.447971 -10.853405
v -648.386658 0.067198 -11.004742
v -636.145752 16.447971 -10.874142
v -646.433167 0.067198 -11.935375
v -634.192261 16.447969 -11.804775
v -646.435608 0.067198 -11.674938
v -634.194702 16.447971 -11.544361
v -646.435608 0.067198 -11.674938
v -634.194702 16.447971 -11.544361
v -647.039001 0.067198 -11.613239
v -634.798096 16.447971 -11.482632
v -647.039001 0.067198 -11.613239
v -634.798096 16.447971 -11.482632
v -647.042175 0.067198 -11.318943
v -634.801270 16.447971 -11.188351
v -646.440308 0.067198 -11.244320
v -634.199402 16.447971 -11.113773
v -646.443481 0.067198 -10.984005
v -634.202576 16.447971 -10.853405
v -631.913147 16.447971 -10.828976
v -633.856384 16.447971 -10.849720
v -619.672241 0.067198 -10.698414
v -621.615479 0.067198 -10.719105
v -631.909973 16.447971 -11.089390
v -631.913147 16.447971 -10.828976
v -619.669067 0.067198 -10.958775
v -619.672241 0.067198 -10.698414
v -632.508728 16.447971 -11.458164
v -632.511902 16.447971 -11.164013
v -620.267822 0.067198 -11.327572
v -620.270996 0.067198 -11.033375
v -631.905273 16.447971 -11.519909
v -632.508728 16.447971 -11.458164
v -619.664368 0.067198 -11.389339
v -620.267822 0.067198 -11.327572
v -631.903076 16.447969 -11.780346
v -631.905273 16.447971 -11.519909
v -619.662170 0.067198 -11.649731
v -619.664368 0.067198 -11.389339
v -617.592041 0.067198 -10.676174
v -605.351135 16.447971 -10.545528
v -619.535278 0.067198 -10.696934
v -607.294373 16.447971 -10.566288
v -617.581726 0.067198 -11.627499
v -605.341003 16.447971 -11.496944
v -617.584167 0.067198 -11.367176
v -605.343445 16.447971 -11.236576
v -617.584167 0.067198 -11.367176
v -605.343445 16.447971 -11.236576
v -618.187561 0.067198 -11.305401
v -605.946716 16.447971 -11.174847
v -618.187561 0.067198 -11.305401
v -605.946716 16.447971 -11.174847
v -618.190674 0.067198 -11.011158
v -605.949768 16.447971 -10.880535
v -617.588684 0.067198 -10.936535
v -605.347961 16.447971 -10.805935
v -617.592041 0.067198 -10.676174
v -605.351135 16.447971 -10.545528
v -603.061646 16.447971 -10.521145
v -605.005127 16.447971 -10.541912
v -590.820740 0.067198 -10.390575
v -592.764221 0.067198 -10.411289
v -603.058533 16.447971 -10.781551
v -603.061646 16.447971 -10.521145
v -590.817688 0.067198 -10.650890
v -590.820740 0.067198 -10.390575
v -603.657288 16.447971 -11.150356
v -603.660400 16.447971 -10.856136
v -591.416565 0.067198 -11.019741
v -591.419739 0.067198 -10.725536
v -603.053894 16.447971 -11.212078
v -603.657288 16.447971 -11.150356
v -590.813171 0.067198 -11.081470
v -591.416565 0.067198 -11.019741
v -603.051636 16.447971 -11.472561
v -603.053894 16.447971 -11.212078
v -590.810730 0.067198 -11.341938
v -590.813171 0.067198 -11.081470
v -660.764587 16.447971 -11.136791
v -662.707825 16.447971 -11.157482
v -648.523682 0.067198 -11.006245
v -650.466919 0.067198 -11.026890
v -660.761230 16.447971 -11.397175
v -660.764587 16.447971 -11.136791
v -648.520508 0.067198 -11.266560
v -648.523682 0.067198 -11.006245
v -661.360168 16.447969 -11.765995
v -661.363281 16.447971 -11.471798
v -649.119263 0.067198 -11.635410
v -649.122437 0.067198 -11.341114
v -660.756714 16.447969 -11.827747
v -661.360168 16.447969 -11.765995
v -648.515808 0.067198 -11.697132
v -649.119263 0.067198 -11.635410
v -660.754456 16.447969 -12.088177
v -660.756714 16.447969 -11.827747
v -648.513367 0.067198 -11.957607
v -648.515808 0.067198 -11.697132
v -675.294678 0.067198 -11.291813
v -663.053955 16.447971 -11.161190
v -677.237915 0.067198 -11.312534
v -664.997009 16.447971 -11.181980
v -675.284363 0.067197 -12.243160
v -663.043701 16.447969 -12.112560
v -675.287109 0.067198 -11.982777
v -663.045898 16.447969 -11.852177
v -675.287109 0.067198 -11.982777
v -663.045898 16.447969 -11.852177
v -675.890015 0.067198 -11.921047
v -663.649597 16.447969 -11.790470
v -675.890015 0.067198 -11.921047
v -663.649597 16.447969 -11.790470
v -675.893433 0.067198 -11.626759
v -663.652710 16.447971 -11.496227
v -675.291748 0.067198 -11.552197
v -663.050598 16.447971 -11.421604
v -675.294678 0.067198 -11.291813
v -663.053955 16.447971 -11.161190
v -646.433167 0.067198 -11.935375
v -648.376404 0.067198 -11.956112
v -634.192261 16.447969 -11.804775
v -636.135742 16.447969 -11.825512
v -646.440308 0.067198 -11.244320
v -647.042175 0.067198 -11.318943
v -634.199402 16.447971 -11.113773
v -634.801270 16.447971 -11.188351
v -619.669067 0.067198 -10.958775
v -620.270996 0.067198 -11.033375
v -631.909973 16.447971 -11.089390
v -632.511902 16.447971 -11.164013
v -619.662170 0.067198 -11.649731
v -621.605408 0.067198 -11.670422
v -631.903076 16.447969 -11.780346
v -633.846252 16.447969 -11.801083
v -617.581726 0.067198 -11.627499
v -619.525146 0.067198 -11.648235
v -605.341003 16.447971 -11.496944
v -607.284241 16.447971 -11.517658
v -617.588684 0.067198 -10.936535
v -618.190674 0.067198 -11.011158
v -605.347961 16.447971 -10.805935
v -605.949768 16.447971 -10.880535
v -590.817688 0.067198 -10.650890
v -591.419739 0.067198 -10.725536
v -603.058533 16.447971 -10.781551
v -603.660400 16.447971 -10.856136
v -590.810730 0.067198 -11.341938
v -592.753967 0.067198 -11.362659
v -603.051636 16.447971 -11.472561
v -604.994873 16.447971 -11.493275
v -648.520508 0.067198 -11.266560
v -649.122437 0.067198 -11.341114
v -660.761230 16.447971 -11.397175
v -661.363281 16.447971 -11.471798
v -648.513367 0.067198 -11.957607
v -650.456604 0.067198 -11.978260
v -660.754456 16.447969 -12.088177
v -662.697754 16.447969 -12.108891
v -675.284363 0.067197 -12.243160
v -677.227783 0.067197 -12.263897
v -663.043701 16.447969 -12.112560
v -664.986877 16.447969 -12.133297
v -675.291748 0.067198 -11.552197
v -675.893433 0.067198 -11.626759
v -663.050598 16.447971 -11.421604
v -663.652710 16.447971 -11.496227
v -661.712585 17.946558 6.094200
v -660.162292 16.047646 6.110786
v -661.697571 17.946558 4.697338
v -660.147522 16.047646 4.713917
v -663.064697 16.047646 6.079811
v -665.967102 16.047646 6.048855
v -663.049744 16.047646 4.682941
v -665.952148 16.047646 4.651989
v -663.064697 16.047646 6.079811
v -663.064697 17.946558 6.079811
v -665.967102 16.047646 6.048855
v -664.416809 17.946558 6.065414
v -665.952148 16.047646 4.651989
v -664.402039 17.946558 4.668415
v -663.049744 16.047646 4.682941
v -663.049744 17.946558 4.682941
v -636.316956 16.447975 5.177143
v -634.373779 16.447975 5.197880
v -648.557861 0.067203 5.046539
v -646.614685 0.067203 5.067280
v -634.380615 16.447975 5.888885
v -634.383789 16.447975 6.149250
v -646.621521 0.067203 5.758236
v -646.624695 0.067203 6.018646
v -634.982544 16.447975 5.814240
v -634.380615 16.447975 5.888885
v -647.223450 0.067203 5.683704
v -646.621521 0.067203 5.758236
v -634.979614 16.447975 5.520084
v -634.982544 16.447975 5.814240
v -647.220276 0.067203 5.389393
v -647.223450 0.067203 5.683704
v -634.373779 16.447975 5.197880
v -634.376221 16.447975 5.458313
v -646.614685 0.067203 5.067280
v -646.617126 0.067203 5.327709
v -621.786865 0.067203 5.332222
v -634.027527 16.447975 5.201633
v -619.843628 0.067203 5.352917
v -632.084290 16.447975 5.222309
v -619.843628 0.067203 5.352917
v -632.084290 16.447975 5.222309
v -619.845886 0.067203 5.613304
v -632.086792 16.447975 5.482697
v -620.449341 0.067203 5.675076
v -632.689941 16.447975 5.544468
v -620.452393 0.067203 5.969341
v -632.693298 16.447975 5.838715
v -620.452393 0.067203 5.969341
v -632.693298 16.447975 5.838715
v -619.850586 0.067203 6.043877
v -632.091492 16.447975 5.913269
v -619.850586 0.067203 6.043877
v -632.091492 16.447975 5.913269
v -619.853699 0.067203 6.304283
v -632.094604 16.447975 6.173676
v -607.465759 16.447975 5.484974
v -605.522278 16.447975 5.505695
v -619.706421 0.067203 5.354370
v -617.763184 0.067203 5.375111
v -605.529480 16.447975 6.196716
v -605.532593 16.447975 6.457081
v -617.770386 0.067203 6.066116
v -617.773438 0.067203 6.326523
v -606.131287 16.447975 6.122093
v -605.529480 16.447975 6.196716
v -618.372192 0.067203 5.991493
v -617.770386 0.067203 6.066116
v -606.128174 16.447975 5.827850
v -606.131287 16.447975 6.122093
v -618.368835 0.067203 5.697205
v -618.372192 0.067203 5.991493
v -605.522278 16.447975 5.505695
v -605.524780 16.447975 5.766144
v -617.763184 0.067203 5.375111
v -617.765686 0.067203 5.635544
v -592.935425 0.067203 5.640057
v -605.176331 16.447975 5.509445
v -590.992249 0.067203 5.660706
v -603.233154 16.447975 5.530140
v -590.992249 0.067203 5.660706
v -603.233154 16.447975 5.530140
v -590.994385 0.067203 5.921135
v -603.235291 16.447975 5.790527
v -591.597839 0.067203 5.982910
v -603.838745 16.447975 5.852299
v -591.601013 0.067203 6.277111
v -603.841919 16.447975 6.146523
v -591.601013 0.067203 6.277111
v -603.841919 16.447975 6.146523
v -590.999084 0.067203 6.351711
v -603.239990 16.447975 6.221146
v -590.999084 0.067203 6.351711
v -603.239990 16.447975 6.221146
v -591.002258 0.067203 6.612072
v -603.243164 16.447975 6.481464
v -650.638306 0.067203 5.024372
v -662.879028 16.447975 4.893757
v -648.694885 0.067203 5.045155
v -660.935791 16.447975 4.914562
v -648.694885 0.067203 5.045155
v -660.935791 16.447975 4.914562
v -648.697327 0.067203 5.305515
v -660.937988 16.447975 5.174839
v -649.300720 0.067203 5.367245
v -661.541626 16.447975 5.236633
v -649.303650 0.067203 5.661533
v -661.544739 16.447975 5.530926
v -649.303650 0.067203 5.661533
v -661.544739 16.447975 5.530926
v -648.702026 0.067203 5.736088
v -660.942627 16.447975 5.605457
v -648.702026 0.067203 5.736088
v -660.942627 16.447975 5.605457
v -648.704895 0.067203 5.996475
v -660.945801 16.447975 5.865868
v -665.168152 16.447975 4.869354
v -663.225159 16.447975 4.890091
v -677.409302 0.067203 4.738686
v -675.465820 0.067203 4.759399
v -663.232117 16.447975 5.581055
v -663.235229 16.447975 5.841461
v -675.473022 0.067203 5.450447
v -675.475891 0.067203 5.710835
v -663.833923 16.447975 5.506432
v -663.232117 16.447975 5.581055
v -676.074829 0.067203 5.375824
v -675.473022 0.067203 5.450447
v -663.830872 16.447975 5.212208
v -663.833923 16.447975 5.506432
v -676.071472 0.067203 5.081604
v -676.074829 0.067203 5.375824
v -663.225159 16.447975 4.890091
v -663.227417 16.447975 5.150478
v -675.465820 0.067203 4.759399
v -675.468506 0.067203 5.019878
v -636.327209 16.447975 6.128510
v -648.567932 0.067203 5.997906
v -634.383789 16.447975 6.149250
v -646.624695 0.067203 6.018646
v -634.979614 16.447975 5.520084
v -647.220276 0.067203 5.389393
v -634.376221 16.447975 5.458313
v -646.617126 0.067203 5.327709
v -632.689941 16.447975 5.544468
v -620.449341 0.067203 5.675076
v -632.086792 16.447975 5.482697
v -619.845886 0.067203 5.613304
v -634.037842 16.447975 6.153000
v -621.796936 0.067203 6.283615
v -632.094604 16.447975 6.173676
v -619.853699 0.067203 6.304283
v -607.475769 16.447975 6.436317
v -619.716675 0.067203 6.305737
v -605.532593 16.447975 6.457081
v -617.773438 0.067203 6.326523
v -606.128174 16.447975 5.827850
v -618.368835 0.067203 5.697205
v -605.524780 16.447975 5.766144
v -617.765686 0.067203 5.635544
v -603.838745 16.447975 5.852299
v -591.597839 0.067203 5.982910
v -603.235291 16.447975 5.790527
v -590.994385 0.067203 5.921135
v -605.186401 16.447975 6.460728
v -592.945679 0.067203 6.591423
v -603.243164 16.447975 6.481464
v -591.002258 0.067203 6.612072
v -661.541626 16.447975 5.236633
v -649.300720 0.067203 5.367245
v -660.937988 16.447975 5.174839
v -648.697327 0.067203 5.305515
v -662.889038 16.447975 5.845123
v -650.648315 0.067203 5.975780
v -660.945801 16.447975 5.865868
v -648.704895 0.067203 5.996475
v -665.178467 16.447975 5.820721
v -677.419373 0.067203 5.690052
v -663.235229 16.447975 5.841461
v -675.475891 0.067203 5.710835
v -663.830872 16.447975 5.212208
v -676.071472 0.067203 5.081604
v -663.227417 16.447975 5.150478
v -675.468506 0.067203 5.019878
v -661.530884 17.946554 -10.935963
v -659.980591 16.047642 -10.919422
v -659.980591 16.047642 -10.919422
v -659.965576 16.047640 -12.316288
v -661.515930 17.946552 -12.332783
v -659.965576 16.047640 -12.316288
v -662.868042 16.047640 -12.347248
v -660.162292 16.047646 6.110786
v -661.712585 17.946558 6.094200
v -660.162292 16.047646 6.110786
v -660.147522 16.047646 4.713917
v -663.049744 16.047646 4.682941
v -660.147522 16.047646 4.713917
v -661.697571 17.946558 4.697338
v -631.129333 16.047642 -10.611591
v -631.114380 16.047640 -12.008457
v -632.679443 17.946554 -10.628132
v -632.664490 17.946552 -12.024998
v -636.934021 16.047642 -10.673542
v -636.919250 16.047640 -12.070393
v -634.031799 16.047642 -10.642544
v -634.016846 16.047640 -12.039394
v -635.368896 17.946552 -12.053852
v -634.016846 17.946552 -12.039394
v -636.919250 16.047640 -12.070393
v -634.016846 16.047640 -12.039394
v -634.031799 17.946554 -10.642544
v -635.383728 17.946554 -10.656979
v -634.031799 16.047642 -10.642544
v -636.934021 16.047642 -10.673542
v -632.861145 17.946558 6.402039
v -631.310791 16.047646 6.418571
v -632.846191 17.946558 5.005211
v -631.296082 16.047646 5.021637
v -634.213257 16.047646 6.387619
v -637.115723 16.047646 6.356644
v -634.198547 16.047646 4.990707
v -637.100952 16.047646 4.959709
v -634.213257 16.047646 6.387619
v -634.213257 17.946558 6.387619
v -637.115723 16.047646 6.356644
v -635.565430 17.946558 6.373161
v -637.100952 16.047646 4.959709
v -635.550598 17.946558 4.976292
v -634.198547 16.047646 4.990707
v -634.198547 17.946558 4.990707
v -632.679443 17.946554 -10.628132
v -631.129333 16.047642 -10.611591
v -631.129333 16.047642 -10.611591
v -631.114380 16.047640 -12.008457
v -632.664490 17.946552 -12.024998
v -631.114380 16.047640 -12.008457
v -634.016846 16.047640 -12.039394
v -631.310791 16.047646 6.418571
v -632.861145 17.946558 6.402039
v -631.310791 16.047646 6.418571
v -631.296082 16.047646 5.021637
v -634.198547 16.047646 4.990707
v -631.296082 16.047646 5.021637
v -632.846191 17.946558 5.005211
v -631.296082 16.047646 5.021637
v -602.277954 16.047642 -10.303761
v -602.262939 16.047640 -11.700626
v -603.828003 17.946554 -10.320293
v -603.813232 17.946552 -11.717167
v -608.082764 16.047642 -10.365688
v -608.067871 16.047640 -11.762554
v -605.180298 16.047642 -10.334713
v -605.165405 16.047640 -11.731579
v -606.517456 17.946552 -11.746021
v -605.165405 17.946552 -11.731579
v -608.067871 16.047640 -11.762554
v -605.165405 16.047640 -11.731579
v -605.180298 17.946554 -10.334713
v -606.532471 17.946554 -10.349148
v -605.180298 16.047642 -10.334713
v -608.082764 16.047642 -10.365688
v -604.009705 17.946558 6.709888
v -602.459656 16.047646 6.726429
v -603.994934 17.946558 5.313000
v -602.444641 16.047646 5.329517
v -605.362000 16.047646 6.695499
v -608.264465 16.047646 6.664433
v -605.347107 16.047646 5.298565
v -608.249512 16.047646 5.267590
v -605.362000 16.047646 6.695499
v -605.362000 17.946558 6.695499
v -608.264465 16.047646 6.664433
v -606.714172 17.946558 6.680969
v -608.249512 16.047646 5.267590
v -606.699219 17.946558 5.284168
v -605.347107 16.047646 5.298565
v -605.347107 17.946558 5.298565
v -603.828003 17.946554 -10.320293
v -602.277954 16.047642 -10.303761
v -602.277954 16.047642 -10.303761
v -602.262939 16.047640 -11.700626
v -603.813232 17.946552 -11.717167
v -602.262939 16.047640 -11.700626
v -602.459656 16.047646 6.726429
v -604.009705 17.946558 6.709888
v -602.459656 16.047646 6.726429
v -602.444641 16.047646 5.329517
v -602.444641 16.047646 5.329517
v -603.994934 17.946558 5.313000
v -561.903198 2.070794 -9.872997
v -561.888428 2.070794 -11.269871
v -563.255554 2.070794 -9.887432
v -563.240540 2.070794 -11.284306
v -559.000732 -0.460296 -9.842045
v -558.985779 -0.460297 -11.238873
v -560.551086 2.070794 -9.858517
v -560.536133 2.070794 -11.255451
v -563.240540 2.070794 -11.284306
v -561.888428 2.070794 -11.269871
v -564.790649 -0.460297 -11.300800
v -561.888428 -0.460297 -11.269871
v -561.903198 2.070794 -9.872997
v -563.255554 2.070794 -9.887432
v -561.903198 -0.460296 -9.872997
v -564.805664 -0.460296 -9.903973
v -563.437256 2.070799 7.142769
v -562.084900 2.070799 7.157162
v -563.422241 2.070799 5.745899
v -562.070129 2.070799 5.760319
v -560.732788 2.070799 7.171619
v -559.182434 -0.460291 7.188160
v -560.717834 2.070799 5.774754
v -559.167419 -0.460291 5.791290
v -562.084900 -0.460291 7.157162
v -562.084900 2.070799 7.157162
v -564.987366 -0.460291 7.126190
v -563.437256 2.070799 7.142769
v -564.972351 -0.460291 5.729362
v -563.422241 2.070799 5.745899
v -562.070129 -0.460291 5.760319
v -562.070129 2.070799 5.760319
v -560.551086 2.070794 -9.858517
v -560.536133 2.070794 -11.255451
v -560.551086 2.070794 -9.858517
v -561.903198 2.070794 -9.872997
v -559.000732 -0.460296 -9.842045
v -560.536133 2.070794 -11.255451
v -558.985779 -0.460297 -11.238873
v -561.888428 2.070794 -11.269871
v -560.732788 2.070799 7.171619
v -560.717834 2.070799 5.774754
v -559.182434 -0.460291 7.188160
v -560.732788 2.070799 7.171619
v -559.167419 -0.460291 5.791290
v -560.717834 2.070799 5.774754
v -573.426453 16.047642 -9.995945
v -573.411499 16.047642 -11.392796
v -574.976807 17.946554 -10.012463
v -574.961792 17.946554 -11.409336
v -579.231323 16.047642 -10.057873
v -579.216370 16.047642 -11.454723
v -576.328918 16.047642 -10.026920
v -576.314148 16.047642 -11.423748
v -577.666260 17.946554 -11.438183
v -576.314148 17.946554 -11.423748
v -579.216370 16.047642 -11.454723
v -576.314148 16.047642 -11.423748
v -576.328918 17.946554 -10.026920
v -577.681274 17.946554 -10.041317
v -576.328918 16.047642 -10.026920
v -579.231323 16.047642 -10.057873
v -559.889282 0.067198 -10.060505
v -547.648499 16.447971 -9.929882
v -561.832581 0.067198 -10.081272
v -549.591675 16.447971 -9.950665
v -559.879089 0.067198 -11.011829
v -547.638367 16.447971 -10.881252
v -559.881531 0.067198 -10.751484
v -547.640625 16.447971 -10.620892
v -559.881531 0.067198 -10.751484
v -547.640625 16.447971 -10.620892
v -560.484924 0.067198 -10.689785
v -548.244019 16.447971 -10.559177
v -560.484924 0.067198 -10.689785
v -548.244019 16.447971 -10.559177
v -560.488037 0.067198 -10.395466
v -548.247131 16.447971 -10.264874
v -559.886230 0.067198 -10.320934
v -547.645325 16.447971 -10.190334
v -559.889282 0.067198 -10.060505
v -547.648499 16.447971 -9.929882
v -574.210266 16.447971 -10.213314
v -576.153748 16.447971 -10.234051
v -561.969543 0.067198 -10.082699
v -563.912842 0.067198 -10.103458
v -574.207153 16.447971 -10.473721
v -574.210266 16.447971 -10.213314
v -561.966431 0.067198 -10.343105
v -561.969543 0.067198 -10.082699
v -574.806030 16.447971 -10.842587
v -574.809143 16.447971 -10.548321
v -562.565186 0.067198 -10.711971
v -562.568237 0.067198 -10.417706
v -574.202637 16.447971 -10.904270
v -574.806030 16.447971 -10.842587
v -561.961731 0.067198 -10.773655
v -562.565186 0.067198 -10.711971
v -574.200195 16.447971 -11.164677
v -574.202637 16.447971 -10.904270
v -561.959290 0.067198 -11.034092
v -561.961731 0.067198 -10.773655
v -588.740540 0.067198 -10.368336
v -576.499634 16.447971 -10.237736
v -590.683777 0.067198 -10.389057
v -578.443115 16.447971 -10.258457
v -588.730530 0.067198 -11.319706
v -576.489624 16.447971 -11.189106
v -588.732971 0.067198 -11.059299
v -576.492065 16.447971 -10.928768
v -588.732971 0.067198 -11.059299
v -576.492065 16.447971 -10.928768
v -589.336182 0.067198 -10.997570
v -577.095276 16.447971 -10.866970
v -589.336182 0.067198 -10.997570
v -577.095276 16.447971 -10.866970
v -589.339294 0.067198 -10.703304
v -577.098389 16.447971 -10.572704
v -588.737427 0.067198 -10.628773
v -576.496521 16.447971 -10.498173
v -588.740540 0.067198 -10.368336
v -576.499634 16.447971 -10.237736
v -559.879089 0.067198 -11.011829
v -561.822327 0.067198 -11.032589
v -547.638367 16.447971 -10.881252
v -549.581604 16.447971 -10.902035
v -559.886230 0.067198 -10.320934
v -560.488037 0.067198 -10.395466
v -547.645325 16.447971 -10.190334
v -548.247131 16.447971 -10.264874
v -561.966431 0.067198 -10.343105
v -562.568237 0.067198 -10.417706
v -574.207153 16.447971 -10.473721
v -574.809143 16.447971 -10.548321
v -561.959290 0.067198 -11.034092
v -563.902710 0.067198 -11.054874
v -574.200195 16.447971 -11.164677
v -576.143433 16.447971 -11.185436
v -588.730530 0.067198 -11.319706
v -590.673706 0.067198 -11.340427
v -576.489624 16.447971 -11.189106
v -578.432800 16.447971 -11.209820
v -588.737427 0.067198 -10.628773
v -589.339294 0.067198 -10.703304
v -576.496521 16.447971 -10.498173
v -577.098389 16.447971 -10.572704
v -575.158508 17.946558 7.017723
v -573.608154 16.047646 7.034195
v -575.143494 17.946558 5.620785
v -573.593201 16.047646 5.637325
v -576.510620 16.047646 7.003220
v -579.413025 16.047646 6.972267
v -576.495850 16.047646 5.606350
v -579.398071 16.047646 5.575420
v -576.510620 16.047646 7.003220
v -576.510620 17.946558 7.003220
v -579.413025 16.047646 6.972267
v -577.862976 17.946558 6.988827
v -579.398071 16.047646 5.575420
v -577.847961 17.946558 5.591957
v -576.495850 16.047646 5.606350
v -576.495850 17.946558 5.606350
v -549.762817 16.447975 6.100616
v -547.819641 16.447975 6.121357
v -562.003723 0.067203 5.970058
v -560.060486 0.067203 5.990776
v -547.826721 16.447975 6.812382
v -547.829895 16.447975 7.072727
v -560.067444 0.067203 6.681782
v -560.070618 0.067203 6.942142
v -548.428467 16.447975 6.737736
v -547.826721 16.447975 6.812382
v -560.669250 0.067203 6.607178
v -560.067444 0.067203 6.681782
v -548.425293 16.447975 6.443470
v -548.428467 16.447975 6.737736
v -560.666199 0.067203 6.312870
v -560.669250 0.067203 6.607178
v -547.819641 16.447975 6.121357
v -547.822144 16.447975 6.381763
v -560.060486 0.067203 5.990776
v -560.063049 0.067203 6.251141
v -564.083984 0.067203 5.947819
v -576.324890 16.447975 5.817211
v -562.140747 0.067203 5.968582
v -574.381470 16.447975 5.837975
v -562.140747 0.067203 5.968582
v -574.381470 16.447975 5.837975
v -562.143188 0.067203 6.228992
v -574.383911 16.447975 6.098358
v -562.746582 0.067203 6.290699
v -574.987305 16.447975 6.160133
v -562.749756 0.067203 6.584942
v -574.990479 16.447975 6.454330
v -562.749756 0.067203 6.584942
v -574.990479 16.447975 6.454330
v -562.147705 0.067203 6.659542
v -574.388550 16.447975 6.528934
v -562.147705 0.067203 6.659542
v -574.388550 16.447975 6.528934
v -562.150818 0.067203 6.919949
v -574.391724 16.447975 6.789341
v -578.614319 16.447975 5.792828
v -576.671021 16.447975 5.813545
v -590.855225 0.067203 5.662201
v -588.911743 0.067203 5.682945
v -576.677979 16.447975 6.504528
v -576.681152 16.447975 6.764912
v -588.918884 0.067203 6.373924
v -588.922058 0.067203 6.634312
v -577.279846 16.447975 6.429905
v -576.677979 16.447975 6.504528
v -589.520752 0.067203 6.299324
v -588.918884 0.067203 6.373924
v -577.276733 16.447975 6.135681
v -577.279846 16.447975 6.429905
v -589.517578 0.067203 6.005081
v -589.520752 0.067203 6.299324
v -576.671021 16.447975 5.813545
v -576.673279 16.447975 6.073956
v -588.911743 0.067203 5.682945
v -588.914185 0.067203 5.943375
v -549.773132 16.447975 7.051983
v -562.013855 0.067203 6.921383
v -547.829895 16.447975 7.072727
v -560.070618 0.067203 6.942142
v -548.425293 16.447975 6.443470
v -560.666199 0.067203 6.312870
v -547.822144 16.447975 6.381763
v -560.063049 0.067203 6.251141
v -574.987305 16.447975 6.160133
v -562.746582 0.067203 6.290699
v -574.383911 16.447975 6.098358
v -562.143188 0.067203 6.228992
v -576.334961 16.447975 6.768578
v -564.094238 0.067203 6.899212
v -574.391724 16.447975 6.789341
v -562.150818 0.067203 6.919949
v -578.624390 16.447975 6.744194
v -590.865234 0.067203 6.613575
v -576.681152 16.447975 6.764912
v -588.922058 0.067203 6.634312
v -577.276733 16.447975 6.135681
v -589.517578 0.067203 6.005081
v -576.673279 16.447975 6.073956
v -588.914185 0.067203 5.943375
v -574.976807 17.946554 -10.012463
v -573.426453 16.047642 -9.995945
v -573.426453 16.047642 -9.995945
v -573.411499 16.047642 -11.392796
v -574.961792 17.946554 -11.409336
v -573.411499 16.047642 -11.392796
v -573.608154 16.047646 7.034195
v -575.158508 17.946558 7.017723
v -573.608154 16.047646 7.034195
v -573.593201 16.047646 5.637325
v -573.593201 16.047646 5.637325
v -575.143494 17.946558 5.620785
v -550.379944 16.047642 -9.749996
v -550.365112 16.047642 -11.146885
v -547.477478 16.047642 -9.719044
v -547.462769 16.047642 -11.115917
v -548.814819 17.946554 -11.130329
v -547.462769 17.946554 -11.115917
v -550.365112 16.047642 -11.146885
v -547.462769 16.047642 -11.115917
v -547.477478 17.946554 -9.719044
v -548.829529 17.946554 -9.733501
v -547.477478 16.047642 -9.719044
v -550.379944 16.047642 -9.749996
v -547.659363 16.047646 7.311054
v -550.561829 16.047646 7.280098
v -547.644470 16.047646 5.914185
v -550.546814 16.047646 5.883255
v -547.659363 16.047646 7.311054
v -547.659363 17.946558 7.311054
v -550.561829 16.047646 7.280098
v -549.011536 17.946558 7.296638
v -550.546814 16.047646 5.883255
v -548.996521 17.946558 5.899788
v -547.644470 16.047646 5.914185
v -547.644470 17.946558 5.914185
v -674.920288 2.070794 -11.078808
v -674.905334 2.070793 -12.475674
v -677.359436 2.070794 -11.104801
v -677.344482 2.070793 -12.501736
v -671.540039 -1.278864 -11.042713
v -671.525269 -1.278865 -12.439602
v -673.090393 2.070794 -11.059299
v -673.075378 2.070793 -12.456142
v -677.344482 2.070793 -12.501736
v -674.905334 2.070793 -12.475674
v -677.807800 -1.278865 -12.506634
v -674.905334 -1.278865 -12.475674
v -674.920288 2.070794 -11.078808
v -677.359436 2.070794 -11.104801
v -674.920288 -1.278864 -11.078808
v -677.822754 -1.278864 -11.109760
v -677.541138 2.070799 5.925339
v -675.101990 2.070799 5.951332
v -677.526184 2.070798 4.528469
v -675.087036 2.070798 4.554531
v -673.272095 2.070799 5.970905
v -671.721741 -1.278859 5.987404
v -673.257080 2.070799 4.574043
v -671.707031 -1.278860 4.590603
v -675.101990 -1.278859 5.951332
v -675.101990 2.070799 5.951332
v -678.004456 -1.278859 5.920357
v -677.541138 2.070799 5.925339
v -677.989502 -1.278860 4.523556
v -677.526184 2.070798 4.528469
v -675.087036 -1.278860 4.554531
v -675.087036 2.070798 4.554531
v -673.090393 2.070794 -11.059299
v -673.075378 2.070793 -12.456142
v -673.090393 2.070794 -11.059299
v -674.920288 2.070794 -11.078808
v -671.540039 -1.278864 -11.042713
v -673.075378 2.070793 -12.456142
v -671.525269 -1.278865 -12.439602
v -674.905334 2.070793 -12.475674
v -673.272095 2.070799 5.970905
v -673.257080 2.070799 4.574043
v -671.721741 -1.278859 5.987404
v -673.272095 2.070799 5.970905
v -675.101990 2.070799 5.951332
v -671.707031 -1.278860 4.590603
v -673.257080 2.070799 4.574043
v -534.389099 2.070794 -10.976467
v -534.404114 2.070794 -9.579624
v -535.954407 -0.460296 -9.596142
v -534.404114 2.070794 -9.579624
v -535.939392 -0.460297 -10.993008
v -534.389099 2.070794 -10.976467
v -534.570801 2.070799 6.053711
v -534.585754 2.070799 7.450600
v -534.585754 2.070799 7.450600
v -536.136108 -0.460291 7.434040
v -534.570801 2.070799 6.053711
v -536.121155 -0.460291 6.037197
v -545.359009 16.447971 -9.905499
v -547.302246 16.447971 -9.926243
v -533.118347 0.067198 -9.774891
v -535.061584 0.067198 -9.795628
v -545.355896 16.447971 -10.165844
v -545.359009 16.447971 -9.905499
v -533.114990 0.067198 -10.035252
v -533.118347 0.067198 -9.774891
v -545.954651 16.447971 -10.534756
v -545.957764 16.447971 -10.240490
v -533.713745 0.067198 -10.404140
v -533.716858 0.067198 -10.109921
v -545.351196 16.447971 -10.596416
v -545.954651 16.447971 -10.534756
v -533.110291 0.067198 -10.465824
v -533.713745 0.067198 -10.404140
v -545.348999 16.447971 -10.856869
v -545.351196 16.447971 -10.596416
v -533.108093 0.067198 -10.726254
v -533.110291 0.067198 -10.465824
v -545.355896 16.447971 -10.165844
v -533.114990 0.067198 -10.035252
v -545.957764 16.447971 -10.240490
v -533.716858 0.067198 -10.109921
v -545.348999 16.447971 -10.856869
v -533.108093 0.067198 -10.726254
v -547.292175 16.447971 -10.877605
v -535.051270 0.067198 -10.746998
v -535.232727 0.067203 6.255657
v -547.473694 16.447975 6.125042
v -533.289490 0.067203 6.276394
v -545.530212 16.447975 6.145763
v -533.289490 0.067203 6.276394
v -545.530212 16.447975 6.145763
v -533.291748 0.067203 6.536781
v -545.532654 16.447975 6.406235
v -533.895203 0.067203 6.598507
v -546.136047 16.447975 6.467896
v -533.898315 0.067203 6.892776
v -546.139221 16.447975 6.762161
v -533.898315 0.067203 6.892776
v -546.139221 16.447975 6.762161
v -533.296448 0.067203 6.967377
v -545.537354 16.447975 6.836765
v -533.296448 0.067203 6.967377
v -545.537354 16.447975 6.836765
v -533.299622 0.067203 7.227760
v -545.540527 16.447975 7.097172
v -533.895203 0.067203 6.598507
v -533.291748 0.067203 6.536781
v -546.136047 16.447975 6.467896
v -545.532654 16.447975 6.406235
v -535.242859 0.067203 7.207024
v -533.299622 0.067203 7.227760
v -547.483765 16.447975 7.076412
v -545.540527 16.447975 7.097172
v -544.560303 16.047642 -11.084957
v -546.110596 17.946554 -11.101498
v -544.575256 16.047642 -9.688068
v -546.125366 17.946554 -9.704655
v -544.560303 16.047642 -11.084957
v -544.575256 16.047642 -9.688068
v -547.462769 16.047642 -11.115917
v -544.560303 16.047642 -11.084957
v -546.110596 17.946554 -11.101498
v -544.575256 16.047642 -9.688068
v -546.125366 17.946554 -9.704655
v -547.477478 16.047642 -9.719044
v -546.292114 17.946558 5.928623
v -546.307068 17.946560 7.325493
v -544.742004 16.047646 5.945183
v -544.756897 16.047647 7.342026
v -544.742004 16.047646 5.945183
v -544.756897 16.047647 7.342026
v -546.307068 17.946560 7.325493
v -544.756897 16.047647 7.342026
v -546.292114 17.946558 5.928623
v -544.742004 16.047646 5.945183
v -547.644470 16.047646 5.914185
v -604.836182 17.327694 5.541740
v -604.836182 16.443148 5.541740
v -604.750366 17.327692 -2.512600
v -604.750366 16.443146 -2.512600
v -604.836182 16.443148 5.541740
v -605.863098 16.443148 5.530724
v -604.750366 16.443146 -2.512600
v -605.777039 16.443146 -2.523525
v -604.664551 16.443144 -10.566868
v -604.664551 17.327690 -10.566868
v -605.691223 16.443144 -10.577862
v -604.664551 16.443144 -10.566868
v -432.253845 17.946560 8.542408
v -432.238892 17.946558 7.145538
v -433.605957 17.946560 8.527969
v -433.590942 17.946558 7.131100
v -430.901489 17.946560 8.556797
v -430.886780 17.946558 7.159885
v -432.253845 17.946560 8.542408
v -432.238892 17.946558 7.145538
v -433.064453 17.327696 8.343189
v -433.053528 17.327696 7.316437
v -446.677551 17.327696 8.198009
v -446.666626 17.327694 7.171215
v -460.279480 17.327694 7.025993
v -460.290283 17.327696 8.052700
v -446.666626 17.327694 7.171215
v -446.677551 17.327696 8.198009
v -459.752930 17.946560 8.248966
v -459.738037 17.946558 6.852077
v -461.105286 17.946560 8.234573
v -461.090332 17.946558 6.837704
v -461.105286 17.946560 8.234573
v -461.090332 17.946558 6.837704
v -462.457397 17.946560 8.220181
v -462.442383 17.946558 6.823311
v -461.915894 17.327696 8.035378
v -461.904907 17.327694 7.008606
v -475.528748 17.327696 7.890133
v -475.517822 17.327694 6.863407
v -489.130737 17.327694 6.718204
v -489.141663 17.327696 7.744865
v -475.517822 17.327694 6.863407
v -475.528748 17.327696 7.890133
v -489.956543 17.946560 7.926693
v -489.941528 17.946558 6.529892
v -491.308899 17.946560 7.912304
v -491.293884 17.946558 6.515480
v -488.604431 17.946560 7.941154
v -488.589417 17.946558 6.544289
v -489.956543 17.946560 7.926693
v -489.941528 17.946558 6.529892
v -490.767151 17.327696 7.727547
v -490.756348 17.327694 6.700817
v -504.380249 17.327696 7.582344
v -504.369263 17.327694 6.555573
v -517.993103 17.327696 7.437096
v -517.982178 17.327694 6.410328
v -490.457581 17.327694 6.762051
v -489.430908 17.327694 6.772961
v -490.371582 17.327692 -1.292259
v -489.344849 17.327692 -1.281357
v -432.754700 17.327696 7.377651
v -431.728210 17.327696 7.388668
v -432.668823 17.327692 -0.676598
v -431.642212 17.327692 -0.665646
v -461.606079 17.327694 7.069862
v -460.579468 17.327694 7.080811
v -461.520325 17.327692 -0.984428
v -460.493591 17.327692 -0.973476
v -519.308838 17.327694 6.454201
v -518.282104 17.327694 6.465172
v -519.222961 17.327692 -1.600075
v -518.196289 17.327692 -1.589146
v -517.455872 17.946560 7.633274
v -517.440857 17.946558 6.236454
v -518.807922 17.946560 7.618885
v -518.792969 17.946558 6.222015
v -518.807922 17.946560 7.618885
v -518.792969 17.946558 6.222015
v -520.160034 17.946560 7.604492
v -520.145020 17.946558 6.207623
v -519.618530 17.327696 7.419735
v -519.607605 17.327694 6.393009
v -533.231384 17.327694 7.274513
v -533.220703 17.327694 6.247742
v -546.844360 17.327694 7.129265
v -546.833557 17.327694 6.102539
v -546.307068 17.946560 7.325493
v -546.292114 17.946558 5.928623
v -547.659363 17.946558 7.311054
v -547.644470 17.946558 5.914185
v -548.160217 17.327694 6.146385
v -547.133545 17.327694 6.157295
v -548.074402 17.327692 -1.907925
v -547.047729 17.327692 -1.896912
v -548.996521 17.946558 5.899788
v -549.011536 17.946558 7.296638
v -547.644470 17.946558 5.914185
v -547.659363 17.946558 7.311054
v -562.071960 17.327694 5.939930
v -562.082886 17.327694 6.966656
v -548.459045 17.327694 6.085194
v -548.469971 17.327694 7.111877
v -562.082886 17.327694 6.966656
v -562.071960 17.327694 5.939930
v -575.695740 17.327694 6.821457
v -575.684814 17.327694 5.794704
v -576.510620 17.946558 7.003220
v -576.495850 17.946558 5.606350
v -577.862976 17.946558 6.988827
v -577.847961 17.946558 5.591957
v -576.495850 17.946558 5.606350
v -576.510620 17.946558 7.003220
v -575.143494 17.946558 5.620785
v -575.158508 17.946558 7.017723
v -575.898926 17.327692 -2.204762
v -576.925659 17.327692 -2.215694
v -575.984985 17.327694 5.849575
v -577.011475 17.327694 5.838554
v -590.923340 17.327694 5.632072
v -590.934326 17.327694 6.658821
v -577.310425 17.327694 5.777363
v -577.321411 17.327694 6.804070
v -590.934326 17.327694 6.658821
v -590.923340 17.327694 5.632072
v -604.547180 17.327694 6.513599
v -604.536255 17.327694 5.486851
v -605.863098 17.327694 5.530724
v -604.836182 17.327694 5.541740
v -605.777039 17.327692 -2.523525
v -604.750366 17.327692 -2.512600
v -605.347107 17.946558 5.298565
v -605.362000 17.946558 6.695499
v -603.994934 17.946558 5.313000
v -604.009705 17.946558 6.709888
v -605.362000 17.946558 6.695499
v -605.347107 17.946558 5.298565
v -606.714172 17.946558 6.680969
v -606.699219 17.946558 5.284168
v -619.774597 17.327694 5.324333
v -619.785767 17.327694 6.350990
v -606.161682 17.327694 5.469532
v -606.172913 17.327694 6.496262
v -619.785767 17.327694 6.350990
v -619.774597 17.327694 5.324333
v -633.398682 17.327694 6.205791
v -633.387695 17.327694 5.179016
v -634.714539 17.327694 5.222958
v -633.687622 17.327694 5.233887
v -634.628479 17.327692 -2.831379
v -633.601807 17.327692 -2.820431
v -632.861145 17.946558 6.402039
v -632.846191 17.946558 5.005211
v -634.213257 17.946558 6.387619
v -634.198547 17.946558 4.990707
v -635.550598 17.946558 4.976292
v -635.565430 17.946558 6.373161
v -634.198547 17.946558 4.990707
v -634.213257 17.946558 6.387619
v -635.024048 17.327694 6.188473
v -635.013184 17.327694 5.161697
v -648.636963 17.327694 6.043201
v -648.626038 17.327694 5.016457
v -662.250122 17.327694 5.897980
v -662.239136 17.327694 4.871185
v -661.712585 17.946558 6.094200
v -661.697571 17.946558 4.697338
v -663.064697 17.946558 6.079811
v -663.049744 17.946558 4.682941
v -664.402039 17.946558 4.668415
v -664.416809 17.946558 6.065414
v -663.049744 17.946558 4.682941
v -663.064697 17.946558 6.079811
v -663.565735 17.327694 4.915123
v -662.539062 17.327694 4.926098
v -663.479736 17.327692 -3.139214
v -662.453003 17.327692 -3.128216
v -662.367188 17.327690 -11.182560
v -663.393677 17.327690 -11.193531
v -661.530884 17.946554 -10.935963
v -661.515930 17.946552 -12.332783
v -662.883057 17.946554 -10.950375
v -662.868042 17.946552 -12.347248
v -662.868042 17.946552 -12.347248
v -664.220337 17.946552 -12.361637
v -662.883057 17.946554 -10.950375
v -664.235107 17.946554 -10.964817
v -648.455505 17.327690 -10.976101
v -648.444580 17.327688 -12.002827
v -662.068420 17.327690 -11.121296
v -662.057434 17.327688 -12.148029
v -648.444580 17.327688 -12.002827
v -648.455505 17.327690 -10.976101
v -634.831665 17.327688 -11.857563
v -634.842590 17.327690 -10.830898
v -633.515747 17.327690 -10.874699
v -634.542480 17.327690 -10.885654
v -632.679443 17.946554 -10.628132
v -632.664490 17.946552 -12.024998
v -634.031799 17.946554 -10.642544
v -634.016846 17.946552 -12.039394
v -635.383728 17.946554 -10.656979
v -634.031799 17.946554 -10.642544
v -635.368896 17.946552 -12.053852
v -633.205994 17.327688 -11.840244
v -633.216980 17.327690 -10.813511
v -619.593079 17.327688 -11.695042
v -619.604065 17.327690 -10.668285
v -605.991211 17.327690 -10.523067
v -605.980225 17.327690 -11.549725
v -619.604065 17.327690 -10.668285
v -619.593079 17.327688 -11.695042
v -604.664551 17.327690 -10.566868
v -605.691223 17.327690 -10.577862
v -606.517456 17.946552 -11.746021
v -606.532471 17.946554 -10.349148
v -605.165405 17.946552 -11.731579
v -605.180298 17.946554 -10.334713
v -603.828003 17.946554 -10.320293
v -603.813232 17.946552 -11.717167
v -605.180298 17.946554 -10.334713
v -605.165405 17.946552 -11.731579
v -590.752808 17.327690 -10.360439
v -590.741638 17.327690 -11.387165
v -604.365723 17.327690 -10.505657
v -604.354797 17.327690 -11.532406
v -590.741638 17.327690 -11.387165
v -590.752808 17.327690 -10.360439
v -577.128784 17.327690 -11.241962
v -577.139709 17.327690 -10.215237
v -575.813110 17.327690 -10.259083
v -576.839783 17.327690 -10.270031
v -577.666260 17.946554 -11.438183
v -577.681274 17.946554 -10.041317
v -576.314148 17.946554 -11.423748
v -576.328918 17.946554 -10.026920
v -576.314148 17.946554 -11.423748
v -576.328918 17.946554 -10.026920
v -574.961792 17.946554 -11.409336
v -574.976807 17.946554 -10.012463
v -561.901367 17.327690 -10.052624
v -561.890442 17.327690 -11.079350
v -575.514343 17.327690 -10.197895
v -575.503357 17.327690 -11.224552
v -561.890442 17.327690 -11.079350
v -561.901367 17.327690 -10.052624
v -548.277588 17.327690 -10.934132
v -548.288513 17.327690 -9.907383
v -546.961670 17.327690 -9.951206
v -547.988403 17.327690 -9.962177
v -547.462769 17.946554 -11.115917
v -547.477478 17.946554 -9.719044
v -546.110596 17.946554 -11.101498
v -546.125366 17.946554 -9.704655
v -548.814819 17.946554 -11.130329
v -548.829529 17.946554 -9.733501
v -547.462769 17.946554 -11.115917
v -547.477478 17.946554 -9.719044
v -533.049988 17.327690 -9.744747
v -533.039001 17.327690 -10.771496
v -546.663086 17.327690 -9.890064
v -546.651855 17.327690 -10.916767
v -533.039001 17.327690 -10.771496
v -533.049988 17.327690 -9.744747
v -519.426147 17.327690 -10.626278
v -519.437073 17.327690 -9.599545
v -518.110413 17.327690 -9.643414
v -519.136963 17.327690 -9.654415
v -518.626221 17.946554 -9.411232
v -518.611267 17.946554 -10.808109
v -519.978333 17.946554 -9.425625
v -519.963623 17.946554 -10.822567
v -517.273926 17.946554 -9.396774
v -517.259155 17.946554 -10.793644
v -518.626221 17.946554 -9.411232
v -518.611267 17.946554 -10.808109
v -517.800476 17.327690 -10.608891
v -517.811584 17.327690 -9.582226
v -504.187561 17.327690 -10.463688
v -504.198547 17.327690 -9.436954
v -490.574646 17.327690 -10.318485
v -490.585632 17.327690 -9.291752
v -489.258728 17.327690 -9.335648
v -490.285706 17.327690 -9.346577
v -489.759827 17.946554 -10.500248
v -489.774841 17.946554 -9.103374
v -488.407715 17.946554 -10.485859
v -488.422729 17.946554 -9.088985
v -491.112183 17.946554 -10.514729
v -491.127136 17.946554 -9.117836
v -489.759827 17.946554 -10.500248
v -489.774841 17.946554 -9.103374
v -488.949219 17.327690 -10.301167
v -488.960205 17.327690 -9.274433
v -475.336365 17.327690 -10.155849
v -475.347290 17.327690 -9.129192
v -461.723206 17.327690 -10.010609
v -461.734375 17.327690 -8.983879
v -460.407593 17.327690 -9.027794
v -461.434326 17.327690 -9.038788
v -462.260742 17.946554 -10.206898
v -462.275696 17.946554 -8.810074
v -460.908630 17.946554 -10.192509
v -460.923401 17.946554 -8.795567
v -459.571289 17.946554 -8.781151
v -459.556519 17.946554 -10.178020
v -460.923401 17.946554 -8.795567
v -460.908630 17.946554 -10.192509
v -460.097778 17.327690 -9.993290
v -460.108765 17.327690 -8.966557
v -446.484924 17.327690 -9.848019
v -446.495911 17.327690 -8.821354
v -432.872009 17.327690 -9.702824
v -432.882996 17.327690 -8.676090
v -431.556335 17.327690 -8.719959
v -432.582825 17.327690 -8.730911
v -433.409241 17.946554 -9.899067
v -433.424255 17.946554 -8.502235
v -432.057190 17.946554 -9.884655
v -432.072144 17.946554 -8.487801
v -430.719788 17.946554 -8.473389
v -430.705078 17.946554 -9.870213
v -432.072144 17.946554 -8.487801
v -432.057190 17.946554 -9.884655
v -504.283936 -0.317531 -1.440674
v -511.508423 -0.317531 -1.517735
v -504.197449 -0.317533 -9.546619
v -511.421875 -0.317533 -9.623699
v -525.925415 -0.317531 -1.671608
v -525.838867 -0.317533 -9.777454
v -518.709656 -0.317531 -1.594612
v -518.623108 -0.317533 -9.700489
v -518.623108 -0.317533 -9.700489
v -511.421875 -0.317533 -9.623699
v -518.709656 -0.317531 -1.594612
v -511.508423 -0.317531 -1.517735
v -533.048828 -0.317533 -9.854359
v -525.838867 -0.317533 -9.777454
v -533.135315 -0.317531 -1.748463
v -525.925415 -0.317531 -1.671608
v -526.011902 -0.317529 6.434334
v -518.796143 -0.317529 6.511303
v -504.370422 -0.317529 6.665218
v -511.594910 -0.317529 6.588116
v -504.283936 -0.317531 -1.440674
v -511.594910 -0.317529 6.588116
v -518.796143 -0.317529 6.511303
v -533.135315 -0.317531 -1.748463
v -533.221863 -0.317529 6.357342
v -526.011902 -0.317529 6.434334
v -424.954224 -0.317531 -0.594330
v -424.868042 -0.317533 -8.700153
v -417.729797 -0.317531 -0.517223
v -417.643311 -0.317533 -8.623119
v -439.371338 -0.317531 -0.748131
v -439.284790 -0.317533 -8.853935
v -432.155579 -0.317531 -0.671097
v -432.068970 -0.317533 -8.777012
v -453.797913 -0.317531 -0.902027
v -453.711365 -0.317533 -9.007874
v -446.581238 -0.317531 -0.825012
v -446.494751 -0.317533 -8.930950
v -432.068970 -0.317533 -8.777012
v -424.868042 -0.317533 -8.700153
v -432.155579 -0.317531 -0.671097
v -424.954224 -0.317531 -0.594330
v -446.494751 -0.317533 -8.930950
v -439.284790 -0.317533 -8.853935
v -446.581238 -0.317531 -0.825012
v -439.371338 -0.317531 -0.748131
v -460.920471 -0.317533 -9.084824
v -453.711365 -0.317533 -9.007874
v -461.006958 -0.317531 -0.978973
v -453.797913 -0.317531 -0.902027
v -453.884399 -0.317528 7.203804
v -446.667786 -0.317528 7.280888
v -439.458008 -0.317528 7.357742
v -432.242004 -0.317528 7.434757
v -425.040771 -0.317528 7.511543
v -417.816284 -0.317528 7.588673
v -417.729797 -0.317531 -0.517223
v -425.040771 -0.317528 7.511543
v -432.242004 -0.317528 7.434757
v -439.458008 -0.317528 7.357742
v -446.667786 -0.317528 7.280888
v -461.006958 -0.317531 -0.978973
v -461.093445 -0.317528 7.126945
v -453.884399 -0.317528 7.203804
v -468.231445 -0.317531 -1.056030
v -468.144958 -0.317533 -9.161880
v -460.920471 -0.317533 -9.084824
v -482.648438 -0.317531 -1.209816
v -482.561951 -0.317533 -9.315754
v -475.432678 -0.317531 -1.132843
v -475.346008 -0.317533 -9.238785
v -497.075012 -0.317531 -1.363728
v -496.988586 -0.317533 -9.469692
v -489.858215 -0.317531 -1.286804
v -489.771729 -0.317533 -9.392654
v -475.346008 -0.317533 -9.238785
v -468.144958 -0.317533 -9.161880
v -475.432678 -0.317531 -1.132843
v -468.231445 -0.317531 -1.056030
v -489.771729 -0.317533 -9.392654
v -482.561951 -0.317533 -9.315754
v -489.858215 -0.317531 -1.286804
v -482.648438 -0.317531 -1.209816
v -496.988586 -0.317533 -9.469692
v -497.075012 -0.317531 -1.363728
v -504.197449 -0.317533 -9.546619
v -497.161499 -0.317528 6.742077
v -489.944641 -0.317528 6.819138
v -482.734924 -0.317528 6.896015
v -475.518921 -0.317528 6.973007
v -468.317932 -0.317528 7.049824
v -461.093445 -0.317528 7.126945
v -468.317932 -0.317528 7.049824
v -475.518921 -0.317528 6.973007
v -482.734924 -0.317528 6.896015
v -489.944641 -0.317528 6.819138
v -497.161499 -0.317528 6.742077
v -504.370422 -0.317529 6.665218
v -554.683411 -0.317533 -10.085224
v -554.769897 -0.317531 -1.979305
v -561.900269 -0.317533 -10.162189
v -561.986572 -0.317531 -2.056339
v -569.110046 -0.317533 -10.239162
v -569.196533 -0.317531 -2.133244
v -576.325806 -0.317533 -10.316151
v -576.412292 -0.317531 -2.210217
v -590.751526 -0.317533 -10.470028
v -583.527039 -0.317533 -10.392948
v -590.838013 -0.317531 -2.364155
v -583.613525 -0.317531 -2.287071
v -583.613525 -0.317531 -2.287071
v -583.527039 -0.317533 -10.392948
v -576.412292 -0.317531 -2.210217
v -576.325806 -0.317533 -10.316151
v -569.196533 -0.317531 -2.133244
v -569.110046 -0.317533 -10.239162
v -561.986572 -0.317531 -2.056339
v -561.900269 -0.317533 -10.162189
v -547.561035 -0.317531 -1.902401
v -554.769897 -0.317531 -1.979305
v -547.474548 -0.317533 -10.008320
v -554.683411 -0.317533 -10.085224
v -590.838013 -0.317531 -2.364155
v -590.924500 -0.317529 5.741745
v -583.700012 -0.317529 5.818848
v -569.283020 -0.317529 5.972607
v -576.498779 -0.317529 5.895638
v -554.856384 -0.317529 6.126549
v -562.073059 -0.317529 6.049534
v -576.498779 -0.317529 5.895638
v -583.700012 -0.317529 5.818848
v -562.073059 -0.317529 6.049534
v -569.283020 -0.317529 5.972607
v -547.647339 -0.317529 6.203472
v -554.856384 -0.317529 6.126549
v -547.561035 -0.317531 -1.902401
v -641.237549 -0.317534 -11.008656
v -641.323975 -0.317532 -2.902802
v -648.454346 -0.317534 -11.085690
v -648.540833 -0.317532 -2.979816
v -655.664124 -0.317534 -11.162594
v -655.750610 -0.317532 -3.056740
v -662.879883 -0.317534 -11.239567
v -662.966370 -0.317532 -3.133755
v -670.080933 -0.317534 -11.316463
v -670.167603 -0.317532 -3.210548
v -677.305603 -0.317534 -11.393566
v -677.392090 -0.317532 -3.287674
v -670.167603 -0.317532 -3.210548
v -670.080933 -0.317534 -11.316463
v -662.966370 -0.317532 -3.133755
v -662.879883 -0.317534 -11.239567
v -655.750610 -0.317532 -3.056740
v -655.664124 -0.317534 -11.162594
v -648.540833 -0.317532 -2.979816
v -648.454346 -0.317534 -11.085690
v -634.115112 -0.317532 -2.825878
v -641.323975 -0.317532 -2.902802
v -634.028625 -0.317534 -10.931820
v -641.237549 -0.317534 -11.008656
v -670.253906 -0.317529 4.895348
v -677.392090 -0.317532 -3.287674
v -677.478577 -0.317529 4.818268
v -655.837097 -0.317529 5.049133
v -663.052856 -0.317529 4.972141
v -641.410461 -0.317529 5.203072
v -648.627136 -0.317529 5.126080
v -663.052856 -0.317529 4.972141
v -670.253906 -0.317529 4.895348
v -648.627136 -0.317529 5.126080
v -655.837097 -0.317529 5.049133
v -634.201660 -0.317529 5.279972
v -641.410461 -0.317529 5.203072
v -634.115112 -0.317532 -2.825878
v -597.960327 -0.317534 -10.546955
v -598.046814 -0.317531 -2.441074
v -605.177185 -0.317534 -10.623966
v -605.263733 -0.317531 -2.518047
v -612.387146 -0.317534 -10.700893
v -612.473633 -0.317531 -2.595013
v -619.602905 -0.317534 -10.777813
v -619.689453 -0.317531 -2.672005
v -626.804138 -0.317534 -10.854694
v -626.890686 -0.317531 -2.748798
v -634.028625 -0.317534 -10.931820
v -626.890686 -0.317531 -2.748798
v -626.804138 -0.317534 -10.854694
v -619.689453 -0.317531 -2.672005
v -619.602905 -0.317534 -10.777813
v -612.473633 -0.317531 -2.595013
v -612.387146 -0.317534 -10.700893
v -605.263733 -0.317531 -2.518047
v -605.177185 -0.317534 -10.623966
v -598.046814 -0.317531 -2.441074
v -597.960327 -0.317534 -10.546955
v -590.751526 -0.317533 -10.470028
v -626.976929 -0.317529 5.357033
v -634.201660 -0.317529 5.279972
v -612.559937 -0.317529 5.510948
v -619.775940 -0.317529 5.433933
v -598.133545 -0.317529 5.664841
v -605.350220 -0.317529 5.587807
v -619.775940 -0.317529 5.433933
v -626.976929 -0.317529 5.357033
v -605.350220 -0.317529 5.587807
v -612.559937 -0.317529 5.510948
v -598.133545 -0.317529 5.664841
v -590.924500 -0.317529 5.741745
v -540.258606 -0.317533 -9.931347
v -540.345093 -0.317531 -1.825413
v -547.474548 -0.317533 -10.008320
v -540.345093 -0.317531 -1.825413
v -540.258606 -0.317533 -9.931347
v -540.431519 -0.317529 6.280437
v -547.647339 -0.317529 6.203472
v -540.431519 -0.317529 6.280437
v -417.500244 21.040037 -22.306416
v -417.732971 21.040043 -0.517273
v -417.504272 20.512602 -21.948528
v -417.732971 20.512608 -0.517273
v -417.874817 21.040037 -22.310421
v -418.107239 21.040043 -0.521278
v -417.500244 21.040037 -22.306416
v -417.732971 21.040043 -0.517273
v -417.504272 20.512602 -21.948528
v -417.732971 20.512608 -0.517273
v -417.878662 20.512602 -21.952595
v -418.107239 20.512608 -0.521278
v -417.980530 20.512615 22.698662
v -417.981018 21.040051 22.749640
v -417.981018 21.040051 22.749640
v -418.355591 21.040051 22.745684
v -418.355103 20.512615 22.694662
v -417.980530 20.512615 22.698662
v -439.363281 16.673975 -1.522385
v -446.585205 16.710167 -1.599445
v -439.363281 16.796442 -1.522385
v -446.585205 16.832632 -1.599445
v -439.364136 16.735201 -1.416321
v -446.586609 16.771389 -1.493401
v -439.363281 16.673975 -1.522385
v -446.585205 16.710167 -1.599445
v -439.363281 16.796442 -1.522385
v -446.585205 16.832632 -1.599445
v -439.364136 16.735201 -1.416321
v -446.586609 16.771389 -1.493401
v -453.791199 16.801359 -1.676392
v -453.791199 16.678905 -1.676392
v -453.791199 16.678905 -1.676392
v -446.585205 16.710167 -1.599445
v -453.792358 16.740135 -1.570324
v -453.792358 16.740135 -1.570324
v -446.586609 16.771389 -1.493401
v -453.791199 16.801359 -1.676392
v -432.155762 16.859091 -1.445507
v -432.155762 16.736639 -1.445507
v -432.155762 16.736639 -1.445507
v -432.156860 16.797865 -1.339462
v -439.363281 16.673975 -1.522385
v -432.156860 16.797865 -1.339462
v -432.155762 16.859091 -1.445507
v -439.364136 16.735201 -1.416321
v -439.363281 16.796442 -1.522385
v -424.957886 17.934011 -1.368717
v -418.060120 20.107811 -1.295170
v -424.957886 17.811556 -1.368717
v -418.060120 19.985346 -1.295170
v -424.957886 17.811556 -1.368717
v -418.060120 19.985346 -1.295170
v -424.958923 17.872784 -1.262672
v -418.061401 20.046570 -1.189102
v -424.958923 17.872784 -1.262672
v -418.061401 20.046570 -1.189102
v -424.957886 17.934011 -1.368717
v -418.060120 20.107811 -1.295170
v -424.957886 17.811556 -1.368717
v -432.155762 16.859091 -1.445507
v -424.957886 17.934011 -1.368717
v -424.958923 17.872784 -1.262672
v -461.001587 16.779816 -1.753250
v -461.001587 16.902283 -1.753250
v -461.002686 16.841040 -1.647186
v -461.001587 16.779816 -1.753250
v -453.791199 16.678905 -1.676392
v -461.001587 16.902283 -1.753250
v -461.002686 16.841040 -1.647186
v -453.792358 16.740135 -1.570324
v -439.379578 16.673975 0.026207
v -446.601990 16.710167 -0.050896
v -439.379578 16.796442 0.026207
v -446.601990 16.832632 -0.050896
v -439.380676 16.735201 0.132229
v -446.603149 16.771389 0.055149
v -439.379578 16.673975 0.026207
v -446.601990 16.710167 -0.050896
v -439.379578 16.796442 0.026207
v -446.601990 16.832632 -0.050896
v -439.380676 16.735201 0.132229
v -446.603149 16.771389 0.055149
v -453.807739 16.801359 -0.127754
v -453.807739 16.678905 -0.127754
v -453.807739 16.678905 -0.127754
v -446.601990 16.710167 -0.050896
v -453.808838 16.740135 -0.021709
v -453.808838 16.740135 -0.021709
v -446.603149 16.771389 0.055149
v -453.807739 16.801359 -0.127754
v -432.172241 16.859091 0.103111
v -432.172241 16.736639 0.103111
v -432.172241 16.736639 0.103111
v -432.173401 16.797865 0.209152
v -439.379578 16.673975 0.026207
v -432.173401 16.797865 0.209152
v -432.172241 16.859091 0.103111
v -439.380676 16.735201 0.132229
v -439.379578 16.796442 0.026207
v -424.974365 17.934011 0.179832
v -418.076660 20.107811 0.253448
v -424.974365 17.811556 0.179832
v -418.076660 19.985346 0.253448
v -424.974365 17.811556 0.179832
v -418.076660 19.985346 0.253448
v -424.975525 17.872784 0.285900
v -418.077820 20.046570 0.359516
v -424.975525 17.872784 0.285900
v -418.077820 20.046570 0.359516
v -424.974365 17.934011 0.179832
v -418.076660 20.107811 0.253448
v -424.974365 17.811556 0.179832
v -432.172241 16.859091 0.103111
v -424.974365 17.934011 0.179832
v -424.975525 17.872784 0.285900
v -461.018127 16.779816 -0.204700
v -461.018127 16.902283 -0.204700
v -461.019287 16.841040 -0.098637
v -461.018127 16.779816 -0.204700
v -453.807739 16.678905 -0.127754
v -461.018127 16.902283 -0.204700
v -461.019287 16.841040 -0.098637
v -453.808838 16.740135 -0.021709
v -439.414429 16.673977 3.286117
v -446.636658 16.710169 3.209083
v -439.414429 16.796444 3.286117
v -446.636658 16.832634 3.209083
v -439.415527 16.735203 3.392139
v -446.637756 16.771391 3.315124
v -439.414429 16.673977 3.286117
v -446.636658 16.710169 3.209083
v -439.414429 16.796444 3.286117
v -446.636658 16.832634 3.209083
v -439.415527 16.735203 3.392139
v -446.637756 16.771391 3.315124
v -453.842590 16.801361 3.132179
v -453.842590 16.678907 3.132179
v -453.842590 16.678907 3.132179
v -446.636658 16.710169 3.209083
v -453.843689 16.740137 3.238270
v -453.843689 16.740137 3.238270
v -446.637756 16.771391 3.315124
v -453.842590 16.801361 3.132179
v -432.206909 16.859093 3.363086
v -432.206909 16.736641 3.363086
v -432.206909 16.736641 3.363086
v -432.208069 16.797867 3.469135
v -439.414429 16.673977 3.286117
v -432.208069 16.797867 3.469135
v -432.206909 16.859093 3.363086
v -439.415527 16.735203 3.392139
v -439.414429 16.796444 3.286117
v -425.009277 17.934013 3.439831
v -418.111511 20.107813 3.513424
v -425.009277 17.811558 3.439831
v -418.111511 19.985348 3.513424
v -425.009277 17.811558 3.439831
v -418.111511 19.985348 3.513424
v -425.010376 17.872786 3.545902
v -418.112671 20.046572 3.619491
v -425.010376 17.872786 3.545902
v -418.112671 20.046572 3.619491
v -425.009277 17.934013 3.439831
v -418.111511 20.107813 3.513424
v -425.009277 17.811558 3.439831
v -432.206909 16.859093 3.363086
v -425.009277 17.934013 3.439831
v -425.010376 17.872786 3.545902
v -461.052979 16.779818 3.055275
v -461.052979 16.902285 3.055275
v -461.054138 16.841042 3.161346
v -461.052979 16.779818 3.055275
v -453.842590 16.678907 3.132179
v -461.052979 16.902285 3.055275
v -461.054138 16.841042 3.161346
v -453.843689 16.740137 3.238270
v -439.430908 16.673977 4.834778
v -446.653259 16.710169 4.757702
v -439.430908 16.796444 4.834778
v -446.653259 16.832634 4.757702
v -439.432068 16.735203 4.940826
v -446.654297 16.771391 4.863766
v -439.430908 16.673977 4.834778
v -446.653259 16.710169 4.757702
v -439.430908 16.796444 4.834778
v -446.653259 16.832634 4.757702
v -439.432068 16.735203 4.940826
v -446.654297 16.771391 4.863766
v -453.859131 16.801361 4.680798
v -453.859131 16.678907 4.680798
v -453.859131 16.678907 4.680798
v -446.653259 16.710169 4.757702
v -453.860291 16.740137 4.786819
v -453.860291 16.740137 4.786819
v -446.654297 16.771391 4.863766
v -453.859131 16.801361 4.680798
v -432.223450 16.859093 4.911640
v -432.223450 16.736641 4.911640
v -432.223450 16.736641 4.911640
v -432.224548 16.797867 5.017681
v -439.430908 16.673977 4.834778
v -432.224548 16.797867 5.017681
v -432.223450 16.859093 4.911640
v -439.432068 16.735203 4.940826
v -439.430908 16.796444 4.834778
v -425.025818 17.934013 4.988426
v -418.128052 20.107813 5.062019
v -425.025818 17.811558 4.988426
v -418.128052 19.985348 5.062019
v -425.025818 17.811558 4.988426
v -418.128052 19.985348 5.062019
v -425.026855 17.872786 5.094448
v -418.129150 20.046572 5.168087
v -425.026855 17.872786 5.094448
v -418.129150 20.046572 5.168087
v -425.025818 17.934013 4.988426
v -418.128052 20.107813 5.062019
v -425.025818 17.811558 4.988426
v -432.223450 16.859093 4.911640
v -425.025818 17.934013 4.988426
v -425.026855 17.872786 5.094448
v -461.069519 16.779818 4.603825
v -461.069519 16.902285 4.603825
v -461.070618 16.841042 4.709896
v -461.069519 16.779818 4.603825
v -453.859131 16.678907 4.680798
v -461.069519 16.902285 4.603825
v -461.070618 16.841042 4.709896
v -453.860291 16.740137 4.786819
v -439.311829 16.673973 -6.330982
v -446.534058 16.710165 -6.408039
v -439.311829 16.796440 -6.330982
v -446.534058 16.832630 -6.408039
v -439.312927 16.735199 -6.224915
v -446.535156 16.771387 -6.301998
v -439.311829 16.673973 -6.330982
v -446.534058 16.710165 -6.408039
v -439.311829 16.796440 -6.330982
v -446.534058 16.832630 -6.408039
v -439.312927 16.735199 -6.224915
v -446.535156 16.771387 -6.301998
v -453.739807 16.801357 -6.484924
v -453.739807 16.678904 -6.484924
v -453.739807 16.678904 -6.484924
v -446.534058 16.710165 -6.408039
v -453.741089 16.740133 -6.378853
v -453.741089 16.740133 -6.378853
v -446.535156 16.771387 -6.301998
v -453.739807 16.801357 -6.484924
v -432.104309 16.859089 -6.254032
v -432.104309 16.736637 -6.254032
v -432.104309 16.736637 -6.254032
v -432.105469 16.797863 -6.147991
v -439.311829 16.673973 -6.330982
v -432.105469 16.797863 -6.147991
v -432.104309 16.859089 -6.254032
v -439.312927 16.735199 -6.224915
v -439.311829 16.796440 -6.330982
v -417.858093 20.416874 -6.342518
v -417.650940 20.416874 -6.220093
v -417.858093 19.836872 -6.342518
v -417.650940 19.836872 -6.220093
v -417.650940 20.416874 -6.220093
v -417.653564 20.416874 -5.979664
v -417.650940 19.836872 -6.220093
v -417.653564 19.836872 -5.979664
v -417.653564 20.416874 -5.979664
v -417.863037 20.416874 -5.861683
v -417.653564 19.836872 -5.979664
v -417.863037 19.836872 -5.861683
v -417.860596 19.700331 -6.102089
v -417.858093 19.836872 -6.342518
v -417.650940 19.836872 -6.220093
v -417.860596 19.700331 -6.102089
v -417.653564 19.836872 -5.979664
v -417.863037 19.836872 -5.861683
v -417.860596 20.529612 -6.102089
v -417.650940 20.416874 -6.220093
v -417.858093 20.416874 -6.342518
v -417.653564 20.416874 -5.979664
v -417.650940 20.416874 -6.220093
v -417.863037 20.416874 -5.861683
v -417.653564 20.416874 -5.979664
v -424.906738 17.934010 -6.177288
v -418.008911 20.107809 -6.103699
v -424.906738 17.811554 -6.177288
v -418.008911 19.985344 -6.103699
v -424.906738 17.811554 -6.177288
v -418.008911 19.985344 -6.103699
v -424.907776 17.872782 -6.071198
v -418.010071 20.046568 -5.997631
v -424.907776 17.872782 -6.071198
v -418.010071 20.046568 -5.997631
v -424.906738 17.934010 -6.177288
v -418.008911 20.107809 -6.103699
v -424.906738 17.811554 -6.177288
v -432.104309 16.859089 -6.254032
v -424.906738 17.934010 -6.177288
v -424.907776 17.872782 -6.071198
v -460.950378 16.779814 -6.561848
v -460.950378 16.902281 -6.561848
v -460.951538 16.841038 -6.455799
v -460.950378 16.779814 -6.561848
v -453.739807 16.678904 -6.484924
v -460.950378 16.902281 -6.561848
v -460.951538 16.841038 -6.455799
v -453.741089 16.740133 -6.378853
v -439.328369 16.673975 -4.782436
v -446.550598 16.710167 -4.859425
v -439.328369 16.796442 -4.782436
v -446.550598 16.832632 -4.859425
v -439.329529 16.735201 -4.676365
v -446.551758 16.771389 -4.753380
v -439.328369 16.673975 -4.782436
v -446.550598 16.710167 -4.859425
v -439.328369 16.796442 -4.782436
v -446.550598 16.832632 -4.859425
v -439.329529 16.735201 -4.676365
v -446.551758 16.771389 -4.753380
v -453.756348 16.801359 -4.936375
v -453.756348 16.678905 -4.936375
v -453.756348 16.678905 -4.936375
v -446.550598 16.710167 -4.859425
v -453.757385 16.740135 -4.830303
v -453.757385 16.740135 -4.830303
v -446.551758 16.771389 -4.753380
v -453.756348 16.801359 -4.936375
v -432.120911 16.859091 -4.705482
v -432.120911 16.736639 -4.705482
v -432.120911 16.736639 -4.705482
v -432.122009 16.797865 -4.599442
v -439.328369 16.673975 -4.782436
v -432.122009 16.797865 -4.599442
v -432.120911 16.859091 -4.705482
v -439.329529 16.735201 -4.676365
v -439.328369 16.796442 -4.782436
v -424.923218 17.934011 -4.628674
v -418.025513 20.107811 -4.555084
v -424.923218 17.811556 -4.628674
v -418.025513 19.985346 -4.555084
v -424.923218 17.811556 -4.628674
v -418.025513 19.985346 -4.555084
v -424.924316 17.872784 -4.522648
v -418.026550 20.046570 -4.449062
v -424.924316 17.872784 -4.522648
v -418.026550 20.046570 -4.449062
v -424.923218 17.934011 -4.628674
v -418.025513 20.107811 -4.555084
v -424.923218 17.811556 -4.628674
v -432.120911 16.859091 -4.705482
v -424.923218 17.934011 -4.628674
v -424.924316 17.872784 -4.522648
v -460.966980 16.779816 -5.013229
v -460.966980 16.902283 -5.013229
v -460.968079 16.841040 -4.907207
v -460.966980 16.779816 -5.013229
v -453.756348 16.678905 -4.936375
v -460.966980 16.902283 -5.013229
v -460.968079 16.841040 -4.907207
v -453.757385 16.740135 -4.830303
v -417.909241 20.416876 -1.533989
v -417.702332 20.416876 -1.411522
v -417.909241 19.836874 -1.533989
v -417.702332 19.836874 -1.411522
v -417.702332 20.416876 -1.411522
v -417.704773 20.416876 -1.171112
v -417.702332 19.836874 -1.411522
v -417.704773 19.836874 -1.171112
v -417.704773 20.416876 -1.171112
v -417.914368 20.416876 -1.053089
v -417.704773 19.836874 -1.171112
v -417.914368 19.836874 -1.053089
v -417.911926 19.700333 -1.293537
v -417.909241 19.836874 -1.533989
v -417.702332 19.836874 -1.411522
v -417.911926 19.700333 -1.293537
v -417.704773 19.836874 -1.171112
v -417.914368 19.836874 -1.053089
v -417.911926 20.529613 -1.293537
v -417.702332 20.416876 -1.411522
v -417.909241 20.416876 -1.533989
v -417.704773 20.416876 -1.171112
v -417.702332 20.416876 -1.411522
v -417.914368 20.416876 -1.053089
v -417.704773 20.416876 -1.171112
v -461.001587 16.779816 -1.753250
v -461.001587 16.902283 -1.753250
v -461.002686 16.841040 -1.647186
v -461.001587 16.902283 -1.753250
v -417.925781 20.416876 0.014603
v -417.718811 20.416876 0.137074
v -417.925781 19.836874 0.014603
v -417.718811 19.836874 0.137074
v -417.718811 20.416876 0.137074
v -417.721497 20.416876 0.377460
v -417.718811 19.836874 0.137074
v -417.721497 19.836874 0.377460
v -417.721497 20.416876 0.377460
v -417.930969 20.416876 0.495441
v -417.721497 19.836874 0.377460
v -417.930969 19.836874 0.495441
v -417.928223 19.700333 0.255032
v -417.925781 19.836874 0.014603
v -417.718811 19.836874 0.137074
v -417.928223 19.700333 0.255032
v -417.721497 19.836874 0.377460
v -417.930969 19.836874 0.495441
v -417.928223 20.529613 0.255032
v -417.718811 20.416876 0.137074
v -417.925781 20.416876 0.014603
v -417.721497 20.416876 0.377460
v -417.718811 20.416876 0.137074
v -417.930969 20.416876 0.495441
v -417.721497 20.416876 0.377460
v -461.018127 16.779816 -0.204700
v -461.018127 16.902283 -0.204700
v -461.019287 16.841040 -0.098637
v -461.018127 16.902283 -0.204700
v -417.960693 20.416878 3.274585
v -417.753723 20.416878 3.397056
v -417.960693 19.836876 3.274585
v -417.753723 19.836876 3.397056
v -417.753723 20.416878 3.397056
v -417.756165 20.416878 3.637481
v -417.753723 19.836876 3.397056
v -417.756165 19.836876 3.637481
v -417.756165 20.416878 3.637481
v -417.965576 20.416878 3.755440
v -417.756165 19.836876 3.637481
v -417.965576 19.836876 3.755440
v -417.963135 19.700335 3.515033
v -417.960693 19.836876 3.274585
v -417.753723 19.836876 3.397056
v -417.963135 19.700335 3.515033
v -417.756165 19.836876 3.637481
v -417.965576 19.836876 3.755440
v -417.963135 20.529615 3.515033
v -417.753723 20.416878 3.397056
v -417.960693 20.416878 3.274585
v -417.756165 20.416878 3.637481
v -417.753723 20.416878 3.397056
v -417.965576 20.416878 3.755440
v -417.756165 20.416878 3.637481
v -461.052979 16.779818 3.055275
v -461.052979 16.902285 3.055275
v -461.054138 16.841042 3.161346
v -461.052979 16.902285 3.055275
v -417.977173 20.416878 4.823196
v -417.770020 20.416878 4.945606
v -417.977173 19.836876 4.823196
v -417.770020 19.836876 4.945606
v -417.770020 20.416878 4.945606
v -417.772705 20.416878 5.186054
v -417.770020 19.836876 4.945606
v -417.772705 19.836876 5.186054
v -417.772705 20.416878 5.186054
v -417.982300 20.416878 5.304081
v -417.772705 19.836876 5.186054
v -417.982300 19.836876 5.304081
v -417.979675 19.700335 5.063583
v -417.977173 19.836876 4.823196
v -417.770020 19.836876 4.945606
v -417.979675 19.700335 5.063583
v -417.772705 19.836876 5.186054
v -417.982300 19.836876 5.304081
v -417.979675 20.529615 5.063583
v -417.770020 20.416878 4.945606
v -417.977173 20.416878 4.823196
v -417.772705 20.416878 5.186054
v -417.770020 20.416878 4.945606
v -417.982300 20.416878 5.304081
v -417.772705 20.416878 5.186054
v -461.069519 16.779818 4.603825
v -461.069519 16.902285 4.603825
v -461.070618 16.841042 4.709896
v -461.069519 16.902285 4.603825
v -460.950378 16.779814 -6.561848
v -460.950378 16.902281 -6.561848
v -460.951538 16.841038 -6.455799
v -460.950378 16.902281 -6.561848
v -417.874390 20.416876 -4.793949
v -417.667419 20.416876 -4.671539
v -417.874390 19.836874 -4.793949
v -417.667419 19.836874 -4.671539
v -417.667419 20.416876 -4.671539
v -417.670166 20.416876 -4.431046
v -417.667419 19.836874 -4.671539
v -417.670166 19.836874 -4.431046
v -417.670166 20.416876 -4.431046
v -417.879517 20.416876 -4.313133
v -417.670166 19.836874 -4.431046
v -417.879517 19.836874 -4.313133
v -417.877075 19.700333 -4.553539
v -417.874390 19.836874 -4.793949
v -417.667419 19.836874 -4.671539
v -417.877075 19.700333 -4.553539
v -417.670166 19.836874 -4.431046
v -417.879517 19.836874 -4.313133
v -417.877075 20.529613 -4.553539
v -417.667419 20.416876 -4.671539
v -417.874390 20.416876 -4.793949
v -417.670166 20.416876 -4.431046
v -417.667419 20.416876 -4.671539
v -417.879517 20.416876 -4.313133
v -417.670166 20.416876 -4.431046
v -460.966980 16.779816 -5.013229
v -460.966980 16.902283 -5.013229
v -460.968079 16.841040 -4.907207
v -460.966980 16.902283 -5.013229
v -475.417725 16.832632 -1.907124
v -475.417725 16.710167 -1.907124
v -482.640198 16.796442 -1.984180
v -482.640198 16.673975 -1.984180
v -475.417725 16.710167 -1.907124
v -475.419006 16.771389 -1.801056
v -482.640198 16.673975 -1.984180
v -482.641296 16.735201 -1.878139
v -475.419006 16.771389 -1.801056
v -475.417725 16.832632 -1.907124
v -482.641296 16.735201 -1.878139
v -482.640198 16.796442 -1.984180
v -468.212219 16.678905 -1.830173
v -468.212219 16.801359 -1.830173
v -468.213074 16.740135 -1.724133
v -468.212219 16.678905 -1.830173
v -475.417725 16.832632 -1.907124
v -468.212219 16.801359 -1.830173
v -468.213074 16.740135 -1.724133
v -489.847656 16.736639 -2.061062
v -489.847656 16.859091 -2.061062
v -489.848755 16.797865 -1.954994
v -489.847656 16.736639 -2.061062
v -482.640198 16.673975 -1.984180
v -489.847656 16.859091 -2.061062
v -489.848755 16.797865 -1.954994
v -482.641296 16.735201 -1.878139
v -461.001587 16.779816 -1.753250
v -468.212219 16.678905 -1.830173
v -461.002686 16.841040 -1.647186
v -468.213074 16.740135 -1.724133
v -468.212219 16.801359 -1.830173
v -475.434448 16.832632 -0.358482
v -475.434448 16.710167 -0.358482
v -482.656677 16.796442 -0.435562
v -482.656677 16.673975 -0.435562
v -475.434448 16.710167 -0.358482
v -475.435608 16.771389 -0.252483
v -482.656677 16.673975 -0.435562
v -482.657837 16.735201 -0.329494
v -475.435608 16.771389 -0.252483
v -475.434448 16.832632 -0.358482
v -482.657837 16.735201 -0.329494
v -482.656677 16.796442 -0.435562
v -468.228577 16.678905 -0.281673
v -468.228577 16.801359 -0.281673
v -468.229675 16.740135 -0.175602
v -468.228577 16.678905 -0.281673
v -475.434448 16.832632 -0.358482
v -468.228577 16.801359 -0.281673
v -468.229675 16.740135 -0.175602
v -489.864014 16.736639 -0.512421
v -489.864014 16.859091 -0.512421
v -489.865051 16.797865 -0.406376
v -489.864014 16.736639 -0.512421
v -482.656677 16.673975 -0.435562
v -489.864014 16.859091 -0.512421
v -489.865051 16.797865 -0.406376
v -482.657837 16.735201 -0.329494
v -461.018127 16.779816 -0.204700
v -468.228577 16.678905 -0.281673
v -461.019287 16.841040 -0.098637
v -468.229675 16.740135 -0.175602
v -468.228577 16.801359 -0.281673
v -475.469360 16.832634 2.901474
v -475.469360 16.710169 2.901474
v -482.691345 16.796444 2.824432
v -482.691345 16.673977 2.824432
v -475.469360 16.710169 2.901474
v -475.470459 16.771391 3.007538
v -482.691345 16.673977 2.824432
v -482.692505 16.735203 2.930462
v -475.470459 16.771391 3.007538
v -475.469360 16.832634 2.901474
v -482.692505 16.735203 2.930462
v -482.691345 16.796444 2.824432
v -468.263123 16.678907 2.978351
v -468.263123 16.801361 2.978351
v -468.264526 16.740137 3.084400
v -468.263123 16.678907 2.978351
v -475.469360 16.832634 2.901474
v -468.263123 16.801361 2.978351
v -468.264526 16.740137 3.084400
v -489.898865 16.736641 2.747490
v -489.898865 16.859093 2.747490
v -489.900024 16.797867 2.853534
v -489.898865 16.736641 2.747490
v -482.691345 16.673977 2.824432
v -489.898865 16.859093 2.747490
v -489.900024 16.797867 2.853534
v -482.692505 16.735203 2.930462
v -461.052979 16.779818 3.055275
v -468.263123 16.678907 2.978351
v -461.054138 16.841042 3.161346
v -468.264526 16.740137 3.084400
v -468.263123 16.801361 2.978351
v -475.485657 16.832634 4.450043
v -475.485657 16.710169 4.450043
v -482.707886 16.796444 4.373009
v -482.707886 16.673977 4.373009
v -475.485657 16.710169 4.450043
v -475.486755 16.771391 4.556091
v -482.707886 16.673977 4.373009
v -482.708984 16.735203 4.479031
v -475.486755 16.771391 4.556091
v -475.485657 16.832634 4.450043
v -482.708984 16.735203 4.479031
v -482.707886 16.796444 4.373009
v -468.279907 16.678907 4.526928
v -468.279907 16.801361 4.526928
v -468.281067 16.740137 4.632992
v -468.279907 16.678907 4.526928
v -475.485657 16.832634 4.450043
v -468.279907 16.801361 4.526928
v -468.281067 16.740137 4.632992
v -489.915405 16.736641 4.296104
v -489.915405 16.859093 4.296104
v -489.916504 16.797867 4.402153
v -489.915405 16.736641 4.296104
v -482.707886 16.673977 4.373009
v -489.915405 16.859093 4.296104
v -489.916504 16.797867 4.402153
v -482.708984 16.735203 4.479031
v -461.069519 16.779818 4.603825
v -468.279907 16.678907 4.526928
v -461.070618 16.841042 4.709896
v -468.281067 16.740137 4.632992
v -468.279907 16.801361 4.526928
v -475.366516 16.832630 -6.715649
v -475.366516 16.710165 -6.715649
v -482.589050 16.796440 -6.792709
v -482.589050 16.673973 -6.792709
v -475.366516 16.710165 -6.715649
v -475.367676 16.771387 -6.609581
v -482.589050 16.673973 -6.792709
v -482.589905 16.735199 -6.686665
v -475.367676 16.771387 -6.609581
v -475.366516 16.832630 -6.715649
v -482.589905 16.735199 -6.686665
v -482.589050 16.796440 -6.792709
v -468.160828 16.678904 -6.638702
v -468.160828 16.801357 -6.638702
v -468.161926 16.740133 -6.532658
v -468.160828 16.678904 -6.638702
v -475.366516 16.832630 -6.715649
v -468.160828 16.801357 -6.638702
v -468.161926 16.740133 -6.532658
v -489.796265 16.736637 -6.869591
v -489.796265 16.859089 -6.869591
v -489.797424 16.797863 -6.763519
v -489.796265 16.736637 -6.869591
v -482.589050 16.673973 -6.792709
v -489.796265 16.859089 -6.869591
v -489.797424 16.797863 -6.763519
v -482.589905 16.735199 -6.686665
v -460.950378 16.779814 -6.561848
v -468.160828 16.678904 -6.638702
v -460.951538 16.841038 -6.455799
v -468.161926 16.740133 -6.532658
v -468.160828 16.801357 -6.638702
v -475.383057 16.832632 -5.167034
v -475.383057 16.710167 -5.167034
v -482.605347 16.796442 -5.244095
v -482.605347 16.673975 -5.244095
v -475.383057 16.710167 -5.167034
v -475.384155 16.771389 -5.061012
v -482.605347 16.673975 -5.244095
v -482.606384 16.735201 -5.138046
v -475.384155 16.771389 -5.061012
v -475.383057 16.832632 -5.167034
v -482.606384 16.735201 -5.138046
v -482.605347 16.796442 -5.244095
v -468.177368 16.678905 -5.090221
v -468.177368 16.801359 -5.090221
v -468.178528 16.740135 -4.984177
v -468.177368 16.678905 -5.090221
v -475.383057 16.832632 -5.167034
v -468.177368 16.801359 -5.090221
v -468.178528 16.740135 -4.984177
v -489.812805 16.736637 -5.321018
v -489.812805 16.859089 -5.321018
v -489.813904 16.797865 -5.214996
v -489.812805 16.736637 -5.321018
v -482.605347 16.673975 -5.244095
v -489.812805 16.859089 -5.321018
v -489.813904 16.797865 -5.214996
v -482.606384 16.735201 -5.138046
v -460.966980 16.779816 -5.013229
v -468.177368 16.678905 -5.090221
v -460.968079 16.841040 -4.907207
v -468.178528 16.740135 -4.984177
v -468.177368 16.801359 -5.090221
v -497.054932 16.673975 -2.137920
v -504.277466 16.710167 -2.214977
v -497.054932 16.796442 -2.137920
v -504.277466 16.832632 -2.214977
v -497.056091 16.735201 -2.031853
v -504.278503 16.771389 -2.108932
v -497.054932 16.673975 -2.137920
v -504.277466 16.710167 -2.214977
v -497.054932 16.796442 -2.137920
v -504.277466 16.832632 -2.214977
v -497.056091 16.735201 -2.031853
v -504.278503 16.771389 -2.108932
v -511.483093 16.801359 -2.291882
v -511.483093 16.678905 -2.291882
v -511.483093 16.678905 -2.291882
v -504.277466 16.710167 -2.214977
v -511.484253 16.740135 -2.185860
v -511.484253 16.740135 -2.185860
v -504.278503 16.771389 -2.108932
v -511.483093 16.801359 -2.291882
v -489.847656 16.736639 -2.061062
v -497.054932 16.673975 -2.137920
v -489.848755 16.797865 -1.954994
v -497.056091 16.735201 -2.031853
v -497.054932 16.796442 -2.137920
v -518.693542 16.779816 -2.368782
v -518.693542 16.902283 -2.368782
v -518.694641 16.841040 -2.262737
v -518.693542 16.779816 -2.368782
v -511.483093 16.678905 -2.291882
v -518.693542 16.902283 -2.368782
v -518.694641 16.841040 -2.262737
v -511.484253 16.740135 -2.185860
v -497.071716 16.673975 -0.589390
v -504.293762 16.710167 -0.666473
v -497.071716 16.796442 -0.589390
v -504.293762 16.832632 -0.666473
v -497.072815 16.735201 -0.483303
v -504.295105 16.771389 -0.560383
v -497.071716 16.673975 -0.589390
v -504.293762 16.710167 -0.666473
v -497.071716 16.796442 -0.589390
v -504.293762 16.832632 -0.666473
v -497.072815 16.735201 -0.483303
v -504.295105 16.771389 -0.560383
v -511.499695 16.801359 -0.743282
v -511.499695 16.678905 -0.743282
v -511.499695 16.678905 -0.743282
v -504.293762 16.710167 -0.666473
v -511.500793 16.740135 -0.637241
v -511.500793 16.740135 -0.637241
v -504.295105 16.771389 -0.560383
v -511.499695 16.801359 -0.743282
v -489.864014 16.736639 -0.512421
v -497.071716 16.673975 -0.589390
v -489.865051 16.797865 -0.406376
v -497.072815 16.735201 -0.483303
v -497.071716 16.796442 -0.589390
v -518.710083 16.779816 -0.820232
v -518.710083 16.902283 -0.820232
v -518.711243 16.841040 -0.714165
v -518.710083 16.779816 -0.820232
v -511.499695 16.678905 -0.743282
v -518.710083 16.902283 -0.820232
v -518.711243 16.841040 -0.714165
v -511.500793 16.740135 -0.637241
v -497.106323 16.673977 2.670608
v -504.328613 16.710169 2.593548
v -497.106323 16.796444 2.670608
v -504.328613 16.832634 2.593548
v -497.107422 16.735203 2.776676
v -504.329651 16.771391 2.699596
v -497.106323 16.673977 2.670608
v -504.328613 16.710169 2.593548
v -497.106323 16.796444 2.670608
v -504.328613 16.832634 2.593548
v -497.107422 16.735203 2.776676
v -504.329651 16.771391 2.699596
v -511.534546 16.801361 2.516716
v -511.534546 16.678907 2.516716
v -511.534546 16.678907 2.516716
v -504.328613 16.710169 2.593548
v -511.535645 16.740137 2.622738
v -511.535645 16.740137 2.622738
v -504.329651 16.771391 2.699596
v -511.534546 16.801361 2.516716
v -489.898865 16.736641 2.747490
v -497.106323 16.673977 2.670608
v -489.900024 16.797867 2.853534
v -497.107422 16.735203 2.776676
v -497.106323 16.796444 2.670608
v -518.744934 16.779818 2.439747
v -518.744934 16.902285 2.439747
v -518.746094 16.841042 2.545814
v -518.744934 16.779818 2.439747
v -511.534546 16.678907 2.516716
v -518.744934 16.902285 2.439747
v -518.746094 16.841042 2.545814
v -511.535645 16.740137 2.622738
v -497.122864 16.673977 4.219204
v -504.345154 16.710169 4.142166
v -497.122864 16.796444 4.219204
v -504.345154 16.832634 4.142166
v -497.124023 16.735203 4.325291
v -504.346252 16.771391 4.248215
v -497.122864 16.673977 4.219204
v -504.345154 16.710169 4.142166
v -497.122864 16.796444 4.219204
v -504.345154 16.832634 4.142166
v -497.124023 16.735203 4.325291
v -504.346252 16.771391 4.248215
v -511.551025 16.801361 4.065262
v -511.551025 16.678907 4.065262
v -511.551025 16.678907 4.065262
v -504.345154 16.710169 4.142166
v -511.552185 16.740137 4.171291
v -511.552185 16.740137 4.171291
v -504.346252 16.771391 4.248215
v -511.551025 16.801361 4.065262
v -489.915405 16.736641 4.296104
v -497.122864 16.673977 4.219204
v -489.916504 16.797867 4.402153
v -497.124023 16.735203 4.325291
v -497.122864 16.796444 4.219204
v -518.761292 16.779818 3.988365
v -518.761292 16.902285 3.988365
v -518.762573 16.841042 4.094429
v -518.761292 16.779818 3.988365
v -511.551025 16.678907 4.065262
v -518.761292 16.902285 3.988365
v -518.762573 16.841042 4.094429
v -511.552185 16.740137 4.171291
v -497.003784 16.673973 -6.946445
v -504.226013 16.710165 -7.023575
v -497.003784 16.796440 -6.946445
v -504.226013 16.832630 -7.023575
v -497.004883 16.735199 -6.840382
v -504.227112 16.771387 -6.917526
v -497.003784 16.673973 -6.946445
v -504.226013 16.710165 -7.023575
v -497.003784 16.796440 -6.946445
v -504.226013 16.832630 -7.023575
v -497.004883 16.735199 -6.840382
v -504.227112 16.771387 -6.917526
v -511.431763 16.801357 -7.100452
v -511.431763 16.678904 -7.100452
v -511.431763 16.678904 -7.100452
v -504.226013 16.710165 -7.023575
v -511.433044 16.740133 -6.994385
v -511.433044 16.740133 -6.994385
v -504.227112 16.771387 -6.917526
v -511.431763 16.801357 -7.100452
v -489.796265 16.736637 -6.869591
v -497.003784 16.673973 -6.946445
v -489.797424 16.797863 -6.763519
v -497.004883 16.735199 -6.840382
v -497.003784 16.796440 -6.946445
v -518.642334 16.779814 -7.177376
v -518.642334 16.902281 -7.177376
v -518.643494 16.841038 -7.071335
v -518.642334 16.779814 -7.177376
v -511.431763 16.678904 -7.100452
v -518.642334 16.902281 -7.177376
v -518.643494 16.841038 -7.071335
v -511.433044 16.740133 -6.994385
v -497.020264 16.673973 -5.397964
v -504.242493 16.710165 -5.474998
v -497.020264 16.796440 -5.397964
v -504.242493 16.832630 -5.474998
v -497.021423 16.735199 -5.291897
v -504.243652 16.771387 -5.368931
v -497.020264 16.673973 -5.397964
v -504.242493 16.710165 -5.474998
v -497.020264 16.796440 -5.397964
v -504.242493 16.832630 -5.474998
v -497.021423 16.735199 -5.291897
v -504.243652 16.771387 -5.368931
v -511.448242 16.801357 -5.551834
v -511.448242 16.678904 -5.551834
v -511.448242 16.678904 -5.551834
v -504.242493 16.710165 -5.474998
v -511.449646 16.740133 -5.445766
v -511.449646 16.740133 -5.445766
v -504.243652 16.771387 -5.368931
v -511.448242 16.801357 -5.551834
v -489.812805 16.736637 -5.321018
v -497.020264 16.673973 -5.397964
v -489.813904 16.797865 -5.214996
v -497.021423 16.735199 -5.291897
v -497.020264 16.796440 -5.397964
v -518.658630 16.779814 -5.628761
v -518.658630 16.902281 -5.628761
v -518.659973 16.841038 -5.522739
v -518.658630 16.779814 -5.628761
v -511.448242 16.678904 -5.551834
v -518.658630 16.902281 -5.628761
v -518.659973 16.841038 -5.522739
v -511.449646 16.740133 -5.445766
v -533.120544 16.832632 -2.522720
v -533.120544 16.710167 -2.522720
v -540.342834 16.796442 -2.599758
v -540.342834 16.673975 -2.599758
v -533.120544 16.710167 -2.522720
v -533.121704 16.771389 -2.416653
v -540.342834 16.673975 -2.599758
v -540.343994 16.735201 -2.493736
v -533.121704 16.771389 -2.416653
v -533.120544 16.832632 -2.522720
v -540.343994 16.735201 -2.493736
v -540.342834 16.796442 -2.599758
v -525.914917 16.678905 -2.445862
v -525.914917 16.801359 -2.445862
v -525.916016 16.740135 -2.339798
v -525.914917 16.678905 -2.445862
v -533.120544 16.832632 -2.522720
v -525.914917 16.801359 -2.445862
v -525.916016 16.740135 -2.339798
v -547.550354 16.736639 -2.676723
v -547.550354 16.859091 -2.676723
v -547.551392 16.797865 -2.570660
v -547.550354 16.736639 -2.676723
v -540.342834 16.673975 -2.599758
v -547.550354 16.859091 -2.676723
v -547.551392 16.797865 -2.570660
v -540.343994 16.735201 -2.493736
v -518.704285 16.902283 -2.368916
v -518.704285 16.779816 -2.368916
v -518.704285 16.779816 -2.368916
v -518.705627 16.841040 -2.262871
v -525.914917 16.678905 -2.445862
v -518.705627 16.841040 -2.262871
v -518.704285 16.902283 -2.368916
v -525.916016 16.740135 -2.339798
v -525.914917 16.801359 -2.445862
v -533.137146 16.832632 -0.974174
v -533.137146 16.710167 -0.974174
v -540.359375 16.796442 -1.051231
v -540.359375 16.673975 -1.051231
v -533.137146 16.710167 -0.974174
v -533.138245 16.771389 -0.868103
v -540.359375 16.673975 -1.051231
v -540.360474 16.735201 -0.945187
v -533.138245 16.771389 -0.868103
v -533.137146 16.832632 -0.974174
v -540.360474 16.735201 -0.945187
v -540.359375 16.796442 -1.051231
v -525.931213 16.678905 -0.897221
v -525.931213 16.801359 -0.897221
v -525.932495 16.740135 -0.791199
v -525.931213 16.678905 -0.897221
v -533.137146 16.832632 -0.974174
v -525.931213 16.801359 -0.897221
v -525.932495 16.740135 -0.791199
v -547.566895 16.736639 -1.128113
v -547.566895 16.859091 -1.128113
v -547.567993 16.797865 -1.022041
v -547.566895 16.736639 -1.128113
v -540.359375 16.673975 -1.051231
v -547.566895 16.859091 -1.128113
v -547.567993 16.797865 -1.022041
v -540.360474 16.735201 -0.945187
v -518.720764 16.902283 -0.820366
v -518.720764 16.779816 -0.820366
v -518.720764 16.779816 -0.820366
v -518.722107 16.841040 -0.714321
v -525.931213 16.678905 -0.897221
v -518.722107 16.841040 -0.714321
v -518.720764 16.902283 -0.820366
v -525.932495 16.740135 -0.791199
v -525.931213 16.801359 -0.897221
v -533.171997 16.832634 2.285808
v -533.171997 16.710169 2.285808
v -540.394226 16.796444 2.208771
v -540.394226 16.673977 2.208771
v -533.171997 16.710169 2.285808
v -533.173096 16.771391 2.391876
v -540.394226 16.673977 2.208771
v -540.395325 16.735203 2.314838
v -533.173096 16.771391 2.391876
v -533.171997 16.832634 2.285808
v -540.395325 16.735203 2.314838
v -540.394226 16.796444 2.208771
v -525.966064 16.678907 2.362686
v -525.966064 16.801361 2.362686
v -525.967163 16.740137 2.468735
v -525.966064 16.678907 2.362686
v -533.171997 16.832634 2.285808
v -525.966064 16.801361 2.362686
v -525.967163 16.740137 2.468735
v -547.601746 16.736641 2.131912
v -547.601746 16.859093 2.131912
v -547.602844 16.797867 2.237938
v -547.601746 16.736641 2.131912
v -540.394226 16.673977 2.208771
v -547.601746 16.859093 2.131912
v -547.602844 16.797867 2.237938
v -540.395325 16.735203 2.314838
v -518.755676 16.902285 2.439636
v -518.755676 16.779818 2.439636
v -518.755676 16.779818 2.439636
v -518.756775 16.841042 2.545658
v -525.966064 16.678907 2.362686
v -518.756775 16.841042 2.545658
v -518.755676 16.902285 2.439636
v -525.967163 16.740137 2.468735
v -525.966064 16.801361 2.362686
v -533.188293 16.832634 3.834427
v -533.188293 16.710169 3.834427
v -540.410767 16.796444 3.757320
v -540.410767 16.673977 3.757320
v -533.188293 16.710169 3.834427
v -533.189392 16.771391 3.940490
v -540.410767 16.673977 3.757320
v -540.411926 16.735203 3.863342
v -533.189392 16.771391 3.940490
v -533.188293 16.832634 3.834427
v -540.411926 16.735203 3.863342
v -540.410767 16.796444 3.757320
v -525.982544 16.678907 3.911304
v -525.982544 16.801361 3.911304
v -525.983704 16.740137 4.017349
v -525.982544 16.678907 3.911304
v -533.188293 16.832634 3.834427
v -525.982544 16.801361 3.911304
v -525.983704 16.740137 4.017349
v -547.618225 16.736641 3.680439
v -547.618225 16.859093 3.680439
v -547.619385 16.797867 3.786487
v -547.618225 16.736641 3.680439
v -540.410767 16.673977 3.757320
v -547.618225 16.859093 3.680439
v -547.619385 16.797867 3.786487
v -540.411926 16.735203 3.863342
v -518.772217 16.902285 3.988228
v -518.772217 16.779818 3.988228
v -518.772217 16.779818 3.988228
v -518.773254 16.841042 4.094296
v -525.982544 16.678907 3.911304
v -518.773254 16.841042 4.094296
v -518.772217 16.902285 3.988228
v -525.983704 16.740137 4.017349
v -525.982544 16.801361 3.911304
v -533.069397 16.832630 -7.331314
v -533.069397 16.710165 -7.331314
v -540.291687 16.796440 -7.408371
v -540.291687 16.673973 -7.408371
v -533.069397 16.710165 -7.331314
v -533.070496 16.771387 -7.225273
v -540.291687 16.673973 -7.408371
v -540.292725 16.735199 -7.302330
v -533.070496 16.771387 -7.225273
v -533.069397 16.832630 -7.331314
v -540.292725 16.735199 -7.302330
v -540.291687 16.796440 -7.408371
v -525.863464 16.678904 -7.254391
v -525.863464 16.801357 -7.254391
v -525.864563 16.740133 -7.148323
v -525.863464 16.678904 -7.254391
v -533.069397 16.832630 -7.331314
v -525.863464 16.801357 -7.254391
v -525.864563 16.740133 -7.148323
v -547.498901 16.736637 -7.485256
v -547.498901 16.859089 -7.485256
v -547.500061 16.797863 -7.379185
v -547.498901 16.736637 -7.485256
v -540.291687 16.673973 -7.408371
v -547.498901 16.859089 -7.485256
v -547.500061 16.797863 -7.379185
v -540.292725 16.735199 -7.302330
v -518.653076 16.902281 -7.177513
v -518.653076 16.779814 -7.177513
v -518.653076 16.779814 -7.177513
v -518.654175 16.841038 -7.071465
v -525.863464 16.678904 -7.254391
v -518.654175 16.841038 -7.071465
v -518.653076 16.902281 -7.177513
v -525.864563 16.740133 -7.148323
v -525.863464 16.801357 -7.254391
v -533.085693 16.832630 -5.782719
v -533.085693 16.710165 -5.782719
v -540.308167 16.796440 -5.859760
v -540.308167 16.673973 -5.859760
v -533.085693 16.710165 -5.782719
v -533.086792 16.771387 -5.676628
v -540.308167 16.673973 -5.859760
v -540.309082 16.735199 -5.753712
v -533.086792 16.771387 -5.676628
v -533.085693 16.832630 -5.782719
v -540.309082 16.735199 -5.753712
v -540.308167 16.796440 -5.859760
v -525.880005 16.678904 -5.705864
v -525.880005 16.801357 -5.705864
v -525.881165 16.740133 -5.599842
v -525.880005 16.678904 -5.705864
v -533.085693 16.832630 -5.782719
v -525.880005 16.801357 -5.705864
v -525.881165 16.740133 -5.599842
v -547.515442 16.736637 -5.936638
v -547.515442 16.859089 -5.936638
v -547.516846 16.797863 -5.830570
v -547.515442 16.736637 -5.936638
v -540.308167 16.673973 -5.859760
v -547.515442 16.859089 -5.936638
v -547.516846 16.797863 -5.830570
v -540.309082 16.735199 -5.753712
v -518.669617 16.902281 -5.628895
v -518.669617 16.779814 -5.628895
v -518.669617 16.779814 -5.628895
v -518.670715 16.841038 -5.522850
v -525.880005 16.678904 -5.705864
v -518.670715 16.841038 -5.522850
v -518.669617 16.902281 -5.628895
v -525.881165 16.740133 -5.599842
v -525.880005 16.801357 -5.705864
v -554.757812 16.673975 -2.753586
v -561.980103 16.710167 -2.830666
v -554.757812 16.796442 -2.753586
v -561.980103 16.832632 -2.830666
v -554.758911 16.735201 -2.647537
v -561.981140 16.771389 -2.724598
v -554.757812 16.673975 -2.753586
v -561.980103 16.710167 -2.830666
v -554.757812 16.796442 -2.753586
v -561.980103 16.832632 -2.830666
v -554.758911 16.735201 -2.647537
v -561.981140 16.771389 -2.724598
v -569.185791 16.801359 -2.907547
v -569.185791 16.678905 -2.907547
v -569.185791 16.678905 -2.907547
v -561.980103 16.710167 -2.830666
v -569.186890 16.740135 -2.801525
v -569.186890 16.740135 -2.801525
v -561.981140 16.771389 -2.724598
v -569.185791 16.801359 -2.907547
v -547.550354 16.736639 -2.676723
v -554.757812 16.673975 -2.753586
v -547.551392 16.797865 -2.570660
v -554.758911 16.735201 -2.647537
v -554.757812 16.796442 -2.753586
v -576.396362 16.779816 -2.984447
v -576.396362 16.902283 -2.984447
v -576.397522 16.841040 -2.878403
v -576.396362 16.779816 -2.984447
v -569.185791 16.678905 -2.907547
v -576.396362 16.902283 -2.984447
v -576.397522 16.841040 -2.878403
v -569.186890 16.740135 -2.801525
v -554.774353 16.673975 -1.204967
v -561.996582 16.710167 -1.282024
v -554.774353 16.796442 -1.204967
v -561.996582 16.832632 -1.282024
v -554.775513 16.735201 -1.098900
v -561.997742 16.771389 -1.176003
v -554.774353 16.673975 -1.204967
v -561.996582 16.710167 -1.282024
v -554.774353 16.796442 -1.204967
v -561.996582 16.832632 -1.282024
v -554.775513 16.735201 -1.098900
v -561.997742 16.771389 -1.176003
v -569.202515 16.801359 -1.358971
v -569.202515 16.678905 -1.358971
v -569.202515 16.678905 -1.358971
v -561.996582 16.710167 -1.282024
v -569.203674 16.740135 -1.252907
v -569.203674 16.740135 -1.252907
v -561.997742 16.771389 -1.176003
v -569.202515 16.801359 -1.358971
v -547.566895 16.736639 -1.128113
v -554.774353 16.673975 -1.204967
v -547.567993 16.797865 -1.022041
v -554.775513 16.735201 -1.098900
v -554.774353 16.796442 -1.204967
v -576.412964 16.779816 -1.435894
v -576.412964 16.902283 -1.435894
v -576.414062 16.841040 -1.329872
v -576.412964 16.779816 -1.435894
v -569.202515 16.678905 -1.358971
v -576.412964 16.902283 -1.435894
v -576.414062 16.841040 -1.329872
v -569.203674 16.740135 -1.252907
v -554.809265 16.673977 2.054943
v -562.031494 16.710169 1.977909
v -554.809265 16.796444 2.054943
v -562.031494 16.832634 1.977909
v -554.810120 16.735203 2.161015
v -562.032593 16.771391 2.083931
v -554.809265 16.673977 2.054943
v -562.031494 16.710169 1.977909
v -554.809265 16.796444 2.054943
v -562.031494 16.832634 1.977909
v -554.810120 16.735203 2.161015
v -562.032593 16.771391 2.083931
v -569.237183 16.801361 1.901047
v -569.237183 16.678907 1.901047
v -569.237183 16.678907 1.901047
v -562.031494 16.710169 1.977909
v -569.238342 16.740137 2.007095
v -569.238342 16.740137 2.007095
v -562.032593 16.771391 2.083931
v -569.237183 16.801361 1.901047
v -547.601746 16.736641 2.131912
v -554.809265 16.673977 2.054943
v -547.602844 16.797867 2.237938
v -554.810120 16.735203 2.161015
v -554.809265 16.796444 2.054943
v -576.447632 16.779818 1.824100
v -576.447632 16.902285 1.824100
v -576.448730 16.841042 1.930122
v -576.447632 16.779818 1.824100
v -569.237183 16.678907 1.901047
v -576.447632 16.902285 1.824100
v -576.448730 16.841042 1.930122
v -569.238342 16.740137 2.007095
v -554.825745 16.673977 3.603561
v -562.047791 16.710169 3.526500
v -554.825745 16.796444 3.603561
v -562.047791 16.832634 3.526500
v -554.826843 16.735203 3.709625
v -562.048889 16.771391 3.632549
v -554.825745 16.673977 3.603561
v -562.047791 16.710169 3.526500
v -554.825745 16.796444 3.603561
v -562.047791 16.832634 3.526500
v -554.826843 16.735203 3.709625
v -562.048889 16.771391 3.632549
v -569.253723 16.801361 3.449600
v -569.253723 16.678907 3.449600
v -569.253723 16.678907 3.449600
v -562.047791 16.710169 3.526500
v -569.254822 16.740137 3.555622
v -569.254822 16.740137 3.555622
v -562.048889 16.771391 3.632549
v -569.253723 16.801361 3.449600
v -547.618225 16.736641 3.680439
v -554.825745 16.673977 3.603561
v -547.619385 16.797867 3.786487
v -554.826843 16.735203 3.709625
v -554.825745 16.796444 3.603561
v -576.464111 16.779818 3.372699
v -576.464111 16.902285 3.372699
v -576.465210 16.841042 3.478767
v -576.464111 16.779818 3.372699
v -569.253723 16.678907 3.449600
v -576.464111 16.902285 3.372699
v -576.465210 16.841042 3.478767
v -569.254822 16.740137 3.555622
v -554.706421 16.673973 -7.562111
v -561.928650 16.710165 -7.639194
v -554.706421 16.796440 -7.562111
v -561.928650 16.832630 -7.639194
v -554.707581 16.735199 -7.456070
v -561.929810 16.771387 -7.533127
v -554.706421 16.673973 -7.562111
v -561.928650 16.710165 -7.639194
v -554.706421 16.796440 -7.562111
v -561.928650 16.832630 -7.639194
v -554.707581 16.735199 -7.456070
v -561.929810 16.771387 -7.533127
v -569.134583 16.801357 -7.716118
v -569.134583 16.678904 -7.716118
v -569.134583 16.678904 -7.716118
v -561.928650 16.710165 -7.639194
v -569.135742 16.740133 -7.610069
v -569.135742 16.740133 -7.610069
v -561.929810 16.771387 -7.533127
v -569.134583 16.801357 -7.716118
v -547.498901 16.736637 -7.485256
v -554.706421 16.673973 -7.562111
v -547.500061 16.797863 -7.379185
v -554.707581 16.735199 -7.456070
v -554.706421 16.796440 -7.562111
v -576.345032 16.779814 -7.792976
v -576.345032 16.902281 -7.792976
v -576.346130 16.841038 -7.686932
v -576.345032 16.779814 -7.792976
v -569.134583 16.678904 -7.716118
v -576.345032 16.902281 -7.792976
v -576.346130 16.841038 -7.686932
v -569.135742 16.740133 -7.610069
v -554.722961 16.673973 -6.013607
v -561.945251 16.710165 -6.090622
v -554.722961 16.796440 -6.013607
v -561.945251 16.832630 -6.090622
v -554.724060 16.735199 -5.907581
v -561.946289 16.771387 -5.984623
v -554.722961 16.673973 -6.013607
v -561.945251 16.710165 -6.090622
v -554.722961 16.796440 -6.013607
v -561.945251 16.832630 -6.090622
v -554.724060 16.735199 -5.907581
v -561.946289 16.771387 -5.984623
v -569.151184 16.801357 -6.167500
v -569.151184 16.678904 -6.167500
v -569.151184 16.678904 -6.167500
v -561.945251 16.710165 -6.090622
v -569.152283 16.740133 -6.061432
v -569.152283 16.740133 -6.061432
v -561.946289 16.771387 -5.984623
v -569.151184 16.801357 -6.167500
v -547.515442 16.736637 -5.936638
v -554.722961 16.673973 -6.013607
v -547.516846 16.797863 -5.830570
v -554.724060 16.735199 -5.907581
v -554.722961 16.796440 -6.013607
v -576.361511 16.779814 -6.244427
v -576.361511 16.902281 -6.244427
v -576.362610 16.841038 -6.138405
v -576.361511 16.779814 -6.244427
v -569.151184 16.678904 -6.167500
v -576.361511 16.902281 -6.244427
v -576.362610 16.841038 -6.138405
v -569.152283 16.740133 -6.061432
v -590.823181 16.832632 -3.138363
v -590.823181 16.710167 -3.138363
v -598.045715 16.796442 -3.215401
v -598.045715 16.673975 -3.215401
v -590.823181 16.710167 -3.138363
v -590.824341 16.771389 -3.032341
v -598.045715 16.673975 -3.215401
v -598.046814 16.735201 -3.109375
v -590.824341 16.771389 -3.032341
v -590.823181 16.832632 -3.138363
v -598.046814 16.735201 -3.109375
v -598.045715 16.796442 -3.215401
v -583.617554 16.678905 -3.061527
v -583.617554 16.801359 -3.061527
v -583.618652 16.740135 -2.955463
v -583.617554 16.678905 -3.061527
v -590.823181 16.832632 -3.138363
v -583.617554 16.801359 -3.061527
v -583.618652 16.740135 -2.955463
v -605.253235 16.736639 -3.292393
v -605.253235 16.859091 -3.292393
v -605.254150 16.797865 -3.186325
v -605.253235 16.736639 -3.292393
v -598.045715 16.673975 -3.215401
v -605.253235 16.859091 -3.292393
v -605.254150 16.797865 -3.186325
v -598.046814 16.735201 -3.109375
v -576.407104 16.902283 -2.984581
v -576.407104 16.779816 -2.984581
v -576.407104 16.779816 -2.984581
v -576.408264 16.841040 -2.878536
v -583.617554 16.678905 -3.061527
v -576.408264 16.841040 -2.878536
v -576.407104 16.902283 -2.984581
v -583.618652 16.740135 -2.955463
v -583.617554 16.801359 -3.061527
v -590.839966 16.832632 -1.589836
v -590.839966 16.710167 -1.589836
v -598.062012 16.796442 -1.666897
v -598.062012 16.673975 -1.666897
v -590.839966 16.710167 -1.589836
v -590.841125 16.771389 -1.483768
v -598.062012 16.673975 -1.666897
v -598.063110 16.735201 -1.560848
v -590.841125 16.771389 -1.483768
v -590.839966 16.832632 -1.589836
v -598.063110 16.735201 -1.560848
v -598.062012 16.796442 -1.666897
v -583.634033 16.678905 -1.512909
v -583.634033 16.801359 -1.512909
v -583.635193 16.740135 -1.406887
v -583.634033 16.678905 -1.512909
v -590.839966 16.832632 -1.589836
v -583.634033 16.801359 -1.512909
v -583.635193 16.740135 -1.406887
v -605.269531 16.736639 -1.743774
v -605.269531 16.859091 -1.743774
v -605.270630 16.797865 -1.637711
v -605.269531 16.736639 -1.743774
v -598.062012 16.673975 -1.666897
v -605.269531 16.859091 -1.743774
v -605.270630 16.797865 -1.637711
v -598.063110 16.735201 -1.560848
v -576.423645 16.902283 -1.435963
v -576.423645 16.779816 -1.435963
v -576.423645 16.779816 -1.435963
v -576.424744 16.841040 -1.329922
v -583.634033 16.678905 -1.512909
v -576.424744 16.841040 -1.329922
v -576.423645 16.902283 -1.435963
v -583.635193 16.740135 -1.406887
v -583.634033 16.801359 -1.512909
v -590.874634 16.832634 1.670185
v -590.874634 16.710169 1.670185
v -598.096863 16.796444 1.593147
v -598.096863 16.673977 1.593147
v -590.874634 16.710169 1.670185
v -590.875793 16.771391 1.776184
v -598.096863 16.673977 1.593147
v -598.098022 16.735203 1.699169
v -590.875793 16.771391 1.776184
v -590.874634 16.832634 1.670185
v -598.098022 16.735203 1.699169
v -598.096863 16.796444 1.593147
v -583.668945 16.678907 1.747066
v -583.668945 16.801361 1.747066
v -583.669861 16.740137 1.853134
v -583.668945 16.678907 1.747066
v -590.874634 16.832634 1.670185
v -583.668945 16.801361 1.747066
v -583.669861 16.740137 1.853134
v -605.304382 16.736641 1.516251
v -605.304382 16.859093 1.516251
v -605.305481 16.797867 1.622292
v -605.304382 16.736641 1.516251
v -598.096863 16.673977 1.593147
v -605.304382 16.859093 1.516251
v -605.305481 16.797867 1.622292
v -598.098022 16.735203 1.699169
v -576.458313 16.902285 1.823971
v -576.458313 16.779818 1.823971
v -576.458313 16.779818 1.823971
v -576.459412 16.841042 1.930035
v -583.668945 16.678907 1.747066
v -576.459412 16.841042 1.930035
v -576.458313 16.902285 1.823971
v -583.669861 16.740137 1.853134
v -583.668945 16.801361 1.747066
v -590.891235 16.832634 3.218757
v -590.891235 16.710169 3.218757
v -598.113464 16.796444 3.141697
v -598.113464 16.673977 3.141697
v -590.891235 16.710169 3.218757
v -590.892273 16.771391 3.324829
v -598.113464 16.673977 3.141697
v -598.114563 16.735203 3.247787
v -590.892273 16.771391 3.324829
v -590.891235 16.832634 3.218757
v -598.114563 16.735203 3.247787
v -598.113464 16.796444 3.141697
v -583.685242 16.678907 3.295639
v -583.685242 16.801361 3.295639
v -583.686340 16.740137 3.401664
v -583.685242 16.678907 3.295639
v -590.891235 16.832634 3.218757
v -583.685242 16.801361 3.295639
v -583.686340 16.740137 3.401664
v -605.320923 16.736641 3.064750
v -605.320923 16.859093 3.064750
v -605.322083 16.797867 3.170822
v -605.320923 16.736641 3.064750
v -598.113464 16.673977 3.141697
v -605.320923 16.859093 3.064750
v -605.322083 16.797867 3.170822
v -598.114563 16.735203 3.247787
v -576.475098 16.902285 3.372562
v -576.475098 16.779818 3.372562
v -576.475098 16.779818 3.372562
v -576.476013 16.841042 3.478611
v -583.685242 16.678907 3.295639
v -576.476013 16.841042 3.478611
v -576.475098 16.902285 3.372562
v -583.686340 16.740137 3.401664
v -583.685242 16.801361 3.295639
v -590.772034 16.832630 -7.946983
v -590.772034 16.710165 -7.946983
v -597.994324 16.796440 -8.024017
v -597.994324 16.673973 -8.024017
v -590.772034 16.710165 -7.946983
v -590.773132 16.771387 -7.840935
v -597.994324 16.673973 -8.024017
v -597.995483 16.735199 -7.917995
v -590.773132 16.771387 -7.840935
v -590.772034 16.832630 -7.946983
v -597.995483 16.735199 -7.917995
v -597.994324 16.796440 -8.024017
v -583.566101 16.678904 -7.870056
v -583.566101 16.801357 -7.870056
v -583.567261 16.740133 -7.763988
v -583.566101 16.678904 -7.870056
v -590.772034 16.832630 -7.946983
v -583.566101 16.801357 -7.870056
v -583.567261 16.740133 -7.763988
v -605.201782 16.736637 -8.100922
v -605.201782 16.859089 -8.100922
v -605.202881 16.797863 -7.994873
v -605.201782 16.736637 -8.100922
v -597.994324 16.673973 -8.024017
v -605.201782 16.859089 -8.100922
v -605.202881 16.797863 -7.994873
v -597.995483 16.735199 -7.917995
v -576.355713 16.902281 -7.793110
v -576.355713 16.779814 -7.793110
v -576.355713 16.779814 -7.793110
v -576.356812 16.841038 -7.687065
v -583.566101 16.678904 -7.870056
v -576.356812 16.841038 -7.687065
v -576.355713 16.902281 -7.793110
v -583.567261 16.740133 -7.763988
v -583.566101 16.801357 -7.870056
v -590.788635 16.832630 -6.398365
v -590.788635 16.710165 -6.398365
v -598.010864 16.796440 -6.475422
v -598.010864 16.673973 -6.475422
v -590.788635 16.710165 -6.398365
v -590.789734 16.771387 -6.292320
v -598.010864 16.673973 -6.475422
v -598.011963 16.735199 -6.369377
v -590.789734 16.771387 -6.292320
v -590.788635 16.832630 -6.398365
v -598.011963 16.735199 -6.369377
v -598.010864 16.796440 -6.475422
v -583.582703 16.678904 -6.321461
v -583.582703 16.801357 -6.321461
v -583.583801 16.740133 -6.215439
v -583.582703 16.678904 -6.321461
v -590.788635 16.832630 -6.398365
v -583.582703 16.801357 -6.321461
v -583.583801 16.740133 -6.215439
v -605.218323 16.736637 -6.552303
v -605.218323 16.859089 -6.552303
v -605.219482 16.797863 -6.446236
v -605.218323 16.736637 -6.552303
v -598.010864 16.673973 -6.475422
v -605.218323 16.859089 -6.552303
v -605.219482 16.797863 -6.446236
v -598.011963 16.735199 -6.369377
v -576.372253 16.902281 -6.244560
v -576.372253 16.779814 -6.244560
v -576.372253 16.779814 -6.244560
v -576.373413 16.841038 -6.138515
v -583.582703 16.678904 -6.321461
v -576.373413 16.841038 -6.138515
v -576.372253 16.902281 -6.244560
v -583.583801 16.740133 -6.215439
v -583.582703 16.801357 -6.321461
v -612.460449 16.673975 -3.369251
v -619.682739 16.710167 -3.446331
v -612.460449 16.796442 -3.369251
v -619.682739 16.832632 -3.446331
v -612.461609 16.735201 -3.263203
v -619.683899 16.771389 -3.340263
v -612.460449 16.673975 -3.369251
v -619.682739 16.710167 -3.446331
v -612.460449 16.796442 -3.369251
v -619.682739 16.832632 -3.446331
v -612.461609 16.735201 -3.263203
v -619.683899 16.771389 -3.340263
v -626.888672 16.801359 -3.523121
v -626.888672 16.678905 -3.523121
v -626.888672 16.678905 -3.523121
v -619.682739 16.710167 -3.446331
v -626.889771 16.740135 -3.417099
v -626.889771 16.740135 -3.417099
v -619.683899 16.771389 -3.340263
v -626.888672 16.801359 -3.523121
v -605.253235 16.736639 -3.292393
v -612.460449 16.673975 -3.369251
v -605.254150 16.797865 -3.186325
v -612.461609 16.735201 -3.263203
v -612.460449 16.796442 -3.369251
v -634.099060 16.779816 -3.600109
v -634.099060 16.902283 -3.600109
v -634.100220 16.841040 -3.494068
v -634.099060 16.779816 -3.600109
v -626.888672 16.678905 -3.523121
v -634.099060 16.902283 -3.600109
v -634.100220 16.841040 -3.494068
v -626.889771 16.740135 -3.417099
v -612.477051 16.673975 -1.820633
v -619.699280 16.710167 -1.897713
v -612.477051 16.796442 -1.820633
v -619.699280 16.832632 -1.897713
v -612.478149 16.735201 -1.714607
v -619.700378 16.771389 -1.791649
v -612.477051 16.673975 -1.820633
v -619.699280 16.710167 -1.897713
v -612.477051 16.796442 -1.820633
v -619.699280 16.832632 -1.897713
v -612.478149 16.735201 -1.714607
v -619.700378 16.771389 -1.791649
v -626.905212 16.801359 -1.974636
v -626.905212 16.678905 -1.974636
v -626.905212 16.678905 -1.974636
v -619.699280 16.710167 -1.897713
v -626.906311 16.740135 -1.868572
v -626.906311 16.740135 -1.868572
v -619.700378 16.771389 -1.791649
v -626.905212 16.801359 -1.974636
v -605.269531 16.736639 -1.743774
v -612.477051 16.673975 -1.820633
v -605.270630 16.797865 -1.637711
v -612.478149 16.735201 -1.714607
v -612.477051 16.796442 -1.820633
v -634.115601 16.779816 -2.051498
v -634.115601 16.902283 -2.051498
v -634.116699 16.841040 -1.945450
v -634.115601 16.779816 -2.051498
v -626.905212 16.678905 -1.974636
v -634.115601 16.902283 -2.051498
v -634.116699 16.841040 -1.945450
v -626.906311 16.740135 -1.868572
v -612.511902 16.673977 1.439346
v -619.734131 16.710169 1.362312
v -612.511902 16.796444 1.439346
v -619.734131 16.832634 1.362312
v -612.513000 16.735203 1.545391
v -619.735229 16.771391 1.468334
v -612.511902 16.673977 1.439346
v -619.734131 16.710169 1.362312
v -612.511902 16.796444 1.439346
v -619.734131 16.832634 1.362312
v -612.513000 16.735203 1.545391
v -619.735229 16.771391 1.468334
v -626.939819 16.801361 1.285408
v -626.939819 16.678907 1.285408
v -626.939819 16.678907 1.285408
v -619.734131 16.710169 1.362312
v -626.940979 16.740137 1.391430
v -626.940979 16.740137 1.391430
v -619.735229 16.771391 1.468334
v -626.939819 16.801361 1.285408
v -605.304382 16.736641 1.516251
v -612.511902 16.673977 1.439346
v -605.305481 16.797867 1.622292
v -612.513000 16.735203 1.545391
v -612.511902 16.796444 1.439346
v -634.150269 16.779818 1.208435
v -634.150269 16.902285 1.208435
v -634.151611 16.841042 1.314461
v -634.150269 16.779818 1.208435
v -626.939819 16.678907 1.285408
v -634.150269 16.902285 1.208435
v -634.151611 16.841042 1.314461
v -626.940979 16.740137 1.391430
v -612.528381 16.673977 2.987896
v -619.750671 16.710169 2.910835
v -612.528381 16.796444 2.987896
v -619.750671 16.832634 2.910835
v -612.529541 16.735203 3.093940
v -619.751831 16.771391 3.016884
v -612.528381 16.673977 2.987896
v -619.750671 16.710169 2.910835
v -612.528381 16.796444 2.987896
v -619.750671 16.832634 2.910835
v -612.529541 16.735203 3.093940
v -619.751831 16.771391 3.016884
v -626.956360 16.801361 2.833957
v -626.956360 16.678907 2.833957
v -626.956360 16.678907 2.833957
v -619.750671 16.710169 2.910835
v -626.957764 16.740137 2.940048
v -626.957764 16.740137 2.940048
v -619.751831 16.771391 3.016884
v -626.956360 16.801361 2.833957
v -605.320923 16.736641 3.064750
v -612.528381 16.673977 2.987896
v -605.322083 16.797867 3.170822
v -612.529541 16.735203 3.093940
v -612.528381 16.796444 2.987896
v -634.166748 16.779818 2.757030
v -634.166748 16.902285 2.757030
v -634.167908 16.841042 2.863075
v -634.166748 16.779818 2.757030
v -626.956360 16.678907 2.833957
v -634.166748 16.902285 2.757030
v -634.167908 16.841042 2.863075
v -626.957764 16.740137 2.940048
v -612.409302 16.673973 -8.177776
v -619.631348 16.710165 -8.254860
v -612.409302 16.796440 -8.177776
v -619.631348 16.832630 -8.254860
v -612.410400 16.735199 -8.071735
v -619.632446 16.771387 -8.148792
v -612.409302 16.673973 -8.177776
v -619.631348 16.710165 -8.254860
v -612.409302 16.796440 -8.177776
v -619.631348 16.832630 -8.254860
v -612.410400 16.735199 -8.071735
v -619.632446 16.771387 -8.148792
v -626.837219 16.801357 -8.331764
v -626.837219 16.678904 -8.331764
v -626.837219 16.678904 -8.331764
v -619.631348 16.710165 -8.254860
v -626.838379 16.740133 -8.225739
v -626.838379 16.740133 -8.225739
v -619.632446 16.771387 -8.148792
v -626.837219 16.801357 -8.331764
v -605.201782 16.736637 -8.100922
v -612.409302 16.673973 -8.177776
v -605.202881 16.797863 -7.994873
v -612.410400 16.735199 -8.071735
v -612.409302 16.796440 -8.177776
v -634.047668 16.779814 -8.408661
v -634.047668 16.902281 -8.408661
v -634.048767 16.841038 -8.302597
v -634.047668 16.779814 -8.408661
v -626.837219 16.678904 -8.331764
v -634.047668 16.902281 -8.408661
v -634.048767 16.841038 -8.302597
v -626.838379 16.740133 -8.225739
v -612.425842 16.673973 -6.629208
v -619.648071 16.710165 -6.706242
v -612.425842 16.796440 -6.629208
v -619.648071 16.832630 -6.706242
v -612.427002 16.735199 -6.523186
v -619.649231 16.771387 -6.600243
v -612.425842 16.673973 -6.629208
v -619.648071 16.710165 -6.706242
v -612.425842 16.796440 -6.629208
v -619.648071 16.832630 -6.706242
v -612.427002 16.735199 -6.523186
v -619.649231 16.771387 -6.600243
v -626.853821 16.801357 -6.783165
v -626.853821 16.678904 -6.783165
v -626.853821 16.678904 -6.783165
v -619.648071 16.710165 -6.706242
v -626.854919 16.740133 -6.677120
v -626.854919 16.740133 -6.677120
v -619.649231 16.771387 -6.600243
v -626.853821 16.801357 -6.783165
v -605.218323 16.736637 -6.552303
v -612.425842 16.673973 -6.629208
v -605.219482 16.797863 -6.446236
v -612.427002 16.735199 -6.523186
v -612.425842 16.796440 -6.629208
v -634.064453 16.779814 -6.860092
v -634.064453 16.902281 -6.860092
v -634.065308 16.841038 -6.754044
v -634.064453 16.779814 -6.860092
v -626.853821 16.678904 -6.783165
v -634.064453 16.902281 -6.860092
v -634.065308 16.841038 -6.754044
v -626.854919 16.740133 -6.677120
v -656.271118 16.673975 -3.857037
v -649.048828 16.710167 -3.779976
v -656.271118 16.796442 -3.857037
v -649.048828 16.832632 -3.779976
v -656.272217 16.735201 -3.750946
v -649.049988 16.771389 -3.673908
v -656.271118 16.673975 -3.857037
v -649.048828 16.710167 -3.779976
v -656.271118 16.796442 -3.857037
v -649.048828 16.832632 -3.779976
v -656.272217 16.735201 -3.750946
v -649.049988 16.771389 -3.673908
v -641.843140 16.801359 -3.703053
v -641.843140 16.678905 -3.703053
v -641.843140 16.678905 -3.703053
v -649.048828 16.710167 -3.779976
v -641.844238 16.740135 -3.596981
v -641.844238 16.740135 -3.596981
v -649.049988 16.771389 -3.673908
v -641.843140 16.801359 -3.703053
v -663.478882 16.859091 -3.933914
v -663.478882 16.736639 -3.933914
v -663.478882 16.736639 -3.933914
v -663.479736 16.797865 -3.827847
v -656.271118 16.673975 -3.857037
v -663.479736 16.797865 -3.827847
v -663.478882 16.859091 -3.933914
v -656.272217 16.735201 -3.750946
v -656.271118 16.796442 -3.857037
v -670.676270 17.934011 -4.010708
v -677.573975 20.107811 -4.084301
v -670.676270 17.811556 -4.010708
v -677.573975 19.985346 -4.084301
v -670.676270 17.811556 -4.010708
v -677.573975 19.985346 -4.084301
v -670.677612 17.872784 -3.904659
v -677.575073 20.046570 -3.978237
v -670.677612 17.872784 -3.904659
v -677.575073 20.046570 -3.978237
v -670.676270 17.934011 -4.010708
v -677.573975 20.107811 -4.084301
v -670.676270 17.811556 -4.010708
v -663.478882 16.859091 -3.933914
v -670.676270 17.934011 -4.010708
v -670.677612 17.872784 -3.904659
v -634.632690 16.779816 -3.626148
v -634.632690 16.902283 -3.626148
v -634.633667 16.841040 -3.520126
v -634.632690 16.779816 -3.626148
v -641.843140 16.678905 -3.703053
v -634.632690 16.902283 -3.626148
v -634.633667 16.841040 -3.520126
v -641.844238 16.740135 -3.596981
v -656.287842 16.673975 -2.308418
v -649.065430 16.710167 -2.231358
v -656.287842 16.796442 -2.308418
v -649.065430 16.832632 -2.231358
v -656.288757 16.735201 -2.202374
v -649.066467 16.771389 -2.125294
v -656.287842 16.673975 -2.308418
v -649.065430 16.710167 -2.231358
v -656.287842 16.796442 -2.308418
v -649.065430 16.832632 -2.231358
v -656.288757 16.735201 -2.202374
v -649.066467 16.771389 -2.125294
v -641.859680 16.801359 -2.154480
v -641.859680 16.678905 -2.154480
v -641.859680 16.678905 -2.154480
v -649.065430 16.710167 -2.231358
v -641.860840 16.740135 -2.048458
v -641.860840 16.740135 -2.048458
v -649.066467 16.771389 -2.125294
v -641.859680 16.801359 -2.154480
v -663.495178 16.859091 -2.385296
v -663.495178 16.736639 -2.385296
v -663.495178 16.736639 -2.385296
v -663.496460 16.797865 -2.279232
v -656.287842 16.673975 -2.308418
v -663.496460 16.797865 -2.279232
v -663.495178 16.859091 -2.385296
v -656.288757 16.735201 -2.202374
v -656.287842 16.796442 -2.308418
v -670.693054 17.934011 -2.462090
v -677.590576 20.107811 -2.535751
v -670.693054 17.811556 -2.462090
v -677.590576 19.985346 -2.535751
v -670.693054 17.811556 -2.462090
v -677.590576 19.985346 -2.535751
v -670.694153 17.872784 -2.356022
v -677.591675 20.046570 -2.429688
v -670.694153 17.872784 -2.356022
v -677.591675 20.046570 -2.429688
v -670.693054 17.934011 -2.462090
v -677.590576 20.107811 -2.535751
v -670.693054 17.811556 -2.462090
v -663.495178 16.859091 -2.385296
v -670.693054 17.934011 -2.462090
v -670.694153 17.872784 -2.356022
v -634.649109 16.779816 -2.077557
v -634.649109 16.902283 -2.077557
v -634.650391 16.841040 -1.971508
v -634.649109 16.779816 -2.077557
v -641.859680 16.678905 -2.154480
v -634.649109 16.902283 -2.077557
v -634.650391 16.841040 -1.971508
v -641.860840 16.740135 -2.048458
v -656.322510 16.673975 0.951626
v -649.100281 16.710169 1.028664
v -656.322510 16.796442 0.951626
v -649.100281 16.832634 1.028664
v -656.323669 16.735203 1.057652
v -649.101318 16.771391 1.134686
v -656.322510 16.673975 0.951626
v -649.100281 16.710169 1.028664
v -656.322510 16.796442 0.951626
v -649.100281 16.832634 1.028664
v -656.323669 16.735203 1.057652
v -649.101318 16.771391 1.134686
v -641.894287 16.801361 1.105499
v -641.894287 16.678907 1.105499
v -641.894287 16.678907 1.105499
v -649.100281 16.710169 1.028664
v -641.895447 16.740137 1.211544
v -641.895447 16.740137 1.211544
v -649.101318 16.771391 1.134686
v -641.894287 16.801361 1.105499
v -663.530029 16.859091 0.874611
v -663.530029 16.736639 0.874611
v -663.530029 16.736639 0.874611
v -663.531372 16.797865 0.980679
v -656.322510 16.673975 0.951626
v -663.531372 16.797865 0.980679
v -663.530029 16.859091 0.874611
v -656.323669 16.735203 1.057652
v -656.322510 16.796442 0.951626
v -670.727722 17.934011 0.797825
v -677.625427 20.107811 0.724293
v -670.727722 17.811556 0.797825
v -677.625427 19.985346 0.724293
v -670.727722 17.811556 0.797825
v -677.625427 19.985346 0.724293
v -670.728760 17.872784 0.903893
v -677.626526 20.046570 0.830360
v -670.728760 17.872784 0.903893
v -677.626526 20.046570 0.830360
v -670.727722 17.934011 0.797825
v -677.625427 20.107811 0.724293
v -670.727722 17.811556 0.797825
v -663.530029 16.859091 0.874611
v -670.727722 17.934011 0.797825
v -670.728760 17.872784 0.903893
v -634.683960 16.779818 1.182446
v -634.683960 16.902285 1.182446
v -634.685059 16.841042 1.288467
v -634.683960 16.779818 1.182446
v -641.894287 16.678907 1.105499
v -634.683960 16.902285 1.182446
v -634.685059 16.841042 1.288467
v -641.895447 16.740137 1.211544
v -656.339050 16.673977 2.500110
v -649.116821 16.710169 2.577167
v -656.339050 16.796444 2.500110
v -649.116821 16.832634 2.577167
v -656.340149 16.735203 2.606155
v -649.117920 16.771391 2.683235
v -656.339050 16.673977 2.500110
v -649.116821 16.710169 2.577167
v -656.339050 16.796444 2.500110
v -649.116821 16.832634 2.577167
v -656.340149 16.735203 2.606155
v -649.117920 16.771391 2.683235
v -641.910889 16.801361 2.654117
v -641.910889 16.678907 2.654117
v -641.910889 16.678907 2.654117
v -649.116821 16.710169 2.577167
v -641.911987 16.740137 2.760139
v -641.911987 16.740137 2.760139
v -649.117920 16.771391 2.683235
v -641.910889 16.801361 2.654117
v -663.546509 16.859093 2.423256
v -663.546509 16.736641 2.423256
v -663.546509 16.736641 2.423256
v -663.547668 16.797867 2.529297
v -656.339050 16.673977 2.500110
v -663.547668 16.797867 2.529297
v -663.546509 16.859093 2.423256
v -656.340149 16.735203 2.606155
v -656.339050 16.796444 2.500110
v -670.744202 17.934013 2.346439
v -677.641724 20.107813 2.272842
v -670.744202 17.811558 2.346439
v -677.641724 19.985348 2.272842
v -670.744202 17.811558 2.346439
v -677.641724 19.985348 2.272842
v -670.745300 17.872786 2.452503
v -677.643066 20.046572 2.378910
v -670.745300 17.872786 2.452503
v -677.643066 20.046572 2.378910
v -670.744202 17.934013 2.346439
v -677.641724 20.107813 2.272842
v -670.744202 17.811558 2.346439
v -663.546509 16.859093 2.423256
v -670.744202 17.934013 2.346439
v -670.745300 17.872786 2.452503
v -634.700439 16.779818 2.730976
v -634.700439 16.902285 2.730976
v -634.701599 16.841042 2.837040
v -634.700439 16.779818 2.730976
v -641.910889 16.678907 2.654117
v -634.700439 16.902285 2.730976
v -634.701599 16.841042 2.837040
v -641.911987 16.740137 2.760139
v -656.219910 16.673973 -8.665585
v -648.997681 16.710165 -8.588505
v -656.219910 16.796440 -8.665585
v -648.997681 16.832630 -8.588505
v -656.221069 16.735199 -8.559521
v -648.998779 16.771387 -8.482456
v -656.219910 16.673973 -8.665585
v -648.997681 16.710165 -8.588505
v -656.219910 16.796440 -8.665585
v -648.997681 16.832630 -8.588505
v -656.221069 16.735199 -8.559521
v -648.998779 16.771387 -8.482456
v -641.791748 16.801357 -8.511581
v -641.791748 16.678904 -8.511581
v -641.791748 16.678904 -8.511581
v -648.997681 16.710165 -8.588505
v -641.792908 16.740133 -8.405560
v -641.792908 16.740133 -8.405560
v -648.998779 16.771387 -8.482456
v -641.791748 16.801357 -8.511581
v -663.427429 16.859089 -8.742443
v -663.427429 16.736637 -8.742443
v -663.427429 16.736637 -8.742443
v -663.428528 16.797863 -8.636375
v -656.219910 16.673973 -8.665585
v -663.428528 16.797863 -8.636375
v -663.427429 16.859089 -8.742443
v -656.221069 16.735199 -8.559521
v -656.219910 16.796440 -8.665585
v -670.625122 17.934010 -8.819233
v -677.522583 20.107809 -8.892834
v -670.625122 17.811554 -8.819233
v -677.522583 19.985344 -8.892834
v -670.625122 17.811554 -8.819233
v -677.522583 19.985344 -8.892834
v -670.626221 17.872782 -8.713188
v -677.523926 20.046568 -8.786854
v -670.626221 17.872782 -8.713188
v -677.523926 20.046568 -8.786854
v -670.625122 17.934010 -8.819233
v -677.522583 20.107809 -8.892834
v -670.625122 17.811554 -8.819233
v -663.427429 16.859089 -8.742443
v -670.625122 17.934010 -8.819233
v -670.626221 17.872782 -8.713188
v -634.581360 16.779814 -8.434700
v -634.581360 16.902281 -8.434700
v -634.582458 16.841038 -8.328655
v -634.581360 16.779814 -8.434700
v -641.791748 16.678904 -8.511581
v -634.581360 16.902281 -8.434700
v -634.582458 16.841038 -8.328655
v -641.792908 16.740133 -8.405560
v -656.236511 16.673973 -7.116943
v -649.014282 16.710165 -7.039886
v -656.236511 16.796440 -7.116943
v -649.014282 16.832630 -7.039886
v -656.237610 16.735199 -7.010902
v -649.015320 16.771387 -6.933865
v -656.236511 16.673973 -7.116943
v -649.014282 16.710165 -7.039886
v -656.236511 16.796440 -7.116943
v -649.014282 16.832630 -7.039886
v -656.237610 16.735199 -7.010902
v -649.015320 16.771387 -6.933865
v -641.808289 16.801357 -6.963032
v -641.808289 16.678904 -6.963032
v -641.808289 16.678904 -6.963032
v -649.014282 16.710165 -7.039886
v -641.809387 16.740133 -6.857006
v -641.809387 16.740133 -6.857006
v -649.015320 16.771387 -6.933865
v -641.808289 16.801357 -6.963032
v -663.443909 16.859089 -7.193893
v -663.443909 16.736637 -7.193893
v -663.443909 16.736637 -7.193893
v -663.445068 16.797863 -7.087826
v -656.236511 16.673973 -7.116943
v -663.445068 16.797863 -7.087826
v -663.443909 16.859089 -7.193893
v -656.237610 16.735199 -7.010902
v -656.236511 16.796440 -7.116943
v -670.641602 17.934010 -7.270615
v -677.539368 20.107809 -7.344284
v -670.641602 17.811554 -7.270615
v -677.539368 19.985344 -7.344284
v -670.641602 17.811554 -7.270615
v -677.539368 19.985344 -7.344284
v -670.642700 17.872782 -7.164616
v -677.540527 20.046568 -7.238213
v -670.642700 17.872782 -7.164616
v -677.540527 20.046568 -7.238213
v -670.641602 17.934010 -7.270615
v -677.539368 20.107809 -7.344284
v -670.641602 17.811554 -7.270615
v -663.443909 16.859089 -7.193893
v -670.641602 17.934010 -7.270615
v -670.642700 17.872782 -7.164616
v -634.597839 16.779814 -6.886082
v -634.597839 16.902281 -6.886082
v -634.598999 16.841038 -6.780037
v -634.597839 16.779814 -6.886082
v -641.808289 16.678904 -6.963032
v -634.597839 16.902281 -6.886082
v -634.598999 16.841038 -6.780037
v -641.809387 16.740133 -6.857006
v -422.761658 -0.000116 -2.176620
v -422.762756 0.147578 -2.077999
v -422.796021 -0.000115 1.034523
v -422.794922 0.147579 0.935833
v -422.762756 0.147578 -2.077999
v -423.483948 0.147578 -2.085732
v -422.794922 0.147579 0.935833
v -423.516113 0.147579 0.928162
v -423.483032 -0.000116 -2.184357
v -423.483948 0.147578 -2.085732
v -422.761658 -0.000116 -2.176620
v -422.762756 0.147578 -2.077999
v -422.796021 -0.000115 1.034523
v -422.794922 0.147579 0.935833
v -423.517273 -0.000115 1.026791
v -423.516113 0.147579 0.928162
v -419.155396 -0.000116 -2.138184
v -419.156311 0.147578 -2.039536
v -419.189636 -0.000115 1.072914
v -419.188477 0.147579 0.974293
v -419.156311 0.147578 -2.039536
v -419.877563 0.147578 -2.047245
v -419.188477 0.147579 0.974293
v -419.909729 0.147579 0.966625
v -419.876648 -0.000116 -2.145897
v -419.877563 0.147578 -2.047245
v -419.155396 -0.000116 -2.138184
v -419.156311 0.147578 -2.039536
v -419.189636 -0.000115 1.072914
v -419.188477 0.147579 0.974293
v -419.910828 -0.000115 1.065250
v -419.909729 0.147579 0.966625
v -417.722839 0.165229 -1.451584
v -424.935791 0.165229 -1.528507
v -417.722839 0.350790 -1.451584
v -424.935791 0.350790 -1.528507
v -417.724609 0.340384 -1.291546
v -424.937256 0.340384 -1.368511
v -417.726196 0.350790 -1.131481
v -424.939087 0.350790 -1.208405
v -417.739441 0.165230 0.097012
v -424.952271 0.165230 0.020042
v -417.739441 0.350790 0.097012
v -424.952271 0.350790 0.020042
v -417.741211 0.340385 0.257053
v -424.954041 0.340385 0.180080
v -417.742798 0.350790 0.417091
v -424.955627 0.350790 0.340122
v -417.726196 0.350790 -1.131481
v -424.939087 0.350790 -1.208405
v -417.726196 0.165229 -1.131481
v -424.939087 0.165229 -1.208405
v -417.722839 0.350790 -1.451584
v -424.935791 0.350790 -1.528507
v -417.742798 0.350790 0.417091
v -424.955627 0.350790 0.340122
v -417.742798 0.165230 0.417091
v -424.955627 0.165230 0.340122
v -417.739441 0.350790 0.097012
v -424.952271 0.350790 0.020042
v -429.974487 -0.000116 -2.253662
v -429.975647 0.147578 -2.154968
v -430.008911 -0.000115 0.957535
v -430.007751 0.147579 0.858860
v -429.975647 0.147578 -2.154968
v -430.696838 0.147578 -2.162678
v -430.007751 0.147579 0.858860
v -430.729004 0.147579 0.851151
v -430.695923 -0.000116 -2.261257
v -430.696838 0.147578 -2.162678
v -429.974487 -0.000116 -2.253662
v -429.975647 0.147578 -2.154968
v -430.008911 -0.000115 0.957535
v -430.007751 0.147579 0.858860
v -430.730103 -0.000115 0.949776
v -430.729004 0.147579 0.851151
v -426.368103 -0.000116 -2.215111
v -426.369202 0.147578 -2.116463
v -426.402283 -0.000115 0.995949
v -426.401367 0.147579 0.897343
v -426.369202 0.147578 -2.116463
v -427.090393 0.147578 -2.124168
v -426.401367 0.147579 0.897343
v -427.122559 0.147579 0.889660
v -427.089294 -0.000116 -2.222820
v -427.090393 0.147578 -2.124168
v -426.368103 -0.000116 -2.215111
v -426.369202 0.147578 -2.116463
v -426.402283 -0.000115 0.995949
v -426.401367 0.147579 0.897343
v -427.123657 -0.000115 0.988327
v -427.122559 0.147579 0.889660
v -432.148621 0.165229 -1.605522
v -432.148621 0.350790 -1.605522
v -432.150146 0.340384 -1.445484
v -432.151917 0.350790 -1.285378
v -432.165100 0.165230 -0.056904
v -432.165100 0.350790 -0.056904
v -432.166687 0.340385 0.103134
v -432.168518 0.350790 0.263172
v -432.151917 0.350790 -1.285378
v -432.151917 0.165229 -1.285378
v -432.148621 0.350790 -1.605522
v -432.168518 0.350790 0.263172
v -432.168518 0.165230 0.263172
v -432.165100 0.350790 -0.056904
v -437.187378 -0.000116 -2.330585
v -437.188477 0.147578 -2.231937
v -437.221741 -0.000115 0.880585
v -437.220642 0.147579 0.781895
v -437.188477 0.147578 -2.231937
v -437.909668 0.147578 -2.239601
v -437.220642 0.147579 0.781895
v -437.941833 0.147579 0.774223
v -437.908569 -0.000116 -2.338249
v -437.909668 0.147578 -2.239601
v -437.187378 -0.000116 -2.330585
v -437.188477 0.147578 -2.231937
v -437.221741 -0.000115 0.880585
v -437.220642 0.147579 0.781895
v -437.942993 -0.000115 0.872849
v -437.941833 0.147579 0.774223
v -433.580933 -0.000116 -2.292076
v -433.582031 0.147578 -2.193497
v -433.615356 -0.000115 0.919071
v -433.614197 0.147579 0.820396
v -433.582031 0.147578 -2.193497
v -434.303284 0.147578 -2.201141
v -433.614197 0.147579 0.820396
v -434.335388 0.147579 0.812733
v -434.302307 -0.000116 -2.299767
v -434.303284 0.147578 -2.201141
v -433.580933 -0.000116 -2.292076
v -433.582031 0.147578 -2.193497
v -433.615356 -0.000115 0.919071
v -433.614197 0.147579 0.820396
v -434.336548 -0.000115 0.911312
v -434.335388 0.147579 0.812733
v -439.361450 0.165229 -1.682446
v -439.361450 0.350790 -1.682446
v -439.363281 0.340384 -1.522381
v -439.364807 0.350790 -1.362343
v -439.377991 0.165230 -0.133896
v -439.377991 0.350790 -0.133896
v -439.379578 0.340385 0.026211
v -439.381348 0.350790 0.186184
v -439.364807 0.350790 -1.362343
v -439.364807 0.165229 -1.362343
v -439.361450 0.350790 -1.682446
v -439.381348 0.350790 0.186184
v -439.381348 0.165230 0.186184
v -439.377991 0.350790 -0.133896
v -444.400208 -0.000116 -2.407509
v -444.401367 0.147578 -2.308907
v -444.434387 -0.000115 0.803616
v -444.433472 0.147579 0.705009
v -444.401367 0.147578 -2.308907
v -445.122559 0.147578 -2.316528
v -444.433472 0.147579 0.705009
v -445.154724 0.147579 0.697258
v -445.121643 -0.000116 -2.415218
v -445.122559 0.147578 -2.316528
v -444.400208 -0.000116 -2.407509
v -444.401367 0.147578 -2.308907
v -444.434387 -0.000115 0.803616
v -444.433472 0.147579 0.705009
v -445.155823 -0.000115 0.795883
v -445.154724 0.147579 0.697258
v -440.793762 -0.000116 -2.369022
v -440.794922 0.147578 -2.270355
v -440.828003 -0.000115 0.842098
v -440.826843 0.147579 0.743473
v -440.794922 0.147578 -2.270355
v -441.516113 0.147578 -2.278133
v -440.826843 0.147579 0.743473
v -441.548279 0.147579 0.735764
v -441.515015 -0.000116 -2.376755
v -441.516113 0.147578 -2.278133
v -440.793762 -0.000116 -2.369022
v -440.794922 0.147578 -2.270355
v -440.828003 -0.000115 0.842098
v -440.826843 0.147579 0.743473
v -441.549377 -0.000115 0.834408
v -441.548279 0.147579 0.735764
v -446.574341 0.165229 -1.759460
v -446.574341 0.350789 -1.759460
v -446.575867 0.340384 -1.599354
v -446.577637 0.350790 -1.439335
v -446.590820 0.165230 -0.210823
v -446.590820 0.350790 -0.210823
v -446.592407 0.340385 -0.050758
v -446.594177 0.350790 0.109238
v -446.577637 0.350790 -1.439335
v -446.577637 0.165229 -1.439335
v -446.574341 0.350789 -1.759460
v -446.594177 0.350790 0.109238
v -446.594177 0.165230 0.109238
v -446.590820 0.350790 -0.210823
v -451.613098 -0.000116 -2.484455
v -451.614197 0.147578 -2.385788
v -451.647278 -0.000115 0.726692
v -451.646362 0.147579 0.627998
v -451.614197 0.147578 -2.385788
v -452.335388 0.147578 -2.393543
v -451.646362 0.147579 0.627998
v -452.367554 0.147579 0.620354
v -452.334290 -0.000116 -2.492188
v -452.335388 0.147578 -2.393543
v -451.613098 -0.000116 -2.484455
v -451.614197 0.147578 -2.385788
v -451.647278 -0.000115 0.726692
v -451.646362 0.147579 0.627998
v -452.368652 -0.000115 0.718979
v -452.367554 0.147579 0.620354
v -448.006653 -0.000116 -2.445995
v -448.007751 0.147578 -2.347366
v -448.040833 -0.000115 0.765133
v -448.039734 0.147579 0.666458
v -448.007751 0.147578 -2.347366
v -448.728943 0.147578 -2.355034
v -448.039734 0.147579 0.666458
v -448.761108 0.147579 0.658794
v -448.728027 -0.000116 -2.453678
v -448.728943 0.147578 -2.355034
v -448.006653 -0.000116 -2.445995
v -448.007751 0.147578 -2.347366
v -448.040833 -0.000115 0.765133
v -448.039734 0.147579 0.666458
v -448.762024 -0.000115 0.757442
v -448.761108 0.147579 0.658794
v -453.787170 0.165229 -1.836338
v -453.787170 0.350789 -1.836338
v -453.788696 0.340384 -1.676346
v -453.790466 0.350790 -1.516239
v -453.803711 0.165230 -0.287788
v -453.803711 0.350790 -0.287788
v -453.805298 0.340385 -0.127728
v -453.807068 0.350790 0.032288
v -453.790466 0.350790 -1.516239
v -453.790466 0.165229 -1.516239
v -453.787170 0.350789 -1.836338
v -453.807068 0.350790 0.032288
v -453.807068 0.165230 0.032288
v -453.803711 0.350790 -0.287788
v -458.825928 -0.000116 -2.561424
v -458.827026 0.147578 -2.462753
v -458.860107 -0.000115 0.649696
v -458.859009 0.147579 0.551071
v -458.827026 0.147578 -2.462753
v -459.548279 0.147578 -2.470467
v -458.859009 0.147579 0.551071
v -459.580383 0.147579 0.543362
v -459.547119 -0.000116 -2.569092
v -459.548279 0.147578 -2.470467
v -458.825928 -0.000116 -2.561424
v -458.827026 0.147578 -2.462753
v -458.860107 -0.000115 0.649696
v -458.859009 0.147579 0.551071
v -459.581360 -0.000115 0.641987
v -459.580383 0.147579 0.543362
v -455.219482 -0.000116 -2.522987
v -455.220398 0.147578 -2.424339
v -455.253723 -0.000115 0.688229
v -455.252808 0.147579 0.589535
v -455.220398 0.147578 -2.424339
v -455.941833 0.147578 -2.432003
v -455.252808 0.147579 0.589535
v -455.973999 0.147579 0.581821
v -455.940735 -0.000116 -2.530628
v -455.941833 0.147578 -2.432003
v -455.219482 -0.000116 -2.522987
v -455.220398 0.147578 -2.424339
v -455.253723 -0.000115 0.688229
v -455.252808 0.147579 0.589535
v -455.975098 -0.000115 0.680450
v -455.973999 0.147579 0.581821
v -460.999756 0.165229 -1.913311
v -460.999756 0.350789 -1.913311
v -461.001587 0.340384 -1.753246
v -461.003418 0.350790 -1.593208
v -461.016357 0.165230 -0.364693
v -461.016357 0.350790 -0.364693
v -461.018127 0.340370 -0.204697
v -461.019897 0.350790 -0.044609
v -461.003418 0.350790 -1.593208
v -461.003418 0.165229 -1.593208
v -460.999756 0.350789 -1.913311
v -461.019897 0.350790 -0.044609
v -461.019897 0.165230 -0.044609
v -461.016357 0.350790 -0.364693
v -422.812988 -0.000114 2.631950
v -422.813965 0.147580 2.730530
v -422.847229 -0.000113 5.843052
v -422.846069 0.147581 5.744404
v -422.813965 0.147580 2.730530
v -423.535339 0.147580 2.722866
v -422.846069 0.147581 5.744404
v -423.567566 0.147581 5.736694
v -423.534241 -0.000114 2.624241
v -423.535339 0.147580 2.722866
v -422.812988 -0.000114 2.631950
v -422.813965 0.147580 2.730530
v -422.847229 -0.000113 5.843052
v -422.846069 0.147581 5.744404
v -423.568420 -0.000113 5.835384
v -423.567566 0.147581 5.736694
v -419.206604 -0.000114 2.670387
v -419.207703 0.147580 2.769035
v -419.240784 -0.000113 5.881516
v -419.239685 0.147581 5.782867
v -419.207703 0.147580 2.769035
v -419.928894 0.147580 2.761371
v -419.239685 0.147581 5.782867
v -419.961060 0.147581 5.775200
v -419.927795 -0.000114 2.662704
v -419.928894 0.147580 2.761371
v -419.206604 -0.000114 2.670387
v -419.207703 0.147580 2.769035
v -419.240784 -0.000113 5.881516
v -419.239685 0.147581 5.782867
v -419.962219 -0.000113 5.873825
v -419.961060 0.147581 5.775200
v -417.774292 0.165231 3.356949
v -424.987122 0.165231 3.279976
v -417.774292 0.350791 3.356949
v -424.987122 0.350791 3.279976
v -417.775879 0.340386 3.517029
v -424.988708 0.340386 3.440082
v -417.777649 0.350791 3.677070
v -424.990479 0.350791 3.600101
v -417.790771 0.165231 4.905540
v -425.003418 0.165231 4.828636
v -417.790771 0.350791 4.905540
v -425.003418 0.350791 4.828636
v -417.792358 0.340386 5.065578
v -425.005249 0.340386 4.988632
v -417.794128 0.350791 5.225685
v -425.007019 0.350791 5.148674
v -417.777649 0.350791 3.677070
v -424.990479 0.350791 3.600101
v -417.777649 0.165231 3.677070
v -424.990479 0.165231 3.600101
v -417.774292 0.350791 3.356949
v -424.987122 0.350791 3.279976
v -417.794128 0.350791 5.225685
v -425.007019 0.350791 5.148674
v -417.794128 0.165231 5.225685
v -425.007019 0.165231 5.148674
v -417.790771 0.350791 4.905540
v -425.003418 0.350791 4.828636
v -430.025879 -0.000114 2.554935
v -430.026794 0.147580 2.653625
v -430.060059 -0.000113 5.766079
v -430.058960 0.147581 5.667454
v -430.026794 0.147580 2.653625
v -430.748230 0.147580 2.645942
v -430.058960 0.147581 5.667454
v -430.780396 0.147581 5.659767
v -430.747070 -0.000114 2.547249
v -430.748230 0.147580 2.645942
v -430.025879 -0.000114 2.554935
v -430.026794 0.147580 2.653625
v -430.060059 -0.000113 5.766079
v -430.058960 0.147581 5.667454
v -430.781250 -0.000113 5.758373
v -430.780396 0.147581 5.659767
v -426.419434 -0.000114 2.593422
v -426.420593 0.147580 2.692112
v -426.453674 -0.000113 5.804569
v -426.452515 0.147581 5.705894
v -426.420593 0.147580 2.692112
v -427.141785 0.147580 2.684402
v -426.452515 0.147581 5.705894
v -427.174011 0.147581 5.698231
v -427.140625 -0.000114 2.585731
v -427.141785 0.147580 2.684402
v -426.419434 -0.000114 2.593422
v -426.420593 0.147580 2.692112
v -426.453674 -0.000113 5.804569
v -426.452515 0.147581 5.705894
v -427.175049 -0.000113 5.796856
v -427.174011 0.147581 5.698231
v -432.200012 0.165231 3.203052
v -432.200012 0.350791 3.203052
v -432.201599 0.340386 3.363159
v -432.203369 0.350791 3.523197
v -432.216553 0.165231 4.751625
v -432.216553 0.350791 4.751625
v -432.218079 0.340386 4.911709
v -432.219849 0.350791 5.071705
v -432.203369 0.350791 3.523197
v -432.203369 0.165231 3.523197
v -432.200012 0.350791 3.203052
v -432.219849 0.350791 5.071705
v -432.219849 0.165231 5.071705
v -432.216553 0.350791 4.751625
v -437.238708 -0.000114 2.478012
v -437.239624 0.147580 2.576633
v -437.272949 -0.000113 5.689156
v -437.271790 0.147581 5.590534
v -437.239624 0.147580 2.576633
v -437.961060 0.147580 2.568992
v -437.271790 0.147581 5.590534
v -437.993286 0.147581 5.582821
v -437.959961 -0.000114 2.470344
v -437.961060 0.147580 2.568992
v -437.238708 -0.000114 2.478012
v -437.239624 0.147580 2.576633
v -437.272949 -0.000113 5.689156
v -437.271790 0.147581 5.590534
v -437.994141 -0.000113 5.681423
v -437.993286 0.147581 5.582821
v -433.632324 -0.000114 2.516475
v -433.633240 0.147580 2.615097
v -433.666504 -0.000113 5.727619
v -433.665405 0.147581 5.628990
v -433.633240 0.147580 2.615097
v -434.354614 0.147580 2.607391
v -433.665405 0.147581 5.628990
v -434.386841 0.147581 5.621258
v -434.353516 -0.000114 2.508743
v -434.354614 0.147580 2.607391
v -433.632324 -0.000114 2.516475
v -433.633240 0.147580 2.615097
v -433.666504 -0.000113 5.727619
v -433.665405 0.147581 5.628990
v -434.387695 -0.000113 5.719910
v -434.386841 0.147581 5.621258
v -439.412659 0.165231 3.126083
v -439.412659 0.350790 3.126083
v -439.414429 0.340386 3.286121
v -439.416199 0.350791 3.446228
v -439.429443 0.165231 4.674702
v -439.429443 0.350791 4.674702
v -439.430908 0.340386 4.834782
v -439.432495 0.350791 4.994778
v -439.416199 0.350791 3.446228
v -439.416199 0.165231 3.446228
v -439.412659 0.350790 3.126083
v -439.432495 0.350791 4.994778
v -439.432495 0.165231 4.994778
v -439.429443 0.350791 4.674702
v -444.451660 -0.000114 2.401088
v -444.452515 0.147580 2.499710
v -444.485779 -0.000113 5.612167
v -444.484741 0.147580 5.513542
v -444.452515 0.147580 2.499710
v -445.173889 0.147580 2.492004
v -444.484741 0.147580 5.513542
v -445.206116 0.147580 5.505898
v -445.172791 -0.000114 2.393329
v -445.173889 0.147580 2.492004
v -444.451660 -0.000114 2.401088
v -444.452515 0.147580 2.499710
v -444.485779 -0.000113 5.612167
v -444.484741 0.147580 5.513542
v -445.206970 -0.000113 5.604523
v -445.206116 0.147580 5.505898
v -440.845154 -0.000114 2.439502
v -440.846069 0.147580 2.538173
v -440.879333 -0.000113 5.650631
v -440.878235 0.147581 5.552002
v -440.846069 0.147580 2.538173
v -441.567505 0.147580 2.530464
v -440.878235 0.147581 5.552002
v -441.599731 0.147581 5.544292
v -441.566345 -0.000114 2.431839
v -441.567505 0.147580 2.530464
v -440.845154 -0.000114 2.439502
v -440.846069 0.147580 2.538173
v -440.879333 -0.000113 5.650631
v -440.878235 0.147581 5.552002
v -441.600586 -0.000113 5.642986
v -441.599731 0.147581 5.544292
v -446.625488 0.165231 3.049133
v -446.625488 0.350790 3.049133
v -446.627258 0.340386 3.209175
v -446.628845 0.350791 3.369282
v -446.642029 0.165231 4.597710
v -446.642029 0.350791 4.597710
v -446.643799 0.340386 4.757767
v -446.645386 0.350791 4.917786
v -446.628845 0.350791 3.369282
v -446.628845 0.165231 3.369282
v -446.625488 0.350790 3.049133
v -446.645386 0.350791 4.917786
v -446.645386 0.165231 4.917786
v -446.642029 0.350791 4.597710
v -451.664490 -0.000114 2.324074
v -451.665344 0.147580 2.422741
v -451.698730 -0.000113 5.535217
v -451.697571 0.147580 5.436569
v -451.665344 0.147580 2.422741
v -452.386597 0.147580 2.415054
v -451.697571 0.147580 5.436569
v -452.418701 0.147580 5.428883
v -452.385620 -0.000114 2.316429
v -452.386597 0.147580 2.415054
v -451.664490 -0.000114 2.324074
v -451.665344 0.147580 2.422741
v -451.698730 -0.000113 5.535217
v -451.697571 0.147580 5.436569
v -452.419861 -0.000113 5.527554
v -452.418701 0.147580 5.428883
v -448.058105 -0.000114 2.362537
v -448.058960 0.147580 2.461159
v -448.092224 -0.000113 5.573727
v -448.091064 0.147580 5.475056
v -448.058960 0.147580 2.461159
v -448.780334 0.147580 2.453514
v -448.091064 0.147580 5.475056
v -448.812317 0.147580 5.467369
v -448.779236 -0.000114 2.354866
v -448.780334 0.147580 2.453514
v -448.058105 -0.000114 2.362537
v -448.058960 0.147580 2.461159
v -448.092224 -0.000113 5.573727
v -448.091064 0.147580 5.475056
v -448.813416 -0.000113 5.565971
v -448.812317 0.147580 5.467369
v -453.838379 0.165231 2.972187
v -453.838379 0.350790 2.972187
v -453.840149 0.340386 3.132293
v -453.841919 0.350791 3.292289
v -453.854858 0.165231 4.520805
v -453.854858 0.350791 4.520805
v -453.856628 0.340386 4.680843
v -453.858215 0.350791 4.840885
v -453.841919 0.350791 3.292289
v -453.841919 0.165231 3.292289
v -453.838379 0.350790 2.972187
v -453.858215 0.350791 4.840885
v -453.858215 0.165231 4.840885
v -453.854858 0.350791 4.520805
v -458.877075 -0.000114 2.247150
v -458.878235 0.147579 2.345772
v -458.911560 -0.000113 5.458229
v -458.910461 0.147580 5.359669
v -458.878235 0.147579 2.345772
v -459.599609 0.147579 2.338062
v -458.910461 0.147580 5.359669
v -459.631836 0.147580 5.351936
v -459.598511 -0.000114 2.239437
v -459.599609 0.147579 2.338062
v -458.877075 -0.000114 2.247150
v -458.878235 0.147579 2.345772
v -458.911560 -0.000113 5.458229
v -458.910461 0.147580 5.359669
v -459.632690 -0.000113 5.450584
v -459.631836 0.147580 5.351936
v -455.270691 -0.000114 2.285610
v -455.271790 0.147580 2.384231
v -455.305054 -0.000113 5.496754
v -455.304016 0.147580 5.398106
v -455.271790 0.147580 2.384231
v -455.993225 0.147580 2.376526
v -455.304016 0.147580 5.398106
v -456.025391 0.147580 5.390423
v -455.992065 -0.000114 2.277900
v -455.993225 0.147580 2.376526
v -455.270691 -0.000114 2.285610
v -455.271790 0.147580 2.384231
v -455.305054 -0.000113 5.496754
v -455.304016 0.147580 5.398106
v -456.026306 -0.000113 5.489090
v -456.025391 0.147580 5.390423
v -461.051208 0.165231 2.895221
v -461.051208 0.350790 2.895221
v -461.052979 0.340386 3.055279
v -461.054565 0.350791 3.215320
v -461.067749 0.165231 4.443836
v -461.067749 0.350791 4.443836
v -461.069519 0.340372 4.603828
v -461.071106 0.350791 4.763916
v -461.054565 0.350791 3.215320
v -461.054565 0.165231 3.215320
v -461.051208 0.350790 2.895221
v -461.071106 0.350791 4.763916
v -461.071106 0.165231 4.763916
v -461.067749 0.350791 4.443836
v -422.710449 -0.000117 -6.985218
v -422.711365 0.147577 -6.886593
v -422.744690 -0.000116 -3.774071
v -422.743530 0.147578 -3.872719
v -422.711365 0.147577 -6.886593
v -423.432739 0.147577 -6.894257
v -422.743530 0.147578 -3.872719
v -423.464966 0.147578 -3.880363
v -423.431702 -0.000117 -6.992882
v -423.432739 0.147577 -6.894257
v -422.710449 -0.000117 -6.985218
v -422.711365 0.147577 -6.886593
v -422.744690 -0.000116 -3.774071
v -422.743530 0.147578 -3.872719
v -423.465820 -0.000116 -3.781738
v -423.464966 0.147578 -3.880363
v -419.104065 -0.000117 -6.946758
v -419.104919 0.147577 -6.848083
v -419.138245 -0.000116 -3.735611
v -419.137146 0.147578 -3.834236
v -419.104919 0.147577 -6.848083
v -419.826294 0.147577 -6.855797
v -419.137146 0.147578 -3.834236
v -419.858521 0.147578 -3.841923
v -419.825256 -0.000117 -6.954380
v -419.826294 0.147577 -6.855797
v -419.104065 -0.000117 -6.946758
v -419.104919 0.147577 -6.848083
v -419.138245 -0.000116 -3.735611
v -419.137146 0.147578 -3.834236
v -419.859680 -0.000116 -3.743275
v -419.858521 0.147578 -3.841923
v -417.671448 0.165228 -6.260155
v -424.884338 0.165228 -6.337082
v -417.671448 0.350788 -6.260155
v -424.884338 0.350788 -6.337082
v -417.673279 0.340383 -6.100117
v -424.886108 0.340383 -6.177082
v -417.675049 0.350788 -5.940029
v -424.887878 0.350788 -6.017044
v -417.688232 0.165228 -4.711559
v -424.901123 0.165228 -4.788532
v -417.688232 0.350789 -4.711559
v -424.901123 0.350789 -4.788532
v -417.689758 0.340383 -4.551521
v -424.902710 0.340383 -4.628445
v -417.691589 0.350789 -4.391525
v -424.904480 0.350789 -4.468475
v -417.675049 0.350788 -5.940029
v -424.887878 0.350788 -6.017044
v -417.675049 0.165228 -5.940029
v -424.887878 0.165228 -6.017044
v -417.671448 0.350788 -6.260155
v -424.884338 0.350788 -6.337082
v -417.691589 0.350789 -4.391525
v -424.904480 0.350789 -4.468475
v -417.691589 0.165228 -4.391525
v -424.904480 0.165228 -4.468475
v -417.688232 0.350789 -4.711559
v -424.901123 0.350789 -4.788532
v -429.923340 -0.000117 -7.062187
v -429.924194 0.147577 -6.963497
v -429.957520 -0.000116 -3.851044
v -429.956421 0.147577 -3.949665
v -429.924194 0.147577 -6.963497
v -430.645569 0.147577 -6.971207
v -429.956421 0.147577 -3.949665
v -430.677795 0.147577 -3.957378
v -430.644531 -0.000117 -7.069828
v -430.645569 0.147577 -6.971207
v -429.923340 -0.000117 -7.062187
v -429.924194 0.147577 -6.963497
v -429.957520 -0.000116 -3.851044
v -429.956421 0.147577 -3.949665
v -430.678650 -0.000116 -3.858749
v -430.677795 0.147577 -3.957378
v -426.316895 -0.000117 -7.023682
v -426.317749 0.147577 -6.925034
v -426.351074 -0.000116 -3.812534
v -426.349976 0.147578 -3.911201
v -426.317749 0.147577 -6.925034
v -427.039246 0.147577 -6.932747
v -426.349976 0.147578 -3.911201
v -427.071411 0.147578 -3.918892
v -427.038086 -0.000117 -7.031391
v -427.039246 0.147577 -6.932747
v -426.316895 -0.000117 -7.023682
v -426.317749 0.147577 -6.925034
v -426.351074 -0.000116 -3.812534
v -426.349976 0.147578 -3.911201
v -427.072327 -0.000116 -3.820225
v -427.071411 0.147578 -3.918892
v -432.097412 0.165228 -6.414051
v -432.097412 0.350788 -6.414051
v -432.098999 0.340383 -6.253967
v -432.100769 0.350788 -6.093971
v -432.113770 0.165228 -4.865456
v -432.113770 0.350788 -4.865456
v -432.115540 0.340383 -4.705418
v -432.117310 0.350789 -4.545422
v -432.100769 0.350788 -6.093971
v -432.100769 0.165228 -6.093971
v -432.097412 0.350788 -6.414051
v -432.117310 0.350789 -4.545422
v -432.117310 0.165228 -4.545422
v -432.113770 0.350788 -4.865456
v -437.136169 -0.000117 -7.139111
v -437.137024 0.147577 -7.040485
v -437.170410 -0.000116 -3.927944
v -437.169250 0.147577 -4.026588
v -437.137024 0.147577 -7.040485
v -437.858521 0.147577 -7.048176
v -437.169250 0.147577 -4.026588
v -437.890686 0.147577 -4.034370
v -437.857422 -0.000117 -7.146870
v -437.858521 0.147577 -7.048176
v -437.136169 -0.000117 -7.139111
v -437.137024 0.147577 -7.040485
v -437.170410 -0.000116 -3.927944
v -437.169250 0.147577 -4.026588
v -437.891602 -0.000116 -3.935722
v -437.890686 0.147577 -4.034370
v -433.529785 -0.000117 -7.100651
v -433.530640 0.147577 -7.001961
v -433.563965 -0.000116 -3.889507
v -433.562866 0.147577 -3.988129
v -433.530640 0.147577 -7.001961
v -434.252075 0.147577 -7.009693
v -433.562866 0.147577 -3.988129
v -434.284241 0.147577 -3.995861
v -434.250977 -0.000117 -7.108360
v -434.252075 0.147577 -7.009693
v -433.529785 -0.000117 -7.100651
v -433.530640 0.147577 -7.001961
v -433.563965 -0.000116 -3.889507
v -433.562866 0.147577 -3.988129
v -434.285156 -0.000116 -3.897213
v -434.284241 0.147577 -3.995861
v -439.310059 0.165228 -6.491039
v -439.310059 0.350788 -6.491039
v -439.311829 0.340383 -6.330978
v -439.313599 0.350788 -6.170895
v -439.326599 0.165228 -4.942421
v -439.326599 0.350788 -4.942421
v -439.328369 0.340383 -4.782433
v -439.329895 0.350789 -4.622345
v -439.313599 0.350788 -6.170895
v -439.313599 0.165228 -6.170895
v -439.310059 0.350788 -6.491039
v -439.329895 0.350789 -4.622345
v -439.329895 0.165228 -4.622345
v -439.326599 0.350788 -4.942421
v -444.348755 -0.000117 -7.216084
v -444.349915 0.147576 -7.117435
v -444.383240 -0.000116 -4.004982
v -444.382141 0.147577 -4.103603
v -444.349915 0.147576 -7.117435
v -445.071350 0.147576 -7.125099
v -444.382141 0.147577 -4.103603
v -445.103333 0.147577 -4.111294
v -445.070251 -0.000117 -7.223747
v -445.071350 0.147576 -7.125099
v -444.348755 -0.000117 -7.216084
v -444.349915 0.147576 -7.117435
v -444.383240 -0.000116 -4.004982
v -444.382141 0.147577 -4.103603
v -445.104431 -0.000116 -4.012646
v -445.103333 0.147577 -4.111294
v -440.742371 -0.000117 -7.177643
v -440.743469 0.147576 -7.078949
v -440.776794 -0.000116 -3.966431
v -440.775696 0.147577 -4.065098
v -440.743469 0.147576 -7.078949
v -441.464966 0.147576 -7.086658
v -440.775696 0.147577 -4.065098
v -441.497070 0.147577 -4.072830
v -441.463806 -0.000117 -7.185284
v -441.464966 0.147576 -7.086658
v -440.742371 -0.000117 -7.177643
v -440.743469 0.147576 -7.078949
v -440.776794 -0.000116 -3.966431
v -440.775696 0.147577 -4.065098
v -441.498047 -0.000116 -3.974205
v -441.497070 0.147577 -4.072830
v -446.522888 0.165228 -6.567986
v -446.522888 0.350788 -6.567986
v -446.524658 0.340383 -6.407906
v -446.526245 0.350788 -6.247860
v -446.539490 0.165228 -5.019375
v -446.539490 0.350788 -5.019375
v -446.541260 0.340383 -4.859356
v -446.542786 0.350789 -4.699291
v -446.526245 0.350788 -6.247860
v -446.526245 0.165228 -6.247860
v -446.522888 0.350788 -6.567986
v -446.542786 0.350789 -4.699291
v -446.542786 0.165228 -4.699291
v -446.539490 0.350788 -5.019375
v -451.561707 -0.000117 -7.293049
v -451.562744 0.147576 -7.194424
v -451.596130 -0.000116 -4.081882
v -451.594971 0.147577 -4.180531
v -451.562744 0.147576 -7.194424
v -452.283997 0.147576 -7.202068
v -451.594971 0.147577 -4.180531
v -452.316162 0.147577 -4.188263
v -452.283081 -0.000117 -7.300762
v -452.283997 0.147576 -7.202068
v -451.561707 -0.000117 -7.293049
v -451.562744 0.147576 -7.194424
v -451.596130 -0.000116 -4.081882
v -451.594971 0.147577 -4.180531
v -452.317322 -0.000116 -4.089615
v -452.316162 0.147577 -4.188263
v -447.955444 -0.000117 -7.254543
v -447.956360 0.147576 -7.155899
v -447.989441 -0.000116 -4.043446
v -447.988525 0.147577 -4.142067
v -447.956360 0.147576 -7.155899
v -448.677795 0.147576 -7.163631
v -447.988525 0.147577 -4.142067
v -448.709778 0.147577 -4.149734
v -448.676697 -0.000117 -7.262299
v -448.677795 0.147576 -7.163631
v -447.955444 -0.000117 -7.254543
v -447.956360 0.147576 -7.155899
v -447.989441 -0.000116 -4.043446
v -447.988525 0.147577 -4.142067
v -448.710876 -0.000116 -4.051086
v -448.709778 0.147577 -4.149734
v -453.735779 0.165228 -6.644958
v -453.735779 0.350788 -6.644958
v -453.737549 0.340383 -6.484871
v -453.739136 0.350788 -6.324833
v -453.752319 0.165228 -5.096363
v -453.752319 0.350788 -5.096363
v -453.753845 0.340383 -4.936256
v -453.755615 0.350789 -4.776283
v -453.739136 0.350788 -6.324833
v -453.739136 0.165228 -6.324833
v -453.735779 0.350788 -6.644958
v -453.755615 0.350789 -4.776283
v -453.755615 0.165228 -4.776283
v -453.752319 0.350788 -5.096363
v -458.774536 -0.000117 -7.369953
v -458.775696 0.147576 -7.271286
v -458.808777 -0.000116 -4.158829
v -458.807861 0.147577 -4.257454
v -458.775696 0.147576 -7.271286
v -459.497070 0.147576 -7.279060
v -458.807861 0.147577 -4.257454
v -459.529053 0.147577 -4.265163
v -459.495972 -0.000117 -7.377731
v -459.497070 0.147576 -7.279060
v -458.774536 -0.000117 -7.369953
v -458.775696 0.147576 -7.271286
v -458.808777 -0.000116 -4.158829
v -458.807861 0.147577 -4.257454
v -459.530151 -0.000116 -4.166538
v -459.529053 0.147577 -4.265163
v -455.168152 -0.000117 -7.331512
v -455.169250 0.147576 -7.232887
v -455.202515 -0.000116 -4.120365
v -455.201416 0.147577 -4.219059
v -455.169250 0.147576 -7.232887
v -455.890686 0.147576 -7.240528
v -455.201416 0.147577 -4.219059
v -455.922607 0.147577 -4.226704
v -455.889526 -0.000117 -7.339157
v -455.890686 0.147576 -7.240528
v -455.168152 -0.000117 -7.331512
v -455.169250 0.147576 -7.232887
v -455.202515 -0.000116 -4.120365
v -455.201416 0.147577 -4.219059
v -455.923706 -0.000116 -4.128078
v -455.922607 0.147577 -4.226704
v -460.948608 0.165228 -6.721836
v -460.948608 0.350788 -6.721836
v -460.950378 0.340383 -6.561844
v -460.951965 0.350788 -6.401779
v -460.965210 0.165228 -5.173286
v -460.965210 0.350788 -5.173286
v -460.966980 0.340369 -5.013226
v -460.968567 0.350788 -4.853210
v -460.951965 0.350788 -6.401779
v -460.951965 0.165228 -6.401779
v -460.948608 0.350788 -6.721836
v -460.968567 0.350788 -4.853210
v -460.968567 0.165228 -4.853210
v -460.965210 0.350788 -5.173286
v -466.089966 -0.000114 2.170135
v -466.091064 0.147579 2.268802
v -466.124390 -0.000113 5.381348
v -466.123291 0.147580 5.282658
v -466.091064 0.147579 2.268802
v -466.812256 0.147579 2.261112
v -466.123291 0.147580 5.282658
v -466.844421 0.147580 5.275036
v -466.811340 -0.000114 2.162468
v -466.812256 0.147579 2.261112
v -466.089966 -0.000114 2.170135
v -466.091064 0.147579 2.268802
v -466.124390 -0.000113 5.381348
v -466.123291 0.147580 5.282658
v -466.845581 -0.000113 5.373569
v -466.844421 0.147580 5.275036
v -462.483521 -0.000114 2.208687
v -462.484680 0.147579 2.307308
v -462.518005 -0.000113 5.419739
v -462.516846 0.147580 5.321140
v -462.484680 0.147579 2.307308
v -463.205872 0.147579 2.299553
v -462.516846 0.147580 5.321140
v -463.238281 0.147580 5.313450
v -463.205017 -0.000114 2.200977
v -463.205872 0.147579 2.299553
v -462.483521 -0.000114 2.208687
v -462.484680 0.147579 2.307308
v -462.518005 -0.000113 5.419739
v -462.516846 0.147580 5.321140
v -463.239136 -0.000113 5.412121
v -463.238281 0.147580 5.313450
v -468.264099 0.165231 2.818317
v -468.264099 0.350790 2.818317
v -468.265625 0.340386 2.978313
v -468.267456 0.350791 3.138420
v -468.280579 0.165231 4.366825
v -468.280579 0.350791 4.366825
v -461.069519 0.340386 4.603828
v -468.282166 0.340386 4.526932
v -461.071106 0.350791 4.763916
v -468.283936 0.350791 4.686947
v -468.267456 0.350791 3.138420
v -468.267456 0.165231 3.138420
v -468.264099 0.350790 2.818317
v -468.283936 0.350791 4.686947
v -468.283936 0.165231 4.686947
v -461.067749 0.350791 4.443836
v -468.280579 0.350791 4.366825
v -473.302795 -0.000114 2.093208
v -473.303955 0.147579 2.191898
v -473.337280 -0.000113 5.304352
v -473.336182 0.147580 5.205730
v -473.303955 0.147579 2.191898
v -474.025146 0.147579 2.184124
v -473.336182 0.147580 5.205730
v -474.057373 0.147580 5.198021
v -474.024048 -0.000114 2.085499
v -474.025146 0.147579 2.184124
v -473.302795 -0.000114 2.093208
v -473.303955 0.147579 2.191898
v -473.337280 -0.000113 5.304352
v -473.336182 0.147580 5.205730
v -474.058411 -0.000113 5.296688
v -474.057373 0.147580 5.198021
v -469.696411 -0.000114 2.131672
v -469.697510 0.147579 2.230343
v -469.730835 -0.000113 5.342793
v -469.729736 0.147580 5.244125
v -469.697510 0.147579 2.230343
v -470.418701 0.147579 2.222652
v -469.729736 0.147580 5.244125
v -470.450928 0.147580 5.236481
v -470.417847 -0.000114 2.124004
v -470.418701 0.147579 2.222652
v -469.696411 -0.000114 2.131672
v -469.697510 0.147579 2.230343
v -469.730835 -0.000113 5.342793
v -469.729736 0.147580 5.244125
v -470.451965 -0.000113 5.335110
v -470.450928 0.147580 5.236481
v -475.476929 0.165231 2.741344
v -475.476929 0.350790 2.741344
v -475.478699 0.340386 2.901340
v -475.480286 0.350790 3.061428
v -475.493408 0.165231 4.289875
v -475.493408 0.350791 4.289875
v -475.494995 0.340386 4.449982
v -475.496826 0.350791 4.609978
v -475.480286 0.350790 3.061428
v -475.480286 0.165231 3.061428
v -475.476929 0.350790 2.741344
v -475.496826 0.350791 4.609978
v -475.496826 0.165231 4.609978
v -475.493408 0.350791 4.289875
v -480.515686 -0.000114 2.016285
v -480.516785 0.147579 2.114910
v -480.550110 -0.000113 5.227386
v -480.549011 0.147580 5.128738
v -480.516785 0.147579 2.114910
v -481.237976 0.147579 2.107265
v -480.549011 0.147580 5.128738
v -481.270203 0.147580 5.121048
v -481.236877 -0.000114 2.008595
v -481.237976 0.147579 2.107265
v -480.515686 -0.000114 2.016285
v -480.516785 0.147579 2.114910
v -480.550110 -0.000113 5.227386
v -480.549011 0.147580 5.128738
v -481.271362 -0.000113 5.219723
v -481.270203 0.147580 5.121048
v -476.909241 -0.000114 2.054703
v -476.910339 0.147579 2.153374
v -476.943726 -0.000113 5.265892
v -476.942566 0.147580 5.167271
v -476.910339 0.147579 2.153374
v -477.631592 0.147579 2.145664
v -476.942566 0.147580 5.167271
v -477.663757 0.147580 5.159489
v -477.630737 -0.000114 2.047035
v -477.631592 0.147579 2.145664
v -476.909241 -0.000114 2.054703
v -476.910339 0.147579 2.153374
v -476.943726 -0.000113 5.265892
v -476.942566 0.147580 5.167271
v -477.664917 -0.000113 5.258183
v -477.663757 0.147580 5.159489
v -482.689758 0.165231 2.664329
v -482.689758 0.350790 2.664329
v -482.691345 0.340386 2.824436
v -482.693176 0.350790 2.984459
v -482.706360 0.165231 4.212975
v -482.706360 0.350791 4.212975
v -482.707886 0.340386 4.373013
v -482.709656 0.350791 4.533051
v -482.693176 0.350790 2.984459
v -482.693176 0.165231 2.984459
v -482.689758 0.350790 2.664329
v -482.709656 0.350791 4.533051
v -482.709656 0.165231 4.533051
v -482.706360 0.350791 4.212975
v -487.728516 -0.000114 1.939270
v -487.729675 0.147579 2.037941
v -487.762756 -0.000113 5.150482
v -487.761841 0.147580 5.051834
v -487.729675 0.147579 2.037941
v -488.450867 0.147579 2.030254
v -487.761841 0.147580 5.051834
v -488.483093 0.147580 5.044083
v -488.449707 -0.000114 1.931629
v -488.450867 0.147579 2.030254
v -487.728516 -0.000114 1.939270
v -487.729675 0.147579 2.037941
v -487.762756 -0.000113 5.150482
v -487.761841 0.147580 5.051834
v -488.484192 -0.000113 5.142708
v -488.483093 0.147580 5.044083
v -484.122070 -0.000114 1.977798
v -484.123230 0.147579 2.076424
v -484.156311 -0.000113 5.188923
v -484.155151 0.147580 5.090256
v -484.123230 0.147579 2.076424
v -484.844421 0.147579 2.068718
v -484.155151 0.147580 5.090256
v -484.876648 0.147580 5.082584
v -484.843323 -0.000114 1.970043
v -484.844421 0.147579 2.068718
v -484.122070 -0.000114 1.977798
v -484.123230 0.147579 2.076424
v -484.156311 -0.000113 5.188923
v -484.155151 0.147580 5.090256
v -484.877747 -0.000113 5.181232
v -484.876648 0.147580 5.082584
v -489.902649 0.165231 2.587383
v -489.902649 0.350790 2.587383
v -489.904236 0.340386 2.747494
v -489.906006 0.350790 2.907490
v -489.919189 0.165231 4.136002
v -489.919189 0.350791 4.136002
v -489.920715 0.340386 4.296066
v -489.922546 0.350791 4.456104
v -489.906006 0.350790 2.907490
v -489.906006 0.165231 2.907490
v -489.902649 0.350790 2.587383
v -489.922546 0.350791 4.456104
v -489.922546 0.165231 4.456104
v -489.919189 0.350791 4.136002
v -494.941467 -0.000114 1.862370
v -494.942322 0.147579 1.960972
v -494.975830 -0.000113 5.073490
v -494.974731 0.147580 4.974869
v -494.942322 0.147579 1.960972
v -495.663696 0.147579 1.953281
v -494.974731 0.147580 4.974869
v -495.695923 0.147580 4.967197
v -495.662598 -0.000114 1.854637
v -495.663696 0.147579 1.953281
v -494.941467 -0.000114 1.862370
v -494.942322 0.147579 1.960972
v -494.975830 -0.000113 5.073490
v -494.974731 0.147580 4.974869
v -495.697021 -0.000113 5.065804
v -495.695923 0.147580 4.967197
v -491.335022 -0.000114 1.900810
v -491.336060 0.147579 1.999454
v -491.369446 -0.000113 5.111954
v -491.368286 0.147580 5.013329
v -491.336060 0.147579 1.999454
v -492.057312 0.147579 1.991791
v -491.368286 0.147580 5.013329
v -492.089478 0.147580 5.005619
v -492.056396 -0.000114 1.893166
v -492.057312 0.147579 1.991791
v -491.335022 -0.000114 1.900810
v -491.336060 0.147579 1.999454
v -491.369446 -0.000113 5.111954
v -491.368286 0.147580 5.013329
v -492.090332 -0.000113 5.104244
v -492.089478 0.147580 5.005619
v -497.115479 0.165231 2.510486
v -497.115479 0.350790 2.510486
v -497.117065 0.340386 2.670479
v -497.118835 0.350790 2.830585
v -497.131836 0.165231 4.059036
v -497.131836 0.350791 4.059036
v -497.133606 0.340386 4.219097
v -497.135376 0.350791 4.379112
v -497.118835 0.350790 2.830585
v -497.118835 0.165231 2.830585
v -497.115479 0.350790 2.510486
v -497.135376 0.350791 4.379112
v -497.135376 0.165231 4.379112
v -497.131836 0.350791 4.059036
v -502.154297 -0.000114 1.785400
v -502.155334 0.147579 1.884022
v -502.188416 -0.000113 4.996521
v -502.187378 0.147580 4.897854
v -502.155334 0.147579 1.884022
v -502.876587 0.147579 1.876316
v -502.187378 0.147580 4.897854
v -502.908813 0.147580 4.890232
v -502.875427 -0.000114 1.777733
v -502.876587 0.147579 1.876316
v -502.154297 -0.000114 1.785400
v -502.155334 0.147579 1.884022
v -502.188416 -0.000113 4.996521
v -502.187378 0.147580 4.897854
v -502.909668 -0.000113 4.988831
v -502.908813 0.147580 4.890232
v -498.547852 -0.000114 1.823837
v -498.549011 0.147579 1.922512
v -498.582031 -0.000113 5.034943
v -498.581177 0.147580 4.936405
v -498.549011 0.147579 1.922512
v -499.270142 0.147579 1.914822
v -498.581177 0.147580 4.936405
v -499.302368 0.147580 4.928646
v -499.269043 -0.000114 1.816174
v -499.270142 0.147579 1.914822
v -498.547852 -0.000114 1.823837
v -498.549011 0.147579 1.922512
v -498.582031 -0.000113 5.034943
v -498.581177 0.147580 4.936405
v -499.303467 -0.000113 5.027321
v -499.302368 0.147580 4.928646
v -504.328125 0.165231 2.433513
v -504.328125 0.350790 2.433513
v -504.329956 0.340386 2.593509
v -504.331543 0.350790 2.753616
v -504.344910 0.165231 3.982086
v -504.344910 0.350791 3.982086
v -504.346436 0.340372 4.142128
v -504.348206 0.350791 4.302166
v -504.331543 0.350790 2.753616
v -504.331543 0.165231 2.753616
v -504.328125 0.350790 2.433513
v -504.348206 0.350791 4.302166
v -504.348206 0.165231 4.302166
v -504.344910 0.350791 3.982086
v -466.038757 -0.000116 -2.638393
v -466.039734 0.147578 -2.539768
v -466.072998 -0.000115 0.572731
v -466.071838 0.147579 0.474056
v -466.039734 0.147578 -2.539768
v -466.761108 0.147578 -2.547413
v -466.071838 0.147579 0.474056
v -466.793274 0.147579 0.466393
v -466.760010 -0.000116 -2.646061
v -466.761108 0.147578 -2.547413
v -466.038757 -0.000116 -2.638393
v -466.039734 0.147578 -2.539768
v -466.072998 -0.000115 0.572731
v -466.071838 0.147579 0.474056
v -466.794373 -0.000115 0.565041
v -466.793274 0.147579 0.466393
v -462.432373 -0.000116 -2.599884
v -462.433472 0.147578 -2.501308
v -462.466553 -0.000115 0.611214
v -462.465454 0.147579 0.512611
v -462.433472 0.147578 -2.501308
v -463.154663 0.147578 -2.508972
v -462.465454 0.147579 0.512611
v -463.186829 0.147579 0.504925
v -463.153564 -0.000116 -2.607620
v -463.154663 0.147578 -2.508972
v -462.432373 -0.000116 -2.599884
v -462.433472 0.147578 -2.501308
v -462.466553 -0.000115 0.611214
v -462.465454 0.147579 0.512611
v -463.187988 -0.000115 0.603592
v -463.186829 0.147579 0.504925
v -468.212646 0.165229 -1.990276
v -468.212646 0.350789 -1.990276
v -468.214478 0.340384 -1.830215
v -468.216248 0.350790 -1.670177
v -468.229187 0.165230 -0.441708
v -468.229187 0.350790 -0.441708
v -461.018127 0.340385 -0.204697
v -468.231018 0.340385 -0.281670
v -461.019897 0.350790 -0.044609
v -468.232788 0.350790 -0.121624
v -468.216248 0.350790 -1.670177
v -468.216248 0.165229 -1.670177
v -468.212646 0.350789 -1.990276
v -468.232788 0.350790 -0.121624
v -468.232788 0.165230 -0.121624
v -461.016357 0.350790 -0.364693
v -468.229187 0.350790 -0.441708
v -473.251465 -0.000116 -2.715389
v -473.252563 0.147578 -2.616695
v -473.285828 -0.000115 0.495827
v -473.284729 0.147579 0.397202
v -473.252563 0.147578 -2.616695
v -473.973999 0.147578 -2.624405
v -473.284729 0.147579 0.397202
v -474.006104 0.147579 0.389423
v -473.972839 -0.000116 -2.723030
v -473.973999 0.147578 -2.624405
v -473.251465 -0.000116 -2.715389
v -473.252563 0.147578 -2.616695
v -473.285828 -0.000115 0.495827
v -473.284729 0.147579 0.397202
v -474.007019 -0.000115 0.488049
v -474.006104 0.147579 0.389423
v -469.645203 -0.000116 -2.676857
v -469.646118 0.147578 -2.578232
v -469.679443 -0.000115 0.534267
v -469.678284 0.147579 0.435596
v -469.646118 0.147578 -2.578232
v -470.367554 0.147578 -2.585941
v -469.678284 0.147579 0.435596
v -470.399719 0.147579 0.427952
v -470.366394 -0.000116 -2.684570
v -470.367554 0.147578 -2.585941
v -469.645203 -0.000116 -2.676857
v -469.646118 0.147578 -2.578232
v -469.679443 -0.000115 0.534267
v -469.678284 0.147579 0.435596
v -470.400818 -0.000115 0.526577
v -470.399719 0.147579 0.427952
v -475.425476 0.165229 -2.067226
v -475.425476 0.350789 -2.067226
v -475.427368 0.340384 -1.907185
v -475.429138 0.350789 -1.747105
v -475.442078 0.165230 -0.518673
v -475.442078 0.350790 -0.518673
v -475.443848 0.340385 -0.358566
v -475.445435 0.350790 -0.198551
v -475.429138 0.350789 -1.747105
v -475.429138 0.165229 -1.747105
v -475.425476 0.350789 -2.067226
v -475.445435 0.350790 -0.198551
v -475.445435 0.165230 -0.198551
v -475.442078 0.350790 -0.518673
v -480.464478 -0.000116 -2.792244
v -480.465393 0.147578 -2.693638
v -480.498718 -0.000115 0.418858
v -480.497559 0.147579 0.320210
v -480.465393 0.147578 -2.693638
v -481.186829 0.147578 -2.701397
v -480.497559 0.147579 0.320210
v -481.218811 0.147579 0.312500
v -481.185730 -0.000116 -2.800018
v -481.186829 0.147578 -2.701397
v -480.464478 -0.000116 -2.792244
v -480.465393 0.147578 -2.693638
v -480.498718 -0.000115 0.418858
v -480.497559 0.147579 0.320210
v -481.219910 -0.000115 0.411148
v -481.218811 0.147579 0.312500
v -476.858093 -0.000116 -2.753826
v -476.859192 0.147578 -2.655155
v -476.892273 -0.000115 0.457298
v -476.891174 0.147579 0.358669
v -476.859192 0.147578 -2.655155
v -477.580200 0.147578 -2.662868
v -476.891174 0.147579 0.358669
v -477.612366 0.147579 0.350964
v -477.579285 -0.000116 -2.761494
v -477.580200 0.147578 -2.662868
v -476.858093 -0.000116 -2.753826
v -476.859192 0.147578 -2.655155
v -476.892273 -0.000115 0.457298
v -476.891174 0.147579 0.358669
v -477.613647 -0.000115 0.449612
v -477.612366 0.147579 0.350964
v -482.638428 0.165229 -2.144196
v -482.638428 0.350789 -2.144196
v -482.640198 0.340384 -1.984177
v -482.641724 0.350789 -1.824070
v -482.654907 0.165230 -0.595623
v -482.654907 0.350790 -0.595623
v -482.656677 0.340385 -0.435558
v -482.658508 0.350790 -0.275562
v -482.641724 0.350789 -1.824070
v -482.641724 0.165229 -1.824070
v -482.638428 0.350789 -2.144196
v -482.658508 0.350790 -0.275562
v -482.658508 0.165230 -0.275562
v -482.654907 0.350790 -0.595623
v -487.677185 -0.000116 -2.869259
v -487.678284 0.147578 -2.770634
v -487.711548 -0.000115 0.341843
v -487.710449 0.147579 0.243195
v -487.678284 0.147578 -2.770634
v -488.399475 0.147578 -2.778297
v -487.710449 0.147579 0.243195
v -488.431885 0.147579 0.235550
v -488.398560 -0.000116 -2.876904
v -488.399475 0.147578 -2.778297
v -487.677185 -0.000116 -2.869259
v -487.678284 0.147578 -2.770634
v -487.711548 -0.000115 0.341843
v -487.710449 0.147579 0.243195
v -488.432739 -0.000115 0.334179
v -488.431885 0.147579 0.235550
v -484.070923 -0.000116 -2.830818
v -484.071838 0.147578 -2.732170
v -484.105103 -0.000115 0.380394
v -484.104004 0.147579 0.281723
v -484.071838 0.147578 -2.732170
v -484.793030 0.147578 -2.739834
v -484.104004 0.147579 0.281723
v -484.825500 0.147579 0.273991
v -484.792114 -0.000116 -2.838482
v -484.793030 0.147578 -2.739834
v -484.070923 -0.000116 -2.830818
v -484.071838 0.147578 -2.732170
v -484.105103 -0.000115 0.380394
v -484.104004 0.147579 0.281723
v -484.826355 -0.000115 0.372639
v -484.825500 0.147579 0.273991
v -489.851257 0.165229 -2.221165
v -489.851257 0.350789 -2.221165
v -489.853027 0.340384 -2.061058
v -489.854553 0.350789 -1.901043
v -489.867798 0.165230 -0.672523
v -489.867798 0.350790 -0.672523
v -489.869568 0.340385 -0.512531
v -489.871155 0.350790 -0.352448
v -489.854553 0.350789 -1.901043
v -489.854553 0.165229 -1.901043
v -489.851257 0.350789 -2.221165
v -489.871155 0.350790 -0.352448
v -489.871155 0.165230 -0.352448
v -489.867798 0.350790 -0.672523
v -494.890015 -0.000116 -2.946224
v -494.891113 0.147578 -2.847557
v -494.924438 -0.000115 0.264965
v -494.923279 0.147579 0.166336
v -494.891113 0.147578 -2.847557
v -495.612366 0.147578 -2.855270
v -494.923279 0.147579 0.166336
v -495.644470 0.147579 0.158562
v -495.611389 -0.000116 -2.953896
v -495.612366 0.147578 -2.855270
v -494.890015 -0.000116 -2.946224
v -494.891113 0.147578 -2.847557
v -494.924438 -0.000115 0.264965
v -494.923279 0.147579 0.166336
v -495.645630 -0.000115 0.257210
v -495.644470 0.147579 0.158562
v -491.283569 -0.000116 -2.907722
v -491.284729 0.147578 -2.809093
v -491.317993 -0.000115 0.303425
v -491.316833 0.147579 0.204758
v -491.284729 0.147578 -2.809093
v -492.005920 0.147578 -2.816807
v -491.316833 0.147579 0.204758
v -492.038330 0.147579 0.197090
v -492.005005 -0.000116 -2.915432
v -492.005920 0.147578 -2.816807
v -491.283569 -0.000116 -2.907722
v -491.284729 0.147578 -2.809093
v -491.317993 -0.000115 0.303425
v -491.316833 0.147579 0.204758
v -492.039185 -0.000115 0.295715
v -492.038330 0.147579 0.197090
v -497.064148 0.165229 -2.298111
v -497.064148 0.350789 -2.298111
v -497.065674 0.340384 -2.138046
v -497.067444 0.350789 -1.978058
v -497.080627 0.165230 -0.749496
v -497.080627 0.350790 -0.749496
v -497.082214 0.340385 -0.589500
v -497.084229 0.350790 -0.429413
v -497.067444 0.350789 -1.978058
v -497.067444 0.165229 -1.978058
v -497.064148 0.350789 -2.298111
v -497.084229 0.350790 -0.429413
v -497.084229 0.165230 -0.429413
v -497.080627 0.350790 -0.749496
v -502.102844 -0.000116 -3.023129
v -502.104004 0.147578 -2.924572
v -502.137268 -0.000115 0.187992
v -502.136169 0.147579 0.089325
v -502.104004 0.147578 -2.924572
v -502.825195 0.147578 -2.932236
v -502.136169 0.147579 0.089325
v -502.857361 0.147579 0.081638
v -502.824280 -0.000116 -3.030910
v -502.825195 0.147578 -2.932236
v -502.102844 -0.000116 -3.023129
v -502.104004 0.147578 -2.924572
v -502.137268 -0.000115 0.187992
v -502.136169 0.147579 0.089325
v -502.858459 -0.000115 0.180305
v -502.857361 0.147579 0.081638
v -498.496460 -0.000116 -2.984688
v -498.497559 0.147578 -2.886040
v -498.530823 -0.000115 0.226414
v -498.529724 0.147579 0.127808
v -498.497559 0.147578 -2.886040
v -499.218994 0.147578 -2.893711
v -498.529724 0.147579 0.127808
v -499.250916 0.147579 0.120102
v -499.217834 -0.000116 -2.992355
v -499.218994 0.147578 -2.893711
v -498.496460 -0.000116 -2.984688
v -498.497559 0.147578 -2.886040
v -498.530823 -0.000115 0.226414
v -498.529724 0.147579 0.127808
v -499.252075 -0.000115 0.218792
v -499.250916 0.147579 0.120102
v -504.276978 0.165229 -2.375057
v -504.276978 0.350789 -2.375057
v -504.278748 0.340384 -2.215019
v -504.280579 0.350789 -2.054913
v -504.293518 0.165230 -0.826508
v -504.293518 0.350790 -0.826508
v -504.295105 0.340370 -0.666424
v -504.296875 0.350790 -0.506428
v -504.280579 0.350789 -2.054913
v -504.280579 0.165229 -2.054913
v -504.276978 0.350789 -2.375057
v -504.296875 0.350790 -0.506428
v -504.296875 0.165230 -0.506428
v -504.293518 0.350790 -0.826508
v -465.987427 -0.000117 -7.446922
v -465.988525 0.147576 -7.348297
v -466.021790 -0.000116 -4.235798
v -466.020691 0.147577 -4.334469
v -465.988525 0.147576 -7.348297
v -466.709656 0.147576 -7.356033
v -466.020691 0.147577 -4.334469
v -466.742126 0.147577 -4.342178
v -466.708618 -0.000117 -7.454632
v -466.709656 0.147576 -7.356033
v -465.987427 -0.000117 -7.446922
v -465.988525 0.147576 -7.348297
v -466.021790 -0.000116 -4.235798
v -466.020691 0.147577 -4.334469
v -466.743042 -0.000116 -4.243511
v -466.742126 0.147577 -4.342178
v -462.380981 -0.000117 -7.408485
v -462.382080 0.147576 -7.309837
v -462.415100 -0.000116 -4.197380
v -462.414246 0.147577 -4.295940
v -462.382080 0.147576 -7.309837
v -463.103271 0.147576 -7.317543
v -462.414246 0.147577 -4.295940
v -463.135498 0.147577 -4.303696
v -463.102417 -0.000117 -7.416149
v -463.103271 0.147576 -7.317543
v -462.380981 -0.000117 -7.408485
v -462.382080 0.147576 -7.309837
v -462.415100 -0.000116 -4.197380
v -462.414246 0.147577 -4.295940
v -463.136597 -0.000116 -4.205048
v -463.135498 0.147577 -4.303696
v -468.161499 0.165228 -6.798851
v -468.161499 0.350788 -6.798851
v -468.163269 0.340383 -6.638809
v -468.164856 0.350788 -6.478703
v -468.177795 0.165228 -5.250237
v -468.177795 0.350788 -5.250237
v -460.966980 0.340383 -5.013226
v -468.179565 0.340383 -5.090218
v -460.968567 0.350788 -4.853210
v -468.181396 0.350788 -4.930153
v -468.164856 0.350788 -6.478703
v -468.164856 0.165228 -6.478703
v -468.161499 0.350788 -6.798851
v -468.181396 0.350788 -4.930153
v -468.181396 0.165228 -4.930153
v -460.965210 0.350788 -5.173286
v -468.177795 0.350788 -5.250237
v -473.200256 -0.000117 -7.523914
v -473.201416 0.147576 -7.425266
v -473.234497 -0.000116 -4.312767
v -473.233521 0.147577 -4.411438
v -473.201416 0.147576 -7.425266
v -473.922607 0.147576 -7.432930
v -473.233521 0.147577 -4.411438
v -473.954773 0.147577 -4.419106
v -473.921448 -0.000117 -7.531578
v -473.922607 0.147576 -7.432930
v -473.200256 -0.000117 -7.523914
v -473.201416 0.147576 -7.425266
v -473.234497 -0.000116 -4.312767
v -473.233521 0.147577 -4.411438
v -473.955872 -0.000116 -4.320477
v -473.954773 0.147577 -4.419106
v -469.593872 -0.000117 -7.485382
v -469.594971 0.147576 -7.386826
v -469.628052 -0.000116 -4.274284
v -469.627136 0.147577 -4.372929
v -469.594971 0.147576 -7.386826
v -470.316101 0.147576 -7.394470
v -469.627136 0.147577 -4.372929
v -470.348328 0.147577 -4.380573
v -470.315063 -0.000117 -7.493164
v -470.316101 0.147576 -7.394470
v -469.593872 -0.000117 -7.485382
v -469.594971 0.147576 -7.386826
v -469.628052 -0.000116 -4.274284
v -469.627136 0.147577 -4.372929
v -470.349426 -0.000116 -4.282017
v -470.348328 0.147577 -4.380573
v -475.374329 0.165228 -6.875820
v -475.374329 0.350788 -6.875820
v -475.375916 0.340383 -6.715714
v -475.377686 0.350788 -6.555698
v -475.390869 0.165228 -5.327206
v -475.390869 0.350788 -5.327206
v -475.392395 0.340383 -5.167229
v -475.394287 0.350788 -5.007122
v -475.377686 0.350788 -6.555698
v -475.377686 0.165228 -6.555698
v -475.374329 0.350788 -6.875820
v -475.394287 0.350788 -5.007122
v -475.394287 0.165228 -5.007122
v -475.390869 0.350788 -5.327206
v -480.413147 -0.000117 -7.600883
v -480.414246 0.147576 -7.502239
v -480.447327 -0.000116 -4.389717
v -480.446411 0.147577 -4.488342
v -480.414246 0.147576 -7.502239
v -481.135437 0.147576 -7.509945
v -480.446411 0.147577 -4.488342
v -481.167603 0.147577 -4.496098
v -481.134521 -0.000117 -7.608551
v -481.135437 0.147576 -7.509945
v -480.413147 -0.000117 -7.600883
v -480.414246 0.147576 -7.502239
v -480.447327 -0.000116 -4.389717
v -480.446411 0.147577 -4.488342
v -481.168762 -0.000116 -4.397449
v -481.167603 0.147577 -4.496098
v -476.806702 -0.000117 -7.562378
v -476.807800 0.147576 -7.463730
v -476.840881 -0.000116 -4.351231
v -476.839966 0.147577 -4.449902
v -476.807800 0.147576 -7.463730
v -477.529053 0.147576 -7.471462
v -476.839966 0.147577 -4.449902
v -477.561157 0.147577 -4.457565
v -477.528076 -0.000117 -7.570019
v -477.529053 0.147576 -7.471462
v -476.806702 -0.000117 -7.562378
v -476.807800 0.147576 -7.463730
v -476.840881 -0.000116 -4.351231
v -476.839966 0.147577 -4.449902
v -477.562317 -0.000116 -4.358917
v -477.561157 0.147577 -4.457565
v -482.587158 0.165228 -6.952724
v -482.587158 0.350788 -6.952724
v -482.589050 0.340383 -6.792706
v -482.590576 0.350788 -6.632645
v -482.603760 0.165228 -5.404171
v -482.603760 0.350788 -5.404171
v -482.605347 0.340383 -5.244091
v -482.607117 0.350788 -5.084095
v -482.590576 0.350788 -6.632645
v -482.590576 0.165228 -6.632645
v -482.587158 0.350788 -6.952724
v -482.607117 0.350788 -5.084095
v -482.607117 0.165228 -5.084095
v -482.603760 0.350788 -5.404171
v -487.625977 -0.000117 -7.677784
v -487.627136 0.147576 -7.579163
v -487.660156 -0.000116 -4.466682
v -487.659241 0.147577 -4.565331
v -487.627136 0.147576 -7.579163
v -488.348328 0.147576 -7.586895
v -487.659241 0.147577 -4.565331
v -488.380493 0.147577 -4.573002
v -488.347168 -0.000117 -7.685562
v -488.348328 0.147576 -7.586895
v -487.625977 -0.000117 -7.677784
v -487.627136 0.147576 -7.579163
v -487.660156 -0.000116 -4.466682
v -487.659241 0.147577 -4.565331
v -488.381592 -0.000116 -4.474350
v -488.380493 0.147577 -4.573002
v -484.019531 -0.000117 -7.639347
v -484.020691 0.147576 -7.540699
v -484.053772 -0.000116 -4.428242
v -484.052856 0.147577 -4.526871
v -484.020691 0.147576 -7.540699
v -484.741882 0.147576 -7.548363
v -484.052856 0.147577 -4.526871
v -484.774048 0.147577 -4.534538
v -484.740784 -0.000117 -7.647034
v -484.741882 0.147576 -7.548363
v -484.019531 -0.000117 -7.639347
v -484.020691 0.147576 -7.540699
v -484.053772 -0.000116 -4.428242
v -484.052856 0.147577 -4.526871
v -484.775146 -0.000116 -4.435886
v -484.774048 0.147577 -4.534538
v -489.799866 0.165228 -7.029713
v -489.799866 0.350788 -7.029713
v -489.801636 0.340383 -6.869652
v -489.803406 0.350788 -6.709568
v -489.816406 0.165228 -5.481163
v -489.816406 0.350788 -5.481163
v -489.818176 0.340383 -5.321079
v -489.819946 0.350788 -5.161060
v -489.803406 0.350788 -6.709568
v -489.803406 0.165228 -6.709568
v -489.799866 0.350788 -7.029713
v -489.819946 0.350788 -5.161060
v -489.819946 0.165228 -5.161060
v -489.816406 0.350788 -5.481163
v -494.838867 -0.000117 -7.754757
v -494.839966 0.147576 -7.656086
v -494.873047 -0.000116 -4.543629
v -494.871948 0.147577 -4.642258
v -494.839966 0.147576 -7.656086
v -495.561157 0.147576 -7.663795
v -494.871948 0.147577 -4.642258
v -495.593323 0.147577 -4.649967
v -495.560059 -0.000117 -7.762466
v -495.561157 0.147576 -7.663795
v -494.838867 -0.000117 -7.754757
v -494.839966 0.147576 -7.656086
v -494.873047 -0.000116 -4.543629
v -494.871948 0.147577 -4.642258
v -495.594421 -0.000116 -4.551342
v -495.593323 0.147577 -4.649967
v -491.232422 -0.000117 -7.716316
v -491.233521 0.147576 -7.617687
v -491.266602 -0.000116 -4.505104
v -491.265503 0.147577 -4.603794
v -491.233521 0.147576 -7.617687
v -491.954712 0.147576 -7.625332
v -491.265503 0.147577 -4.603794
v -491.986877 0.147577 -4.611504
v -491.953613 -0.000117 -7.723980
v -491.954712 0.147576 -7.625332
v -491.232422 -0.000117 -7.716316
v -491.233521 0.147576 -7.617687
v -491.266602 -0.000116 -4.505104
v -491.265503 0.147577 -4.603794
v -491.988037 -0.000116 -4.512878
v -491.986877 0.147577 -4.611504
v -497.012939 0.165228 -7.106663
v -497.012939 0.350788 -7.106663
v -497.014709 0.340383 -6.946579
v -497.016235 0.350788 -6.786583
v -497.029236 0.165228 -5.558022
v -497.029236 0.350788 -5.558022
v -497.031067 0.340383 -5.398048
v -497.032837 0.350788 -5.237942
v -497.016235 0.350788 -6.786583
v -497.016235 0.165228 -6.786583
v -497.012939 0.350788 -7.106663
v -497.032837 0.350788 -5.237942
v -497.032837 0.165228 -5.237942
v -497.029236 0.350788 -5.558022
v -502.051514 -0.000117 -7.831722
v -502.052795 0.147576 -7.733101
v -502.085876 -0.000116 -4.620602
v -502.084961 0.147577 -4.719204
v -502.052795 0.147576 -7.733101
v -502.774048 0.147576 -7.740807
v -502.084961 0.147577 -4.719204
v -502.806152 0.147577 -4.726982
v -502.772888 -0.000117 -7.839436
v -502.774048 0.147576 -7.740807
v -502.051514 -0.000117 -7.831722
v -502.052795 0.147576 -7.733101
v -502.085876 -0.000116 -4.620602
v -502.084961 0.147577 -4.719204
v -502.807312 -0.000116 -4.628311
v -502.806152 0.147577 -4.726982
v -498.445251 -0.000117 -7.793217
v -498.446106 0.147576 -7.694572
v -498.479492 -0.000116 -4.582119
v -498.478577 0.147577 -4.680767
v -498.446106 0.147576 -7.694572
v -499.167603 0.147576 -7.702347
v -498.478577 0.147577 -4.680767
v -499.199768 0.147577 -4.688431
v -499.166504 -0.000117 -7.800949
v -499.167603 0.147576 -7.702347
v -498.445251 -0.000117 -7.793217
v -498.446106 0.147576 -7.694572
v -498.479492 -0.000116 -4.582119
v -498.478577 0.147577 -4.680767
v -499.200684 -0.000116 -4.589783
v -499.199768 0.147577 -4.688431
v -504.225525 0.165227 -7.183651
v -504.225525 0.350788 -7.183651
v -504.227356 0.340383 -7.023571
v -504.229126 0.350788 -6.863506
v -504.242126 0.165228 -5.635036
v -504.242126 0.350788 -5.635036
v -504.243896 0.340368 -5.475018
v -504.245667 0.350788 -5.314957
v -504.229126 0.350788 -6.863506
v -504.229126 0.165228 -6.863506
v -504.225525 0.350788 -7.183651
v -504.245667 0.350788 -5.314957
v -504.245667 0.165228 -5.314957
v -504.242126 0.350788 -5.635036
v -509.367188 -0.000114 1.708450
v -509.368042 0.147579 1.807098
v -509.401367 -0.000113 4.919556
v -509.400208 0.147580 4.820930
v -509.368042 0.147579 1.807098
v -510.089417 0.147579 1.799393
v -509.400208 0.147580 4.820930
v -510.121399 0.147580 4.813217
v -510.088379 -0.000114 1.700764
v -510.089417 0.147579 1.799393
v -509.367188 -0.000114 1.708450
v -509.368042 0.147579 1.807098
v -509.401367 -0.000113 4.919556
v -509.400208 0.147580 4.820930
v -510.122498 -0.000113 4.911842
v -510.121399 0.147580 4.813217
v -505.760742 -0.000114 1.746872
v -505.761597 0.147579 1.845497
v -505.794861 -0.000113 4.958061
v -505.793823 0.147580 4.859390
v -505.761597 0.147579 1.845497
v -506.482971 0.147579 1.837852
v -505.793823 0.147580 4.859390
v -506.515198 0.147580 4.851749
v -506.481873 -0.000114 1.739227
v -506.482971 0.147579 1.837852
v -505.760742 -0.000114 1.746872
v -505.761597 0.147579 1.845497
v -505.794861 -0.000113 4.958061
v -505.793823 0.147580 4.859390
v -506.516052 -0.000113 4.950306
v -506.515198 0.147580 4.851749
v -511.541199 0.165231 2.356548
v -511.541199 0.350790 2.356548
v -511.542786 0.340385 2.516605
v -511.544556 0.350790 2.676624
v -511.557495 0.165231 3.905140
v -511.557495 0.350791 3.905140
v -504.346436 0.340386 4.142128
v -511.559326 0.340386 4.065178
v -504.348206 0.350791 4.302166
v -511.560913 0.350791 4.225243
v -511.544556 0.350790 2.676624
v -511.544556 0.165231 2.676624
v -511.541199 0.350790 2.356548
v -511.560913 0.350791 4.225243
v -511.560913 0.165231 4.225243
v -504.344910 0.350791 3.982086
v -511.557495 0.350791 3.905140
v -516.580017 -0.000114 1.631481
v -516.580872 0.147579 1.730083
v -516.614197 -0.000113 4.842651
v -516.613098 0.147580 4.744003
v -516.580872 0.147579 1.730083
v -517.302368 0.147579 1.722420
v -516.613098 0.147580 4.744003
v -517.334473 0.147580 4.736244
v -517.301208 -0.000114 1.623772
v -517.302368 0.147579 1.722420
v -516.580017 -0.000114 1.631481
v -516.580872 0.147579 1.730083
v -516.614197 -0.000113 4.842651
v -516.613098 0.147580 4.744003
v -517.335388 -0.000113 4.834873
v -517.334473 0.147580 4.736244
v -512.973572 -0.000114 1.669968
v -512.974426 0.147579 1.768635
v -513.007812 -0.000113 4.881092
v -513.006653 0.147580 4.782467
v -512.974426 0.147579 1.768635
v -513.695862 0.147579 1.760883
v -513.006653 0.147580 4.782467
v -513.728088 0.147580 4.774754
v -513.694702 -0.000114 1.662304
v -513.695862 0.147579 1.760883
v -512.973572 -0.000114 1.669968
v -512.974426 0.147579 1.768635
v -513.007812 -0.000113 4.881092
v -513.006653 0.147580 4.782467
v -513.728943 -0.000113 4.873444
v -513.728088 0.147580 4.774754
v -518.753845 0.165231 2.279621
v -518.753845 0.350790 2.279621
v -518.755676 0.340385 2.439640
v -518.757263 0.350790 2.599720
v -518.770386 0.165231 3.828171
v -518.770386 0.350791 3.828171
v -518.772217 0.340386 3.988231
v -518.773987 0.350791 4.148251
v -518.757263 0.350790 2.599720
v -518.757263 0.165231 2.599720
v -518.753845 0.350790 2.279621
v -518.773987 0.350791 4.148251
v -518.773987 0.165231 4.148251
v -518.770386 0.350791 3.828171
v -523.792847 -0.000114 1.554539
v -523.793701 0.147579 1.653206
v -523.827087 -0.000113 4.765678
v -523.825928 0.147580 4.666988
v -523.793701 0.147579 1.653206
v -524.515198 0.147579 1.645451
v -523.825928 0.147580 4.666988
v -524.547180 0.147580 4.659348
v -524.514099 -0.000114 1.546757
v -524.515198 0.147579 1.645451
v -523.792847 -0.000114 1.554539
v -523.793701 0.147579 1.653206
v -523.827087 -0.000113 4.765678
v -523.825928 0.147580 4.666988
v -524.548218 -0.000113 4.757969
v -524.547180 0.147580 4.659348
v -520.186462 -0.000114 1.592999
v -520.187317 0.147579 1.691620
v -520.220642 -0.000113 4.804123
v -520.219543 0.147580 4.705452
v -520.187317 0.147579 1.691620
v -520.908691 0.147579 1.683956
v -520.219543 0.147580 4.705452
v -520.940918 0.147580 4.697784
v -520.907654 -0.000114 1.585308
v -520.908691 0.147579 1.683956
v -520.186462 -0.000114 1.592999
v -520.187317 0.147579 1.691620
v -520.220642 -0.000113 4.804123
v -520.219543 0.147580 4.705452
v -520.941772 -0.000113 4.796432
v -520.940918 0.147580 4.697784
v -525.966736 0.165230 2.202652
v -525.966736 0.350790 2.202652
v -525.968506 0.340385 2.362690
v -525.970276 0.350790 2.522754
v -525.983521 0.165231 3.751201
v -525.983521 0.350791 3.751201
v -525.985107 0.340386 3.911266
v -525.986877 0.350791 4.071304
v -525.970276 0.350790 2.522754
v -525.970276 0.165231 2.522754
v -525.966736 0.350790 2.202652
v -525.986877 0.350791 4.071304
v -525.986877 0.165231 4.071304
v -525.983521 0.350791 3.751201
v -531.005493 -0.000114 1.477566
v -531.006592 0.147579 1.576233
v -531.039917 -0.000113 4.688690
v -531.038818 0.147580 4.590065
v -531.006592 0.147579 1.576233
v -531.728027 0.147579 1.568550
v -531.038818 0.147580 4.590065
v -531.760193 0.147580 4.582355
v -531.726929 -0.000114 1.469902
v -531.728027 0.147579 1.568550
v -531.005493 -0.000114 1.477566
v -531.006592 0.147579 1.576233
v -531.039917 -0.000113 4.688690
v -531.038818 0.147580 4.590065
v -531.761047 -0.000113 4.681000
v -531.760193 0.147580 4.582355
v -527.399048 -0.000114 1.516006
v -527.400146 0.147579 1.614697
v -527.433472 -0.000113 4.727219
v -527.432373 0.147580 4.628571
v -527.400146 0.147579 1.614697
v -528.121338 0.147579 1.606991
v -527.432373 0.147580 4.628571
v -528.153564 0.147580 4.620815
v -528.120483 -0.000114 1.508362
v -528.121338 0.147579 1.606991
v -527.399048 -0.000114 1.516006
v -527.400146 0.147579 1.614697
v -527.433472 -0.000113 4.727219
v -527.432373 0.147580 4.628571
v -528.154724 -0.000113 4.719444
v -528.153564 0.147580 4.620815
v -533.179871 0.165230 2.125683
v -533.179871 0.350790 2.125683
v -533.181335 0.340385 2.285743
v -533.182922 0.350790 2.445781
v -533.196167 0.165231 3.674297
v -533.196167 0.350791 3.674297
v -533.197937 0.340386 3.834293
v -533.199463 0.350791 3.994377
v -533.182922 0.350790 2.445781
v -533.182922 0.165231 2.445781
v -533.179871 0.350790 2.125683
v -533.199463 0.350791 3.994377
v -533.199463 0.165231 3.994377
v -533.196167 0.350791 3.674297
v -538.218323 -0.000114 1.400597
v -538.219421 0.147579 1.499222
v -538.252808 -0.000113 4.611721
v -538.251648 0.147580 4.513119
v -538.219421 0.147579 1.499222
v -538.940674 0.147579 1.491554
v -538.251648 0.147580 4.513119
v -538.972839 0.147580 4.505383
v -538.939819 -0.000114 1.392910
v -538.940674 0.147579 1.491554
v -538.218323 -0.000114 1.400597
v -538.219421 0.147579 1.499222
v -538.252808 -0.000113 4.611721
v -538.251648 0.147580 4.513119
v -538.973999 -0.000113 4.604034
v -538.972839 0.147580 4.505383
v -534.612183 -0.000114 1.439102
v -534.613037 0.147579 1.537773
v -534.646362 -0.000113 4.650230
v -534.645264 0.147580 4.551601
v -534.613037 0.147579 1.537773
v -535.334229 0.147579 1.530018
v -534.645264 0.147580 4.551601
v -535.366455 0.147580 4.543915
v -535.333374 -0.000114 1.431370
v -535.334229 0.147579 1.530018
v -534.612183 -0.000114 1.439102
v -534.613037 0.147579 1.537773
v -534.646362 -0.000113 4.650230
v -534.645264 0.147580 4.551601
v -535.367554 -0.000113 4.642586
v -535.366455 0.147580 4.543915
v -540.392456 0.165230 2.048714
v -540.392456 0.350790 2.048714
v -540.394226 0.340385 2.208774
v -540.395813 0.350790 2.368816
v -540.408997 0.165231 3.597286
v -540.408997 0.350791 3.597286
v -540.410767 0.340386 3.757324
v -540.412292 0.350791 3.917366
v -540.395813 0.350790 2.368816
v -540.395813 0.165231 2.368816
v -540.392456 0.350790 2.048714
v -540.412292 0.350791 3.917366
v -540.412292 0.165231 3.917366
v -540.408997 0.350791 3.597286
v -545.431152 -0.000115 1.323647
v -545.432312 0.147579 1.422295
v -545.465637 -0.000113 4.534817
v -545.464539 0.147580 4.436195
v -545.432312 0.147579 1.422295
v -546.153748 0.147579 1.414589
v -545.464539 0.147580 4.436195
v -546.185730 0.147580 4.428482
v -546.152649 -0.000115 1.315941
v -546.153748 0.147579 1.414589
v -545.431152 -0.000115 1.323647
v -545.432312 0.147579 1.422295
v -545.465637 -0.000113 4.534817
v -545.464539 0.147580 4.436195
v -546.186829 -0.000113 4.527042
v -546.185730 0.147580 4.428482
v -541.824829 -0.000114 1.362137
v -541.825867 0.147579 1.460758
v -541.858948 -0.000113 4.573257
v -541.858093 0.147580 4.474590
v -541.825867 0.147579 1.460758
v -542.547363 0.147579 1.453114
v -541.858093 0.147580 4.474590
v -542.579285 0.147580 4.466946
v -542.546204 -0.000114 1.354465
v -542.547363 0.147579 1.453114
v -541.824829 -0.000114 1.362137
v -541.825867 0.147579 1.460758
v -541.858948 -0.000113 4.573257
v -541.858093 0.147580 4.474590
v -542.580444 -0.000113 4.565571
v -542.579285 0.147580 4.466946
v -547.605286 0.165230 1.971809
v -547.605286 0.350790 1.971809
v -547.607056 0.340385 2.131805
v -547.608887 0.350790 2.291889
v -547.621887 0.165231 3.520336
v -547.621887 0.350791 3.520336
v -547.623413 0.340371 3.680401
v -547.625183 0.350791 3.840439
v -547.608887 0.350790 2.291889
v -547.608887 0.165231 2.291889
v -547.605286 0.350790 1.971809
v -547.625183 0.350791 3.840439
v -547.625183 0.165231 3.840439
v -547.621887 0.350791 3.520336
v -509.315735 -0.000116 -3.100121
v -509.316833 0.147578 -3.001427
v -509.350098 -0.000115 0.111027
v -509.348999 0.147579 0.012398
v -509.316833 0.147578 -3.001427
v -510.038025 0.147578 -3.009209
v -509.348999 0.147579 0.012398
v -510.070190 0.147579 0.004688
v -510.037109 -0.000116 -3.107765
v -510.038025 0.147578 -3.009209
v -509.315735 -0.000116 -3.100121
v -509.316833 0.147578 -3.001427
v -509.350098 -0.000115 0.111027
v -509.348999 0.147579 0.012398
v -510.071350 -0.000115 0.103313
v -510.070190 0.147579 0.004688
v -505.709290 -0.000116 -3.061661
v -505.710449 0.147578 -2.963036
v -505.743713 -0.000115 0.149441
v -505.742554 0.147579 0.050793
v -505.710449 0.147578 -2.963036
v -506.431641 0.147578 -2.970676
v -505.742554 0.147579 0.050793
v -506.463806 0.147579 0.043152
v -506.430725 -0.000116 -3.069324
v -506.431641 0.147578 -2.970676
v -505.709290 -0.000116 -3.061661
v -505.710449 0.147578 -2.963036
v -505.743713 -0.000115 0.149441
v -505.742554 0.147579 0.050793
v -506.464905 -0.000115 0.141777
v -506.463806 0.147579 0.043152
v -511.489868 0.165229 -2.451984
v -511.489868 0.350789 -2.451984
v -511.491333 0.340384 -2.291988
v -511.493225 0.350789 -2.131901
v -511.506348 0.165229 -0.903385
v -511.506348 0.350790 -0.903385
v -504.295105 0.340384 -0.666424
v -511.508118 0.340384 -0.743397
v -504.296875 0.350790 -0.506428
v -511.509705 0.350790 -0.583286
v -511.493225 0.350789 -2.131901
v -511.493225 0.165229 -2.131901
v -511.489868 0.350789 -2.451984
v -511.509705 0.350790 -0.583286
v -511.509705 0.165230 -0.583286
v -504.293518 0.350790 -0.826508
v -511.506348 0.350790 -0.903385
v -516.528564 -0.000116 -3.177090
v -516.529724 0.147578 -3.078442
v -516.562805 -0.000115 0.034012
v -516.561951 0.147579 -0.064594
v -516.529724 0.147578 -3.078442
v -517.250916 0.147578 -3.086132
v -516.561951 0.147579 -0.064594
v -517.283081 0.147579 -0.072300
v -517.250000 -0.000116 -3.184757
v -517.250916 0.147578 -3.086132
v -516.528564 -0.000116 -3.177090
v -516.529724 0.147578 -3.078442
v -516.562805 -0.000115 0.034012
v -516.561951 0.147579 -0.064594
v -517.284180 -0.000115 0.026348
v -517.283081 0.147579 -0.072300
v -512.922180 -0.000116 -3.138653
v -512.923279 0.147578 -3.039959
v -512.956360 -0.000115 0.072563
v -512.955261 0.147579 -0.026108
v -512.923279 0.147578 -3.039959
v -513.644653 0.147578 -3.047668
v -512.955261 0.147579 -0.026108
v -513.676636 0.147579 -0.033840
v -513.643372 -0.000116 -3.146297
v -513.644653 0.147578 -3.047668
v -512.922180 -0.000116 -3.138653
v -512.923279 0.147578 -3.039959
v -512.956360 -0.000115 0.072563
v -512.955261 0.147579 -0.026108
v -513.677734 -0.000115 0.064808
v -513.676636 0.147579 -0.033840
v -518.702698 0.165229 -2.528996
v -518.702698 0.350789 -2.528996
v -518.704285 0.340384 -2.368912
v -518.706055 0.350789 -2.208874
v -518.719177 0.165229 -0.980358
v -518.719177 0.350790 -0.980358
v -518.720764 0.340384 -0.820362
v -518.722595 0.350790 -0.660301
v -518.706055 0.350789 -2.208874
v -518.706055 0.165229 -2.208874
v -518.702698 0.350789 -2.528996
v -518.722595 0.350790 -0.660301
v -518.722595 0.165230 -0.660301
v -518.719177 0.350790 -0.980358
v -523.741455 -0.000116 -3.254063
v -523.742554 0.147578 -3.155434
v -523.775818 -0.000115 -0.042847
v -523.774780 0.147579 -0.141541
v -523.742554 0.147578 -3.155434
v -524.463745 0.147578 -3.163078
v -523.774780 0.147579 -0.141541
v -524.495911 0.147579 -0.149250
v -524.462646 -0.000116 -3.261772
v -524.463745 0.147578 -3.163078
v -523.741455 -0.000116 -3.254063
v -523.742554 0.147578 -3.155434
v -523.775818 -0.000115 -0.042847
v -523.774780 0.147579 -0.141541
v -524.497070 -0.000115 -0.050625
v -524.495911 0.147579 -0.149250
v -520.135010 -0.000116 -3.215530
v -520.136108 0.147578 -3.116905
v -520.169495 -0.000115 -0.004452
v -520.168335 0.147579 -0.103077
v -520.136108 0.147578 -3.116905
v -520.857361 0.147578 -3.124638
v -520.168335 0.147579 -0.103077
v -520.889465 0.147579 -0.110741
v -520.856506 -0.000116 -3.223309
v -520.857361 0.147578 -3.124638
v -520.135010 -0.000116 -3.215530
v -520.136108 0.147578 -3.116905
v -520.169495 -0.000115 -0.004452
v -520.168335 0.147579 -0.103077
v -520.890442 -0.000115 -0.012096
v -520.889465 0.147579 -0.110741
v -525.915527 0.165229 -2.605965
v -525.915527 0.350789 -2.605965
v -525.917114 0.340384 -2.445858
v -525.918945 0.350789 -2.285774
v -525.932068 0.165229 -1.057373
v -525.932068 0.350790 -1.057373
v -525.933655 0.340384 -0.897285
v -525.935425 0.350790 -0.737247
v -525.918945 0.350789 -2.285774
v -525.918945 0.165229 -2.285774
v -525.915527 0.350789 -2.605965
v -525.935425 0.350790 -0.737247
v -525.935425 0.165230 -0.737247
v -525.932068 0.350790 -1.057373
v -530.954285 -0.000116 -3.330959
v -530.955444 0.147578 -3.232292
v -530.988525 -0.000115 -0.119839
v -530.987366 0.147579 -0.218464
v -530.955444 0.147578 -3.232292
v -531.676636 0.147578 -3.240070
v -530.987366 0.147579 -0.218464
v -531.708862 0.147579 -0.226177
v -531.675476 -0.000116 -3.338741
v -531.676636 0.147578 -3.240070
v -530.954285 -0.000116 -3.330959
v -530.955444 0.147578 -3.232292
v -530.988525 -0.000115 -0.119839
v -530.987366 0.147579 -0.218464
v -531.709717 -0.000115 -0.127529
v -531.708862 0.147579 -0.226177
v -527.347839 -0.000116 -3.292522
v -527.348816 0.147578 -3.193874
v -527.382080 -0.000115 -0.081375
v -527.380920 0.147579 -0.180046
v -527.348816 0.147578 -3.193874
v -528.070190 0.147578 -3.201542
v -527.380920 0.147579 -0.180046
v -528.102356 0.147579 -0.187714
v -528.069092 -0.000116 -3.300167
v -528.070190 0.147578 -3.201542
v -527.347839 -0.000116 -3.292522
v -527.348816 0.147578 -3.193874
v -527.382080 -0.000115 -0.081375
v -527.380920 0.147579 -0.180046
v -528.103455 -0.000115 -0.089088
v -528.102356 0.147579 -0.187714
v -533.128235 0.165229 -2.682846
v -533.128235 0.350789 -2.682846
v -533.130005 0.340384 -2.522850
v -533.131775 0.350789 -2.362766
v -533.144897 0.165229 -1.134296
v -533.144897 0.350790 -1.134296
v -533.146484 0.340384 -0.974258
v -533.148315 0.350790 -0.814217
v -533.131775 0.350789 -2.362766
v -533.131775 0.165229 -2.362766
v -533.128235 0.350789 -2.682846
v -533.148315 0.350790 -0.814217
v -533.148315 0.165230 -0.814217
v -533.144897 0.350790 -1.134296
v -538.167175 -0.000116 -3.407932
v -538.168091 0.147578 -3.309307
v -538.201355 -0.000115 -0.196804
v -538.200256 0.147579 -0.295479
v -538.168091 0.147578 -3.309307
v -538.889465 0.147578 -3.317017
v -538.200256 0.147579 -0.295479
v -538.921692 0.147579 -0.303188
v -538.888367 -0.000116 -3.415623
v -538.889465 0.147578 -3.317017
v -538.167175 -0.000116 -3.407932
v -538.168091 0.147578 -3.309307
v -538.201355 -0.000115 -0.196804
v -538.200256 0.147579 -0.295479
v -538.922729 -0.000115 -0.204517
v -538.921692 0.147579 -0.303188
v -534.560730 -0.000116 -3.369492
v -534.561829 0.147578 -3.270844
v -534.594910 -0.000115 -0.158321
v -534.593811 0.147579 -0.256927
v -534.561829 0.147578 -3.270844
v -535.283081 0.147578 -3.278534
v -534.593811 0.147579 -0.256927
v -535.315186 0.147579 -0.264702
v -535.281921 -0.000116 -3.377159
v -535.283081 0.147578 -3.278534
v -534.560730 -0.000116 -3.369492
v -534.561829 0.147578 -3.270844
v -534.594910 -0.000115 -0.158321
v -534.593811 0.147579 -0.256927
v -535.316101 -0.000115 -0.166054
v -535.315186 0.147579 -0.264702
v -540.341248 0.165229 -2.759861
v -540.341248 0.350789 -2.759861
v -540.342834 0.340384 -2.599754
v -540.344604 0.350789 -2.439716
v -540.357605 0.165229 -1.211243
v -540.357605 0.350790 -1.211243
v -540.359375 0.340384 -1.051228
v -540.361145 0.350790 -0.891167
v -540.344604 0.350789 -2.439716
v -540.344604 0.165229 -2.439716
v -540.341248 0.350789 -2.759861
v -540.361145 0.350790 -0.891167
v -540.361145 0.165229 -0.891167
v -540.357605 0.350790 -1.211243
v -545.380005 -0.000116 -3.484924
v -545.380920 0.147578 -3.386230
v -545.414185 -0.000115 -0.273777
v -545.413086 0.147579 -0.372383
v -545.380920 0.147578 -3.386230
v -546.102356 0.147578 -3.393940
v -545.413086 0.147579 -0.372383
v -546.134583 0.147579 -0.380116
v -546.101196 -0.000116 -3.492588
v -546.102356 0.147578 -3.393940
v -545.380005 -0.000116 -3.484924
v -545.380920 0.147578 -3.386230
v -545.414185 -0.000115 -0.273777
v -545.413086 0.147579 -0.372383
v -546.135437 -0.000115 -0.281490
v -546.134583 0.147579 -0.380116
v -541.773560 -0.000116 -3.446396
v -541.774475 0.147578 -3.347767
v -541.807800 -0.000115 -0.235268
v -541.806641 0.147579 -0.333942
v -541.774475 0.147578 -3.347767
v -542.495911 0.147578 -3.355480
v -541.806641 0.147579 -0.333942
v -542.528137 0.147579 -0.341583
v -542.494812 -0.000116 -3.454128
v -542.495911 0.147578 -3.355480
v -541.773560 -0.000116 -3.446396
v -541.774475 0.147578 -3.347767
v -541.807800 -0.000115 -0.235268
v -541.806641 0.147579 -0.333942
v -542.529175 -0.000115 -0.242958
v -542.528137 0.147579 -0.341583
v -547.553894 0.165229 -2.836784
v -547.553894 0.350789 -2.836784
v -547.555725 0.340384 -2.676720
v -547.557495 0.350789 -2.516705
v -547.570435 0.165229 -1.288216
v -547.570435 0.350790 -1.288216
v -547.572205 0.340370 -1.128197
v -547.573975 0.350790 -0.968132
v -547.557495 0.350789 -2.516705
v -547.557495 0.165229 -2.516705
v -547.553894 0.350789 -2.836784
v -547.573975 0.350790 -0.968132
v -547.573975 0.165229 -0.968132
v -547.570435 0.350790 -1.288216
v -509.264526 -0.000117 -7.908649
v -509.265503 0.147576 -7.810070
v -509.298767 -0.000116 -4.697506
v -509.297607 0.147577 -4.796173
v -509.265503 0.147576 -7.810070
v -509.986877 0.147576 -7.817734
v -509.297607 0.147577 -4.796173
v -510.018860 0.147577 -4.803837
v -509.985779 -0.000117 -7.916382
v -509.986877 0.147576 -7.817734
v -509.264526 -0.000117 -7.908649
v -509.265503 0.147576 -7.810070
v -509.298767 -0.000116 -4.697506
v -509.297607 0.147577 -4.796173
v -510.019958 -0.000116 -4.705212
v -510.018860 0.147577 -4.803837
v -505.658142 -0.000117 -7.870186
v -505.659241 0.147576 -7.771564
v -505.692322 -0.000116 -4.659107
v -505.691223 0.147577 -4.757732
v -505.659241 0.147576 -7.771564
v -506.380432 0.147576 -7.779205
v -505.691223 0.147577 -4.757732
v -506.412598 0.147577 -4.765377
v -506.379333 -0.000117 -7.877895
v -506.380432 0.147576 -7.779205
v -505.658142 -0.000117 -7.870186
v -505.659241 0.147576 -7.771564
v -505.692322 -0.000116 -4.659107
v -505.691223 0.147577 -4.757732
v -506.413757 -0.000116 -4.666748
v -506.412598 0.147577 -4.765377
v -511.438416 0.165227 -7.260513
v -511.438416 0.350788 -7.260513
v -511.440186 0.340383 -7.100517
v -511.441956 0.350788 -6.940430
v -511.454956 0.165228 -5.712029
v -511.454956 0.350788 -5.712029
v -504.243896 0.340383 -5.475018
v -511.456787 0.340383 -5.551922
v -504.245667 0.350788 -5.314957
v -511.458557 0.350788 -5.391926
v -511.441956 0.350788 -6.940430
v -511.441956 0.165228 -6.940430
v -511.438416 0.350788 -7.260513
v -511.458557 0.350788 -5.391926
v -511.458557 0.165228 -5.391926
v -504.242126 0.350788 -5.635036
v -511.454956 0.350788 -5.712029
v -516.477417 -0.000117 -7.985619
v -516.478333 0.147576 -7.886971
v -516.511597 -0.000116 -4.774521
v -516.510681 0.147577 -4.873142
v -516.478333 0.147576 -7.886971
v -517.199768 0.147576 -7.894749
v -516.510681 0.147577 -4.873142
v -517.231873 0.147577 -4.880833
v -517.198608 -0.000117 -7.993282
v -517.199768 0.147576 -7.894749
v -516.477417 -0.000117 -7.985619
v -516.478333 0.147576 -7.886971
v -516.511597 -0.000116 -4.774521
v -516.510681 0.147577 -4.873142
v -517.232788 -0.000116 -4.782185
v -517.231873 0.147577 -4.880833
v -512.870972 -0.000117 -7.947178
v -512.872131 0.147576 -7.848530
v -512.905212 -0.000116 -4.736057
v -512.904053 0.147577 -4.834705
v -512.872131 0.147576 -7.848530
v -513.593079 0.147576 -7.856194
v -512.904053 0.147577 -4.834705
v -513.625244 0.147577 -4.842369
v -513.592163 -0.000117 -7.954823
v -513.593079 0.147576 -7.856194
v -512.870972 -0.000117 -7.947178
v -512.872131 0.147576 -7.848530
v -512.905212 -0.000116 -4.736057
v -512.904053 0.147577 -4.834705
v -513.626404 -0.000116 -4.743721
v -513.625244 0.147577 -4.842369
v -518.651245 0.165227 -7.337528
v -518.651245 0.350788 -7.337528
v -518.653076 0.340383 -7.177509
v -518.654602 0.350788 -7.017445
v -518.667847 0.165228 -5.788883
v -518.667847 0.350788 -5.788883
v -518.669617 0.340383 -5.628891
v -518.671387 0.350788 -5.468826
v -518.654602 0.350788 -7.017445
v -518.654602 0.165228 -7.017445
v -518.651245 0.350788 -7.337528
v -518.671387 0.350788 -5.468826
v -518.671387 0.165228 -5.468826
v -518.667847 0.350788 -5.788883
v -523.690247 -0.000117 -8.062588
v -523.691162 0.147576 -7.963963
v -523.724487 -0.000116 -4.851486
v -523.723328 0.147577 -4.950134
v -523.691162 0.147576 -7.963963
v -524.412415 0.147576 -7.971630
v -523.723328 0.147577 -4.950134
v -524.444580 0.147577 -4.957798
v -524.411499 -0.000117 -8.070297
v -524.412415 0.147576 -7.971630
v -523.690247 -0.000117 -8.062588
v -523.691162 0.147576 -7.963963
v -523.724487 -0.000116 -4.851486
v -523.723328 0.147577 -4.950134
v -524.445679 -0.000116 -4.859150
v -524.444580 0.147577 -4.957798
v -520.083618 -0.000117 -8.024124
v -520.084778 0.147576 -7.925499
v -520.118042 -0.000116 -4.812981
v -520.116943 0.147577 -4.911602
v -520.084778 0.147576 -7.925499
v -520.805908 0.147576 -7.933167
v -520.116943 0.147577 -4.911602
v -520.838135 0.147577 -4.919384
v -520.805054 -0.000117 -8.031837
v -520.805908 0.147576 -7.933167
v -520.083618 -0.000117 -8.024124
v -520.084778 0.147576 -7.925499
v -520.118042 -0.000116 -4.812981
v -520.116943 0.147577 -4.911602
v -520.839417 -0.000116 -4.820713
v -520.838135 0.147577 -4.919384
v -525.864136 0.165227 -7.414516
v -525.864136 0.350788 -7.414516
v -525.865906 0.340383 -7.254387
v -525.867737 0.350788 -7.094418
v -525.880676 0.165228 -5.865898
v -525.880676 0.350788 -5.865898
v -525.882263 0.340383 -5.705906
v -525.884033 0.350788 -5.545773
v -525.867737 0.350788 -7.094418
v -525.867737 0.165228 -7.094418
v -525.864136 0.350788 -7.414516
v -525.884033 0.350788 -5.545773
v -525.884033 0.165228 -5.545773
v -525.880676 0.350788 -5.865898
v -530.902954 -0.000118 -8.139580
v -530.904053 0.147576 -8.040886
v -530.937317 -0.000116 -4.928368
v -530.936218 0.147577 -5.027039
v -530.904053 0.147576 -8.040886
v -531.625427 0.147576 -8.048595
v -530.936218 0.147577 -5.027039
v -531.657410 0.147577 -5.034771
v -531.624329 -0.000118 -8.147270
v -531.625427 0.147576 -8.048595
v -530.902954 -0.000118 -8.139580
v -530.904053 0.147576 -8.040886
v -530.937317 -0.000116 -4.928368
v -530.936218 0.147577 -5.027039
v -531.658508 -0.000116 -4.936142
v -531.657410 0.147577 -5.034771
v -527.296509 -0.000118 -8.101048
v -527.297607 0.147576 -8.002403
v -527.330872 -0.000116 -4.889908
v -527.329773 0.147577 -4.988598
v -527.297607 0.147576 -8.002403
v -528.018738 0.147576 -8.010136
v -527.329773 0.147577 -4.988598
v -528.050964 0.147577 -4.996239
v -528.017883 -0.000118 -8.108807
v -528.018738 0.147576 -8.010136
v -527.296509 -0.000118 -8.101048
v -527.297607 0.147576 -8.002403
v -527.330872 -0.000116 -4.889908
v -527.329773 0.147577 -4.988598
v -528.052124 -0.000116 -4.897614
v -528.050964 0.147577 -4.996239
v -533.076965 0.165227 -7.491467
v -533.076965 0.350788 -7.491467
v -533.078735 0.340383 -7.331379
v -533.080322 0.350788 -7.171383
v -533.093567 0.165228 -5.942822
v -533.093567 0.350788 -5.942822
v -533.095337 0.340383 -5.782784
v -533.096924 0.350788 -5.622787
v -533.080322 0.350788 -7.171383
v -533.080322 0.165228 -7.171383
v -533.076965 0.350788 -7.491467
v -533.096924 0.350788 -5.622787
v -533.096924 0.165228 -5.622787
v -533.093567 0.350788 -5.942822
v -538.115784 -0.000118 -8.216461
v -538.116882 0.147576 -8.117836
v -538.150208 -0.000117 -5.005383
v -538.149048 0.147577 -5.104004
v -538.116882 0.147576 -8.117836
v -538.838135 0.147576 -8.125610
v -538.149048 0.147577 -5.104004
v -538.870239 0.147577 -5.111717
v -538.837158 -0.000118 -8.224236
v -538.838135 0.147576 -8.125610
v -538.115784 -0.000118 -8.216461
v -538.116882 0.147576 -8.117836
v -538.150208 -0.000117 -5.005383
v -538.149048 0.147577 -5.104004
v -538.871399 -0.000117 -5.013046
v -538.870239 0.147577 -5.111717
v -534.509338 -0.000118 -8.178062
v -534.510498 0.147576 -8.079395
v -534.543762 -0.000117 -4.966919
v -534.542603 0.147577 -5.065567
v -534.510498 0.147576 -8.079395
v -535.231689 0.147576 -8.087086
v -534.542603 0.147577 -5.065567
v -535.263855 0.147577 -5.073231
v -535.230774 -0.000118 -8.185684
v -535.231689 0.147576 -8.087086
v -534.509338 -0.000118 -8.178062
v -534.510498 0.147576 -8.079395
v -534.543762 -0.000117 -4.966919
v -534.542603 0.147577 -5.065567
v -535.264954 -0.000117 -4.974586
v -535.263855 0.147577 -5.073231
v -540.289917 0.165227 -7.568390
v -540.289917 0.350788 -7.568390
v -540.291687 0.340383 -7.408367
v -540.293213 0.350788 -7.248260
v -540.306396 0.165228 -6.019836
v -540.306396 0.350788 -6.019836
v -540.308167 0.340383 -5.859756
v -540.309753 0.350788 -5.699760
v -540.293213 0.350788 -7.248260
v -540.293213 0.165227 -7.248260
v -540.289917 0.350788 -7.568390
v -540.309753 0.350788 -5.699760
v -540.309753 0.165228 -5.699760
v -540.306396 0.350788 -6.019836
v -545.328613 -0.000118 -8.293449
v -545.329773 0.147576 -8.194801
v -545.362854 -0.000117 -5.082352
v -545.361938 0.147577 -5.180977
v -545.329773 0.147576 -8.194801
v -546.050964 0.147576 -8.202473
v -545.361938 0.147577 -5.180977
v -546.083130 0.147577 -5.188663
v -546.050049 -0.000118 -8.301163
v -546.050964 0.147576 -8.202473
v -545.328613 -0.000118 -8.293449
v -545.329773 0.147576 -8.194801
v -545.362854 -0.000117 -5.082352
v -545.361938 0.147577 -5.180977
v -546.084229 -0.000117 -5.090015
v -546.083130 0.147577 -5.188663
v -541.722229 -0.000118 -8.254990
v -541.723328 0.147576 -8.156361
v -541.756409 -0.000117 -5.043846
v -541.755493 0.147577 -5.142467
v -541.723328 0.147576 -8.156361
v -542.444519 0.147576 -8.164009
v -541.755493 0.147577 -5.142467
v -542.476685 0.147577 -5.150177
v -542.443604 -0.000118 -8.262657
v -542.444519 0.147576 -8.164009
v -541.722229 -0.000118 -8.254990
v -541.723328 0.147576 -8.156361
v -541.756409 -0.000117 -5.043846
v -541.755493 0.147577 -5.142467
v -542.477844 -0.000117 -5.051552
v -542.476685 0.147577 -5.150177
v -547.502747 0.165227 -7.645359
v -547.502747 0.350788 -7.645359
v -547.504272 0.340383 -7.485252
v -547.506042 0.350788 -7.325275
v -547.519287 0.165228 -6.096764
v -547.519287 0.350788 -6.096764
v -547.520874 0.340368 -5.936722
v -547.522644 0.350788 -5.776665
v -547.506042 0.350788 -7.325275
v -547.506042 0.165227 -7.325275
v -547.502747 0.350788 -7.645359
v -547.522644 0.350788 -5.776665
v -547.522644 0.165228 -5.776665
v -547.519287 0.350788 -6.096764
v -552.644104 -0.000115 1.246750
v -552.645142 0.147579 1.345371
v -552.678528 -0.000114 4.457848
v -552.677368 0.147580 4.359203
v -552.645142 0.147579 1.345371
v -553.366394 0.147579 1.337597
v -552.677368 0.147580 4.359203
v -553.398560 0.147580 4.351490
v -553.365234 -0.000115 1.239037
v -553.366394 0.147579 1.337597
v -552.644104 -0.000115 1.246750
v -552.645142 0.147579 1.345371
v -552.678528 -0.000114 4.457848
v -552.677368 0.147580 4.359203
v -553.399719 -0.000114 4.450138
v -553.398560 0.147580 4.351490
v -549.037659 -0.000115 1.285164
v -549.038818 0.147579 1.383835
v -549.072083 -0.000113 4.496288
v -549.070923 0.147580 4.397663
v -549.038818 0.147579 1.383835
v -549.759949 0.147579 1.376125
v -549.070923 0.147580 4.397663
v -549.792175 0.147580 4.389954
v -549.759094 -0.000115 1.277500
v -549.759949 0.147579 1.376125
v -549.037659 -0.000115 1.285164
v -549.038818 0.147579 1.383835
v -549.072083 -0.000113 4.496288
v -549.070923 0.147580 4.397663
v -549.793274 -0.000114 4.488602
v -549.792175 0.147580 4.389954
v -554.818176 0.165230 1.894794
v -554.818176 0.350790 1.894794
v -554.819763 0.340385 2.054813
v -554.821533 0.350790 2.214943
v -554.834717 0.165231 3.443371
v -554.834717 0.350791 3.443371
v -547.623413 0.340386 3.680401
v -554.836243 0.340386 3.603428
v -547.625183 0.350791 3.840439
v -554.838013 0.350791 3.763515
v -554.821533 0.350790 2.214943
v -554.821533 0.165230 2.214943
v -554.818176 0.350790 1.894794
v -554.838013 0.350791 3.763515
v -554.838013 0.165231 3.763515
v -547.621887 0.350791 3.520336
v -554.834717 0.350791 3.443371
v -559.856934 -0.000115 1.169735
v -559.858093 0.147579 1.268356
v -559.891174 -0.000114 4.380878
v -559.890259 0.147580 4.282230
v -559.858093 0.147579 1.268356
v -560.579224 0.147579 1.260712
v -559.890259 0.147580 4.282230
v -560.611450 0.147580 4.274544
v -560.578186 -0.000115 1.162067
v -560.579224 0.147579 1.260712
v -559.856934 -0.000115 1.169735
v -559.858093 0.147579 1.268356
v -559.891174 -0.000114 4.380878
v -559.890259 0.147580 4.282230
v -560.612549 -0.000114 4.373169
v -560.611450 0.147580 4.274544
v -556.250549 -0.000115 1.208199
v -556.251648 0.147579 1.306820
v -556.284729 -0.000114 4.419388
v -556.283813 0.147580 4.320717
v -556.251648 0.147579 1.306820
v -556.973083 0.147579 1.299156
v -556.283813 0.147580 4.320717
v -557.005005 0.147580 4.313026
v -556.971680 -0.000115 1.200508
v -556.973083 0.147579 1.299156
v -556.250549 -0.000115 1.208199
v -556.251648 0.147579 1.306820
v -556.284729 -0.000114 4.419388
v -556.283813 0.147580 4.320717
v -557.006104 -0.000114 4.411633
v -557.005005 0.147580 4.313026
v -562.031006 0.165230 1.817848
v -562.031006 0.350790 1.817848
v -562.032776 0.340385 1.977955
v -562.034363 0.350790 2.137951
v -562.047607 0.165231 3.366424
v -562.047607 0.350791 3.366424
v -562.049072 0.340386 3.526439
v -562.050964 0.350791 3.686546
v -562.034363 0.350790 2.137951
v -562.034363 0.165230 2.137951
v -562.031006 0.350790 1.817848
v -562.050964 0.350791 3.686546
v -562.050964 0.165231 3.686546
v -562.047607 0.350791 3.366424
v -567.069824 -0.000115 1.092762
v -567.070923 0.147579 1.191433
v -567.104187 -0.000114 4.303951
v -567.103088 0.147580 4.205330
v -567.070923 0.147579 1.191433
v -567.792053 0.147579 1.183723
v -567.103088 0.147580 4.205330
v -567.824280 0.147580 4.197552
v -567.791199 -0.000115 1.085098
v -567.792053 0.147579 1.183723
v -567.069824 -0.000115 1.092762
v -567.070923 0.147579 1.191433
v -567.104187 -0.000114 4.303951
v -567.103088 0.147580 4.205330
v -567.825439 -0.000114 4.296200
v -567.824280 0.147580 4.197552
v -563.463379 -0.000115 1.131271
v -563.464478 0.147579 1.229919
v -563.497559 -0.000114 4.342415
v -563.496643 0.147580 4.243767
v -563.464478 0.147579 1.229919
v -564.185669 0.147579 1.222187
v -563.496643 0.147580 4.243767
v -564.217896 0.147580 4.236084
v -564.184814 -0.000115 1.123562
v -564.185669 0.147579 1.222187
v -563.463379 -0.000115 1.131271
v -563.464478 0.147579 1.229919
v -563.497559 -0.000114 4.342415
v -563.496643 0.147580 4.243767
v -564.218994 -0.000114 4.334709
v -564.217896 0.147580 4.236084
v -569.243835 0.165230 1.740883
v -569.243835 0.350790 1.740883
v -569.245422 0.340385 1.900940
v -569.247253 0.350790 2.060959
v -569.260437 0.165231 3.289497
v -569.260437 0.350791 3.289497
v -569.262207 0.340386 3.449558
v -569.263794 0.350791 3.609577
v -569.247253 0.350790 2.060959
v -569.247253 0.165230 2.060959
v -569.243835 0.350790 1.740883
v -569.263794 0.350791 3.609577
v -569.263794 0.165231 3.609577
v -569.260437 0.350791 3.289497
v -574.282654 -0.000115 1.015862
v -574.283813 0.147579 1.114487
v -574.316895 -0.000114 4.226986
v -574.315918 0.147580 4.128315
v -574.283813 0.147579 1.114487
v -575.005005 0.147579 1.106754
v -574.315918 0.147580 4.128315
v -575.037170 0.147580 4.120628
v -575.004089 -0.000115 1.008106
v -575.005005 0.147579 1.106754
v -574.282654 -0.000115 1.015862
v -574.283813 0.147579 1.114487
v -574.316895 -0.000114 4.226986
v -574.315918 0.147580 4.128315
v -575.038269 -0.000114 4.219322
v -575.037170 0.147580 4.120628
v -570.676208 -0.000115 1.054302
v -570.677368 0.147579 1.152969
v -570.710449 -0.000114 4.265400
v -570.709534 0.147580 4.166801
v -570.677368 0.147579 1.152969
v -571.398499 0.147579 1.145283
v -570.709534 0.147580 4.166801
v -571.430725 0.147580 4.159088
v -571.397461 -0.000115 1.046635
v -571.398499 0.147579 1.145283
v -570.676208 -0.000115 1.054302
v -570.677368 0.147579 1.152969
v -570.710449 -0.000114 4.265400
v -570.709534 0.147580 4.166801
v -571.431824 -0.000114 4.257782
v -571.430725 0.147580 4.159088
v -576.456543 0.165230 1.663929
v -576.456543 0.350790 1.663929
v -576.458313 0.340385 1.823975
v -576.460083 0.350790 1.984081
v -576.473267 0.165231 3.212482
v -576.473267 0.350791 3.212482
v -576.475098 0.340386 3.372566
v -576.476685 0.350791 3.532562
v -576.460083 0.350790 1.984081
v -576.460083 0.165230 1.984081
v -576.456543 0.350790 1.663929
v -576.476685 0.350791 3.532562
v -576.476685 0.165231 3.532562
v -576.473267 0.350791 3.212482
v -581.495544 -0.000115 0.938915
v -581.496643 0.147579 1.037560
v -581.529724 -0.000114 4.150013
v -581.528809 0.147580 4.051365
v -581.496643 0.147579 1.037560
v -582.217834 0.147579 1.029850
v -581.528809 0.147580 4.051365
v -582.250000 0.147580 4.043682
v -582.216736 -0.000115 0.931202
v -582.217834 0.147579 1.029850
v -581.495544 -0.000115 0.938915
v -581.496643 0.147579 1.037560
v -581.529724 -0.000114 4.150013
v -581.528809 0.147580 4.051365
v -582.251160 -0.000114 4.142307
v -582.250000 0.147580 4.043682
v -577.889099 -0.000115 0.977333
v -577.890198 0.147579 1.075958
v -577.923279 -0.000114 4.188477
v -577.922180 0.147580 4.089855
v -577.890198 0.147579 1.075958
v -578.611450 0.147579 1.068314
v -577.922180 0.147580 4.089855
v -578.643555 0.147580 4.082142
v -578.610291 -0.000115 0.969666
v -578.611450 0.147579 1.068314
v -577.889099 -0.000115 0.977333
v -577.890198 0.147579 1.075958
v -577.923279 -0.000114 4.188477
v -577.922180 0.147580 4.089855
v -578.644531 -0.000114 4.180771
v -578.643555 0.147580 4.082142
v -583.669556 0.165230 1.587006
v -583.669556 0.350790 1.587006
v -583.671448 0.340385 1.747002
v -583.672974 0.350790 1.907089
v -583.685974 0.165231 3.135624
v -583.685974 0.350791 3.135624
v -583.687744 0.340386 3.295597
v -583.689514 0.350791 3.455703
v -583.672974 0.350790 1.907089
v -583.672974 0.165230 1.907089
v -583.669556 0.350790 1.587006
v -583.689514 0.350791 3.455703
v -583.689514 0.165231 3.455703
v -583.685974 0.350791 3.135624
v -588.708374 -0.000115 0.861946
v -588.709473 0.147579 0.960571
v -588.742554 -0.000114 4.072998
v -588.741455 0.147580 3.974399
v -588.709473 0.147579 0.960571
v -589.430725 0.147579 0.952862
v -588.741455 0.147580 3.974399
v -589.462891 0.147580 3.966686
v -589.429565 -0.000115 0.854237
v -589.430725 0.147579 0.952862
v -588.708374 -0.000115 0.861946
v -588.709473 0.147579 0.960571
v -588.742554 -0.000114 4.072998
v -588.741455 0.147580 3.974399
v -589.463989 -0.000114 4.065334
v -589.462891 0.147580 3.966686
v -585.101929 -0.000115 0.900410
v -585.102783 0.147579 0.999035
v -585.136169 -0.000114 4.111553
v -585.135254 0.147580 4.012882
v -585.102783 0.147579 0.999035
v -585.824280 0.147579 0.991325
v -585.135254 0.147580 4.012882
v -585.856445 0.147580 4.005219
v -585.823181 -0.000115 0.892696
v -585.824280 0.147579 0.991325
v -585.101929 -0.000115 0.900410
v -585.102783 0.147579 0.999035
v -585.136169 -0.000114 4.111553
v -585.135254 0.147580 4.012882
v -585.857544 -0.000114 4.103867
v -585.856445 0.147580 4.005219
v -590.882263 0.165230 1.509995
v -590.882263 0.350790 1.509995
v -590.884033 0.340385 1.670078
v -590.885803 0.350790 1.830143
v -590.898987 0.165231 3.058635
v -590.898987 0.350790 3.058635
v -590.900574 0.340371 3.218628
v -590.902344 0.350791 3.378711
v -590.885803 0.350790 1.830143
v -590.885803 0.165230 1.830143
v -590.882263 0.350790 1.509995
v -590.902344 0.350791 3.378711
v -590.902344 0.165231 3.378711
v -590.898987 0.350790 3.058635
v -552.592834 -0.000116 -3.561893
v -552.593811 0.147578 -3.463245
v -552.627075 -0.000115 -0.350723
v -552.625916 0.147579 -0.449329
v -552.593811 0.147578 -3.463245
v -553.315186 0.147578 -3.470936
v -552.625916 0.147579 -0.449329
v -553.347412 0.147579 -0.457039
v -553.314087 -0.000116 -3.569557
v -553.315186 0.147578 -3.470936
v -552.592834 -0.000116 -3.561893
v -552.593811 0.147578 -3.463245
v -552.627075 -0.000115 -0.350723
v -552.625916 0.147579 -0.449329
v -553.348267 -0.000115 -0.358456
v -553.347412 0.147579 -0.457039
v -548.986450 -0.000116 -3.523388
v -548.987549 0.147578 -3.424740
v -549.020630 -0.000115 -0.312241
v -549.019531 0.147579 -0.410908
v -548.987549 0.147578 -3.424740
v -549.708740 0.147578 -3.432404
v -549.019531 0.147579 -0.410908
v -549.740967 0.147579 -0.418575
v -549.707642 -0.000116 -3.531029
v -549.708740 0.147578 -3.432404
v -548.986450 -0.000116 -3.523388
v -548.987549 0.147578 -3.424740
v -549.020630 -0.000115 -0.312241
v -549.019531 0.147579 -0.410908
v -549.742126 -0.000115 -0.319931
v -549.740967 0.147579 -0.418575
v -554.766785 0.165229 -2.913731
v -554.766785 0.350789 -2.913731
v -554.768555 0.340384 -2.753716
v -554.770325 0.350789 -2.593655
v -554.783264 0.165229 -1.365162
v -554.783264 0.350790 -1.365162
v -547.572205 0.340384 -1.128197
v -554.785095 0.340384 -1.205097
v -547.573975 0.350790 -0.968132
v -554.786865 0.350790 -1.045101
v -554.770325 0.350789 -2.593655
v -554.770325 0.165229 -2.593655
v -554.766785 0.350789 -2.913731
v -554.786865 0.350790 -1.045101
v -554.786865 0.165229 -1.045101
v -547.570435 0.350790 -1.288216
v -554.783264 0.350790 -1.365162
v -559.805542 -0.000116 -3.638794
v -559.806641 0.147578 -3.540169
v -559.839905 -0.000115 -0.427715
v -559.838806 0.147579 -0.526344
v -559.806641 0.147578 -3.540169
v -560.528076 0.147578 -3.547882
v -559.838806 0.147579 -0.526344
v -560.560242 0.147579 -0.534008
v -560.526917 -0.000116 -3.646572
v -560.528076 0.147578 -3.547882
v -559.805542 -0.000116 -3.638794
v -559.806641 0.147578 -3.540169
v -559.839905 -0.000115 -0.427715
v -559.838806 0.147579 -0.526344
v -560.561157 -0.000115 -0.435360
v -560.560242 0.147579 -0.534008
v -556.199280 -0.000116 -3.600334
v -556.200195 0.147578 -3.501705
v -556.233521 -0.000115 -0.389256
v -556.232361 0.147579 -0.487881
v -556.200195 0.147578 -3.501705
v -556.921631 0.147578 -3.509373
v -556.232361 0.147579 -0.487881
v -556.953552 0.147579 -0.495590
v -556.920471 -0.000116 -3.608017
v -556.921631 0.147578 -3.509373
v -556.199280 -0.000116 -3.600334
v -556.200195 0.147578 -3.501705
v -556.233521 -0.000115 -0.389256
v -556.232361 0.147579 -0.487881
v -556.954712 -0.000115 -0.396896
v -556.953552 0.147579 -0.495590
v -561.979614 0.165229 -2.990723
v -561.979614 0.350789 -2.990723
v -561.981445 0.340384 -2.830662
v -561.983032 0.350789 -2.670578
v -561.996155 0.165229 -1.442177
v -561.996155 0.350790 -1.442177
v -561.997925 0.340384 -1.282089
v -561.999512 0.350790 -1.122051
v -561.983032 0.350789 -2.670578
v -561.983032 0.165229 -2.670578
v -561.979614 0.350789 -2.990723
v -561.999512 0.350790 -1.122051
v -561.999512 0.165229 -1.122051
v -561.996155 0.350790 -1.442177
v -567.018616 -0.000116 -3.715763
v -567.019470 0.147578 -3.617092
v -567.052551 -0.000115 -0.504642
v -567.051636 0.147579 -0.603268
v -567.019470 0.147578 -3.617092
v -567.740906 0.147578 -3.624805
v -567.051636 0.147579 -0.603268
v -567.773132 0.147579 -0.610977
v -567.739807 -0.000116 -3.723473
v -567.740906 0.147578 -3.624805
v -567.018616 -0.000116 -3.715763
v -567.019470 0.147578 -3.617092
v -567.052551 -0.000115 -0.504642
v -567.051636 0.147579 -0.603268
v -567.773987 -0.000115 -0.512352
v -567.773132 0.147579 -0.610977
v -563.412231 -0.000116 -3.677326
v -563.413086 0.147578 -3.578678
v -563.446350 -0.000115 -0.466110
v -563.445312 0.147579 -0.564785
v -563.413086 0.147578 -3.578678
v -564.134460 0.147578 -3.586342
v -563.445312 0.147579 -0.564785
v -564.166687 0.147579 -0.572517
v -564.133362 -0.000116 -3.684990
v -564.134460 0.147578 -3.586342
v -563.412231 -0.000116 -3.677326
v -563.413086 0.147578 -3.578678
v -563.446350 -0.000115 -0.466110
v -563.445312 0.147579 -0.564785
v -564.167542 -0.000115 -0.473888
v -564.166687 0.147579 -0.572517
v -569.192505 0.165229 -3.067650
v -569.192505 0.350789 -3.067650
v -569.194275 0.340384 -2.907585
v -569.196045 0.350789 -2.747593
v -569.208984 0.165229 -1.519032
v -569.208984 0.350790 -1.519032
v -569.210815 0.340384 -1.359058
v -569.212341 0.350790 -1.198948
v -569.196045 0.350789 -2.747593
v -569.196045 0.165229 -2.747593
v -569.192505 0.350789 -3.067650
v -569.212341 0.350790 -1.198948
v -569.212341 0.165229 -1.198948
v -569.208984 0.350790 -1.519032
v -574.231262 -0.000116 -3.792736
v -574.232361 0.147578 -3.694107
v -574.265625 -0.000115 -0.581589
v -574.264587 0.147579 -0.680214
v -574.232361 0.147578 -3.694107
v -574.953735 0.147578 -3.701820
v -574.264587 0.147579 -0.680214
v -574.985718 0.147579 -0.687992
v -574.952637 -0.000116 -3.800419
v -574.953735 0.147578 -3.701820
v -574.231262 -0.000116 -3.792736
v -574.232361 0.147578 -3.694107
v -574.265625 -0.000115 -0.581589
v -574.264587 0.147579 -0.680214
v -574.986816 -0.000115 -0.589298
v -574.985718 0.147579 -0.687992
v -570.625061 -0.000116 -3.754250
v -570.625916 0.147578 -3.655579
v -570.659180 -0.000115 -0.543125
v -570.658142 0.147579 -0.641731
v -570.625916 0.147578 -3.655579
v -571.347351 0.147578 -3.663334
v -570.658142 0.147579 -0.641731
v -571.379578 0.147579 -0.649441
v -571.346191 -0.000116 -3.761959
v -571.347351 0.147578 -3.663334
v -570.625061 -0.000116 -3.754250
v -570.625916 0.147578 -3.655579
v -570.659180 -0.000115 -0.543125
v -570.658142 0.147579 -0.641731
v -571.380432 -0.000115 -0.550789
v -571.379578 0.147579 -0.649441
v -576.405579 0.165229 -3.144665
v -576.405579 0.350789 -3.144665
v -576.407104 0.340384 -2.984577
v -576.408691 0.350789 -2.824516
v -576.421875 0.165229 -1.596046
v -576.421875 0.350790 -1.596046
v -576.423645 0.340384 -1.435959
v -576.425232 0.350790 -1.275963
v -576.408691 0.350789 -2.824516
v -576.408691 0.165229 -2.824516
v -576.405579 0.350789 -3.144665
v -576.425232 0.350790 -1.275963
v -576.425232 0.165229 -1.275963
v -576.421875 0.350790 -1.596046
v -581.444336 -0.000116 -3.869659
v -581.445190 0.147578 -3.771011
v -581.478577 -0.000115 -0.658558
v -581.477417 0.147579 -0.757179
v -581.445190 0.147578 -3.771011
v -582.166443 0.147578 -3.778744
v -581.477417 0.147579 -0.757179
v -582.198547 0.147579 -0.764851
v -582.165283 -0.000116 -3.877392
v -582.166443 0.147578 -3.778744
v -581.444336 -0.000116 -3.869659
v -581.445190 0.147578 -3.771011
v -581.478577 -0.000115 -0.658558
v -581.477417 0.147579 -0.757179
v -582.199707 -0.000115 -0.666222
v -582.198547 0.147579 -0.764851
v -577.837952 -0.000116 -3.831196
v -577.838806 0.147578 -3.732571
v -577.872131 -0.000115 -0.620071
v -577.871033 0.147579 -0.718742
v -577.838806 0.147578 -3.732571
v -578.560181 0.147578 -3.740215
v -577.871033 0.147579 -0.718742
v -578.592407 0.147579 -0.726387
v -578.559143 -0.000116 -3.838860
v -578.560181 0.147578 -3.740215
v -577.837952 -0.000116 -3.831196
v -577.838806 0.147578 -3.732571
v -577.872131 -0.000115 -0.620071
v -577.871033 0.147579 -0.718742
v -578.593262 -0.000115 -0.627762
v -578.592407 0.147579 -0.726387
v -583.618225 0.165229 -3.221519
v -583.618225 0.350789 -3.221519
v -583.619995 0.340384 -3.061523
v -583.621582 0.350789 -2.901443
v -583.634705 0.165229 -1.673012
v -583.634705 0.350790 -1.673012
v -583.636475 0.340384 -1.512932
v -583.638062 0.350790 -1.352936
v -583.621582 0.350789 -2.901443
v -583.621582 0.165229 -2.901443
v -583.618225 0.350789 -3.221519
v -583.638062 0.350790 -1.352936
v -583.638062 0.165229 -1.352936
v -583.634705 0.350790 -1.673012
v -588.656921 -0.000116 -3.946583
v -588.658081 0.147578 -3.847980
v -588.691162 -0.000115 -0.735527
v -588.690308 0.147578 -0.834175
v -588.658081 0.147578 -3.847980
v -589.379456 0.147578 -3.855736
v -588.690308 0.147578 -0.834175
v -589.411499 0.147578 -0.841839
v -589.378418 -0.000116 -3.954296
v -589.379456 0.147578 -3.855736
v -588.656921 -0.000116 -3.946583
v -588.658081 0.147578 -3.847980
v -588.691162 -0.000115 -0.735527
v -588.690308 0.147578 -0.834175
v -589.412537 -0.000115 -0.743191
v -589.411499 0.147578 -0.841839
v -585.050537 -0.000116 -3.908188
v -585.051636 0.147578 -3.809544
v -585.084961 -0.000115 -0.697041
v -585.083862 0.147578 -0.795643
v -585.051636 0.147578 -3.809544
v -585.773132 0.147578 -3.817207
v -585.083862 0.147578 -0.795643
v -585.805054 0.147578 -0.803375
v -585.771973 -0.000116 -3.915833
v -585.773132 0.147578 -3.817207
v -585.050537 -0.000116 -3.908188
v -585.051636 0.147578 -3.809544
v -585.084961 -0.000115 -0.697041
v -585.083862 0.147578 -0.795643
v -585.806213 -0.000115 -0.704727
v -585.805054 0.147578 -0.803375
v -590.831055 0.165229 -3.298534
v -590.831055 0.350789 -3.298534
v -590.832825 0.340384 -3.138447
v -590.834412 0.350789 -2.978455
v -590.847656 0.165229 -1.749939
v -590.847656 0.350789 -1.749939
v -590.849426 0.340370 -1.589897
v -590.850952 0.350790 -1.429813
v -590.834412 0.350789 -2.978455
v -590.834412 0.165229 -2.978455
v -590.831055 0.350789 -3.298534
v -590.850952 0.350790 -1.429813
v -590.850952 0.165229 -1.429813
v -590.847656 0.350789 -1.749939
v -552.541504 -0.000118 -8.370422
v -552.542603 0.147576 -8.271774
v -552.575867 -0.000117 -5.159321
v -552.574768 0.147577 -5.257942
v -552.542603 0.147576 -8.271774
v -553.263794 0.147576 -8.279480
v -552.574768 0.147577 -5.257942
v -553.295959 0.147577 -5.265633
v -553.262878 -0.000118 -8.378086
v -553.263794 0.147576 -8.279480
v -552.541504 -0.000118 -8.370422
v -552.542603 0.147576 -8.271774
v -552.575867 -0.000117 -5.159321
v -552.574768 0.147577 -5.257942
v -553.296875 -0.000117 -5.167030
v -553.295959 0.147577 -5.265633
v -548.935059 -0.000118 -8.331913
v -548.936157 0.147576 -8.233334
v -548.969238 -0.000117 -5.120770
v -548.968323 0.147577 -5.219437
v -548.936157 0.147576 -8.233334
v -549.657410 0.147576 -8.240997
v -548.968323 0.147577 -5.219437
v -549.689575 0.147577 -5.227104
v -549.656494 -0.000118 -8.339672
v -549.657410 0.147576 -8.240997
v -548.935059 -0.000118 -8.331913
v -548.936157 0.147576 -8.233334
v -548.969238 -0.000117 -5.120770
v -548.968323 0.147577 -5.219437
v -549.690674 -0.000117 -5.128475
v -549.689575 0.147577 -5.227104
v -554.715637 0.165227 -7.722324
v -554.715637 0.350788 -7.722324
v -554.717102 0.340383 -7.562244
v -554.718933 0.350788 -7.402248
v -554.732117 0.165228 -6.173733
v -554.732117 0.350788 -6.173733
v -547.520874 0.340383 -5.936722
v -554.733704 0.340383 -6.013737
v -547.522644 0.350788 -5.776665
v -554.735474 0.350788 -5.853630
v -554.718933 0.350788 -7.402248
v -554.718933 0.165227 -7.402248
v -554.715637 0.350788 -7.722324
v -554.735474 0.350788 -5.853630
v -554.735474 0.165228 -5.853630
v -547.519287 0.350788 -6.096764
v -554.732117 0.350788 -6.173733
v -559.754333 -0.000118 -8.447388
v -559.755493 0.147576 -8.348763
v -559.788574 -0.000117 -5.236240
v -559.787659 0.147577 -5.334869
v -559.755493 0.147576 -8.348763
v -560.476685 0.147576 -8.356430
v -559.787659 0.147577 -5.334869
v -560.508850 0.147577 -5.342602
v -560.475586 -0.000118 -8.455101
v -560.476685 0.147576 -8.356430
v -559.754333 -0.000118 -8.447388
v -559.755493 0.147576 -8.348763
v -559.788574 -0.000117 -5.236240
v -559.787659 0.147577 -5.334869
v -560.509949 -0.000117 -5.243954
v -560.508850 0.147577 -5.342602
v -556.147949 -0.000118 -8.408863
v -556.149048 0.147576 -8.310238
v -556.182312 -0.000117 -5.197784
v -556.181213 0.147577 -5.296406
v -556.149048 0.147576 -8.310238
v -556.870239 0.147576 -8.318012
v -556.181213 0.147577 -5.296406
v -556.902405 0.147577 -5.304115
v -556.869141 -0.000118 -8.416569
v -556.870239 0.147576 -8.318012
v -556.147949 -0.000118 -8.408863
v -556.149048 0.147576 -8.310238
v -556.182312 -0.000117 -5.197784
v -556.181213 0.147577 -5.296406
v -556.903503 -0.000117 -5.205425
v -556.902405 0.147577 -5.304115
v -561.928467 0.165227 -7.799252
v -561.928467 0.350788 -7.799252
v -561.929993 0.340383 -7.639210
v -561.931763 0.350788 -7.479153
v -561.944946 0.165228 -6.250702
v -561.944946 0.350788 -6.250702
v -561.946533 0.340383 -6.090618
v -561.948364 0.350788 -5.930622
v -561.931763 0.350788 -7.479153
v -561.931763 0.165227 -7.479153
v -561.928467 0.350788 -7.799252
v -561.948364 0.350788 -5.930622
v -561.948364 0.165228 -5.930622
v -561.944946 0.350788 -6.250702
v -566.967224 -0.000118 -8.524315
v -566.968323 0.147576 -8.425667
v -567.001404 -0.000117 -5.313213
v -567.000305 0.147577 -5.411861
v -566.968323 0.147576 -8.425667
v -567.689514 0.147576 -8.433399
v -567.000305 0.147577 -5.411861
v -567.721680 0.147577 -5.419502
v -567.688599 -0.000118 -8.532066
v -567.689514 0.147576 -8.433399
v -566.967224 -0.000118 -8.524315
v -566.968323 0.147576 -8.425667
v -567.001404 -0.000117 -5.313213
v -567.000305 0.147577 -5.411861
v -567.722839 -0.000117 -5.320877
v -567.721680 0.147577 -5.419502
v -563.360779 -0.000118 -8.485851
v -563.361877 0.147576 -8.387226
v -563.394958 -0.000117 -5.274750
v -563.393860 0.147577 -5.373398
v -563.361877 0.147576 -8.387226
v -564.083130 0.147576 -8.394867
v -563.393860 0.147577 -5.373398
v -564.115234 0.147577 -5.381042
v -564.082214 -0.000118 -8.493519
v -564.083130 0.147576 -8.394867
v -563.360779 -0.000118 -8.485851
v -563.361877 0.147576 -8.387226
v -563.394958 -0.000117 -5.274750
v -563.393860 0.147577 -5.373398
v -564.116211 -0.000117 -5.282417
v -564.115234 0.147577 -5.381042
v -569.141296 0.165227 -7.876175
v -569.141296 0.350788 -7.876175
v -569.142822 0.340383 -7.716183
v -569.144714 0.350788 -7.556118
v -569.157837 0.165228 -6.327694
v -569.157837 0.350788 -6.327694
v -569.159424 0.340383 -6.167587
v -569.161194 0.350788 -6.007549
v -569.144714 0.350788 -7.556118
v -569.144714 0.165227 -7.556118
v -569.141296 0.350788 -7.876175
v -569.161194 0.350788 -6.007549
v -569.161194 0.165228 -6.007549
v -569.157837 0.350788 -6.327694
v -574.180054 -0.000118 -8.601261
v -574.181213 0.147576 -8.502640
v -574.214294 -0.000117 -5.390182
v -574.213318 0.147577 -5.488808
v -574.181213 0.147576 -8.502640
v -574.902405 0.147576 -8.510345
v -574.213318 0.147577 -5.488808
v -574.934570 0.147577 -5.496517
v -574.901245 -0.000118 -8.608971
v -574.902405 0.147576 -8.510345
v -574.180054 -0.000118 -8.601261
v -574.181213 0.147576 -8.502640
v -574.214294 -0.000117 -5.390182
v -574.213318 0.147577 -5.488808
v -574.935669 -0.000117 -5.397827
v -574.934570 0.147577 -5.496517
v -570.573608 -0.000118 -8.562866
v -570.574768 0.147576 -8.464195
v -570.607849 -0.000117 -5.351654
v -570.606934 0.147577 -5.450279
v -570.574768 0.147576 -8.464195
v -571.295959 0.147576 -8.471882
v -570.606934 0.147577 -5.450279
v -571.328125 0.147577 -5.458035
v -571.294861 -0.000118 -8.570488
v -571.295959 0.147576 -8.471882
v -570.573608 -0.000118 -8.562866
v -570.574768 0.147576 -8.464195
v -570.607849 -0.000117 -5.351654
v -570.606934 0.147577 -5.450279
v -571.329224 -0.000117 -5.359386
v -571.328125 0.147577 -5.458035
v -576.354187 0.165227 -7.953190
v -576.354187 0.350788 -7.953190
v -576.355713 0.340383 -7.793106
v -576.357544 0.350788 -7.633110
v -576.370667 0.165228 -6.404598
v -576.370667 0.350788 -6.404598
v -576.372253 0.340383 -6.244556
v -576.374084 0.350788 -6.084496
v -576.357544 0.350788 -7.633110
v -576.357544 0.165227 -7.633110
v -576.354187 0.350788 -7.953190
v -576.374084 0.350788 -6.084496
v -576.374084 0.165228 -6.084496
v -576.370667 0.350788 -6.404598
v -581.392944 -0.000118 -8.678253
v -581.393860 0.147576 -8.579605
v -581.427124 -0.000117 -5.467083
v -581.426025 0.147577 -5.565731
v -581.393860 0.147576 -8.579605
v -582.115234 0.147576 -8.587318
v -581.426025 0.147577 -5.565731
v -582.147400 0.147577 -5.573490
v -582.114136 -0.000118 -8.685963
v -582.115234 0.147576 -8.587318
v -581.392944 -0.000118 -8.678253
v -581.393860 0.147576 -8.579605
v -581.427124 -0.000117 -5.467083
v -581.426025 0.147577 -5.565731
v -582.148315 -0.000117 -5.474815
v -582.147400 0.147577 -5.573490
v -577.786499 -0.000118 -8.639721
v -577.787598 0.147576 -8.541100
v -577.820679 -0.000117 -5.428623
v -577.819580 0.147577 -5.527271
v -577.787598 0.147576 -8.541100
v -578.508850 0.147576 -8.548809
v -577.819580 0.147577 -5.527271
v -578.540955 0.147577 -5.534939
v -578.507690 -0.000118 -8.647503
v -578.508850 0.147576 -8.548809
v -577.786499 -0.000118 -8.639721
v -577.787598 0.147576 -8.541100
v -577.820679 -0.000117 -5.428623
v -577.819580 0.147577 -5.527271
v -578.541870 -0.000117 -5.436291
v -578.540955 0.147577 -5.534939
v -583.566772 0.165227 -8.030159
v -583.566772 0.350787 -8.030159
v -583.568542 0.340383 -7.870052
v -583.570374 0.350788 -7.710079
v -583.583557 0.165228 -6.481564
v -583.583557 0.350788 -6.481564
v -583.585144 0.340383 -6.321503
v -583.586914 0.350788 -6.161461
v -583.570374 0.350788 -7.710079
v -583.570374 0.165227 -7.710079
v -583.566772 0.350787 -8.030159
v -583.586914 0.350788 -6.161461
v -583.586914 0.165228 -6.161461
v -583.583557 0.350788 -6.481564
v -588.605774 -0.000118 -8.755199
v -588.606689 0.147576 -8.656578
v -588.639954 -0.000117 -5.544056
v -588.638855 0.147577 -5.642746
v -588.606689 0.147576 -8.656578
v -589.328125 0.147576 -8.664284
v -588.638855 0.147577 -5.642746
v -589.360291 0.147577 -5.650368
v -589.326965 -0.000118 -8.762890
v -589.328125 0.147576 -8.664284
v -588.605774 -0.000118 -8.755199
v -588.606689 0.147576 -8.656578
v -588.639954 -0.000117 -5.544056
v -588.638855 0.147577 -5.642746
v -589.361389 -0.000117 -5.551762
v -589.360291 0.147577 -5.650368
v -584.999329 -0.000118 -8.716717
v -585.000244 0.147576 -8.618069
v -585.033569 -0.000117 -5.505569
v -585.032410 0.147577 -5.604240
v -585.000244 0.147576 -8.618069
v -585.721680 0.147576 -8.625732
v -585.032410 0.147577 -5.604240
v -585.753662 0.147577 -5.611904
v -585.720581 -0.000118 -8.724358
v -585.721680 0.147576 -8.625732
v -584.999329 -0.000118 -8.716717
v -585.000244 0.147576 -8.618069
v -585.033569 -0.000117 -5.505569
v -585.032410 0.147577 -5.604240
v -585.754761 -0.000117 -5.513279
v -585.753662 0.147577 -5.611904
v -590.779907 0.165227 -8.107063
v -590.779907 0.350787 -8.107063
v -590.781494 0.340383 -7.947048
v -590.783264 0.350788 -7.786983
v -590.796204 0.165228 -6.558537
v -590.796204 0.350788 -6.558537
v -590.797974 0.340368 -6.398430
v -590.799744 0.350788 -6.238434
v -590.783264 0.350788 -7.786983
v -590.783264 0.165227 -7.786983
v -590.779907 0.350787 -8.107063
v -590.799744 0.350788 -6.238434
v -590.799744 0.165228 -6.238434
v -590.796204 0.350788 -6.558537
v -595.921265 -0.000115 0.784931
v -595.922180 0.147579 0.883602
v -595.955444 -0.000114 3.996143
v -595.954346 0.147580 3.897495
v -595.922180 0.147579 0.883602
v -596.643555 0.147579 0.875916
v -595.954346 0.147580 3.897495
v -596.675537 0.147580 3.889744
v -596.642456 -0.000115 0.777264
v -596.643555 0.147579 0.875916
v -595.921265 -0.000115 0.784931
v -595.922180 0.147579 0.883602
v -595.955444 -0.000114 3.996143
v -595.954346 0.147580 3.897495
v -596.676636 -0.000114 3.988369
v -596.675537 0.147580 3.889744
v -592.314636 -0.000115 0.823460
v -592.315918 0.147579 0.922085
v -592.348999 -0.000114 4.034538
v -592.347900 0.147580 3.935917
v -592.315918 0.147579 0.922085
v -593.037109 0.147579 0.914379
v -592.347900 0.147580 3.935917
v -593.069275 0.147580 3.928295
v -593.036011 -0.000115 0.815773
v -593.037109 0.147579 0.914379
v -592.314636 -0.000115 0.823460
v -592.315918 0.147579 0.922085
v -592.348999 -0.000114 4.034538
v -592.347900 0.147580 3.935917
v -593.070190 -0.000114 4.026894
v -593.069275 0.147580 3.928295
v -598.095337 0.165230 1.433113
v -598.095337 0.350790 1.433113
v -598.096863 0.340385 1.593151
v -598.098633 0.350790 1.753197
v -598.111633 0.165231 2.981621
v -598.111633 0.350790 2.981621
v -590.900574 0.340386 3.218628
v -598.113464 0.340386 3.141701
v -590.902344 0.350791 3.378711
v -598.114990 0.350791 3.301746
v -598.098633 0.350790 1.753197
v -598.098633 0.165230 1.753197
v -598.095337 0.350790 1.433113
v -598.114990 0.350791 3.301746
v -598.115234 0.165231 3.301746
v -590.898987 0.350790 3.058635
v -598.111633 0.350790 2.981621
v -603.134094 -0.000115 0.708031
v -603.135010 0.147579 0.806698
v -603.168274 -0.000114 3.919151
v -603.167175 0.147580 3.820530
v -603.135010 0.147579 0.806698
v -603.856445 0.147579 0.798923
v -603.167175 0.147580 3.820530
v -603.888550 0.147580 3.812816
v -603.855286 -0.000115 0.700294
v -603.856445 0.147579 0.798923
v -603.134094 -0.000115 0.708031
v -603.135010 0.147579 0.806698
v -603.168274 -0.000114 3.919151
v -603.167175 0.147580 3.820530
v -603.889526 -0.000114 3.911442
v -603.888550 0.147580 3.812816
v -599.527649 -0.000115 0.746471
v -599.528503 0.147579 0.845116
v -599.561890 -0.000114 3.957611
v -599.560974 0.147580 3.858967
v -599.528503 0.147579 0.845116
v -600.250000 0.147579 0.837452
v -599.560974 0.147580 3.858967
v -600.282166 0.147580 3.851280
v -600.248840 -0.000115 0.738800
v -600.250000 0.147579 0.837452
v -599.527649 -0.000115 0.746471
v -599.528503 0.147579 0.845116
v -599.561890 -0.000114 3.957611
v -599.560974 0.147580 3.858967
v -600.283081 -0.000114 3.949947
v -600.282166 0.147580 3.851280
v -605.307922 0.165230 1.356148
v -605.307922 0.350790 1.356148
v -605.309753 0.340385 1.516140
v -605.311523 0.350790 1.676224
v -605.324524 0.165231 2.904697
v -605.324524 0.350790 2.904697
v -605.326294 0.340386 3.064735
v -605.328064 0.350791 3.224773
v -605.311523 0.350790 1.676224
v -605.311523 0.165230 1.676224
v -605.307922 0.350790 1.356148
v -605.328064 0.350791 3.224773
v -605.328064 0.165231 3.224773
v -605.324524 0.350790 2.904697
v -610.346924 -0.000115 0.631062
v -610.347900 0.147579 0.729683
v -610.381165 -0.000114 3.842182
v -610.380005 0.147580 3.743515
v -610.347900 0.147579 0.729683
v -611.069275 0.147579 0.721977
v -610.380005 0.147580 3.743515
v -611.101257 0.147580 3.735847
v -611.068176 -0.000115 0.623371
v -611.069275 0.147579 0.721977
v -610.346924 -0.000115 0.631062
v -610.347900 0.147579 0.729683
v -610.381165 -0.000114 3.842182
v -610.380005 0.147580 3.743515
v -611.102356 -0.000114 3.834491
v -611.101257 0.147580 3.735847
v -606.740540 -0.000115 0.669498
v -606.741455 0.147579 0.768169
v -606.774719 -0.000114 3.880687
v -606.773621 0.147580 3.782066
v -606.741455 0.147579 0.768169
v -607.462830 0.147579 0.760460
v -606.773621 0.147580 3.782066
v -607.494995 0.147580 3.774288
v -607.461731 -0.000115 0.661835
v -607.462830 0.147579 0.760460
v -606.740540 -0.000115 0.669498
v -606.741455 0.147579 0.768169
v -606.774719 -0.000114 3.880687
v -606.773621 0.147580 3.782066
v -607.495911 -0.000114 3.872932
v -607.494995 0.147580 3.774288
v -612.520813 0.165230 1.279133
v -612.520813 0.350790 1.279133
v -612.522400 0.340385 1.439240
v -612.524353 0.350790 1.599258
v -612.537354 0.165231 2.827747
v -612.537354 0.350790 2.827747
v -612.539185 0.340386 2.987762
v -612.540955 0.350791 3.147869
v -612.524353 0.350790 1.599258
v -612.524353 0.165230 1.599258
v -612.520813 0.350790 1.279133
v -612.540955 0.350791 3.147869
v -612.540955 0.165231 3.147869
v -612.537354 0.350790 2.827747
v -617.559631 -0.000115 0.554070
v -617.560730 0.147579 0.652718
v -617.593994 -0.000114 3.765278
v -617.592896 0.147580 3.666633
v -617.560730 0.147579 0.652718
v -618.281860 0.147579 0.645050
v -617.592896 0.147580 3.666633
v -618.314087 0.147580 3.658878
v -618.281006 -0.000115 0.546398
v -618.281860 0.147579 0.645050
v -617.559631 -0.000115 0.554070
v -617.560730 0.147579 0.652718
v -617.593994 -0.000114 3.765278
v -617.592896 0.147580 3.666633
v -618.315186 -0.000114 3.757503
v -618.314087 0.147580 3.658878
v -613.953186 -0.000115 0.592598
v -613.954285 0.147579 0.691219
v -613.987610 -0.000114 3.803741
v -613.986450 0.147580 3.705051
v -613.954285 0.147579 0.691219
v -614.675415 0.147579 0.683514
v -613.986450 0.147580 3.705051
v -614.707642 0.147580 3.697410
v -614.674561 -0.000115 0.584862
v -614.675415 0.147579 0.683514
v -613.953186 -0.000115 0.592598
v -613.954285 0.147579 0.691219
v -613.987610 -0.000114 3.803741
v -613.986450 0.147580 3.705051
v -614.708801 -0.000114 3.796032
v -614.707642 0.147580 3.697410
v -619.733643 0.165230 1.202209
v -619.733643 0.350790 1.202209
v -619.735474 0.340385 1.362267
v -619.737305 0.350790 1.522285
v -619.750244 0.165231 2.750801
v -619.750244 0.350790 2.750801
v -619.751831 0.340386 2.910797
v -619.753601 0.350790 3.070858
v -619.737305 0.350790 1.522285
v -619.737305 0.165230 1.522285
v -619.733643 0.350790 1.202209
v -619.753601 0.350790 3.070858
v -619.753601 0.165231 3.070858
v -619.750244 0.350790 2.750801
v -624.772461 -0.000115 0.477211
v -624.773560 0.147579 0.575745
v -624.806641 -0.000114 3.688289
v -624.805725 0.147580 3.589664
v -624.773560 0.147579 0.575745
v -625.494812 0.147579 0.568058
v -624.805725 0.147580 3.589664
v -625.526978 0.147580 3.581955
v -625.493896 -0.000115 0.469433
v -625.494812 0.147579 0.568058
v -624.772461 -0.000115 0.477211
v -624.773560 0.147579 0.575745
v -624.806641 -0.000114 3.688289
v -624.805725 0.147580 3.589664
v -625.528076 -0.000114 3.680534
v -625.526978 0.147580 3.581955
v -621.166016 -0.000115 0.515606
v -621.167175 0.147579 0.614254
v -621.200439 -0.000114 3.726753
v -621.199341 0.147580 3.628082
v -621.167175 0.147579 0.614254
v -621.888367 0.147579 0.606590
v -621.199341 0.147580 3.628082
v -621.920532 0.147580 3.620414
v -621.887451 -0.000115 0.507965
v -621.888367 0.147579 0.606590
v -621.166016 -0.000115 0.515606
v -621.167175 0.147579 0.614254
v -621.200439 -0.000114 3.726753
v -621.199341 0.147580 3.628082
v -621.921631 -0.000114 3.719063
v -621.920532 0.147580 3.620414
v -626.946533 0.165230 1.125282
v -626.946533 0.350790 1.125282
v -626.948303 0.340385 1.285275
v -626.949890 0.350790 1.445339
v -626.963074 0.165231 2.673786
v -626.963074 0.350790 2.673786
v -626.964844 0.340386 2.833893
v -626.966431 0.350790 2.993912
v -626.949890 0.350790 1.445339
v -626.949890 0.165230 1.445339
v -626.946533 0.350790 1.125282
v -626.966431 0.350790 2.993912
v -626.966431 0.165231 2.993912
v -626.963074 0.350790 2.673786
v -631.985291 -0.000115 0.400196
v -631.986450 0.147579 0.498867
v -632.019714 -0.000114 3.611339
v -632.018616 0.147580 3.512695
v -631.986450 0.147579 0.498867
v -632.707642 0.147579 0.491112
v -632.018616 0.147580 3.512695
v -632.739807 0.147580 3.504982
v -632.706726 -0.000115 0.392487
v -632.707642 0.147579 0.491112
v -631.985291 -0.000115 0.400196
v -631.986450 0.147579 0.498867
v -632.019714 -0.000114 3.611339
v -632.018616 0.147580 3.512695
v -632.740906 -0.000114 3.603630
v -632.739807 0.147580 3.504982
v -628.378906 -0.000115 0.438660
v -628.380005 0.147579 0.537281
v -628.413086 -0.000114 3.649738
v -628.412170 0.147580 3.551113
v -628.380005 0.147579 0.537281
v -629.101196 0.147579 0.529663
v -628.412170 0.147580 3.551113
v -629.133606 0.147580 3.543445
v -629.100281 -0.000115 0.430969
v -629.101196 0.147579 0.529663
v -628.378906 -0.000115 0.438660
v -628.380005 0.147579 0.537281
v -628.413086 -0.000114 3.649738
v -628.412170 0.147580 3.551113
v -629.134521 -0.000114 3.642093
v -629.133606 0.147580 3.543445
v -634.159363 0.165230 1.048313
v -634.159363 0.350790 1.048313
v -634.161194 0.340385 1.208351
v -634.162720 0.350790 1.368393
v -634.175964 0.165231 2.596817
v -634.175964 0.350790 2.596817
v -634.177734 0.340371 2.756904
v -634.179321 0.350790 2.917007
v -634.162720 0.350790 1.368393
v -634.162720 0.165230 1.368393
v -634.159363 0.350790 1.048313
v -634.179321 0.350790 2.917007
v -634.179321 0.165231 2.917007
v -634.175964 0.350790 2.596817
v -595.869812 -0.000116 -4.023598
v -595.870911 0.147578 -3.924931
v -595.904297 -0.000115 -0.812519
v -595.903137 0.147578 -0.911098
v -595.870911 0.147578 -3.924931
v -596.592102 0.147577 -3.932636
v -595.903137 0.147578 -0.911098
v -596.624573 0.147578 -0.918808
v -596.591248 -0.000116 -4.031307
v -596.592102 0.147577 -3.932636
v -595.869812 -0.000116 -4.023598
v -595.870911 0.147578 -3.924931
v -595.904297 -0.000115 -0.812519
v -595.903137 0.147578 -0.911098
v -596.625488 -0.000115 -0.820164
v -596.624573 0.147578 -0.918808
v -592.263367 -0.000116 -3.985134
v -592.264526 0.147578 -3.886509
v -592.297607 -0.000115 -0.773987
v -592.296692 0.147578 -0.872616
v -592.264526 0.147578 -3.886509
v -592.985718 0.147578 -3.894173
v -592.296692 0.147578 -0.872616
v -593.017944 0.147578 -0.880280
v -592.984558 -0.000116 -3.992821
v -592.985718 0.147578 -3.894173
v -592.263367 -0.000116 -3.985134
v -592.264526 0.147578 -3.886509
v -592.297607 -0.000115 -0.773987
v -592.296692 0.147578 -0.872616
v -593.019043 -0.000115 -0.781700
v -593.017944 0.147578 -0.880280
v -598.043945 0.165229 -3.375526
v -598.043945 0.350789 -3.375526
v -598.045715 0.340384 -3.215397
v -598.047302 0.350789 -3.055424
v -598.060486 0.165229 -1.826908
v -598.060486 0.350789 -1.826908
v -590.849426 0.340384 -1.589897
v -598.062012 0.340384 -1.666893
v -590.850952 0.350790 -1.429813
v -598.063782 0.350790 -1.506786
v -598.047302 0.350789 -3.055424
v -598.047302 0.165229 -3.055424
v -598.043945 0.350789 -3.375526
v -598.063782 0.350790 -1.506786
v -598.063782 0.165229 -1.506786
v -590.847656 0.350789 -1.749939
v -598.060486 0.350789 -1.826908
v -603.082642 -0.000116 -4.100590
v -603.083801 0.147577 -4.001896
v -603.116882 -0.000115 -0.889423
v -603.116028 0.147578 -0.988071
v -603.083801 0.147577 -4.001896
v -603.804993 0.147577 -4.009609
v -603.116028 0.147578 -0.988071
v -603.837219 0.147578 -0.995777
v -603.804138 -0.000116 -4.108276
v -603.804993 0.147577 -4.009609
v -603.082642 -0.000116 -4.100590
v -603.083801 0.147577 -4.001896
v -603.116882 -0.000115 -0.889423
v -603.116028 0.147578 -0.988071
v -603.838318 -0.000115 -0.897156
v -603.837219 0.147578 -0.995777
v -599.476257 -0.000116 -4.062061
v -599.477356 0.147577 -3.963413
v -599.510437 -0.000115 -0.850914
v -599.509583 0.147578 -0.949608
v -599.477356 0.147577 -3.963413
v -600.198547 0.147577 -3.971146
v -599.509583 0.147578 -0.949608
v -600.230774 0.147578 -0.957249
v -600.197693 -0.000116 -4.069794
v -600.198547 0.147577 -3.971146
v -599.476257 -0.000116 -4.062061
v -599.477356 0.147577 -3.963413
v -599.510437 -0.000115 -0.850914
v -599.509583 0.147578 -0.949608
v -600.231873 -0.000115 -0.858624
v -600.230774 0.147578 -0.957249
v -605.256592 0.165229 -3.452385
v -605.256592 0.350789 -3.452385
v -605.258362 0.340384 -3.292389
v -605.260132 0.350789 -3.132305
v -605.273376 0.165229 -1.903877
v -605.273376 0.350789 -1.903877
v -605.275146 0.340384 -1.743793
v -605.276672 0.350790 -1.583752
v -605.260132 0.350789 -3.132305
v -605.260132 0.165229 -3.132305
v -605.256592 0.350789 -3.452385
v -605.276672 0.350790 -1.583752
v -605.276672 0.165229 -1.583752
v -605.273376 0.350789 -1.903877
v -610.295593 -0.000116 -4.177467
v -610.296631 0.147577 -4.078842
v -610.329712 -0.000115 -0.966389
v -610.328857 0.147578 -1.065014
v -610.296631 0.147577 -4.078842
v -611.017822 0.147577 -4.086620
v -610.328857 0.147578 -1.065014
v -611.050049 0.147578 -1.072681
v -611.016724 -0.000116 -4.185249
v -611.017822 0.147577 -4.086620
v -610.295593 -0.000116 -4.177467
v -610.296631 0.147577 -4.078842
v -610.329712 -0.000115 -0.966389
v -610.328857 0.147578 -1.065014
v -611.051208 -0.000115 -0.974033
v -611.050049 0.147578 -1.072681
v -606.689148 -0.000116 -4.139053
v -606.690186 0.147577 -4.040379
v -606.723267 -0.000115 -0.927929
v -606.722412 0.147578 -1.026531
v -606.690186 0.147577 -4.040379
v -607.411438 0.147577 -4.048069
v -606.722412 0.147578 -1.026531
v -607.443665 0.147578 -1.034241
v -607.410583 -0.000116 -4.146694
v -607.411438 0.147577 -4.048069
v -606.689148 -0.000116 -4.139053
v -606.690186 0.147577 -4.040379
v -606.723267 -0.000115 -0.927929
v -606.722412 0.147578 -1.026531
v -607.444763 -0.000115 -0.935593
v -607.443665 0.147578 -1.034241
v -612.469604 0.165229 -3.529396
v -612.469604 0.350789 -3.529396
v -612.471191 0.340384 -3.369358
v -612.473022 0.350789 -3.209316
v -612.485962 0.165229 -1.980846
v -612.485962 0.350789 -1.980846
v -612.487732 0.340384 -1.820763
v -612.489502 0.350790 -1.660767
v -612.473022 0.350789 -3.209316
v -612.473022 0.165229 -3.209316
v -612.469604 0.350789 -3.529396
v -612.489502 0.350790 -1.660767
v -612.489502 0.165229 -1.660767
v -612.485962 0.350789 -1.980846
v -617.508423 -0.000116 -4.254463
v -617.509583 0.147577 -4.155815
v -617.542664 -0.000115 -1.043362
v -617.541687 0.147578 -1.142010
v -617.509583 0.147577 -4.155815
v -618.230713 0.147577 -4.163479
v -617.541687 0.147578 -1.142010
v -618.262939 0.147578 -1.149673
v -618.229553 -0.000116 -4.262173
v -618.230713 0.147577 -4.163479
v -617.508423 -0.000116 -4.254463
v -617.509583 0.147577 -4.155815
v -617.542664 -0.000115 -1.043362
v -617.541687 0.147578 -1.142010
v -618.264038 -0.000115 -1.051025
v -618.262939 0.147578 -1.149673
v -613.901978 -0.000116 -4.216000
v -613.903137 0.147577 -4.117374
v -613.936157 -0.000115 -1.004810
v -613.935303 0.147578 -1.103477
v -613.903137 0.147577 -4.117374
v -614.624268 0.147577 -4.125015
v -613.935303 0.147578 -1.103477
v -614.656494 0.147578 -1.111191
v -614.623169 -0.000116 -4.223663
v -614.624268 0.147577 -4.125015
v -613.901978 -0.000116 -4.216000
v -613.903137 0.147577 -4.117374
v -613.936157 -0.000115 -1.004810
v -613.935303 0.147578 -1.103477
v -614.657593 -0.000115 -1.012562
v -614.656494 0.147578 -1.111191
v -619.682495 0.165229 -3.606369
v -619.682495 0.350789 -3.606369
v -619.684082 0.340384 -3.446262
v -619.685852 0.350789 -3.286240
v -619.699036 0.165229 -2.057774
v -619.699036 0.350789 -2.057774
v -619.700562 0.340384 -1.897736
v -619.702454 0.350789 -1.737671
v -619.685852 0.350789 -3.286240
v -619.685852 0.165229 -3.286240
v -619.682495 0.350789 -3.606369
v -619.702454 0.350789 -1.737671
v -619.702454 0.165229 -1.737671
v -619.699036 0.350789 -2.057774
v -624.721313 -0.000116 -4.331387
v -624.722168 0.147577 -4.232780
v -624.755493 -0.000115 -1.120258
v -624.754395 0.147578 -1.218864
v -624.722168 0.147577 -4.232780
v -625.443542 0.147577 -4.240471
v -624.754395 0.147578 -1.218864
v -625.475769 0.147578 -1.226639
v -625.442505 -0.000116 -4.339096
v -625.443542 0.147577 -4.240471
v -624.721313 -0.000116 -4.331387
v -624.722168 0.147577 -4.232780
v -624.755493 -0.000115 -1.120258
v -624.754395 0.147578 -1.218864
v -625.476624 -0.000115 -1.128017
v -625.475769 0.147578 -1.226639
v -621.114868 -0.000116 -4.292923
v -621.115967 0.147577 -4.194275
v -621.148987 -0.000115 -1.081776
v -621.147949 0.147578 -1.180447
v -621.115967 0.147577 -4.194275
v -621.837158 0.147577 -4.202007
v -621.147949 0.147578 -1.180447
v -621.869324 0.147578 -1.188114
v -621.835999 -0.000116 -4.300636
v -621.837158 0.147577 -4.202007
v -621.114868 -0.000116 -4.292923
v -621.115967 0.147577 -4.194275
v -621.148987 -0.000115 -1.081776
v -621.147949 0.147578 -1.180447
v -621.870239 -0.000115 -1.089489
v -621.869324 0.147578 -1.188114
v -626.895325 0.165229 -3.683338
v -626.895325 0.350789 -3.683338
v -626.896912 0.340384 -3.523251
v -626.898743 0.350789 -3.363255
v -626.911682 0.165229 -2.134739
v -626.911682 0.350789 -2.134739
v -626.913452 0.340384 -1.974701
v -626.915283 0.350789 -1.814640
v -626.898743 0.350789 -3.363255
v -626.898743 0.165229 -3.363255
v -626.895325 0.350789 -3.683338
v -626.915283 0.350789 -1.814640
v -626.915283 0.165229 -1.814640
v -626.911682 0.350789 -2.134739
v -631.934143 -0.000116 -4.408401
v -631.935242 0.147577 -4.309772
v -631.968323 -0.000115 -1.197212
v -631.967407 0.147578 -1.295879
v -631.935242 0.147577 -4.309772
v -632.656494 0.147577 -4.317440
v -631.967407 0.147578 -1.295879
v -632.688660 0.147578 -1.303543
v -632.655334 -0.000116 -4.416111
v -632.656494 0.147577 -4.317440
v -631.934143 -0.000116 -4.408401
v -631.935242 0.147577 -4.309772
v -631.968323 -0.000115 -1.197212
v -631.967407 0.147578 -1.295879
v -632.689758 -0.000115 -1.204964
v -632.688660 0.147578 -1.303543
v -628.327698 -0.000116 -4.369892
v -628.328552 0.147577 -4.271244
v -628.361938 -0.000115 -1.158791
v -628.361023 0.147578 -1.257416
v -628.328552 0.147577 -4.271244
v -629.049988 0.147577 -4.278908
v -628.361023 0.147578 -1.257416
v -629.082031 0.147578 -1.265079
v -629.048950 -0.000116 -4.377560
v -629.049988 0.147577 -4.278908
v -628.327698 -0.000116 -4.369892
v -628.328552 0.147577 -4.271244
v -628.361938 -0.000115 -1.158791
v -628.361023 0.147578 -1.257416
v -629.083069 -0.000115 -1.166435
v -629.082031 0.147578 -1.265079
v -634.108032 0.165229 -3.760216
v -634.108032 0.350789 -3.760216
v -634.109802 0.340384 -3.600224
v -634.111572 0.350789 -3.440159
v -634.124512 0.165229 -2.211712
v -634.124512 0.350789 -2.211712
v -634.126282 0.340370 -2.051624
v -634.128113 0.350789 -1.891628
v -634.111572 0.350789 -3.440159
v -634.111572 0.165229 -3.440159
v -634.108032 0.350789 -3.760216
v -634.128113 0.350789 -1.891628
v -634.128113 0.165229 -1.891628
v -634.124512 0.350789 -2.211712
v -595.818604 -0.000118 -8.832150
v -595.819580 0.147576 -8.733501
v -595.852844 -0.000117 -5.621044
v -595.851685 0.147577 -5.719669
v -595.819580 0.147576 -8.733501
v -596.540955 0.147576 -8.741234
v -595.851685 0.147577 -5.719669
v -596.573120 0.147577 -5.727341
v -596.539856 -0.000118 -8.839836
v -596.540955 0.147576 -8.741234
v -595.818604 -0.000118 -8.832150
v -595.819580 0.147576 -8.733501
v -595.852844 -0.000117 -5.621044
v -595.851685 0.147577 -5.719669
v -596.574036 -0.000117 -5.628689
v -596.573120 0.147577 -5.727341
v -592.211975 -0.000118 -8.793686
v -592.213135 0.147576 -8.695038
v -592.246399 -0.000117 -5.582581
v -592.245300 0.147577 -5.681145
v -592.213135 0.147576 -8.695038
v -592.934509 0.147576 -8.702747
v -592.245300 0.147577 -5.681145
v -592.966675 0.147577 -5.688877
v -592.933411 -0.000118 -8.801373
v -592.934509 0.147576 -8.702747
v -592.211975 -0.000118 -8.793686
v -592.213135 0.147576 -8.695038
v -592.246399 -0.000117 -5.582581
v -592.245300 0.147577 -5.681145
v -592.967834 -0.000117 -5.590225
v -592.966675 0.147577 -5.688877
v -597.992554 0.165227 -8.184052
v -597.992554 0.350787 -8.184052
v -597.994324 0.340383 -8.024014
v -597.996094 0.350788 -7.863953
v -598.009033 0.165228 -6.635433
v -598.009033 0.350788 -6.635433
v -590.797974 0.340383 -6.398430
v -598.010864 0.340383 -6.475418
v -590.799744 0.350788 -6.238434
v -598.012451 0.350788 -6.315357
v -597.996094 0.350788 -7.863953
v -597.996094 0.165227 -7.863953
v -597.992554 0.350787 -8.184052
v -598.012451 0.350788 -6.315357
v -598.012451 0.165228 -6.315357
v -590.796204 0.350788 -6.558537
v -598.009033 0.350788 -6.635433
v -603.031494 -0.000118 -8.909115
v -603.032410 0.147576 -8.810471
v -603.065674 -0.000117 -5.698017
v -603.064575 0.147577 -5.796665
v -603.032410 0.147576 -8.810471
v -603.753845 0.147576 -8.818134
v -603.064575 0.147577 -5.796665
v -603.785950 0.147577 -5.804306
v -603.752686 -0.000118 -8.916805
v -603.753845 0.147576 -8.818134
v -603.031494 -0.000118 -8.909115
v -603.032410 0.147576 -8.810471
v -603.065674 -0.000117 -5.698017
v -603.064575 0.147577 -5.796665
v -603.786926 -0.000117 -5.705681
v -603.785950 0.147577 -5.804306
v -599.425049 -0.000118 -8.870655
v -599.425964 0.147576 -8.772026
v -599.459290 -0.000117 -5.659485
v -599.458130 0.147577 -5.758133
v -599.425964 0.147576 -8.772026
v -600.147400 0.147576 -8.779671
v -599.458130 0.147577 -5.758133
v -600.179321 0.147577 -5.765778
v -600.146240 -0.000118 -8.878319
v -600.147400 0.147576 -8.779671
v -599.425049 -0.000118 -8.870655
v -599.425964 0.147576 -8.772026
v -599.459290 -0.000117 -5.659485
v -599.458130 0.147577 -5.758133
v -600.180481 -0.000117 -5.667217
v -600.179321 0.147577 -5.765778
v -605.205383 0.165227 -8.261024
v -605.205383 0.350787 -8.261024
v -605.207214 0.340383 -8.100918
v -605.208984 0.350788 -7.940922
v -605.221924 0.165228 -6.712429
v -605.221924 0.350788 -6.712429
v -605.223694 0.340383 -6.552387
v -605.225464 0.350788 -6.392281
v -605.208984 0.350788 -7.940922
v -605.208984 0.165227 -7.940922
v -605.205383 0.350787 -8.261024
v -605.225464 0.350788 -6.392281
v -605.225464 0.165228 -6.392281
v -605.221924 0.350788 -6.712429
v -610.244141 -0.000118 -8.986088
v -610.245239 0.147576 -8.887440
v -610.278564 -0.000117 -5.774918
v -610.277405 0.147577 -5.873543
v -610.245239 0.147576 -8.887440
v -610.966492 0.147576 -8.895149
v -610.277405 0.147577 -5.873543
v -610.998657 0.147577 -5.881321
v -610.965332 -0.000118 -8.993774
v -610.966492 0.147576 -8.895149
v -610.244141 -0.000118 -8.986088
v -610.245239 0.147576 -8.887440
v -610.278564 -0.000117 -5.774918
v -610.277405 0.147577 -5.873543
v -610.999756 -0.000117 -5.782654
v -610.998657 0.147577 -5.881321
v -606.637695 -0.000118 -8.947601
v -606.638855 0.147576 -8.848911
v -606.672119 -0.000117 -5.736458
v -606.671021 0.147577 -5.835079
v -606.638855 0.147576 -8.848911
v -607.360229 0.147576 -8.856686
v -606.671021 0.147577 -5.835079
v -607.392456 0.147577 -5.842770
v -607.359131 -0.000118 -8.955292
v -607.360229 0.147576 -8.856686
v -606.637695 -0.000118 -8.947601
v -606.638855 0.147576 -8.848911
v -606.672119 -0.000117 -5.736458
v -606.671021 0.147577 -5.835079
v -607.393311 -0.000117 -5.744122
v -607.392456 0.147577 -5.842770
v -612.418274 0.165227 -8.337990
v -612.418274 0.350787 -8.337990
v -612.420044 0.340383 -8.177883
v -612.421570 0.350787 -8.017845
v -612.434753 0.165228 -6.789375
v -612.434753 0.350788 -6.789375
v -612.436584 0.340383 -6.629292
v -612.438110 0.350788 -6.469296
v -612.421570 0.350787 -8.017845
v -612.421570 0.165227 -8.017845
v -612.418274 0.350787 -8.337990
v -612.438110 0.350788 -6.469296
v -612.438110 0.165228 -6.469296
v -612.434753 0.350788 -6.789375
v -617.457031 -0.000118 -9.062988
v -617.458130 0.147576 -8.964367
v -617.491394 -0.000117 -5.851887
v -617.490295 0.147577 -5.950535
v -617.458130 0.147576 -8.964367
v -618.179504 0.147576 -8.972118
v -617.490295 0.147577 -5.950535
v -618.211487 0.147577 -5.958199
v -618.178223 -0.000118 -9.070766
v -618.179504 0.147576 -8.972118
v -617.457031 -0.000118 -9.062988
v -617.458130 0.147576 -8.964367
v -617.491394 -0.000117 -5.851887
v -617.490295 0.147577 -5.950535
v -618.212585 -0.000117 -5.859550
v -618.211487 0.147577 -5.958199
v -613.850769 -0.000118 -9.024525
v -613.851685 0.147576 -8.925903
v -613.884949 -0.000117 -5.813423
v -613.883850 0.147577 -5.912071
v -613.851685 0.147576 -8.925903
v -614.573120 0.147576 -8.933567
v -613.883850 0.147577 -5.912071
v -614.605347 0.147577 -5.919735
v -614.571777 -0.000118 -9.032234
v -614.573120 0.147576 -8.933567
v -613.850769 -0.000118 -9.024525
v -613.851685 0.147576 -8.925903
v -613.884949 -0.000117 -5.813423
v -613.883850 0.147577 -5.912071
v -614.606201 -0.000117 -5.821087
v -614.605347 0.147577 -5.919735
v -619.631104 0.165227 -8.414894
v -619.631104 0.350787 -8.414894
v -619.632874 0.340383 -8.254879
v -619.634399 0.350787 -8.094769
v -619.647644 0.165228 -6.866367
v -619.647644 0.350788 -6.866367
v -619.649414 0.340383 -6.706306
v -619.651001 0.350788 -6.546265
v -619.634399 0.350787 -8.094769
v -619.634399 0.165227 -8.094769
v -619.631104 0.350787 -8.414894
v -619.651001 0.350788 -6.546265
v -619.651001 0.165228 -6.546265
v -619.647644 0.350788 -6.866367
v -624.669861 -0.000118 -9.139999
v -624.670959 0.147576 -9.041374
v -624.704285 -0.000117 -5.928860
v -624.703125 0.147577 -6.027504
v -624.670959 0.147576 -9.041374
v -625.392212 0.147576 -9.049023
v -624.703125 0.147577 -6.027504
v -625.424316 0.147577 -6.035172
v -625.391235 -0.000118 -9.147621
v -625.392212 0.147576 -9.049023
v -624.669861 -0.000118 -9.139999
v -624.670959 0.147576 -9.041374
v -624.704285 -0.000117 -5.928860
v -624.703125 0.147577 -6.027504
v -625.425476 -0.000117 -5.936565
v -625.424316 0.147577 -6.035172
v -621.063416 -0.000118 -9.101517
v -621.064575 0.147576 -9.002869
v -621.097839 -0.000117 -5.890350
v -621.096802 0.147577 -5.988998
v -621.064575 0.147576 -9.002869
v -621.785767 0.147576 -9.010536
v -621.096802 0.147577 -5.988998
v -621.817932 0.147577 -5.996708
v -621.784851 -0.000118 -9.109161
v -621.785767 0.147576 -9.010536
v -621.063416 -0.000118 -9.101517
v -621.064575 0.147576 -9.002869
v -621.097839 -0.000117 -5.890350
v -621.096802 0.147577 -5.988998
v -621.819031 -0.000117 -5.898083
v -621.817932 0.147577 -5.996708
v -626.843994 0.165227 -8.491867
v -626.843994 0.350787 -8.491867
v -626.845764 0.340383 -8.331779
v -626.847351 0.350787 -8.171783
v -626.860474 0.165228 -6.943314
v -626.860474 0.350788 -6.943314
v -626.862061 0.340383 -6.783230
v -626.863831 0.350788 -6.623165
v -626.847351 0.350787 -8.171783
v -626.847351 0.165227 -8.171783
v -626.843994 0.350787 -8.491867
v -626.863831 0.350788 -6.623165
v -626.863831 0.165228 -6.623165
v -626.860474 0.350788 -6.943314
v -631.882690 -0.000118 -9.216953
v -631.883850 0.147576 -9.118301
v -631.916931 -0.000117 -6.005848
v -631.916077 0.147577 -6.104404
v -631.883850 0.147576 -9.118301
v -632.605225 0.147576 -9.125969
v -631.916077 0.147577 -6.104404
v -632.637451 0.147577 -6.112183
v -632.604126 -0.000118 -9.224636
v -632.605225 0.147576 -9.125969
v -631.882690 -0.000118 -9.216953
v -631.883850 0.147576 -9.118301
v -631.916931 -0.000117 -6.005848
v -631.916077 0.147577 -6.104404
v -632.638306 -0.000117 -6.013489
v -632.637451 0.147577 -6.112183
v -628.276306 -0.000118 -9.178421
v -628.277405 0.147576 -9.079838
v -628.310669 -0.000117 -5.967319
v -628.309631 0.147577 -6.065941
v -628.277405 0.147576 -9.079838
v -628.998596 0.147576 -9.087505
v -628.309631 0.147577 -6.065941
v -629.030762 0.147577 -6.073612
v -628.997681 -0.000118 -9.186176
v -628.998596 0.147576 -9.087505
v -628.276306 -0.000118 -9.178421
v -628.277405 0.147576 -9.079838
v -628.310669 -0.000117 -5.967319
v -628.309631 0.147577 -6.065941
v -629.031921 -0.000117 -5.974983
v -629.030762 0.147577 -6.073612
v -634.056824 0.165227 -8.568855
v -634.056824 0.350787 -8.568855
v -634.058594 0.340382 -8.408749
v -634.060181 0.350787 -8.248775
v -634.073364 0.165228 -7.020237
v -634.073364 0.350788 -7.020237
v -634.075134 0.340368 -6.860245
v -634.076721 0.350788 -6.700161
v -634.060181 0.350787 -8.248775
v -634.060181 0.165227 -8.248775
v -634.056824 0.350787 -8.568855
v -634.076721 0.350788 -6.700161
v -634.076721 0.165228 -6.700161
v -634.073364 0.350788 -7.020237
v -639.198181 -0.000115 0.323227
v -639.199280 0.147579 0.421894
v -639.232605 -0.000114 3.534351
v -639.231445 0.147580 3.435657
v -639.199280 0.147579 0.421894
v -639.920532 0.147579 0.414188
v -639.231445 0.147580 3.435657
v -639.952637 0.147580 3.428016
v -639.919556 -0.000115 0.315563
v -639.920532 0.147579 0.414188
v -639.198181 -0.000115 0.323227
v -639.199280 0.147579 0.421894
v -639.232605 -0.000114 3.534351
v -639.231445 0.147580 3.435657
v -639.953796 -0.000114 3.526642
v -639.952637 0.147580 3.428016
v -635.591736 -0.000115 0.361668
v -635.592896 0.147579 0.460316
v -635.625977 -0.000114 3.572880
v -635.625000 0.147580 3.474231
v -635.592896 0.147579 0.460316
v -636.314087 0.147579 0.452652
v -635.625000 0.147580 3.474231
v -636.346252 0.147580 3.466545
v -636.313171 -0.000115 0.354004
v -636.314087 0.147579 0.452652
v -635.591736 -0.000115 0.361668
v -635.592896 0.147579 0.460316
v -635.625977 -0.000114 3.572880
v -635.625000 0.147580 3.474231
v -636.347351 -0.000114 3.565101
v -636.346252 0.147580 3.466545
v -641.372314 0.165230 0.971344
v -641.372314 0.350790 0.971344
v -641.373840 0.340385 1.131405
v -641.375610 0.350790 1.291424
v -641.388794 0.165231 2.519916
v -641.388794 0.350790 2.519916
v -634.177734 0.340386 2.756904
v -641.390381 0.340386 2.679931
v -634.179321 0.350790 2.917007
v -641.392151 0.350790 2.840038
v -641.375610 0.350790 1.291424
v -641.375610 0.165230 1.291424
v -641.372314 0.350790 0.971344
v -641.392151 0.350790 2.840038
v -641.392151 0.165231 2.840038
v -634.175964 0.350790 2.596817
v -641.388794 0.350790 2.519916
v -646.411011 -0.000115 0.246258
v -646.412170 0.147579 0.344879
v -646.445435 -0.000114 3.457401
v -646.444336 0.147580 3.358780
v -646.412170 0.147579 0.344879
v -647.133362 0.147579 0.337215
v -646.444336 0.147580 3.358780
v -647.165527 0.147580 3.351043
v -647.132263 -0.000115 0.238567
v -647.133362 0.147579 0.337215
v -646.411011 -0.000115 0.246258
v -646.412170 0.147579 0.344879
v -646.445435 -0.000114 3.457401
v -646.444336 0.147580 3.358780
v -647.166626 -0.000114 3.449695
v -647.165527 0.147580 3.351043
v -642.804626 -0.000115 0.284763
v -642.805725 0.147579 0.383434
v -642.838806 -0.000114 3.495891
v -642.837891 0.147580 3.397262
v -642.805725 0.147579 0.383434
v -643.527161 0.147579 0.375656
v -642.837891 0.147580 3.397262
v -643.559082 0.147580 3.389553
v -643.526001 -0.000115 0.277031
v -643.527161 0.147579 0.375656
v -642.804626 -0.000115 0.284763
v -642.805725 0.147579 0.383434
v -642.838806 -0.000114 3.495891
v -642.837891 0.147580 3.397262
v -643.560242 -0.000114 3.488247
v -643.559082 0.147580 3.389553
v -648.585144 0.165230 0.894329
v -648.585144 0.350790 0.894329
v -648.586914 0.340385 1.054436
v -648.588745 0.350790 1.214455
v -648.601685 0.165231 2.442947
v -648.601685 0.350790 2.442947
v -648.603271 0.340386 2.603027
v -648.605042 0.350790 2.763023
v -648.588745 0.350790 1.214455
v -648.588745 0.165230 1.214455
v -648.585144 0.350790 0.894329
v -648.605042 0.350790 2.763023
v -648.605042 0.165231 2.763023
v -648.601685 0.350790 2.442947
v -653.623901 -0.000115 0.169334
v -653.625000 0.147579 0.267982
v -653.658264 -0.000114 3.380436
v -653.657166 0.147580 3.281788
v -653.625000 0.147579 0.267982
v -654.346191 0.147579 0.260250
v -653.657166 0.147580 3.281788
v -654.378357 0.147580 3.274143
v -654.345093 -0.000115 0.161602
v -654.346191 0.147579 0.260250
v -653.623901 -0.000115 0.169334
v -653.625000 0.147579 0.267982
v -653.658264 -0.000114 3.380436
v -653.657166 0.147580 3.281788
v -654.379517 -0.000114 3.372772
v -654.378357 0.147580 3.274143
v -650.017456 -0.000115 0.207798
v -650.018555 0.147579 0.306419
v -650.051880 -0.000114 3.418918
v -650.050720 0.147580 3.320251
v -650.018555 0.147579 0.306419
v -650.739807 0.147579 0.298775
v -650.050720 0.147580 3.320251
v -650.771973 0.147580 3.312607
v -650.738892 -0.000115 0.200127
v -650.739807 0.147579 0.298775
v -650.017456 -0.000115 0.207798
v -650.018555 0.147579 0.306419
v -650.051880 -0.000114 3.418918
v -650.050720 0.147580 3.320251
v -650.772888 -0.000114 3.411232
v -650.771973 0.147580 3.312607
v -655.798035 0.165230 0.817471
v -655.798035 0.350790 0.817471
v -655.799500 0.340385 0.977467
v -655.801331 0.350790 1.137550
v -655.814514 0.165231 2.365955
v -655.814514 0.350790 2.365955
v -655.816101 0.340385 2.526062
v -655.817871 0.350790 2.686058
v -655.801331 0.350790 1.137550
v -655.801331 0.165230 1.137550
v -655.798035 0.350790 0.817471
v -655.817871 0.350790 2.686058
v -655.817871 0.165231 2.686058
v -655.814514 0.350790 2.365955
v -660.836731 -0.000115 0.092411
v -660.837646 0.147579 0.191032
v -660.870972 -0.000114 3.303463
v -660.869812 0.147580 3.204864
v -660.837646 0.147579 0.191032
v -661.559082 0.147579 0.183323
v -660.869812 0.147580 3.204864
v -661.591248 0.147580 3.197151
v -661.558167 -0.000115 0.084698
v -661.559082 0.147579 0.183323
v -660.836731 -0.000115 0.092411
v -660.837646 0.147579 0.191032
v -660.870972 -0.000114 3.303463
v -660.869812 0.147580 3.204864
v -661.592163 -0.000114 3.295845
v -661.591248 0.147580 3.197151
v -657.230347 -0.000115 0.130802
v -657.231445 0.147579 0.229450
v -657.264526 -0.000114 3.342014
v -657.263428 0.147580 3.243347
v -657.231445 0.147579 0.229450
v -657.952637 0.147579 0.221786
v -657.263428 0.147580 3.243347
v -657.984802 0.147580 3.235615
v -657.951721 -0.000115 0.123161
v -657.952637 0.147579 0.221786
v -657.230347 -0.000115 0.130802
v -657.231445 0.147579 0.229450
v -657.264526 -0.000114 3.342014
v -657.263428 0.147580 3.243347
v -657.985901 -0.000114 3.334263
v -657.984802 0.147580 3.235615
v -663.010864 0.165230 0.740456
v -663.010864 0.350790 0.740456
v -663.012634 0.340385 0.900475
v -663.014160 0.350790 1.060535
v -663.027344 0.165231 2.289097
v -663.027344 0.350790 2.289097
v -663.029175 0.340385 2.449089
v -663.030945 0.350790 2.609176
v -663.014160 0.350790 1.060535
v -663.014160 0.165230 1.060535
v -663.010864 0.350790 0.740456
v -663.030945 0.350790 2.609176
v -663.030945 0.165231 2.609176
v -663.027344 0.350790 2.289097
v -668.049622 -0.000115 0.015396
v -668.050720 0.147579 0.114086
v -668.083801 -0.000114 3.226475
v -668.082886 0.147580 3.127849
v -668.050720 0.147579 0.114086
v -668.771912 0.147579 0.106373
v -668.082886 0.147580 3.127849
v -668.804077 0.147580 3.120205
v -668.770813 -0.000115 0.007683
v -668.771912 0.147579 0.106373
v -668.049622 -0.000115 0.015396
v -668.050720 0.147579 0.114086
v -668.083801 -0.000114 3.226475
v -668.082886 0.147580 3.127849
v -668.805237 -0.000114 3.218830
v -668.804077 0.147580 3.120205
v -664.443176 -0.000115 0.053921
v -664.444275 0.147579 0.152481
v -664.477356 -0.000114 3.264999
v -664.476440 0.147580 3.166378
v -664.444275 0.147579 0.152481
v -665.165527 0.147579 0.144836
v -664.476440 0.147580 3.166378
v -665.197632 0.147580 3.158756
v -665.164551 -0.000115 0.046169
v -665.165527 0.147579 0.144836
v -664.443176 -0.000115 0.053921
v -664.444275 0.147579 0.152481
v -664.477356 -0.000114 3.264999
v -664.476440 0.147580 3.166378
v -665.198792 -0.000114 3.257293
v -665.197632 0.147580 3.158756
v -670.223694 0.165230 0.663532
v -670.223694 0.350790 0.663532
v -670.225525 0.340385 0.823616
v -670.227112 0.350790 0.983612
v -670.240234 0.165230 2.212085
v -670.240234 0.350790 2.212085
v -670.242004 0.340385 2.372101
v -670.243591 0.350790 2.532230
v -670.227112 0.350790 0.983612
v -670.227112 0.165230 0.983612
v -670.223694 0.350790 0.663532
v -670.243591 0.350790 2.532230
v -670.243591 0.165231 2.532230
v -670.240234 0.350790 2.212085
v -675.262451 -0.000115 -0.061596
v -675.263611 0.147579 0.037094
v -675.296631 -0.000114 3.149612
v -675.295532 0.147580 3.050922
v -675.263611 0.147579 0.037094
v -675.984802 0.147579 0.029385
v -675.295532 0.147580 3.050922
v -676.016968 0.147580 3.043281
v -675.983643 -0.000115 -0.069241
v -675.984802 0.147579 0.029385
v -675.262451 -0.000115 -0.061596
v -675.263611 0.147579 0.037094
v -675.296631 -0.000114 3.149612
v -675.295532 0.147580 3.050922
v -676.017883 -0.000114 3.141838
v -676.016968 0.147580 3.043281
v -671.656006 -0.000115 -0.023067
v -671.656982 0.147579 0.075623
v -671.690247 -0.000114 3.188076
v -671.689087 0.147580 3.089386
v -671.656982 0.147579 0.075623
v -672.378357 0.147579 0.067848
v -671.689087 0.147580 3.089386
v -672.410522 0.147580 3.081741
v -672.377258 -0.000115 -0.030708
v -672.378357 0.147579 0.067848
v -671.656006 -0.000115 -0.023067
v -671.656982 0.147579 0.075623
v -671.690247 -0.000114 3.188076
v -671.689087 0.147580 3.089386
v -672.411621 -0.000114 3.180370
v -672.410522 0.147580 3.081741
v -677.436584 0.165230 0.586605
v -677.436584 0.350790 0.586605
v -677.438171 0.340385 0.746601
v -677.439941 0.350790 0.906689
v -677.453064 0.165230 2.135090
v -677.453064 0.350790 2.135090
v -677.454651 0.340371 2.295219
v -677.456421 0.350790 2.455238
v -677.439941 0.350790 0.906689
v -677.439941 0.165230 0.906689
v -677.436584 0.350790 0.586605
v -677.456421 0.350790 2.455238
v -677.456421 0.165231 2.455238
v -677.453064 0.350790 2.135090
v -639.147034 -0.000116 -4.485325
v -639.147888 0.147577 -4.386700
v -639.181213 -0.000115 -1.274220
v -639.180115 0.147578 -1.372871
v -639.147888 0.147577 -4.386700
v -639.869324 0.147577 -4.394409
v -639.180115 0.147578 -1.372871
v -639.901489 0.147578 -1.380516
v -639.868225 -0.000116 -4.493034
v -639.869324 0.147577 -4.394409
v -639.147034 -0.000116 -4.485325
v -639.147888 0.147577 -4.386700
v -639.181213 -0.000115 -1.274220
v -639.180115 0.147578 -1.372871
v -639.902588 -0.000115 -1.281887
v -639.901489 0.147578 -1.380516
v -635.540588 -0.000116 -4.446861
v -635.541687 0.147577 -4.348236
v -635.574768 -0.000115 -1.235760
v -635.573669 0.147578 -1.334408
v -635.541687 0.147577 -4.348236
v -636.262817 0.147577 -4.355881
v -635.573669 0.147578 -1.334408
v -636.295044 0.147578 -1.342052
v -636.261780 -0.000116 -4.454525
v -636.262817 0.147577 -4.355881
v -635.540588 -0.000116 -4.446861
v -635.541687 0.147577 -4.348236
v -635.574768 -0.000115 -1.235760
v -635.573669 0.147578 -1.334408
v -636.295898 -0.000115 -1.243427
v -636.295044 0.147578 -1.342052
v -641.320862 0.165229 -3.837185
v -641.320862 0.350789 -3.837185
v -641.322632 0.340384 -3.677189
v -641.324402 0.350789 -3.517105
v -641.337341 0.165229 -2.288704
v -641.337341 0.350789 -2.288635
v -634.126282 0.340384 -2.051624
v -641.339233 0.340384 -2.128597
v -634.128113 0.350789 -1.891628
v -641.341003 0.350789 -1.968491
v -641.324402 0.350789 -3.517105
v -641.324402 0.165229 -3.517105
v -641.320862 0.350789 -3.837185
v -641.341003 0.350789 -1.968491
v -641.341003 0.165229 -1.968555
v -634.124512 0.350789 -2.211712
v -641.337341 0.350789 -2.288635
v -646.359619 -0.000116 -4.562294
v -646.360718 0.147577 -4.463646
v -646.394043 -0.000115 -1.351192
v -646.392944 0.147578 -1.449818
v -646.360718 0.147577 -4.463646
v -647.082214 0.147577 -4.471310
v -646.392944 0.147578 -1.449818
v -647.114136 0.147578 -1.457531
v -647.081055 -0.000116 -4.569962
v -647.082214 0.147577 -4.471310
v -646.359619 -0.000116 -4.562294
v -646.360718 0.147577 -4.463646
v -646.394043 -0.000115 -1.351192
v -646.392944 0.147578 -1.449818
v -647.115479 -0.000115 -1.358833
v -647.114136 0.147578 -1.457531
v -642.753418 -0.000116 -4.523830
v -642.754272 0.147577 -4.425182
v -642.787659 -0.000115 -1.312660
v -642.786499 0.147578 -1.411266
v -642.754272 0.147577 -4.425182
v -643.475769 0.147577 -4.432873
v -642.786499 0.147578 -1.411266
v -643.507690 0.147578 -1.419041
v -643.474609 -0.000116 -4.531498
v -643.475769 0.147577 -4.432873
v -642.753418 -0.000116 -4.523830
v -642.754272 0.147577 -4.425182
v -642.787659 -0.000115 -1.312660
v -642.786499 0.147578 -1.411266
v -643.508850 -0.000115 -1.320351
v -643.507690 0.147578 -1.419041
v -648.533691 0.165229 -3.914200
v -648.533691 0.350789 -3.914200
v -648.535522 0.340384 -3.754093
v -648.537292 0.350789 -3.594116
v -648.550293 0.165229 -2.365582
v -648.550293 0.350789 -2.365582
v -648.552063 0.340384 -2.205566
v -648.553833 0.350789 -2.045506
v -648.537292 0.350789 -3.594116
v -648.537292 0.165229 -3.594116
v -648.533691 0.350789 -3.914200
v -648.553833 0.350789 -2.045506
v -648.553833 0.165229 -2.045506
v -648.550293 0.350789 -2.365582
v -653.572693 -0.000116 -4.639263
v -653.573608 0.147577 -4.540638
v -653.606934 -0.000115 -1.428097
v -653.605774 0.147578 -1.526741
v -653.573608 0.147577 -4.540638
v -654.294800 0.147577 -4.548325
v -653.605774 0.147578 -1.526741
v -654.327026 0.147578 -1.534473
v -654.293945 -0.000116 -4.646969
v -654.294800 0.147577 -4.548325
v -653.572693 -0.000116 -4.639263
v -653.573608 0.147577 -4.540638
v -653.606934 -0.000115 -1.428097
v -653.605774 0.147578 -1.526741
v -654.328125 -0.000115 -1.435829
v -654.327026 0.147578 -1.534473
v -649.966003 -0.000116 -4.600735
v -649.967163 0.147577 -4.502106
v -650.000488 -0.000115 -1.389606
v -649.999390 0.147578 -1.488281
v -649.967163 0.147577 -4.502106
v -650.688354 0.147577 -4.509819
v -649.999390 0.147578 -1.488281
v -650.720581 0.147578 -1.495945
v -650.687500 -0.000116 -4.608509
v -650.688354 0.147577 -4.509819
v -649.966003 -0.000116 -4.600735
v -649.967163 0.147577 -4.502106
v -650.000488 -0.000115 -1.389606
v -649.999390 0.147578 -1.488281
v -650.721680 -0.000115 -1.397320
v -650.720581 0.147578 -1.495945
v -655.746582 0.165229 -3.991169
v -655.746582 0.350789 -3.991169
v -655.748352 0.340383 -3.831059
v -655.750122 0.350789 -3.671043
v -655.763123 0.165229 -2.442574
v -655.763123 0.350789 -2.442574
v -655.764954 0.340384 -2.282513
v -655.766418 0.350789 -2.122471
v -655.750122 0.350789 -3.671043
v -655.750122 0.165229 -3.671043
v -655.746582 0.350789 -3.991169
v -655.766418 0.350789 -2.122471
v -655.766418 0.165229 -2.122471
v -655.763123 0.350789 -2.442574
v -660.785400 -0.000116 -4.716190
v -660.786438 0.147577 -4.617516
v -660.819519 -0.000115 -1.505062
v -660.818665 0.147578 -1.603710
v -660.786438 0.147577 -4.617516
v -661.507629 0.147577 -4.625275
v -660.818665 0.147578 -1.603710
v -661.539856 0.147578 -1.611378
v -661.506775 -0.000116 -4.723896
v -661.507629 0.147577 -4.625275
v -660.785400 -0.000116 -4.716190
v -660.786438 0.147577 -4.617516
v -660.819519 -0.000115 -1.505062
v -660.818665 0.147578 -1.603710
v -661.540955 -0.000115 -1.512753
v -661.539856 0.147578 -1.611378
v -657.178955 -0.000116 -4.677727
v -657.180298 0.147577 -4.579079
v -657.213074 -0.000115 -1.466579
v -657.212219 0.147578 -1.565273
v -657.180298 0.147577 -4.579079
v -657.901184 0.147577 -4.586742
v -657.212219 0.147578 -1.565273
v -657.933411 0.147578 -1.572918
v -657.900330 -0.000116 -4.685368
v -657.901184 0.147577 -4.586742
v -657.178955 -0.000116 -4.677727
v -657.180298 0.147577 -4.579079
v -657.213074 -0.000115 -1.466579
v -657.212219 0.147578 -1.565273
v -657.934570 -0.000115 -1.474289
v -657.933411 0.147578 -1.572918
v -662.959717 0.165228 -4.068069
v -662.959717 0.350789 -4.068069
v -662.961243 0.340383 -3.908054
v -662.963013 0.350789 -3.747993
v -662.976196 0.165229 -2.519543
v -662.976196 0.350789 -2.519543
v -662.977783 0.340384 -2.359436
v -662.979553 0.350789 -2.199440
v -662.963013 0.350789 -3.747993
v -662.963013 0.165229 -3.747993
v -662.959717 0.350789 -4.068069
v -662.979553 0.350789 -2.199440
v -662.979553 0.165229 -2.199440
v -662.976196 0.350789 -2.519543
v -667.998230 -0.000116 -4.793156
v -667.999268 0.147577 -4.694508
v -668.032654 -0.000115 -1.582054
v -668.031494 0.147578 -1.680683
v -667.999268 0.147577 -4.694508
v -668.720520 0.147577 -4.702221
v -668.031494 0.147578 -1.680683
v -668.752747 0.147578 -1.688393
v -668.719666 -0.000116 -4.800846
v -668.720520 0.147577 -4.702221
v -667.998230 -0.000116 -4.793156
v -667.999268 0.147577 -4.694508
v -668.032654 -0.000115 -1.582054
v -668.031494 0.147578 -1.680683
v -668.753845 -0.000115 -1.589699
v -668.752747 0.147578 -1.688393
v -664.392029 -0.000116 -4.754692
v -664.392944 0.147577 -4.656048
v -664.425964 -0.000115 -1.543526
v -664.425110 0.147578 -1.642151
v -664.392944 0.147577 -4.656048
v -665.114319 0.147577 -4.663712
v -664.425110 0.147578 -1.642151
v -665.146484 0.147578 -1.649883
v -665.113220 -0.000116 -4.762360
v -665.114319 0.147577 -4.663712
v -664.392029 -0.000116 -4.754692
v -664.392944 0.147577 -4.656048
v -664.425964 -0.000115 -1.543526
v -664.425110 0.147578 -1.642151
v -665.147400 -0.000115 -1.551258
v -665.146484 0.147578 -1.649883
v -670.172302 0.165228 -4.145065
v -670.172302 0.350789 -4.145065
v -670.174072 0.340383 -3.985065
v -670.175842 0.350789 -3.824982
v -670.188843 0.165229 -2.596447
v -670.188843 0.350789 -2.596447
v -670.190613 0.340384 -2.436428
v -670.192444 0.350789 -2.276363
v -670.175842 0.350789 -3.824982
v -670.175842 0.165229 -3.824982
v -670.172302 0.350789 -4.145065
v -670.192444 0.350789 -2.276363
v -670.192444 0.165229 -2.276363
v -670.188843 0.350789 -2.596447
v -675.211060 -0.000116 -4.870129
v -675.212219 0.147577 -4.771500
v -675.245483 -0.000115 -1.658981
v -675.244141 0.147578 -1.757671
v -675.212219 0.147577 -4.771500
v -675.933350 0.147577 -4.779144
v -675.244141 0.147578 -1.757671
v -675.965576 0.147578 -1.765316
v -675.932495 -0.000116 -4.877769
v -675.933350 0.147577 -4.779144
v -675.211060 -0.000116 -4.870129
v -675.212219 0.147577 -4.771500
v -675.245483 -0.000115 -1.658981
v -675.244141 0.147578 -1.757671
v -675.966675 -0.000115 -1.666691
v -675.965576 0.147578 -1.765316
v -671.604675 -0.000116 -4.831596
v -671.605774 0.147577 -4.733040
v -671.639038 -0.000115 -1.620449
v -671.637939 0.147578 -1.719143
v -671.605774 0.147577 -4.733040
v -672.326904 0.147577 -4.740681
v -671.637939 0.147578 -1.719143
v -672.359131 0.147578 -1.726788
v -672.326050 -0.000116 -4.839310
v -672.326904 0.147577 -4.740681
v -671.604675 -0.000116 -4.831596
v -671.605774 0.147577 -4.733040
v -671.639038 -0.000115 -1.620449
v -671.637939 0.147578 -1.719143
v -672.360291 -0.000115 -1.628162
v -672.359131 0.147578 -1.726788
v -677.385132 0.165228 -4.221989
v -677.385132 0.350789 -4.221989
v -677.386902 0.340383 -4.061924
v -677.388794 0.350789 -3.901932
v -677.401733 0.165229 -2.673439
v -677.401733 0.350789 -2.673439
v -677.403503 0.340369 -2.513374
v -677.405273 0.350789 -2.353291
v -677.388794 0.350789 -3.901932
v -677.388794 0.165229 -3.901932
v -677.385132 0.350789 -4.221989
v -677.405273 0.350789 -2.353291
v -677.405273 0.165229 -2.353291
v -677.401733 0.350789 -2.673439
v -639.095581 -0.000118 -9.293919
v -639.096680 0.147576 -9.195312
v -639.130066 -0.000117 -6.082752
v -639.128906 0.147577 -6.181396
v -639.096680 0.147576 -9.195312
v -639.817871 0.147576 -9.202934
v -639.128906 0.147577 -6.181396
v -639.850037 0.147577 -6.189041
v -639.816956 -0.000118 -9.301609
v -639.817871 0.147576 -9.202934
v -639.095581 -0.000118 -9.293919
v -639.096680 0.147576 -9.195312
v -639.130066 -0.000117 -6.082752
v -639.128906 0.147577 -6.181396
v -639.851196 -0.000117 -6.090485
v -639.850037 0.147577 -6.189041
v -635.489136 -0.000118 -9.255390
v -635.490295 0.147576 -9.156761
v -635.523376 -0.000117 -6.044289
v -635.522461 0.147577 -6.142937
v -635.490295 0.147576 -9.156761
v -636.211487 0.147576 -9.164410
v -635.522461 0.147577 -6.142937
v -636.243652 0.147577 -6.150578
v -636.210327 -0.000118 -9.263100
v -636.211487 0.147576 -9.164410
v -635.489136 -0.000118 -9.255390
v -635.490295 0.147576 -9.156761
v -635.523376 -0.000117 -6.044289
v -635.522461 0.147577 -6.142937
v -636.244751 -0.000117 -6.051952
v -636.243652 0.147577 -6.150578
v -641.269714 0.165227 -8.645760
v -641.269714 0.350787 -8.645760
v -641.271301 0.340382 -8.485718
v -641.273071 0.350787 -8.325657
v -641.286194 0.165228 -7.097229
v -641.286194 0.350788 -7.097229
v -634.075134 0.340383 -6.860245
v -641.287964 0.340383 -6.937172
v -634.076721 0.350788 -6.700161
v -641.289551 0.350788 -6.777084
v -641.273071 0.350787 -8.325657
v -641.273071 0.165227 -8.325657
v -641.269714 0.350787 -8.645760
v -641.289551 0.350788 -6.777084
v -641.289551 0.165228 -6.777084
v -634.073364 0.350788 -7.020237
v -641.286194 0.350788 -7.097229
v -646.308411 -0.000118 -9.370865
v -646.309570 0.147576 -9.272175
v -646.342651 -0.000117 -6.159721
v -646.341797 0.147577 -6.258369
v -646.309570 0.147576 -9.272175
v -647.030762 0.147576 -9.279949
v -646.341797 0.147577 -6.258369
v -647.062988 0.147577 -6.266056
v -647.029663 -0.000118 -9.378574
v -647.030762 0.147576 -9.279949
v -646.308411 -0.000118 -9.370865
v -646.309570 0.147576 -9.272175
v -646.342651 -0.000117 -6.159721
v -646.341797 0.147577 -6.258369
v -647.064026 -0.000117 -6.167385
v -647.062988 0.147577 -6.266056
v -642.702026 -0.000118 -9.332359
v -642.703125 0.147576 -9.233711
v -642.736206 -0.000117 -6.121258
v -642.735352 0.147577 -6.219883
v -642.703125 0.147576 -9.233711
v -643.424316 0.147576 -9.241425
v -642.735352 0.147577 -6.219883
v -643.456482 0.147577 -6.227570
v -643.423218 -0.000118 -9.340023
v -643.424316 0.147576 -9.241425
v -642.702026 -0.000118 -9.332359
v -642.703125 0.147576 -9.233711
v -642.736206 -0.000117 -6.121258
v -642.735352 0.147577 -6.219883
v -643.457581 -0.000117 -6.128967
v -643.456482 0.147577 -6.227570
v -648.482544 0.165227 -8.722729
v -648.482544 0.350787 -8.722729
v -648.484314 0.340382 -8.562710
v -648.485901 0.350787 -8.402649
v -648.498840 0.165228 -7.174175
v -648.498840 0.350788 -7.174175
v -648.500610 0.340383 -7.014095
v -648.502441 0.350788 -6.854099
v -648.485901 0.350787 -8.402649
v -648.485901 0.165227 -8.402649
v -648.482544 0.350787 -8.722729
v -648.502441 0.350788 -6.854099
v -648.502441 0.165228 -6.854099
v -648.498840 0.350788 -7.174175
v -653.521301 -0.000118 -9.447788
v -653.522217 0.147576 -9.349163
v -653.555481 -0.000117 -6.236710
v -653.554382 0.147577 -6.335335
v -653.522217 0.147576 -9.349163
v -654.243591 0.147576 -9.356853
v -653.554382 0.147577 -6.335335
v -654.275818 0.147577 -6.343002
v -654.242493 -0.000118 -9.455502
v -654.243591 0.147576 -9.356853
v -653.521301 -0.000118 -9.447788
v -653.522217 0.147576 -9.349163
v -653.555481 -0.000117 -6.236710
v -653.554382 0.147577 -6.335335
v -654.276672 -0.000117 -6.244354
v -654.275818 0.147577 -6.343002
v -649.914856 -0.000118 -9.409351
v -649.915955 0.147576 -9.310699
v -649.949036 -0.000117 -6.198185
v -649.948181 0.147577 -6.296806
v -649.915955 0.147576 -9.310699
v -650.637207 0.147576 -9.318371
v -649.948181 0.147577 -6.296806
v -650.669434 0.147577 -6.304539
v -650.636047 -0.000118 -9.417038
v -650.637207 0.147576 -9.318371
v -649.914856 -0.000118 -9.409351
v -649.915955 0.147576 -9.310699
v -649.949036 -0.000117 -6.198185
v -649.948181 0.147577 -6.296806
v -650.670471 -0.000117 -6.205917
v -650.669434 0.147577 -6.304539
v -655.695374 0.165227 -8.799698
v -655.695374 0.350787 -8.799698
v -655.696960 0.340382 -8.639610
v -655.698792 0.350787 -8.479572
v -655.711914 0.165227 -7.251102
v -655.711914 0.350788 -7.251102
v -655.713501 0.340383 -7.091110
v -655.715271 0.350788 -6.931023
v -655.698792 0.350787 -8.479572
v -655.698792 0.165227 -8.479572
v -655.695374 0.350787 -8.799698
v -655.715271 0.350788 -6.931023
v -655.715271 0.165228 -6.931023
v -655.711914 0.350788 -7.251102
v -660.734131 -0.000118 -9.524807
v -660.735291 0.147576 -9.426136
v -660.768372 -0.000117 -6.313591
v -660.767456 0.147577 -6.412239
v -660.735291 0.147576 -9.426136
v -661.456482 0.147576 -9.433819
v -660.767456 0.147577 -6.412239
v -661.488708 0.147577 -6.419971
v -661.455322 -0.000118 -9.532429
v -661.456482 0.147576 -9.433819
v -660.734131 -0.000118 -9.524807
v -660.735291 0.147576 -9.426136
v -660.768372 -0.000117 -6.313591
v -660.767456 0.147577 -6.412239
v -661.489563 -0.000117 -6.321369
v -661.488708 0.147577 -6.419971
v -657.127686 -0.000118 -9.486256
v -657.128662 0.147576 -9.387627
v -657.161926 -0.000117 -6.275108
v -657.160767 0.147577 -6.373798
v -657.128662 0.147576 -9.387627
v -657.850037 0.147576 -9.395336
v -657.160767 0.147577 -6.373798
v -657.882263 0.147577 -6.381443
v -657.848938 -0.000118 -9.493961
v -657.850037 0.147576 -9.395336
v -657.127686 -0.000118 -9.486256
v -657.128662 0.147576 -9.387627
v -657.161926 -0.000117 -6.275108
v -657.160767 0.147577 -6.373798
v -657.883118 -0.000117 -6.282814
v -657.882263 0.147577 -6.381443
v -662.908264 0.165227 -8.876663
v -662.908264 0.350787 -8.876663
v -662.910034 0.340382 -8.716583
v -662.911621 0.350787 -8.556587
v -662.924744 0.165227 -7.328114
v -662.924744 0.350788 -7.328114
v -662.926636 0.340383 -7.168034
v -662.928162 0.350788 -7.007969
v -662.911621 0.350787 -8.556587
v -662.911621 0.165227 -8.556587
v -662.908264 0.350787 -8.876663
v -662.928162 0.350788 -7.007969
v -662.928162 0.165228 -7.007969
v -662.924744 0.350788 -7.328114
v -667.947083 -0.000118 -9.601688
v -667.948120 0.147576 -9.503101
v -667.981201 -0.000117 -6.390583
v -667.980347 0.147577 -6.489208
v -667.948120 0.147576 -9.503101
v -668.669312 0.147576 -9.510815
v -667.980347 0.147577 -6.489208
v -668.701538 0.147577 -6.496918
v -668.668213 -0.000118 -9.609440
v -668.669312 0.147576 -9.510815
v -667.947083 -0.000118 -9.601688
v -667.948120 0.147576 -9.503101
v -667.981201 -0.000117 -6.390583
v -667.980347 0.147577 -6.489208
v -668.702698 -0.000117 -6.398251
v -668.701538 0.147577 -6.496918
v -664.340576 -0.000118 -9.563221
v -664.341675 0.147576 -9.464577
v -664.374756 -0.000117 -6.352119
v -664.373657 0.147577 -6.450745
v -664.341675 0.147576 -9.464577
v -665.062927 0.147576 -9.472240
v -664.373657 0.147577 -6.450745
v -665.095093 0.147577 -6.458458
v -665.061768 -0.000118 -9.570911
v -665.062927 0.147576 -9.472240
v -664.340576 -0.000118 -9.563221
v -664.341675 0.147576 -9.464577
v -664.374756 -0.000117 -6.352119
v -664.373657 0.147577 -6.450745
v -665.096008 -0.000117 -6.359787
v -665.095093 0.147577 -6.458458
v -670.121094 0.165227 -8.953590
v -670.121094 0.350787 -8.953590
v -670.122925 0.340382 -8.793549
v -670.124512 0.350787 -8.633511
v -670.137695 0.165227 -7.405041
v -670.137695 0.350788 -7.405041
v -670.139465 0.340383 -7.244957
v -670.140991 0.350788 -7.084961
v -670.124512 0.350787 -8.633511
v -670.124512 0.165227 -8.633511
v -670.121094 0.350787 -8.953590
v -670.140991 0.350788 -7.084961
v -670.140991 0.165228 -7.084961
v -670.137695 0.350788 -7.405041
v -675.159668 -0.000118 -9.678654
v -675.160767 0.147576 -9.580029
v -675.194031 -0.000117 -6.467506
v -675.192932 0.147577 -6.566200
v -675.160767 0.147576 -9.580029
v -675.881958 0.147576 -9.587673
v -675.192932 0.147577 -6.566200
v -675.914124 0.147577 -6.573845
v -675.881042 -0.000118 -9.686298
v -675.881958 0.147576 -9.587673
v -675.159668 -0.000118 -9.678654
v -675.160767 0.147576 -9.580029
v -675.194031 -0.000117 -6.467506
v -675.192932 0.147577 -6.566200
v -675.915283 -0.000117 -6.475216
v -675.914124 0.147577 -6.573845
v -671.553406 -0.000118 -9.640194
v -671.554565 0.147576 -9.541561
v -671.587646 -0.000117 -6.429111
v -671.586487 0.147577 -6.527668
v -671.554565 0.147576 -9.541561
v -672.275757 0.147576 -9.549206
v -671.586487 0.147577 -6.527668
v -672.307739 0.147577 -6.535450
v -672.274658 -0.000118 -9.647900
v -672.275757 0.147576 -9.549206
v -671.553406 -0.000118 -9.640194
v -671.554565 0.147576 -9.541561
v -671.587646 -0.000117 -6.429111
v -671.586487 0.147577 -6.527668
v -672.309082 -0.000117 -6.436825
v -672.307739 0.147577 -6.535450
v -677.333984 0.165227 -9.030602
v -677.333984 0.350787 -9.030602
v -677.335571 0.340382 -8.870522
v -677.337341 0.350787 -8.710457
v -677.350525 0.165227 -7.481964
v -677.350525 0.350788 -7.481964
v -677.352295 0.340368 -7.321972
v -677.353821 0.350788 -7.161819
v -677.337341 0.350787 -8.710457
v -677.337341 0.165227 -8.710457
v -677.333984 0.350787 -9.030602
v -677.353821 0.350788 -7.161819
v -677.353821 0.165228 -7.161819
v -677.350525 0.350788 -7.481964
v -435.105347 2.477309 3.703239
v -435.105347 2.237645 3.703239
v -434.908630 2.357477 2.885406
v -435.105347 2.477309 3.703239
v -435.727539 2.037546 3.553638
v -435.105347 2.237645 3.703239
v -436.798950 2.575989 5.554016
v -436.820374 2.474673 5.514389
v -437.059998 2.679522 5.280643
v -437.656006 2.969426 5.636791
v -437.086365 3.130559 5.657600
v -437.142883 3.271985 5.267612
v -437.008362 2.827259 5.085583
v -437.656006 2.969426 5.636791
v -437.142883 3.271985 5.267612
v -437.086365 3.130559 5.657600
v -437.656006 2.969426 5.636791
v -437.231140 2.537507 5.637218
v -439.679749 3.451492 2.882526
v -439.668762 3.813340 3.039726
v -439.943420 3.821397 2.992458
v -445.442139 6.316107 5.710606
v -445.233826 5.567189 5.901806
v -445.497742 6.122320 6.011696
v -444.496521 5.658486 5.761635
v -444.539673 5.427238 5.776230
v -444.859253 5.623537 5.322792
v -444.897461 5.406894 6.048237
v -444.947998 6.063614 5.791847
v -445.180847 5.796267 5.582623
v -440.711121 6.476338 2.117878
v -440.712158 1.622778 2.616955
v -446.620361 1.622778 2.600994
v -434.793091 1.622778 2.632889
v -434.791809 6.476343 2.133034
v -440.722107 6.476339 6.365070
v -440.720703 1.622779 5.866070
v -434.801453 1.622779 5.880371
v -446.628601 1.622779 5.851742
v -446.630005 6.476344 6.349964
v -440.711975 6.476331 2.497539
v -434.791809 6.476343 2.133034
v -440.711121 6.476338 2.117878
v -434.793091 6.476343 2.512714
v -446.212524 6.444595 5.971352
v -446.624573 6.476343 4.226376
v -446.630005 6.476344 6.349964
v -446.208008 6.444594 4.227451
v -440.720947 6.476332 5.985409
v -446.630005 6.476344 6.349964
v -440.722107 6.476339 6.365070
v -446.212524 6.444595 5.971352
v -440.712646 3.602691 2.734306
v -440.711975 6.476331 2.497539
v -446.203552 6.444594 2.483528
v -434.793091 6.476343 2.512714
v -434.794250 1.623157 3.003185
v -434.800720 1.623158 5.510098
v -434.802734 6.476344 6.380226
v -434.801453 1.622779 5.880371
v -434.802063 6.476344 6.000538
v -434.793091 1.622778 2.632889
v -434.793091 6.476343 2.512714
v -434.794250 1.623157 3.003185
v -434.791809 6.476343 2.133034
v -434.793091 6.476343 2.512714
v -440.720520 3.602692 5.748672
v -440.720947 6.476332 5.985409
v -434.802063 6.476344 6.000538
v -446.212524 6.444595 5.971352
v -446.212524 5.660252 5.971355
v -432.319580 0.389801 4.262989
v -432.315308 0.389800 2.616909
v -435.023987 2.322845 3.063949
v -435.026917 2.322845 4.256062
v -432.323792 0.389801 5.909027
v -435.030029 2.322846 5.448147
v -435.172852 2.153418 4.255703
v -435.026917 2.322845 4.256062
v -435.023987 2.322845 3.063949
v -435.030029 2.322846 5.448147
v -435.175903 2.153419 5.448013
v -435.169739 2.153418 3.063328
v -432.315308 0.389800 2.616909
v -432.461243 0.220373 2.616527
v -435.023987 2.322845 3.063949
v -432.323792 0.389801 5.909027
v -435.175903 2.153419 5.448013
v -432.469482 0.220374 5.908669
v -435.030029 2.322846 5.448147
v -440.705505 1.666792 6.284084
v -440.705078 1.004898 6.073067
v -434.772095 1.004898 6.088264
v -446.670227 1.004898 6.057804
v -446.826599 1.666792 6.268440
v -446.208008 5.660251 4.227455
v -446.203552 5.660251 2.483532
v -446.203552 6.444594 2.483528
v -446.208008 6.444594 4.227451
v -446.212524 5.660252 5.971355
v -446.212524 6.444595 5.971352
v -435.631470 2.677394 3.155044
v -434.908630 2.357477 2.885406
v -435.530640 2.357477 2.735759
v -435.105347 2.477309 3.703239
v -435.727539 2.037546 3.553638
v -435.631470 2.677394 3.155044
v -435.530640 2.357477 2.735759
v -435.105347 2.477309 3.703239
v -435.631470 2.677394 3.155044
v -435.727539 2.037546 3.553638
v -437.120728 2.705230 5.659927
v -437.059998 2.679522 5.280643
v -437.277649 2.649307 5.477135
v -436.798950 2.575989 5.554016
v -436.798950 2.575989 5.554016
v -437.055969 2.359377 5.677826
v -436.820374 2.474673 5.514389
v -437.120728 2.705230 5.659927
v -437.086365 3.130559 5.657600
v -437.008362 2.827259 5.085583
v -437.142883 3.271985 5.267612
v -437.231140 2.537507 5.637218
v -439.566345 3.655700 2.624283
v -439.887756 3.950528 2.691311
v -439.497070 3.745618 2.675598
v -439.679749 3.451492 2.882526
v -439.887756 3.950528 2.691311
v -439.566345 3.655700 2.624283
v -439.668762 3.813340 3.039726
v -439.887756 3.950528 2.691311
v -439.943420 3.821397 2.992458
v -439.497070 3.745618 2.675598
v -439.497070 3.745618 2.675598
v -439.679749 3.451492 2.882526
v -439.566345 3.655700 2.624283
v -439.668762 3.813340 3.039726
v -445.120483 5.873645 5.643543
v -445.442139 6.316107 5.710606
v -445.051453 6.008580 5.694901
v -445.233826 5.567189 5.901806
v -445.442139 6.316107 5.710606
v -445.120483 5.873645 5.643543
v -445.222900 6.110216 6.058987
v -445.442139 6.316107 5.710606
v -445.497742 6.122320 6.011696
v -445.051453 6.008580 5.694901
v -445.442139 6.316107 5.710606
v -445.222900 6.110216 6.058987
v -445.051453 6.008580 5.694901
v -445.233826 5.567189 5.901806
v -445.120483 5.873645 5.643543
v -445.222900 6.110216 6.058987
v -444.947998 6.063614 5.791847
v -444.859253 5.623537 5.322792
v -445.180847 5.796267 5.582623
v -444.496521 5.658486 5.761635
v -444.859253 5.623537 5.322792
v -444.947998 6.063614 5.791847
v -444.496521 5.658486 5.761635
v -444.897461 5.406894 6.048237
v -444.539673 5.427238 5.776230
v -444.947998 6.063614 5.791847
v -446.619019 6.476343 2.102772
v -434.802734 6.476344 6.380226
v -446.619019 6.476343 2.102772
v -440.711975 6.476331 2.497539
v -440.711121 6.476338 2.117878
v -446.203552 6.444594 2.483528
v -440.711975 6.476331 2.497539
v -434.802734 6.476344 6.380226
v -440.720947 6.476332 5.985409
v -440.722107 6.476339 6.365070
v -434.802063 6.476344 6.000538
v -440.720947 6.476332 5.985409
v -446.203552 5.660251 2.483532
v -434.800720 1.623158 5.510098
v -440.700378 1.666791 4.241535
v -434.606506 1.666790 2.214519
v -440.695190 1.666790 2.198944
v -446.821289 1.666791 4.225868
v -440.705505 1.666792 6.284084
v -446.826599 1.666792 6.268440
v -440.695190 1.666790 2.198944
v -446.660828 1.004897 2.394714
v -446.816101 1.666790 2.183277
v -440.695679 1.004897 2.410003
v -434.762756 1.004897 2.425155
v -435.169739 2.153418 3.063328
v -446.816101 1.666790 2.183277
v -446.208008 6.444594 4.227451
v -446.619019 6.476343 2.102772
v -446.624573 6.476343 4.226376
v -446.203552 6.444594 2.483528
v -436.961243 1.024213 3.036911
v -437.865845 0.448225 3.034611
v -438.247375 1.024213 3.033603
v -436.961243 0.448225 3.036911
v -436.056274 0.448225 3.039215
v -435.546936 1.008168 3.246185
v -436.056274 0.448225 3.039215
v -435.674561 1.024213 3.040214
v -435.966675 0.448260 3.245132
v -435.674561 1.024213 3.040214
v -435.724121 0.509065 3.262478
v -435.958130 0.275835 3.526684
v -435.957458 0.275835 3.261871
v -435.724854 0.509065 3.527309
v -435.724854 1.146262 3.527309
v -435.724121 0.509065 3.262478
v -435.724121 1.146262 3.262478
v -435.724854 0.509065 3.527309
v -436.276672 0.827671 3.525882
v -436.595276 0.275835 3.525078
v -435.958130 0.275835 3.526684
v -436.828613 0.509065 3.524494
v -436.828613 1.146262 3.524494
v -435.724854 0.509065 3.527309
v -435.724854 1.146262 3.527309
v -436.276001 0.827670 3.261043
v -436.828003 0.509065 3.259640
v -436.828003 1.146262 3.259640
v -436.594666 0.275835 3.260242
v -435.957458 0.275835 3.261871
v -435.724121 0.509065 3.262478
v -435.724121 1.146262 3.262478
v -435.729309 0.509065 5.246071
v -435.961975 0.275835 4.980656
v -435.728638 0.509065 4.981216
v -435.962463 0.275835 5.245464
v -435.728638 1.146263 4.981216
v -435.729309 0.509065 5.246071
v -435.728638 0.509065 4.981216
v -435.729309 1.146263 5.246071
v -436.280396 0.827671 4.979828
v -436.832214 0.509065 4.978420
v -436.832214 1.146263 4.978420
v -436.599121 0.275835 4.979004
v -435.961975 0.275835 4.980656
v -435.728638 0.509065 4.981216
v -435.728638 1.146263 4.981216
v -435.728638 0.509065 4.981216
v -436.281067 0.827671 5.244663
v -436.599792 0.275835 5.243835
v -435.962463 0.275835 5.245464
v -436.832947 0.509065 5.243229
v -436.832947 1.146263 5.243229
v -435.729309 0.509065 5.246071
v -435.729309 1.146263 5.246071
v -436.967224 1.024214 5.465286
v -436.967224 0.448226 5.465286
v -436.062561 0.448226 5.467590
v -437.872131 0.448226 5.462986
v -438.253601 1.024214 5.462006
v -435.552063 1.008169 5.263237
v -436.062561 0.448226 5.467590
v -435.971802 0.448261 5.262161
v -435.680847 1.024214 5.468575
v -435.680847 1.024214 5.468575
v -443.476501 0.448261 5.242962
v -443.185547 1.024214 5.449375
v -443.567017 0.448226 5.448372
v -443.056824 1.008169 5.244038
v -444.471985 1.024214 5.446072
v -443.567017 0.448226 5.448372
v -443.185547 1.024214 5.449375
v -444.471985 0.448226 5.446072
v -445.376892 0.448226 5.443768
v -445.758362 1.024214 5.442764
v -444.604492 0.509065 4.958485
v -444.605164 1.146263 5.223385
v -444.605164 0.509065 5.223385
v -444.604492 1.146263 4.958485
v -444.838257 0.275835 5.222736
v -444.604492 0.509065 4.958485
v -444.605164 0.509065 5.223385
v -444.837585 0.275835 4.957928
v -445.156311 0.827671 4.957100
v -444.837585 0.275835 4.957928
v -445.474731 0.275835 4.956272
v -444.604492 0.509065 4.958485
v -444.604492 1.146263 4.958485
v -444.604492 0.509065 4.958485
v -445.708069 0.509065 4.955688
v -445.708069 1.146263 4.955688
v -445.156921 0.827671 5.221935
v -444.605164 0.509065 5.223385
v -444.605164 1.146263 5.223385
v -444.838257 0.275835 5.222736
v -444.605164 0.509065 5.223385
v -445.475403 0.275835 5.221107
v -445.708740 0.509065 5.220524
v -445.708740 1.146263 5.220524
v -444.600647 0.509065 3.504581
v -444.600037 1.146262 3.239750
v -444.600647 1.146262 3.504581
v -444.600037 0.509065 3.239750
v -444.833374 0.275835 3.239143
v -444.600647 0.509065 3.504581
v -444.833984 0.275835 3.503975
v -444.600037 0.509065 3.239750
v -445.152466 0.827671 3.503155
v -444.600647 0.509065 3.504581
v -444.600647 1.146262 3.504581
v -444.833984 0.275835 3.503975
v -444.600647 0.509065 3.504581
v -445.471191 0.275835 3.502346
v -445.704529 0.509065 3.501762
v -445.704529 1.146262 3.501762
v -445.151794 0.827670 3.238315
v -444.833374 0.275835 3.239143
v -445.470276 0.275835 3.237514
v -444.600037 0.509065 3.239750
v -444.600037 1.146262 3.239750
v -444.600037 0.509065 3.239750
v -445.703552 0.509065 3.236908
v -445.703552 1.146262 3.236908
v -443.471436 0.448260 3.225918
v -443.179321 1.024213 3.020973
v -443.051697 1.008168 3.226963
v -443.560791 0.448225 3.020015
v -444.465698 1.024213 3.017711
v -444.465698 0.448225 3.017711
v -445.370605 0.448225 3.015365
v -443.560791 0.448225 3.020015
v -443.179321 1.024213 3.020973
v -445.752075 1.024213 3.014404
v -432.319580 0.389801 4.262989
v -432.465454 0.220374 4.262608
v -432.461243 0.220373 2.616527
v -432.469482 0.220374 5.908669
v -432.323792 0.389801 5.909027
v -439.528381 4.393853 5.152473
v -439.687500 4.176223 5.846424
v -438.356201 3.112385 5.719685
v -441.081421 4.057892 5.840523
v -439.687500 4.176223 5.846424
v -439.528381 4.393853 5.152473
v -440.843201 4.287996 5.286076
v -446.212708 6.069780 6.016033
v -439.706238 3.994080 4.189976
v -443.558594 5.331581 4.293919
v -441.985229 4.462432 3.173637
v -446.203552 6.069779 2.434410
v -439.820312 3.652468 2.680980
v -437.704712 3.379645 3.299713
v -434.794250 1.630742 3.002784
v -437.556091 3.557676 2.700069
v -435.062866 2.227198 3.473339
v -434.794250 1.630742 3.002784
v -437.704712 3.379645 3.299713
v -435.062866 2.227198 3.473339
v -437.704712 3.379645 3.299713
v -435.066895 2.223799 5.038582
v -438.026123 3.071263 5.109516
v -434.800720 1.628406 5.510479
v -434.611694 1.666791 4.257137
v -434.767395 1.004898 4.256729
v -434.762756 1.004897 2.425155
v -434.772095 1.004898 6.088264
v -434.616821 1.666792 6.299706
v -434.616821 1.666792 6.299706
v -434.611694 1.666791 4.257137
v -434.616821 1.666792 6.299706
v -434.606506 1.666790 2.214519
v -434.606506 1.666790 2.214519
v -446.208862 5.951879 4.579247
v -446.207092 6.339700 3.873268
v -439.820312 3.652468 2.680980
v -432.315308 0.389800 2.616909
v -439.528381 4.393853 5.152473
v -440.843201 4.287996 5.286076
v -438.026123 3.071263 5.109516
v -439.528381 4.393853 5.152473
v -439.528381 4.393853 5.152473
v -540.362244 1.855357 0.138714
v -540.358215 1.120507 -0.095524
v -533.772278 1.120507 0.017899
v -546.979980 1.120507 -0.209591
v -547.156982 1.855357 0.021694
v -540.293030 6.043598 -3.885014
v -540.287170 1.797787 -4.218544
v -546.565430 1.797787 -4.326672
v -534.044922 1.797787 -4.111069
v -533.593872 6.043598 -3.769646
v -540.353577 6.043599 -0.372383
v -540.359131 1.797788 -0.038799
v -534.116882 1.797788 0.068676
v -546.637329 1.797788 -0.146923
v -547.088806 6.043599 -0.488327
v -533.624146 6.043599 -2.013321
v -533.625671 6.521900 -0.529453
v -533.654480 6.043599 -0.256996
v -534.080933 1.797787 -2.021187
v -533.593872 6.043598 -3.769646
v -534.044922 1.797787 -4.111069
v -547.057068 6.521899 -3.728531
v -540.293030 6.043598 -3.885014
v -547.028503 6.043598 -4.001026
v -540.297668 6.521899 -3.612137
v -547.088196 6.881936 -3.312706
v -540.304810 6.881934 -3.195892
v -547.108276 7.103017 -2.768223
v -540.314026 7.103017 -2.651203
v -547.127930 7.157900 -2.245884
v -540.323181 7.157900 -2.128666
v -547.126160 7.103017 -1.723167
v -540.332092 7.103017 -1.606152
v -547.125000 6.881937 -1.178261
v -540.341492 6.881935 -1.061443
v -540.348633 6.521900 -0.645264
v -533.625671 6.521900 -0.529453
v -533.654480 6.043599 -0.256996
v -540.323181 1.855356 -2.128662
v -533.525269 1.855355 -4.279671
v -540.283997 1.855355 -4.396065
v -547.117859 1.855356 -2.245701
v -540.362244 1.855357 0.138714
v -547.156982 1.855357 0.021694
v -540.283997 1.855355 -4.396065
v -546.910034 1.120505 -4.275848
v -547.078979 1.855355 -4.513103
v -540.288025 1.120505 -4.161804
v -533.702332 1.120505 -4.048382
v -547.028503 6.043598 -4.001026
v -533.654480 6.043599 -0.256996
v -533.594360 6.881937 -0.945274
v -533.574280 7.103017 -1.489780
v -533.554321 7.157900 -2.012138
v -533.556213 7.103017 -2.534832
v -533.557739 6.881936 -3.079700
v -533.574463 6.521899 -3.496349
v -533.593872 6.043598 -3.769646
v -547.108032 6.521900 -0.761635
v -540.353577 6.043599 -0.372383
v -547.088806 6.043599 -0.488327
v -534.116882 1.797788 0.068676
v -547.078979 1.855355 -4.513103
v -536.152710 1.141951 -3.405094
v -537.156982 0.502476 -3.422390
v -537.580505 1.141951 -3.429676
v -536.152710 0.502476 -3.405094
v -535.148071 0.502476 -3.387794
v -534.586182 1.124137 -3.149734
v -535.148071 0.502476 -3.387794
v -534.724548 1.141951 -3.380489
v -535.051941 0.502515 -3.157780
v -534.724548 1.141951 -3.380489
v -534.783386 0.570021 -3.134560
v -535.047241 0.311084 -2.845036
v -535.042114 0.311084 -3.139030
v -534.788452 0.570021 -2.840584
v -534.788452 1.277452 -2.840584
v -534.783386 0.570021 -3.134560
v -534.783386 1.277452 -3.134560
v -534.788452 0.570021 -2.840584
v -535.400818 0.923745 -2.851135
v -535.754639 0.311084 -2.857212
v -535.047241 0.311084 -2.845036
v -536.013428 0.570021 -2.861660
v -536.013428 1.277452 -2.861660
v -534.788452 0.570021 -2.840584
v -534.788452 1.277452 -2.840584
v -535.395874 0.923744 -3.145111
v -536.008301 0.570021 -3.155682
v -536.008301 1.277452 -3.155682
v -535.749451 0.311084 -3.151234
v -535.042114 0.311084 -3.139030
v -534.783386 0.570021 -3.134560
v -534.783386 1.277452 -3.134560
v -534.821350 0.570022 -0.932621
v -535.075012 0.311085 -1.231091
v -534.816162 0.570022 -1.226639
v -535.080139 0.311085 -0.937092
v -534.816162 1.277453 -1.226639
v -534.821350 0.570022 -0.932621
v -534.816162 0.570022 -1.226639
v -534.821350 1.277453 -0.932621
v -535.428772 0.923745 -1.237213
v -536.041077 0.570022 -1.247742
v -536.041077 1.277453 -1.247742
v -535.782349 0.311085 -1.243290
v -535.075012 0.311085 -1.231091
v -534.816162 0.570022 -1.226639
v -534.816162 1.277453 -1.226639
v -534.816162 0.570022 -1.226639
v -535.433899 0.923745 -0.943172
v -535.787476 0.311085 -0.949272
v -535.080139 0.311085 -0.937092
v -536.046265 0.570022 -0.953743
v -536.046265 1.277453 -0.953743
v -534.821350 0.570022 -0.932621
v -534.821350 1.277453 -0.932621
v -536.199158 1.141952 -0.709446
v -536.199158 0.502476 -0.709446
v -535.194580 0.502476 -0.692123
v -537.203491 0.502476 -0.726746
v -537.627014 1.141952 -0.734009
v -534.624878 1.124138 -0.910698
v -535.194580 0.502476 -0.692123
v -535.090637 0.502515 -0.918720
v -534.770996 1.141952 -0.684818
v -534.770996 1.141952 -0.684818
v -543.421387 0.502515 -1.062199
v -543.101746 1.141952 -0.828297
v -543.525330 0.502476 -0.835606
v -542.955383 1.124138 -1.054153
v -544.529663 1.141952 -0.852905
v -543.525330 0.502476 -0.835606
v -543.101746 1.141952 -0.828297
v -544.529663 0.502476 -0.852905
v -545.534241 0.502476 -0.870174
v -545.957764 1.141952 -0.877487
v -544.668884 0.570022 -1.396313
v -544.673767 1.277453 -1.102291
v -544.673767 0.570022 -1.102291
v -544.668884 1.277453 -1.396313
v -544.932800 0.311085 -1.106766
v -544.668884 0.570022 -1.396313
v -544.673767 0.570022 -1.102291
v -544.927734 0.311085 -1.400784
v -545.281494 0.923745 -1.406883
v -544.927734 0.311085 -1.400784
v -545.635071 0.311085 -1.412941
v -544.668884 0.570022 -1.396313
v -544.668884 1.277453 -1.396313
v -544.668884 0.570022 -1.396313
v -545.893799 0.570022 -1.417412
v -545.893799 1.277453 -1.417412
v -545.286377 0.923745 -1.112843
v -544.673767 0.570022 -1.102291
v -544.673767 1.277453 -1.102291
v -544.932800 0.311085 -1.106766
v -544.673767 0.570022 -1.102291
v -545.640137 0.311085 -1.118965
v -545.898987 0.570022 -1.123413
v -545.898987 1.277453 -1.123413
v -544.640991 0.570021 -3.010258
v -544.636047 1.277452 -3.304234
v -544.640991 1.277452 -3.010258
v -544.636047 0.570021 -3.304234
v -544.894836 0.311084 -3.308704
v -544.640991 0.570021 -3.010258
v -544.899963 0.311084 -3.014702
v -544.636047 0.570021 -3.304234
v -545.253540 0.923744 -3.020805
v -544.640991 0.570021 -3.010258
v -544.640991 1.277452 -3.010258
v -544.899963 0.311084 -3.014702
v -544.640991 0.570021 -3.010258
v -545.607361 0.311084 -3.026863
v -545.866089 0.570021 -3.031330
v -545.866089 1.277452 -3.031330
v -545.248413 0.923744 -3.314804
v -544.894836 0.311084 -3.308704
v -545.602173 0.311084 -3.320904
v -544.636047 0.570021 -3.304234
v -544.636047 1.277452 -3.304234
v -544.636047 0.570021 -3.304234
v -545.861023 0.570021 -3.325356
v -545.861023 1.277452 -3.325356
v -543.382690 0.502515 -3.301216
v -543.055298 1.141951 -3.523968
v -542.916931 1.124137 -3.293213
v -543.478821 0.502476 -3.531250
v -544.483459 1.141951 -3.548550
v -544.483459 0.502476 -3.548550
v -545.487732 0.502476 -3.565849
v -543.478821 0.502476 -3.531250
v -543.055298 1.141951 -3.523968
v -545.911255 1.141951 -3.573158
v -533.564209 1.855356 -2.012295
v -533.737427 1.120506 -2.015266
v -533.702332 1.120505 -4.048382
v -533.772278 1.120507 0.017899
v -533.603333 1.855357 0.255108
v -533.603333 1.855357 0.255108
v -533.564209 1.855356 -2.012295
v -533.603333 1.855357 0.255108
v -533.525269 1.855355 -4.279671
v -533.525269 1.855355 -4.279671
v -533.557739 6.881936 -3.079700
v -533.556213 7.103017 -2.534832
v -533.574463 6.521899 -3.496349
v -533.557739 6.881936 -3.079700
v -533.574463 6.521899 -3.496349
v -533.654480 6.043599 -0.256996
v -533.574280 7.103017 -1.489780
v -533.594360 6.881937 -0.945274
v -533.554321 7.157900 -2.012138
v -533.574280 7.103017 -1.489780
v -533.554321 7.157900 -2.012138
v -533.625671 6.521900 -0.529453
v -519.569336 1.855362 0.500095
v -519.565308 1.120512 0.265881
v -512.979370 1.120512 0.379299
v -526.187073 1.120512 0.151833
v -526.364075 1.855361 0.383080
v -519.500122 6.043602 -3.523609
v -519.494263 1.797792 -3.857166
v -525.772522 1.797792 -3.965290
v -513.252014 1.797792 -3.749668
v -512.801086 6.043602 -3.408222
v -519.560669 6.043603 -0.010979
v -519.566284 1.797794 0.322578
v -513.323975 1.797793 0.430077
v -525.844421 1.797793 0.214478
v -526.295959 6.043603 -0.126945
v -512.831238 6.043603 -1.651939
v -512.832581 6.521906 -0.168030
v -512.861328 6.043603 0.104408
v -513.288025 1.797793 -1.659786
v -512.801086 6.043602 -3.408222
v -513.252014 1.797792 -3.749668
v -526.264160 6.521905 -3.367149
v -519.500122 6.043602 -3.523609
v -526.235413 6.043602 -3.639622
v -519.504761 6.521905 -3.250736
v -526.295288 6.881941 -2.951328
v -519.511902 6.881938 -2.834507
v -526.315369 7.103023 -2.406841
v -519.521301 7.103023 -2.289848
v -526.335022 7.157907 -1.884483
v -519.530273 7.157907 -1.767288
v -526.333252 7.103023 -1.361748
v -519.539429 7.103023 -1.244728
v -526.331909 6.881942 -0.816879
v -519.548584 6.881939 -0.700066
v -519.555969 6.521906 -0.283817
v -512.832581 6.521906 -0.168030
v -512.861328 6.043603 0.104408
v -519.530273 1.855361 -1.767284
v -512.732422 1.855360 -3.918289
v -519.491394 1.855360 -4.034679
v -526.325012 1.855361 -1.884304
v -519.569336 1.855362 0.500095
v -526.364075 1.855361 0.383080
v -519.491394 1.855360 -4.034679
v -526.116943 1.120510 -3.914448
v -526.286072 1.855360 -4.151722
v -519.495178 1.120510 -3.800419
v -512.909424 1.120510 -3.687004
v -526.235413 6.043602 -3.639622
v -512.861328 6.043603 0.104408
v -512.801453 6.881942 -0.583870
v -512.781372 7.103023 -1.128353
v -512.761536 7.157907 -1.650734
v -512.763306 7.103023 -2.173454
v -512.764587 6.881941 -2.718296
v -512.781555 6.521905 -3.134964
v -512.801086 6.043602 -3.408222
v -526.315125 6.521906 -0.400230
v -519.560669 6.043603 -0.010979
v -526.295959 6.043603 -0.126945
v -513.323975 1.797793 0.430077
v -526.286072 1.855360 -4.151722
v -515.359802 1.141956 -3.043694
v -516.364136 0.502481 -3.060989
v -516.787598 1.141956 -3.068298
v -515.359802 0.502481 -3.043694
v -514.355164 0.502481 -3.026417
v -513.793335 1.124142 -2.788357
v -514.355164 0.502481 -3.026417
v -513.931641 1.141956 -3.019104
v -514.259338 0.502520 -2.796379
v -513.931641 1.141956 -3.019104
v -513.990479 0.570026 -2.773182
v -514.254395 0.311089 -2.483608
v -514.249451 0.311089 -2.777649
v -513.995361 0.570026 -2.479156
v -513.995361 1.277457 -2.479156
v -513.990479 0.570026 -2.773182
v -513.990479 1.277457 -2.773182
v -513.995361 0.570026 -2.479156
v -514.607910 0.923749 -2.489708
v -514.961731 0.311089 -2.495766
v -514.254395 0.311089 -2.483608
v -515.220520 0.570026 -2.500233
v -515.220520 1.277457 -2.500233
v -513.995361 0.570026 -2.479156
v -513.995361 1.277457 -2.479156
v -514.602783 0.923749 -2.783726
v -515.215393 0.570026 -2.794300
v -515.215393 1.277457 -2.794300
v -514.956543 0.311089 -2.789833
v -514.249451 0.311089 -2.777649
v -513.990479 0.570026 -2.773182
v -513.990479 1.277457 -2.773182
v -514.028198 0.570027 -0.571194
v -514.282104 0.311090 -0.869709
v -514.023254 0.570026 -0.865238
v -514.287231 0.311090 -0.575665
v -514.023254 1.277458 -0.865238
v -514.028198 0.570027 -0.571194
v -514.023254 0.570026 -0.865238
v -514.028198 1.277458 -0.571194
v -514.635864 0.923750 -0.875813
v -515.248169 0.570026 -0.886356
v -515.248169 1.277458 -0.886356
v -514.989441 0.311090 -0.881889
v -514.282104 0.311090 -0.869709
v -514.023254 0.570026 -0.865238
v -514.023254 1.277458 -0.865238
v -514.023254 0.570026 -0.865238
v -514.640747 0.923750 -0.581745
v -514.994568 0.311090 -0.587845
v -514.287231 0.311090 -0.575665
v -515.253357 0.570027 -0.592316
v -515.253357 1.277458 -0.592316
v -514.028198 0.570027 -0.571194
v -514.028198 1.277458 -0.571194
v -515.406006 1.141957 -0.348042
v -515.406006 0.502481 -0.348042
v -514.401672 0.502481 -0.330723
v -516.410400 0.502481 -0.365341
v -516.833862 1.141957 -0.372623
v -513.831970 1.124143 -0.549271
v -514.401672 0.502481 -0.330723
v -514.297729 0.502521 -0.557316
v -513.978088 1.141957 -0.323437
v -513.978088 1.141957 -0.323437
v -522.628479 0.502521 -0.700798
v -522.308655 1.141957 -0.466896
v -522.732422 0.502481 -0.474224
v -522.162476 1.124143 -0.692772
v -523.736755 1.141957 -0.491501
v -522.732422 0.502481 -0.474224
v -522.308655 1.141957 -0.466896
v -523.736755 0.502481 -0.491501
v -524.741150 0.502481 -0.508797
v -525.164612 1.141957 -0.516083
v -523.875977 0.570026 -1.034935
v -523.880859 1.277458 -0.740868
v -523.880859 0.570027 -0.740868
v -523.875977 1.277458 -1.034935
v -524.139893 0.311090 -0.745338
v -523.875977 0.570026 -1.034935
v -523.880859 0.570027 -0.740868
v -524.134827 0.311090 -1.039406
v -524.488342 0.923750 -1.045460
v -524.134827 0.311090 -1.039406
v -524.842163 0.311090 -1.051563
v -523.875977 0.570026 -1.034935
v -523.875977 1.277458 -1.034935
v -523.875977 0.570026 -1.034935
v -525.100891 0.570026 -1.056030
v -525.100891 1.277458 -1.056030
v -524.493469 0.923750 -0.751419
v -523.880859 0.570027 -0.740868
v -523.880859 1.277458 -0.740868
v -524.139893 0.311090 -0.745338
v -523.880859 0.570027 -0.740868
v -524.847229 0.311090 -0.757519
v -525.106079 0.570027 -0.761990
v -525.106079 1.277458 -0.761990
v -523.848083 0.570026 -2.648857
v -523.842896 1.277457 -2.942856
v -523.848083 1.277457 -2.648857
v -523.842896 0.570026 -2.942856
v -524.101929 0.311089 -2.947323
v -523.848083 0.570026 -2.648857
v -524.107117 0.311089 -2.653324
v -523.842896 0.570026 -2.942856
v -524.460632 0.923749 -2.659401
v -523.848083 0.570026 -2.648857
v -523.848083 1.277457 -2.648857
v -524.107117 0.311089 -2.653324
v -523.848083 0.570026 -2.648857
v -524.814148 0.311089 -2.665482
v -525.073181 0.570026 -2.669952
v -525.073181 1.277457 -2.669952
v -524.455505 0.923749 -2.953426
v -524.101929 0.311089 -2.947323
v -524.809265 0.311089 -2.959503
v -523.842896 0.570026 -2.942856
v -523.842896 1.277457 -2.942856
v -523.842896 0.570026 -2.942856
v -525.068115 0.570026 -2.963970
v -525.068115 1.277457 -2.963970
v -522.589783 0.502520 -2.939835
v -522.262390 1.141956 -3.162586
v -522.124084 1.124142 -2.931812
v -522.685913 0.502481 -3.169853
v -523.690247 1.141956 -3.187172
v -523.690247 0.502481 -3.187172
v -524.694885 0.502481 -3.204449
v -522.685913 0.502481 -3.169853
v -522.262390 1.141956 -3.162586
v -525.118347 1.141956 -3.211777
v -512.771301 1.855361 -1.650867
v -512.944275 1.120511 -1.653885
v -512.909424 1.120510 -3.687004
v -512.979370 1.120512 0.379299
v -512.810425 1.855362 0.616535
v -512.810425 1.855362 0.616535
v -512.771301 1.855361 -1.650867
v -512.810425 1.855362 0.616535
v -512.732422 1.855360 -3.918289
v -512.732422 1.855360 -3.918289
v -512.764587 6.881941 -2.718296
v -512.763306 7.103023 -2.173454
v -512.781555 6.521905 -3.134964
v -512.764587 6.881941 -2.718296
v -512.781555 6.521905 -3.134964
v -512.861328 6.043603 0.104408
v -512.781372 7.103023 -1.128353
v -512.801453 6.881942 -0.583870
v -512.761536 7.157907 -1.650734
v -512.781372 7.103023 -1.128353
v -512.761536 7.157907 -1.650734
v -512.832581 6.521906 -0.168030
v -475.679810 1.855372 1.094170
v -475.675781 1.120522 0.859913
v -469.089844 1.120522 0.973331
v -482.297302 1.120522 0.745865
v -482.474365 1.855372 0.977154
v -475.610596 6.043612 -2.929554
v -475.604736 1.797803 -3.263134
v -481.882996 1.797802 -3.371254
v -469.362305 1.797802 -3.155613
v -468.911499 6.043612 -2.814190
v -475.671143 6.043613 0.583054
v -475.676697 1.797804 0.916653
v -469.434265 1.797804 1.024155
v -481.954956 1.797804 0.808529
v -482.406372 6.043613 0.467087
v -468.941711 6.043612 -1.057842
v -468.943237 6.521915 0.426006
v -468.972046 6.043613 0.698463
v -469.398499 1.797803 -1.065731
v -468.911499 6.043612 -2.814190
v -469.362305 1.797802 -3.155613
v -482.374451 6.521914 -2.773117
v -475.610596 6.043612 -2.929554
v -482.345825 6.043612 -3.045567
v -475.615234 6.521914 -2.656704
v -482.405762 6.881952 -2.357273
v -475.622437 6.881950 -2.240475
v -482.425598 7.103034 -1.812786
v -475.631592 7.103034 -1.695793
v -482.445312 7.157916 -1.290432
v -475.640747 7.157916 -1.173210
v -482.443726 7.103034 -0.767693
v -475.649658 7.103034 -0.650692
v -482.442383 6.881953 -0.222847
v -475.659119 6.881950 -0.106030
v -475.666199 6.521915 0.310219
v -468.943237 6.521915 0.426006
v -468.972046 6.043613 0.698463
v -475.640747 1.855371 -1.173206
v -468.842896 1.855371 -3.324234
v -475.601624 1.855371 -3.440651
v -482.435425 1.855371 -1.290268
v -475.679810 1.855372 1.094170
v -482.474365 1.855372 0.977154
v -475.601624 1.855371 -3.440651
v -482.227417 1.120521 -3.320393
v -482.396362 1.855371 -3.557667
v -475.605652 1.120521 -3.206390
v -469.019897 1.120521 -3.092968
v -482.345825 6.043612 -3.045567
v -468.972046 6.043613 0.698463
v -468.911987 6.881953 0.010181
v -468.891846 7.103034 -0.534302
v -468.871948 7.157916 -1.056660
v -468.873779 7.103034 -1.579399
v -468.875366 6.881952 -2.124264
v -468.892029 6.521914 -2.540936
v -468.911499 6.043612 -2.814190
v -482.425598 6.521915 0.193825
v -475.671143 6.043613 0.583054
v -482.406372 6.043613 0.467087
v -469.434265 1.797804 1.024155
v -482.396362 1.855371 -3.557667
v -471.469971 1.141967 -2.449638
v -472.474365 0.502491 -2.466911
v -472.898315 1.141967 -2.474220
v -471.469971 0.502491 -2.449638
v -470.465637 0.502491 -2.432339
v -469.903748 1.124153 -2.194324
v -470.465637 0.502491 -2.432339
v -470.041870 1.141967 -2.425030
v -470.369812 0.502531 -2.202324
v -470.041870 1.141967 -2.425030
v -470.100952 0.570037 -2.179150
v -470.364807 0.311100 -1.889576
v -470.359680 0.311100 -2.183620
v -470.105835 0.570037 -1.885128
v -470.105835 1.277468 -1.885128
v -470.100952 0.570037 -2.179150
v -470.100952 1.277468 -2.179150
v -470.105835 0.570037 -1.885128
v -470.718384 0.923760 -1.895653
v -471.072205 0.311100 -1.901733
v -470.364807 0.311100 -1.889576
v -471.330994 0.570037 -1.906204
v -471.330994 1.277468 -1.906204
v -470.105835 0.570037 -1.885128
v -470.105835 1.277468 -1.885128
v -470.713257 0.923760 -2.189697
v -471.325867 0.570037 -2.200268
v -471.325867 1.277468 -2.200268
v -471.067017 0.311100 -2.195801
v -470.359680 0.311100 -2.183620
v -470.100952 0.570037 -2.179150
v -470.100952 1.277468 -2.179150
v -470.138672 0.570037 0.022839
v -470.392578 0.311100 -0.275654
v -470.133545 0.570037 -0.271187
v -470.397705 0.311100 0.018368
v -470.133545 1.277469 -0.271187
v -470.138672 0.570037 0.022839
v -470.133545 0.570037 -0.271187
v -470.138672 1.277469 0.022839
v -470.746155 0.923760 -0.281757
v -471.358704 0.570037 -0.292328
v -471.358704 1.277469 -0.292328
v -471.099915 0.311100 -0.287857
v -470.392578 0.311100 -0.275654
v -470.133545 0.570037 -0.271187
v -470.133545 1.277469 -0.271187
v -470.133545 0.570037 -0.271187
v -470.751282 0.923761 0.012287
v -471.105042 0.311100 0.006187
v -470.397705 0.311100 0.018368
v -471.363892 0.570037 0.001740
v -471.363892 1.277469 0.001740
v -470.138672 0.570037 0.022839
v -470.138672 1.277469 0.022839
v -471.516479 1.141968 0.246033
v -471.516479 0.502492 0.246033
v -470.512146 0.502492 0.263351
v -472.520874 0.502492 0.228737
v -472.944641 1.141968 0.221451
v -469.942444 1.124154 0.044762
v -470.512146 0.502492 0.263351
v -470.408203 0.502531 0.036739
v -470.088379 1.141968 0.270641
v -470.088379 1.141968 0.270641
v -478.738953 0.502531 -0.106716
v -478.419128 1.141968 0.127159
v -478.842896 0.502492 0.119804
v -478.273193 1.124154 -0.098694
v -479.847229 1.141968 0.102535
v -478.842896 0.502492 0.119804
v -478.419128 1.141968 0.127159
v -479.847229 0.502492 0.102535
v -480.851624 0.502492 0.085236
v -481.275391 1.141968 0.077946
v -479.986267 0.570037 -0.440880
v -479.991394 1.277469 -0.146835
v -479.991394 0.570037 -0.146835
v -479.986267 1.277469 -0.440880
v -480.250183 0.311100 -0.151306
v -479.986267 0.570037 -0.440880
v -479.991394 0.570037 -0.146835
v -480.245300 0.311100 -0.445351
v -480.599060 0.923760 -0.451431
v -480.245300 0.311100 -0.445351
v -480.952637 0.311100 -0.457531
v -479.986267 0.570037 -0.440880
v -479.986267 1.277469 -0.440880
v -479.986267 0.570037 -0.440880
v -481.211365 0.570037 -0.462002
v -481.211365 1.277469 -0.462002
v -480.603943 0.923761 -0.157383
v -479.991394 0.570037 -0.146835
v -479.991394 1.277469 -0.146835
v -480.250183 0.311100 -0.151306
v -479.991394 0.570037 -0.146835
v -480.957520 0.311100 -0.163483
v -481.216553 0.570037 -0.167934
v -481.216553 1.277469 -0.167934
v -479.958557 0.570037 -2.054775
v -479.953369 1.277468 -2.348820
v -479.958557 1.277468 -2.054775
v -479.953369 0.570037 -2.348820
v -480.212402 0.311100 -2.353291
v -479.958557 0.570037 -2.054775
v -480.217529 0.311100 -2.059246
v -479.953369 0.570037 -2.348820
v -480.571106 0.923760 -2.065327
v -479.958557 0.570037 -2.054775
v -479.958557 1.277468 -2.054775
v -480.217529 0.311100 -2.059246
v -479.958557 0.570037 -2.054775
v -480.924683 0.311100 -2.071404
v -481.183716 0.570037 -2.075878
v -481.183716 1.277468 -2.075878
v -480.565979 0.923760 -2.359394
v -480.212402 0.311100 -2.353291
v -480.919739 0.311100 -2.365471
v -479.953369 0.570037 -2.348820
v -479.953369 1.277468 -2.348820
v -479.953369 0.570037 -2.348820
v -481.178589 0.570037 -2.369919
v -481.178589 1.277468 -2.369919
v -478.700256 0.502530 -2.345802
v -478.372620 1.141967 -2.568508
v -478.234497 1.124153 -2.337761
v -478.796387 0.502491 -2.575798
v -479.801025 1.141966 -2.593094
v -479.801025 0.502491 -2.593094
v -480.805115 0.502491 -2.610394
v -478.796387 0.502491 -2.575798
v -478.372620 1.141967 -2.568508
v -481.228821 1.141967 -2.617680
v -468.881836 1.855371 -1.056812
v -469.054993 1.120522 -1.059807
v -469.019897 1.120521 -3.092968
v -469.089844 1.120522 0.973331
v -468.920898 1.855372 1.210564
v -468.920898 1.855372 1.210564
v -468.881836 1.855371 -1.056812
v -468.920898 1.855372 1.210564
v -468.842896 1.855371 -3.324234
v -468.842896 1.855371 -3.324234
v -468.875366 6.881952 -2.124264
v -468.873779 7.103034 -1.579399
v -468.892029 6.521914 -2.540936
v -468.875366 6.881952 -2.124264
v -468.892029 6.521914 -2.540936
v -468.972046 6.043613 0.698463
v -468.891846 7.103034 -0.534302
v -468.911987 6.881953 0.010181
v -468.871948 7.157916 -1.056660
v -468.891846 7.103034 -0.534302
v -468.871948 7.157916 -1.056660
v -468.943237 6.521915 0.426006
v -444.233032 2.477304 -6.736095
v -444.233032 2.237640 -6.736095
v -444.036316 2.357471 -7.553974
v -444.233032 2.477304 -6.736095
v -444.854980 2.037541 -6.885719
v -444.233032 2.237640 -6.736095
v -445.926392 2.575981 -4.885368
v -445.947876 2.474667 -4.924992
v -446.187683 2.679516 -5.158695
v -446.783508 2.969421 -4.802563
v -446.214050 3.130554 -4.781734
v -446.270325 3.271979 -5.171749
v -446.136047 2.827253 -5.353756
v -446.783508 2.969421 -4.802563
v -446.270325 3.271979 -5.171749
v -446.214050 3.130554 -4.781734
v -446.783508 2.969421 -4.802563
v -446.358643 2.537499 -4.802143
v -448.807434 3.451487 -7.556835
v -448.796265 3.813334 -7.399609
v -449.070923 3.821391 -7.446922
v -454.569580 6.316102 -4.728729
v -454.361572 5.567183 -4.537529
v -454.625244 6.122317 -4.427643
v -453.624023 5.658480 -4.677746
v -453.667358 5.427233 -4.663132
v -453.987000 5.623531 -5.116547
v -454.025208 5.406889 -4.391102
v -454.075745 6.063609 -4.647507
v -454.308594 5.796261 -4.856739
v -449.838623 6.476333 -8.321480
v -449.839905 1.622773 -7.822453
v -455.748047 1.622773 -7.838364
v -443.920776 1.622773 -7.806450
v -443.919495 6.476337 -8.306351
v -449.849792 6.476334 -4.074265
v -449.848206 1.622774 -4.573311
v -443.929138 1.622774 -4.558964
v -455.756287 1.622774 -4.587593
v -455.757446 6.476338 -4.089375
v -449.839661 6.476326 -7.941799
v -443.919495 6.476337 -8.306351
v -449.838623 6.476333 -8.321480
v -443.920593 6.476337 -7.926666
v -455.340210 6.444590 -4.467983
v -455.752075 6.476337 -6.212978
v -455.757446 6.476338 -4.089375
v -455.335693 6.444589 -6.211929
v -449.848389 6.476327 -4.453926
v -455.757446 6.476338 -4.089375
v -449.849792 6.476334 -4.074265
v -455.340210 6.444590 -4.467983
v -449.840149 3.602685 -7.705051
v -449.839661 6.476326 -7.941799
v -455.331299 6.444588 -7.955853
v -443.920593 6.476337 -7.926666
v -443.921936 1.623151 -7.436176
v -443.928223 1.623152 -4.929237
v -443.930420 6.476338 -4.059113
v -443.929138 1.622774 -4.558964
v -443.929565 6.476338 -4.438797
v -443.920776 1.622773 -7.806450
v -443.920593 6.476337 -7.926666
v -443.921936 1.623151 -7.436176
v -443.919495 6.476337 -8.306351
v -443.920593 6.476337 -7.926666
v -449.847961 3.602686 -4.690662
v -449.848389 6.476327 -4.453926
v -443.929565 6.476338 -4.438797
v -455.340210 6.444590 -4.467983
v -455.340210 5.660247 -4.467979
v -441.447021 0.389795 -6.176369
v -441.443054 0.389795 -7.822453
v -444.151489 2.322840 -7.375427
v -444.154419 2.322840 -6.183300
v -441.451294 0.389796 -4.530334
v -444.157532 2.322840 -4.991215
v -444.300293 2.153413 -6.183678
v -444.154419 2.322840 -6.183300
v -444.151489 2.322840 -7.375427
v -444.157532 2.322840 -4.991215
v -444.303406 2.153413 -4.991302
v -444.297424 2.153412 -7.376080
v -441.443054 0.389795 -7.822453
v -441.588745 0.220367 -7.822807
v -444.151489 2.322840 -7.375427
v -441.451294 0.389796 -4.530334
v -444.303406 2.153413 -4.991302
v -441.597290 0.220368 -4.530693
v -444.157532 2.322840 -4.991215
v -449.833191 1.666786 -4.155231
v -449.832825 1.004892 -4.366272
v -443.899780 1.004892 -4.351097
v -455.797913 1.004892 -4.381516
v -455.954285 1.666786 -4.170876
v -455.335693 5.660246 -6.211926
v -455.331299 5.660245 -7.955849
v -455.331299 6.444588 -7.955853
v -455.335693 6.444589 -6.211929
v -455.340210 5.660247 -4.467979
v -455.340210 6.444590 -4.467983
v -444.759155 2.677388 -7.284313
v -444.036316 2.357471 -7.553974
v -444.658386 2.357471 -7.703579
v -444.233032 2.477304 -6.736095
v -444.854980 2.037541 -6.885719
v -444.759155 2.677388 -7.284313
v -444.658386 2.357471 -7.703579
v -444.233032 2.477304 -6.736095
v -444.759155 2.677388 -7.284313
v -444.854980 2.037541 -6.885719
v -446.248474 2.705225 -4.779411
v -446.187683 2.679516 -5.158695
v -446.405396 2.649301 -4.962227
v -445.926392 2.575981 -4.885368
v -445.926392 2.575981 -4.885368
v -446.183472 2.359372 -4.761509
v -445.947876 2.474667 -4.924992
v -446.248474 2.705225 -4.779411
v -446.214050 3.130554 -4.781734
v -446.136047 2.827253 -5.353756
v -446.270325 3.271979 -5.171749
v -446.358643 2.537499 -4.802143
v -448.693848 3.655694 -7.815075
v -449.015442 3.950523 -7.748028
v -448.624756 3.745613 -7.763741
v -448.807434 3.451487 -7.556835
v -449.015442 3.950523 -7.748028
v -448.693848 3.655694 -7.815075
v -448.796265 3.813334 -7.399609
v -449.015442 3.950523 -7.748028
v -449.070923 3.821391 -7.446922
v -448.624756 3.745613 -7.763741
v -448.624756 3.745613 -7.763741
v -448.807434 3.451487 -7.556835
v -448.693848 3.655694 -7.815075
v -448.796265 3.813334 -7.399609
v -454.248230 5.873640 -4.795815
v -454.569580 6.316102 -4.728729
v -454.179199 6.008575 -4.744457
v -454.361572 5.567183 -4.537529
v -454.569580 6.316102 -4.728729
v -454.248230 5.873640 -4.795815
v -454.350586 6.110211 -4.380352
v -454.569580 6.316102 -4.728729
v -454.625244 6.122317 -4.427643
v -454.179199 6.008575 -4.744457
v -454.569580 6.316102 -4.728729
v -454.350586 6.110211 -4.380352
v -454.179199 6.008575 -4.744457
v -454.361572 5.567183 -4.537529
v -454.248230 5.873640 -4.795815
v -454.350586 6.110211 -4.380352
v -454.075745 6.063609 -4.647507
v -453.987000 5.623531 -5.116547
v -454.308594 5.796261 -4.856739
v -453.624023 5.658480 -4.677746
v -453.987000 5.623531 -5.116547
v -454.075745 6.063609 -4.647507
v -453.624023 5.658480 -4.677746
v -454.025208 5.406889 -4.391102
v -453.667358 5.427233 -4.663132
v -454.075745 6.063609 -4.647507
v -455.746704 6.476337 -8.336609
v -443.930420 6.476338 -4.059113
v -455.746704 6.476337 -8.336609
v -449.839661 6.476326 -7.941799
v -449.838623 6.476333 -8.321480
v -455.331299 6.444588 -7.955853
v -449.839661 6.476326 -7.941799
v -443.930420 6.476338 -4.059113
v -449.848389 6.476327 -4.453926
v -449.849792 6.476334 -4.074265
v -443.929565 6.476338 -4.438797
v -449.848389 6.476327 -4.453926
v -455.331299 5.660245 -7.955849
v -443.928223 1.623152 -4.929237
v -449.827820 1.666786 -6.197800
v -443.734009 1.666785 -8.224815
v -449.822693 1.666785 -8.240417
v -455.948975 1.666786 -6.213493
v -449.833191 1.666786 -4.155231
v -455.954285 1.666786 -4.170876
v -449.822693 1.666785 -8.240417
v -455.788513 1.004891 -8.044640
v -455.943787 1.666785 -8.256062
v -449.823181 1.004891 -8.029377
v -443.890442 1.004891 -8.014179
v -444.297424 2.153412 -7.376080
v -455.943787 1.666785 -8.256062
v -455.335693 6.444589 -6.211929
v -455.746704 6.476337 -8.336609
v -455.752075 6.476337 -6.212978
v -455.331299 6.444588 -7.955853
v -446.088623 1.024208 -7.402470
v -446.993591 0.448219 -7.404770
v -447.375122 1.024208 -7.405754
v -446.088623 0.448219 -7.402470
v -445.183777 0.448219 -7.400169
v -444.674683 1.008162 -7.193176
v -445.183777 0.448219 -7.400169
v -444.802246 1.024208 -7.399189
v -445.094177 0.448255 -7.194244
v -444.802246 1.024208 -7.399189
v -444.851929 0.509059 -7.176926
v -445.085876 0.275830 -6.912651
v -445.085266 0.275830 -7.177509
v -444.852539 0.509059 -6.912048
v -444.852539 1.146256 -6.912048
v -444.851929 0.509059 -7.176926
v -444.851929 1.146256 -7.176926
v -444.852539 0.509059 -6.912048
v -445.404358 0.827665 -6.913456
v -445.723083 0.275830 -6.914284
v -445.085876 0.275830 -6.912651
v -445.956116 0.509059 -6.914886
v -445.956116 1.146256 -6.914886
v -444.852539 0.509059 -6.912048
v -444.852539 1.146256 -6.912048
v -445.403687 0.827664 -7.178337
v -445.955444 0.509059 -7.179745
v -445.955444 1.146256 -7.179745
v -445.722107 0.275830 -7.179165
v -445.085266 0.275830 -7.177509
v -444.851929 0.509059 -7.176926
v -444.851929 1.146256 -7.176926
v -444.857056 0.509060 -5.193291
v -445.089478 0.275830 -5.458752
v -444.856140 0.509059 -5.458168
v -445.090149 0.275830 -5.193871
v -444.856140 1.146257 -5.458168
v -444.857056 0.509060 -5.193291
v -444.856140 0.509059 -5.458168
v -444.857056 1.146257 -5.193291
v -445.408142 0.827665 -5.459553
v -445.959961 0.509059 -5.460983
v -445.959961 1.146257 -5.460983
v -445.726624 0.275830 -5.460381
v -445.089478 0.275830 -5.458752
v -444.856140 0.509059 -5.458168
v -444.856140 1.146257 -5.458168
v -444.856140 0.509059 -5.458168
v -445.408813 0.827665 -5.194698
v -445.727295 0.275830 -5.195503
v -445.090149 0.275830 -5.193871
v -445.960632 0.509060 -5.196106
v -445.960632 1.146257 -5.196106
v -444.857056 0.509060 -5.193291
v -444.857056 1.146257 -5.193291
v -446.094910 1.024209 -4.974049
v -446.094910 0.448220 -4.974049
v -445.190002 0.448220 -4.971745
v -446.999634 0.448220 -4.976372
v -447.381287 1.024209 -4.977333
v -444.679749 1.008163 -5.176125
v -445.190002 0.448220 -4.971745
v -445.099487 0.448256 -5.177200
v -444.808350 1.024209 -4.970760
v -444.808350 1.024209 -4.970760
v -452.604004 0.448256 -5.196419
v -452.313049 1.024209 -4.989983
v -452.694763 0.448220 -4.990967
v -452.184509 1.008163 -5.195347
v -453.599670 1.024209 -4.993267
v -452.694763 0.448220 -4.990967
v -452.313049 1.024209 -4.989983
v -453.599670 0.448220 -4.993267
v -454.504395 0.448220 -4.995590
v -454.886047 1.024209 -4.996555
v -453.731995 0.509059 -5.480831
v -453.732666 1.146257 -5.215996
v -453.732666 0.509060 -5.215996
v -453.731995 1.146257 -5.480831
v -453.966003 0.275830 -5.216599
v -453.731995 0.509059 -5.480831
v -453.732666 0.509060 -5.215996
v -453.965271 0.275830 -5.481411
v -454.283997 0.827665 -5.482239
v -453.965271 0.275830 -5.481411
v -454.602478 0.275830 -5.483067
v -453.731995 0.509059 -5.480831
v -453.731995 1.146257 -5.480831
v -453.731995 0.509059 -5.480831
v -454.835571 0.509059 -5.483711
v -454.835571 1.146257 -5.483711
v -454.284607 0.827665 -5.217426
v -453.732666 0.509060 -5.215996
v -453.732666 1.146257 -5.215996
v -453.966003 0.275830 -5.216599
v -453.732666 0.509060 -5.215996
v -454.603149 0.275830 -5.218231
v -454.836243 0.509060 -5.218811
v -454.836243 1.146257 -5.218811
v -453.728333 0.509059 -6.934753
v -453.727478 1.146256 -7.199589
v -453.728333 1.146256 -6.934753
v -453.727478 0.509059 -7.199589
v -453.960815 0.275830 -7.200214
v -453.728333 0.509059 -6.934753
v -453.961487 0.275830 -6.935379
v -453.727478 0.509059 -7.199589
v -454.280212 0.827665 -6.936184
v -453.728333 0.509059 -6.934753
v -453.728333 1.146256 -6.934753
v -453.961487 0.275830 -6.935379
v -453.728333 0.509059 -6.934753
v -454.598633 0.275830 -6.936966
v -454.831970 0.509059 -6.937572
v -454.831970 1.146256 -6.937572
v -454.279480 0.827664 -7.201019
v -453.960815 0.275830 -7.200214
v -454.598022 0.275830 -7.201866
v -453.727478 0.509059 -7.199589
v -453.727478 1.146256 -7.199589
v -453.727478 0.509059 -7.199589
v -454.831299 0.509059 -7.202450
v -454.831299 1.146256 -7.202450
v -452.598938 0.448255 -7.213425
v -452.307007 1.024208 -7.418381
v -452.179382 1.008162 -7.212372
v -452.688538 0.448219 -7.419346
v -453.593384 1.024208 -7.421646
v -453.593384 0.448219 -7.421646
v -454.498108 0.448219 -7.423950
v -452.688538 0.448219 -7.419346
v -452.307007 1.024208 -7.418381
v -454.879822 1.024208 -7.424931
v -441.447021 0.389795 -6.176369
v -441.592957 0.220368 -6.176773
v -441.588745 0.220367 -7.822807
v -441.597290 0.220368 -4.530693
v -441.451294 0.389796 -4.530334
v -448.656067 4.393847 -5.286865
v -448.815002 4.176215 -4.592953
v -447.483887 3.112380 -4.719719
v -450.209167 4.057887 -4.598858
v -448.815002 4.176215 -4.592953
v -448.656067 4.393847 -5.286865
v -449.970886 4.287991 -5.153286
v -455.340210 6.069776 -4.423306
v -448.834045 3.994076 -6.249336
v -452.686035 5.331575 -6.145416
v -451.112915 4.462427 -7.265697
v -455.330994 6.069774 -8.004883
v -448.947998 3.652463 -7.758354
v -446.832458 3.379640 -7.139626
v -443.921936 1.630737 -7.436577
v -446.683777 3.557671 -7.739269
v -444.190552 2.227192 -6.966042
v -443.921936 1.630737 -7.436577
v -446.832458 3.379640 -7.139626
v -444.190552 2.227192 -6.966042
v -446.832458 3.379640 -7.139626
v -444.194397 2.223793 -5.400780
v -447.153870 3.071258 -5.329865
v -443.928223 1.628400 -4.928860
v -443.739380 1.666786 -6.182247
v -443.895142 1.004892 -6.182625
v -443.890442 1.004891 -8.014179
v -443.899780 1.004892 -4.351097
v -443.744507 1.666786 -4.139633
v -443.744507 1.666786 -4.139633
v -443.739380 1.666786 -6.182247
v -443.744507 1.666786 -4.139633
v -443.734009 1.666785 -8.224815
v -443.734009 1.666785 -8.224815
v -455.336609 5.951873 -5.860088
v -455.334839 6.339694 -6.566071
v -448.947998 3.652463 -7.758354
v -441.443054 0.389795 -7.822453
v -448.656067 4.393847 -5.286865
v -449.970886 4.287991 -5.153286
v -447.153870 3.071258 -5.329865
v -448.656067 4.393847 -5.286865
v -448.656067 4.393847 -5.286865
v -607.806335 1.756299 -0.523193
v -607.805664 1.058846 -0.745541
v -601.537048 1.058846 -0.727192
v -614.074280 1.058846 -0.763912
v -614.239197 1.756299 -0.542030
v -607.795166 5.731399 -4.342693
v -607.794312 1.701659 -4.659309
v -613.859741 1.701659 -4.677078
v -601.728760 1.701659 -4.641541
v -601.729736 5.731399 -4.324928
v -607.804810 5.731400 -1.008316
v -607.805847 1.701661 -0.691700
v -601.740417 1.701661 -0.673935
v -613.871399 1.701661 -0.709488
v -613.870422 5.731400 -1.026104
v -601.734375 5.731399 -2.657749
v -601.738831 6.185360 -1.249573
v -601.739563 5.731400 -0.990551
v -601.734375 1.701660 -2.657749
v -601.729736 5.731399 -4.324928
v -601.728760 1.701659 -4.641541
v -613.861511 6.185359 -4.101440
v -607.795166 5.731399 -4.342693
v -613.860596 5.731399 -4.360439
v -607.795837 6.185359 -4.083672
v -613.862671 6.527097 -3.706318
v -607.797119 6.527097 -3.688522
v -613.863953 6.736903 -3.189297
v -607.798523 6.736903 -3.171509
v -613.865540 6.788995 -2.693264
v -607.800110 6.788995 -2.675518
v -613.866882 6.736904 -2.197258
v -607.801453 6.736904 -2.179489
v -613.868469 6.527098 -1.680191
v -607.803040 6.527098 -1.662449
v -607.804077 6.185360 -1.267342
v -601.738831 6.185360 -1.249573
v -601.739563 5.731400 -0.990551
v -607.793823 1.756298 -4.827797
v -601.367249 1.756298 -2.656651
v -601.360962 1.756298 -4.808979
v -607.800110 1.756298 -2.675514
v -614.232910 1.756298 -2.694336
v -607.806335 1.756299 -0.523193
v -614.239197 1.756299 -0.542030
v -607.793823 1.756298 -4.827797
v -614.063110 1.058845 -4.623798
v -614.226440 1.756298 -4.846661
v -607.794312 1.058845 -4.605495
v -601.525635 1.058845 -4.587078
v -613.860596 5.731399 -4.360439
v -601.739563 5.731400 -0.990551
v -601.737488 6.527098 -1.644680
v -601.736206 6.736904 -2.161716
v -601.734619 6.788995 -2.657753
v -601.733276 6.736903 -3.153786
v -601.731689 6.527097 -3.670803
v -601.730591 6.185359 -4.065907
v -601.729736 5.731399 -4.324928
v -613.869568 6.185360 -1.285107
v -607.804810 5.731400 -1.008316
v -613.870422 5.731400 -1.026104
v -601.740417 1.701661 -0.673935
v -614.226440 1.756298 -4.846661
v -603.842346 1.079199 -3.943344
v -604.795715 0.472267 -3.946136
v -605.197998 1.079199 -3.947323
v -603.842346 0.472267 -3.943344
v -602.889160 0.472267 -3.940575
v -602.352356 1.062292 -3.722267
v -602.889160 0.472267 -3.940575
v -602.486816 1.079199 -3.939388
v -602.794617 0.472304 -3.723564
v -602.486816 1.079199 -3.939388
v -602.539185 0.536375 -3.705196
v -602.785889 0.290616 -3.426838
v -602.785034 0.290616 -3.705933
v -602.540039 0.536375 -3.426098
v -602.540039 1.207805 -3.426098
v -602.539185 0.536375 -3.705196
v -602.539185 1.207805 -3.705196
v -602.540039 0.536375 -3.426098
v -603.121521 0.872097 -3.427799
v -603.457214 0.290616 -3.428783
v -602.785889 0.290616 -3.426838
v -603.703125 0.536375 -3.429523
v -603.703125 1.207805 -3.429523
v -602.540039 0.536375 -3.426098
v -602.540039 1.207805 -3.426098
v -603.120667 0.872097 -3.706936
v -603.702209 0.536375 -3.708588
v -603.702209 1.207805 -3.708588
v -603.456360 0.290616 -3.707878
v -602.785034 0.290616 -3.705933
v -602.539185 0.536375 -3.705196
v -602.539185 1.207805 -3.705196
v -602.545410 0.536376 -1.614998
v -602.790344 0.290616 -1.894825
v -602.544556 0.536375 -1.894070
v -602.791260 0.290616 -1.615734
v -602.544556 1.207805 -1.894070
v -602.545410 0.536376 -1.614998
v -602.544556 0.536375 -1.894070
v -602.545410 1.207805 -1.614998
v -603.125854 0.872097 -1.895763
v -603.707520 0.536375 -1.897488
v -603.707520 1.207805 -1.897488
v -603.461731 0.290616 -1.896770
v -602.790344 0.290616 -1.894825
v -602.544556 0.536375 -1.894070
v -602.544556 1.207805 -1.894070
v -602.544556 0.536375 -1.894070
v -603.126709 0.872097 -1.616741
v -603.462402 0.290616 -1.617699
v -602.791260 0.290616 -1.615734
v -603.708252 0.536376 -1.618416
v -603.708252 1.207805 -1.618416
v -602.545410 0.536376 -1.614998
v -602.545410 1.207805 -1.614998
v -603.849976 1.079200 -1.384514
v -603.849976 0.472267 -1.384514
v -602.896545 0.472267 -1.381695
v -604.803284 0.472267 -1.387283
v -605.205383 1.079200 -1.388447
v -602.358582 1.062292 -1.596851
v -602.896545 0.472267 -1.381695
v -602.800842 0.472304 -1.598125
v -602.494263 1.079200 -1.380535
v -602.494263 1.079200 -1.380535
v -610.708801 0.472304 -1.621300
v -610.402161 1.079200 -1.403687
v -610.804199 0.472267 -1.404896
v -610.266541 1.062292 -1.620003
v -611.757874 1.079200 -1.407669
v -610.804199 0.472267 -1.404896
v -610.402161 1.079200 -1.403687
v -611.757874 0.472267 -1.407669
v -612.711243 0.472267 -1.410461
v -613.113342 1.079200 -1.411644
v -611.897034 0.536375 -1.921490
v -611.897949 1.207805 -1.642372
v -611.897949 0.536376 -1.642372
v -611.897034 1.207805 -1.921490
v -612.143799 0.290616 -1.643108
v -611.897034 0.536375 -1.921490
v -611.897949 0.536376 -1.642372
v -612.142944 0.290616 -1.922180
v -612.478638 0.872097 -1.923187
v -612.142944 0.290616 -1.922180
v -612.814270 0.290616 -1.924171
v -611.897034 0.536375 -1.921490
v -611.897034 1.207805 -1.921490
v -611.897034 0.536375 -1.921490
v -613.059937 0.536375 -1.924889
v -613.059937 1.207805 -1.924889
v -612.479248 0.872097 -1.644096
v -611.897949 0.536376 -1.642372
v -611.897949 1.207805 -1.642372
v -612.143799 0.290616 -1.643108
v -611.897949 0.536376 -1.642372
v -612.815125 0.290616 -1.645100
v -613.060791 0.536376 -1.645817
v -613.060791 1.207805 -1.645817
v -611.892639 0.536375 -3.453480
v -611.891907 1.207805 -3.732616
v -611.892639 1.207805 -3.453480
v -611.891907 0.536375 -3.732616
v -612.137756 0.290616 -3.733330
v -611.892639 0.536375 -3.453480
v -612.138428 0.290616 -3.454216
v -611.891907 0.536375 -3.732616
v -612.474121 0.872097 -3.455200
v -611.892639 0.536375 -3.453480
v -611.892639 1.207805 -3.453480
v -612.138428 0.290616 -3.454216
v -611.892639 0.536375 -3.453480
v -612.809814 0.290616 -3.456181
v -613.055603 0.536375 -3.456921
v -613.055603 1.207805 -3.456921
v -612.473206 0.872097 -3.734291
v -612.137756 0.290616 -3.733330
v -612.809143 0.290616 -3.735271
v -611.891907 0.536375 -3.732616
v -611.891907 1.207805 -3.732616
v -611.891907 0.536375 -3.732616
v -613.054749 0.536375 -3.736012
v -613.054749 1.207805 -3.736012
v -610.702515 0.472304 -3.746696
v -610.394775 1.079199 -3.962540
v -610.260254 1.062292 -3.745396
v -610.796875 0.472267 -3.963703
v -611.750183 1.079199 -3.966496
v -611.750183 0.472267 -3.966496
v -612.703613 0.472267 -3.969311
v -610.796875 0.472267 -3.963703
v -610.394775 1.079199 -3.962540
v -613.105652 1.079199 -3.970451
v -601.367249 1.756298 -2.656651
v -601.531433 1.058846 -2.657120
v -601.525635 1.058845 -4.587078
v -601.537048 1.058846 -0.727192
v -601.373718 1.756299 -0.504330
v -601.373718 1.756299 -0.504330
v -601.373718 1.756299 -0.504330
v -601.360962 1.756298 -4.808979
v -601.360962 1.756298 -4.808979
v -601.731689 6.527097 -3.670803
v -601.733276 6.736903 -3.153786
v -601.730591 6.185359 -4.065907
v -601.731689 6.527097 -3.670803
v -601.730591 6.185359 -4.065907
v -601.739563 5.731400 -0.990551
v -601.736206 6.736904 -2.161716
v -601.737488 6.527098 -1.644680
v -601.734619 6.788995 -2.657753
v -601.736206 6.736904 -2.161716
v -601.734619 6.788995 -2.657753
v -601.738831 6.185360 -1.249573
v -586.667908 1.756304 -0.201210
v -586.667480 1.058851 -0.423512
v -580.398621 1.058851 -0.405190
v -592.936096 1.058851 -0.441929
v -593.101074 1.756304 -0.220028
v -586.656921 5.731403 -4.020691
v -586.655884 1.701664 -4.337307
v -592.721558 1.701664 -4.355053
v -580.590393 1.701664 -4.319519
v -580.591492 5.731403 -4.002903
v -586.666565 5.731404 -0.686314
v -586.667480 1.701666 -0.369698
v -580.601990 1.701666 -0.351910
v -592.732971 1.701666 -0.387463
v -592.732056 5.731404 -0.704079
v -580.596191 5.731403 -2.335728
v -580.600464 6.185364 -0.927547
v -580.601135 5.731404 -0.668526
v -580.596191 1.701665 -2.335728
v -580.591492 5.731403 -4.002903
v -580.590393 1.701664 -4.319519
v -592.723145 6.185363 -3.779434
v -586.656921 5.731403 -4.020691
v -592.722168 5.731403 -4.038456
v -586.657654 6.185363 -3.761669
v -592.724243 6.527102 -3.384289
v -586.658813 6.527102 -3.366566
v -592.725830 6.736908 -2.867271
v -586.660339 6.736908 -2.849525
v -592.727173 6.788999 -2.371265
v -586.661682 6.788999 -2.353497
v -592.728699 6.736908 -1.875229
v -586.663208 6.736908 -1.857487
v -592.730225 6.527102 -1.358212
v -586.664612 6.527102 -1.340466
v -586.665894 6.185364 -0.945335
v -580.600464 6.185364 -0.927547
v -580.601135 5.731404 -0.668526
v -586.655396 1.756303 -4.505817
v -580.228821 1.756303 -2.334652
v -580.222534 1.756303 -4.486954
v -586.661682 1.756303 -2.353493
v -593.094604 1.756303 -2.372330
v -586.667908 1.756304 -0.201210
v -593.101074 1.756304 -0.220028
v -586.655396 1.756303 -4.505817
v -592.924683 1.058850 -4.301815
v -593.088074 1.756303 -4.524658
v -586.656067 1.058850 -4.283447
v -580.387451 1.058850 -4.265076
v -592.722168 5.731403 -4.038456
v -580.601135 5.731404 -0.668526
v -580.599365 6.527102 -1.322678
v -580.597778 6.736908 -1.839718
v -580.596436 6.788999 -2.335732
v -580.594849 6.736908 -2.831738
v -580.593506 6.527102 -3.348778
v -580.592163 6.185363 -3.743881
v -580.591492 5.731403 -4.002903
v -592.731384 6.185364 -0.963104
v -586.666565 5.731404 -0.686314
v -592.732056 5.731404 -0.704079
v -580.601990 1.701666 -0.351910
v -593.088074 1.756303 -4.524658
v -582.703918 1.079204 -3.621319
v -583.657532 0.472272 -3.624111
v -584.059570 1.079204 -3.625294
v -582.703918 0.472272 -3.621319
v -581.750488 0.472272 -3.618549
v -581.214111 1.062297 -3.400242
v -581.750488 0.472272 -3.618549
v -581.348511 1.079204 -3.617363
v -581.656250 0.472309 -3.401543
v -581.348511 1.079204 -3.617363
v -581.401001 0.536380 -3.383171
v -581.647522 0.290620 -3.104836
v -581.646606 0.290620 -3.383907
v -581.401611 0.536380 -3.104122
v -581.401611 1.207810 -3.104122
v -581.401001 0.536380 -3.383171
v -581.401001 1.207810 -3.383171
v -581.401611 0.536380 -3.104122
v -581.983215 0.872102 -3.105820
v -582.318787 0.290620 -3.106800
v -581.647522 0.290620 -3.104836
v -582.564514 0.536380 -3.107517
v -582.564514 1.207810 -3.107517
v -581.401611 0.536380 -3.104122
v -581.401611 1.207810 -3.104122
v -581.982300 0.872102 -3.384892
v -582.563782 0.536380 -3.386566
v -582.563782 1.207810 -3.386566
v -582.318176 0.290620 -3.385853
v -581.646606 0.290620 -3.383907
v -581.401001 0.536380 -3.383171
v -581.401001 1.207810 -3.383171
v -581.406982 0.536380 -1.292973
v -581.651917 0.290621 -1.572826
v -581.406128 0.536380 -1.572090
v -581.652893 0.290621 -1.293709
v -581.406128 1.207810 -1.572090
v -581.406982 0.536380 -1.292973
v -581.406128 0.536380 -1.572090
v -581.406982 1.207810 -1.292973
v -581.987610 0.872103 -1.573807
v -582.569153 0.536380 -1.575508
v -582.569153 1.207810 -1.575508
v -582.323303 0.290621 -1.574791
v -581.651917 0.290621 -1.572826
v -581.406128 0.536380 -1.572090
v -581.406128 1.207810 -1.572090
v -581.406128 0.536380 -1.572090
v -581.988525 0.872103 -1.294693
v -582.324219 0.290621 -1.295677
v -581.652893 0.290621 -1.293709
v -582.570068 0.536380 -1.296391
v -582.570068 1.207810 -1.296391
v -581.406982 0.536380 -1.292973
v -581.406982 1.207810 -1.292973
v -582.711548 1.079205 -1.062489
v -582.711548 0.472272 -1.062489
v -581.758118 0.472272 -1.059715
v -583.664917 0.472272 -1.065304
v -584.067017 1.079205 -1.066444
v -581.220398 1.062298 -1.274826
v -581.758118 0.472272 -1.059715
v -581.662415 0.472310 -1.276123
v -581.356079 1.079205 -1.058533
v -581.356079 1.079205 -1.058533
v -589.570374 0.472310 -1.299320
v -589.263977 1.079205 -1.081688
v -589.666016 0.472272 -1.082851
v -589.128296 1.062298 -1.298000
v -590.619446 1.079205 -1.085663
v -589.666016 0.472272 -1.082851
v -589.263977 1.079205 -1.081688
v -590.619446 0.472272 -1.085663
v -591.572815 0.472272 -1.088436
v -591.974915 1.079205 -1.089619
v -590.758911 0.536380 -1.599487
v -590.759766 1.207810 -1.320393
v -590.759766 0.536380 -1.320393
v -590.758911 1.207810 -1.599487
v -591.005371 0.290621 -1.321133
v -590.758911 0.536380 -1.599487
v -590.759766 0.536380 -1.320393
v -591.004517 0.290621 -1.600224
v -591.340393 0.872103 -1.601231
v -591.004517 0.290621 -1.600224
v -591.675842 0.290621 -1.602173
v -590.758911 0.536380 -1.599487
v -590.758911 1.207810 -1.599487
v -590.758911 0.536380 -1.599487
v -591.921692 0.536380 -1.602882
v -591.921692 1.207810 -1.602882
v -591.341064 0.872103 -1.322094
v -590.759766 0.536380 -1.320393
v -590.759766 1.207810 -1.320393
v -591.005371 0.290621 -1.321133
v -590.759766 0.536380 -1.320393
v -591.676758 0.290621 -1.323074
v -591.922607 0.536380 -1.323814
v -591.922607 1.207810 -1.323814
v -590.754395 0.536380 -3.131500
v -590.753479 1.207810 -3.410591
v -590.754395 1.207810 -3.131500
v -590.753479 0.536380 -3.410591
v -590.999390 0.290620 -3.411308
v -590.754395 0.536380 -3.131500
v -591.000000 0.290620 -3.132236
v -590.753479 0.536380 -3.410591
v -591.335876 0.872102 -3.133217
v -590.754395 0.536380 -3.131500
v -590.754395 1.207810 -3.131500
v -591.000000 0.290620 -3.132236
v -590.754395 0.536380 -3.131500
v -591.671387 0.290620 -3.134182
v -591.917175 0.536380 -3.134918
v -591.917175 1.207810 -3.134918
v -591.335022 0.872102 -3.412289
v -590.999390 0.290620 -3.411308
v -591.670715 0.290620 -3.413273
v -590.753479 0.536380 -3.410591
v -590.753479 1.207810 -3.410591
v -590.753479 0.536380 -3.410591
v -591.916565 0.536380 -3.413990
v -591.916565 1.207810 -3.413990
v -589.564087 0.472309 -3.424694
v -589.256165 1.079204 -3.640537
v -589.122009 1.062297 -3.423420
v -589.658447 0.472272 -3.641697
v -590.611877 1.079204 -3.644516
v -590.611877 0.472272 -3.644516
v -591.565186 0.472272 -3.647308
v -589.658447 0.472272 -3.641697
v -589.256165 1.079204 -3.640537
v -591.967529 1.079204 -3.648449
v -580.228821 1.756303 -2.334652
v -580.393005 1.058850 -2.335121
v -580.387451 1.058850 -4.265076
v -580.398621 1.058851 -0.405190
v -580.235046 1.756304 -0.182346
v -580.235046 1.756304 -0.182346
v -580.235046 1.756304 -0.182346
v -580.222534 1.756303 -4.486954
v -580.222534 1.756303 -4.486954
v -580.593506 6.527102 -3.348778
v -580.594849 6.736908 -2.831738
v -580.592163 6.185363 -3.743881
v -580.593506 6.527102 -3.348778
v -580.592163 6.185363 -3.743881
v -580.601135 5.731404 -0.668526
v -580.597778 6.736908 -1.839718
v -580.599365 6.527102 -1.322678
v -580.596436 6.788999 -2.335732
v -580.597778 6.736908 -1.839718
v -580.596436 6.788999 -2.335732
v -580.600464 6.185364 -0.927547
v -565.940491 1.756309 -0.138275
v -565.939819 1.058856 -0.360645
v -559.671204 1.058856 -0.342274
v -572.208435 1.058856 -0.378994
v -572.373413 1.756309 -0.157116
v -565.929321 5.731410 -3.957802
v -565.928406 1.701669 -4.274372
v -571.993958 1.701669 -4.292187
v -559.862976 1.701669 -4.256653
v -559.863892 5.731410 -3.939991
v -565.939148 5.731411 -0.623405
v -565.940063 1.701671 -0.306789
v -559.874573 1.701671 -0.288994
v -572.005554 1.701671 -0.324535
v -572.004639 5.731411 -0.641171
v -559.868591 5.731410 -2.272835
v -559.872986 6.185371 -0.864635
v -559.873718 5.731411 -0.605633
v -559.868591 1.701670 -2.272835
v -559.863892 5.731410 -3.939991
v -559.862976 1.701669 -4.256653
v -571.995422 6.185370 -3.716545
v -565.929321 5.731410 -3.957802
v -571.994812 5.731410 -3.975548
v -565.929993 6.185370 -3.698757
v -571.996582 6.527108 -3.321423
v -565.931335 6.527108 -3.303631
v -571.998169 6.736913 -2.804363
v -565.932678 6.736913 -2.786617
v -571.999756 6.789006 -2.308350
v -565.934204 6.789006 -2.290604
v -572.001038 6.736913 -1.812344
v -565.935608 6.736913 -1.794571
v -572.002625 6.527109 -1.295303
v -565.937134 6.527109 -1.277557
v -565.938232 6.185371 -0.882401
v -559.872986 6.185371 -0.864635
v -559.873718 5.731411 -0.605633
v -565.928040 1.756308 -4.442886
v -559.501343 1.756309 -2.271740
v -559.495117 1.756308 -4.424065
v -565.934204 1.756309 -2.290600
v -572.367126 1.756309 -2.309444
v -565.940491 1.756309 -0.138275
v -572.373413 1.756309 -0.157116
v -565.928040 1.756308 -4.442886
v -572.197266 1.058855 -4.238907
v -572.360901 1.756308 -4.461769
v -565.928650 1.058855 -4.220535
v -559.660034 1.058855 -4.202187
v -571.994812 5.731410 -3.975548
v -559.873718 5.731411 -0.605633
v -559.871704 6.527109 -1.259792
v -559.870361 6.736913 -1.776829
v -559.868774 6.789006 -2.272839
v -559.867432 6.736913 -2.768852
v -559.865845 6.527108 -3.285889
v -559.864746 6.185370 -3.680988
v -559.863892 5.731410 -3.939991
v -572.003784 6.185371 -0.900192
v -565.939148 5.731411 -0.623405
v -572.004639 5.731411 -0.641171
v -559.874573 1.701671 -0.288994
v -572.360901 1.756308 -4.461769
v -561.976440 1.079209 -3.558453
v -562.929871 0.472277 -3.561222
v -563.331909 1.079209 -3.562408
v -561.976440 0.472277 -3.558453
v -561.023132 0.472277 -3.555614
v -560.486511 1.062302 -3.337376
v -561.023132 0.472277 -3.555614
v -560.621033 1.079209 -3.554451
v -560.928772 0.472314 -3.338673
v -560.621033 1.079209 -3.554451
v -560.673279 0.536385 -3.320305
v -560.920044 0.290626 -3.041901
v -560.919189 0.290626 -3.320995
v -560.674255 0.536385 -3.041187
v -560.674255 1.207815 -3.041187
v -560.673279 0.536385 -3.320305
v -560.673279 1.207815 -3.320305
v -560.674255 0.536385 -3.041187
v -561.255554 0.872107 -3.042889
v -561.591431 0.290626 -3.043869
v -560.920044 0.290626 -3.041901
v -561.837036 0.536385 -3.044605
v -561.837036 1.207815 -3.044605
v -560.674255 0.536385 -3.041187
v -560.674255 1.207815 -3.041187
v -561.254883 0.872107 -3.321999
v -561.836365 0.536385 -3.323700
v -561.836365 1.207815 -3.323700
v -561.590515 0.290626 -3.322987
v -560.919189 0.290626 -3.320995
v -560.673279 0.536385 -3.320305
v -560.673279 1.207815 -3.320305
v -560.679565 0.536386 -1.230106
v -560.924561 0.290626 -1.509892
v -560.678711 0.536386 -1.509155
v -560.925476 0.290626 -1.230801
v -560.678711 1.207815 -1.509155
v -560.679565 0.536386 -1.230106
v -560.678711 0.536386 -1.509155
v -560.679565 1.207815 -1.230106
v -561.260193 0.872108 -1.510872
v -561.841492 0.536386 -1.512573
v -561.841492 1.207815 -1.512573
v -561.595886 0.290626 -1.511879
v -560.924561 0.290626 -1.509892
v -560.678711 0.536386 -1.509155
v -560.678711 1.207815 -1.509155
v -560.678711 0.536386 -1.509155
v -561.260864 0.872108 -1.231808
v -561.596802 0.290626 -1.232788
v -560.925476 0.290626 -1.230801
v -561.842346 0.536386 -1.233501
v -561.842346 1.207815 -1.233501
v -560.679565 0.536386 -1.230106
v -560.679565 1.207815 -1.230106
v -561.983887 1.079210 -0.999580
v -561.983887 0.472278 -0.999580
v -561.030457 0.472278 -0.996784
v -562.937256 0.472278 -1.002392
v -563.339600 1.079210 -1.003555
v -560.492798 1.062303 -1.211960
v -561.030457 0.472278 -0.996784
v -560.935059 0.472314 -1.213257
v -560.628418 1.079210 -0.995625
v -560.628418 1.079210 -0.995625
v -568.842773 0.472314 -1.236385
v -568.536316 1.079210 -1.018772
v -568.938599 0.472278 -1.019958
v -568.400635 1.062303 -1.235069
v -569.891968 1.079210 -1.022778
v -568.938599 0.472278 -1.019958
v -568.536316 1.079210 -1.018772
v -569.891968 0.472278 -1.022778
v -570.845398 0.472278 -1.025547
v -571.247437 1.079210 -1.026752
v -570.031250 0.536386 -1.536575
v -570.032166 1.207815 -1.257484
v -570.032166 0.536386 -1.257484
v -570.031250 1.207815 -1.536575
v -570.277954 0.290626 -1.258198
v -570.031250 0.536386 -1.536575
v -570.032166 0.536386 -1.257484
v -570.277039 0.290626 -1.537289
v -570.612732 0.872108 -1.538296
v -570.277039 0.290626 -1.537289
v -570.948486 0.290626 -1.539257
v -570.031250 0.536386 -1.536575
v -570.031250 1.207815 -1.536575
v -570.031250 0.536386 -1.536575
v -571.194275 0.536386 -1.539974
v -571.194275 1.207815 -1.539974
v -570.613647 0.872108 -1.259159
v -570.032166 0.536386 -1.257484
v -570.032166 1.207815 -1.257484
v -570.277954 0.290626 -1.258198
v -570.032166 0.536386 -1.257484
v -570.949341 0.290626 -1.260166
v -571.194946 0.536386 -1.260880
v -571.194946 1.207815 -1.260880
v -570.026733 0.536385 -3.068588
v -570.026062 1.207815 -3.347656
v -570.026733 1.207815 -3.068588
v -570.026062 0.536385 -3.347656
v -570.271667 0.290626 -3.348373
v -570.026733 0.536385 -3.068588
v -570.272644 0.290626 -3.069302
v -570.026062 0.536385 -3.347656
v -570.608276 0.872107 -3.070309
v -570.026733 0.536385 -3.068588
v -570.026733 1.207815 -3.068588
v -570.272644 0.290626 -3.069302
v -570.026733 0.536385 -3.068588
v -570.943970 0.290626 -3.071266
v -571.189819 0.536385 -3.072025
v -571.189819 1.207815 -3.072025
v -570.607361 0.872107 -3.349354
v -570.271667 0.290626 -3.348373
v -570.943054 0.290626 -3.350361
v -570.026062 0.536385 -3.347656
v -570.026062 1.207815 -3.347656
v -570.026062 0.536385 -3.347656
v -571.188843 0.536385 -3.351097
v -571.188843 1.207815 -3.351097
v -568.836670 0.472314 -3.361805
v -568.528931 1.079209 -3.577648
v -568.394409 1.062302 -3.360508
v -568.931030 0.472277 -3.578789
v -569.884399 1.079209 -3.581581
v -569.884399 0.472277 -3.581581
v -570.838013 0.472277 -3.584377
v -568.931030 0.472277 -3.578789
v -568.528931 1.079209 -3.577648
v -571.239868 1.079209 -3.585560
v -559.501343 1.756309 -2.271740
v -559.665588 1.058856 -2.272232
v -559.660034 1.058855 -4.202187
v -559.671204 1.058856 -0.342274
v -559.507629 1.756309 -0.119438
v -559.507629 1.756309 -0.119438
v -559.507629 1.756309 -0.119438
v -559.495117 1.756308 -4.424065
v -559.495117 1.756308 -4.424065
v -559.865845 6.527108 -3.285889
v -559.867432 6.736913 -2.768852
v -559.864746 6.185370 -3.680988
v -559.865845 6.527108 -3.285889
v -559.864746 6.185370 -3.680988
v -559.873718 5.731411 -0.605633
v -559.870361 6.736913 -1.776829
v -559.871704 6.527109 -1.259792
v -559.868774 6.789006 -2.272839
v -559.870361 6.736913 -1.776829
v -559.868774 6.789006 -2.272839
v -559.872986 6.185371 -0.864635
v -497.386780 1.756326 0.698891
v -497.386169 1.058873 0.476540
v -491.117554 1.058873 0.494888
v -503.654724 1.058873 0.458172
v -503.819702 1.756326 0.680050
v -497.375671 5.731425 -3.120617
v -497.374756 1.701686 -3.437229
v -503.440247 1.701686 -3.454998
v -491.309082 1.701686 -3.419441
v -491.310181 5.731425 -3.102825
v -497.385498 5.731426 0.213760
v -497.386414 1.701687 0.530376
v -491.320862 1.701687 0.548168
v -503.451843 1.701687 0.512630
v -503.450928 5.731426 0.195992
v -491.315063 5.731426 -1.435650
v -491.319397 6.185387 -0.027493
v -491.320007 5.731427 0.231552
v -491.315063 1.701687 -1.435650
v -491.310181 5.731425 -3.102825
v -491.309082 1.701686 -3.419441
v -503.441833 6.185386 -2.879337
v -497.375671 5.731425 -3.120617
v -503.441101 5.731425 -3.138386
v -497.376587 6.185386 -2.861595
v -503.443115 6.527124 -2.484211
v -497.377686 6.527124 -2.466492
v -503.444702 6.736928 -1.967194
v -497.379028 6.736928 -1.949451
v -503.446045 6.789021 -1.471188
v -497.380615 6.789021 -1.453419
v -503.447632 6.736929 -0.975178
v -497.382141 6.736929 -0.957409
v -503.448975 6.527124 -0.458134
v -497.383484 6.527124 -0.440346
v -497.384644 6.185387 -0.045261
v -491.319397 6.185387 -0.027493
v -491.320007 5.731427 0.231552
v -497.374329 1.756325 -3.605717
v -490.947693 1.756325 -1.434597
v -490.941406 1.756325 -3.586880
v -497.380615 1.756325 -1.453415
v -503.813232 1.756325 -1.472256
v -497.386780 1.756326 0.698891
v -503.819702 1.756326 0.680050
v -497.374329 1.756325 -3.605717
v -503.643372 1.058872 -3.401741
v -503.806946 1.756325 -3.624580
v -497.375000 1.058872 -3.383369
v -491.106079 1.058872 -3.365025
v -503.441101 5.731425 -3.138386
v -491.320007 5.731427 0.231552
v -491.318237 6.527124 -0.422626
v -491.316650 6.736929 -0.939640
v -491.315369 6.789021 -1.435673
v -491.313782 6.736928 -1.931660
v -491.312195 6.527124 -2.448700
v -491.311035 6.185386 -2.843822
v -491.310181 5.731425 -3.102825
v -503.450073 6.185387 -0.063030
v -497.385498 5.731426 0.213760
v -503.450928 5.731426 0.195992
v -491.320862 1.701687 0.548168
v -503.806946 1.756325 -3.624580
v -493.422852 1.079226 -2.721241
v -494.376221 0.472293 -2.724060
v -494.778320 1.079226 -2.725216
v -493.422852 0.472293 -2.721241
v -492.469421 0.472293 -2.718472
v -491.932800 1.062319 -2.500141
v -492.469421 0.472293 -2.718472
v -492.067383 1.079226 -2.717285
v -492.375061 0.472331 -2.501465
v -492.067383 1.079226 -2.717285
v -492.119690 0.536401 -2.483112
v -492.366150 0.290642 -2.204758
v -492.365479 0.290642 -2.483829
v -492.120361 0.536402 -2.204048
v -492.120361 1.207832 -2.204048
v -492.119690 0.536401 -2.483112
v -492.119690 1.207832 -2.483112
v -492.120361 0.536402 -2.204048
v -492.702087 0.872124 -2.205723
v -493.037537 0.290642 -2.206730
v -492.366150 0.290642 -2.204758
v -493.283325 0.536402 -2.207439
v -493.283325 1.207832 -2.207439
v -492.120361 0.536402 -2.204048
v -492.120361 1.207832 -2.204048
v -492.701172 0.872124 -2.484814
v -493.282654 0.536401 -2.486488
v -493.282654 1.207832 -2.486488
v -493.036865 0.290642 -2.485775
v -492.365479 0.290642 -2.483829
v -492.119690 0.536401 -2.483112
v -492.119690 1.207832 -2.483112
v -492.125854 0.536402 -0.392921
v -492.370667 0.290643 -0.672749
v -492.124756 0.536402 -0.672012
v -492.371521 0.290643 -0.393635
v -492.124756 1.207832 -0.672012
v -492.125854 0.536402 -0.392921
v -492.124756 0.536402 -0.672012
v -492.125854 1.207832 -0.392921
v -492.706543 0.872124 -0.673733
v -493.287842 0.536402 -0.675430
v -493.287842 1.207832 -0.675430
v -493.041992 0.290643 -0.674713
v -492.370667 0.290643 -0.672749
v -492.124756 0.536402 -0.672012
v -492.124756 1.207832 -0.672012
v -492.124756 0.536402 -0.672012
v -492.707153 0.872125 -0.394615
v -493.042847 0.290643 -0.395599
v -492.371521 0.290643 -0.393635
v -493.288757 0.536402 -0.396317
v -493.288757 1.207832 -0.396317
v -492.125854 0.536402 -0.392921
v -492.125854 1.207832 -0.392921
v -493.430176 1.079227 -0.162415
v -493.430176 0.472294 -0.162415
v -492.476807 0.472294 -0.159618
v -494.383789 0.472294 -0.165226
v -494.785889 1.079227 -0.166393
v -491.939087 1.062319 -0.374775
v -492.476807 0.472294 -0.159618
v -492.381348 0.472331 -0.376045
v -492.074707 1.079227 -0.158432
v -492.074707 1.079227 -0.158432
v -500.289246 0.472331 -0.399242
v -499.982605 1.079227 -0.181610
v -500.384949 0.472294 -0.182774
v -499.846985 1.062319 -0.397923
v -501.338074 1.079227 -0.185593
v -500.384949 0.472294 -0.182774
v -499.982605 1.079227 -0.181610
v -501.338074 0.472294 -0.185593
v -502.291504 0.472294 -0.188362
v -502.693787 1.079227 -0.189545
v -501.477539 0.536402 -0.699387
v -501.478455 1.207832 -0.420341
v -501.478455 0.536402 -0.420341
v -501.477539 1.207832 -0.699387
v -501.724243 0.290643 -0.421059
v -501.477539 0.536402 -0.699387
v -501.478455 0.536402 -0.420341
v -501.723389 0.290643 -0.700123
v -502.059082 0.872124 -0.701130
v -501.723389 0.290643 -0.700123
v -502.394775 0.290643 -0.702114
v -501.477539 0.536402 -0.699387
v -501.477539 1.207832 -0.699387
v -501.477539 0.536402 -0.699387
v -502.640564 0.536402 -0.702808
v -502.640564 1.207832 -0.702808
v -502.059937 0.872125 -0.422016
v -501.478455 0.536402 -0.420341
v -501.478455 1.207832 -0.420341
v -501.724243 0.290643 -0.421059
v -501.478455 0.536402 -0.420341
v -502.395630 0.290643 -0.423000
v -502.641235 0.536402 -0.423714
v -502.641235 1.207832 -0.423714
v -501.473083 0.536401 -2.231400
v -501.472168 1.207832 -2.510513
v -501.473083 1.207832 -2.231400
v -501.472168 0.536401 -2.510513
v -501.718018 0.290642 -2.511230
v -501.473083 0.536401 -2.231400
v -501.718933 0.290642 -2.232159
v -501.472168 0.536401 -2.510513
v -502.054626 0.872124 -2.233143
v -501.473083 0.536401 -2.231400
v -501.473083 1.207832 -2.231400
v -501.718933 0.290642 -2.232159
v -501.473083 0.536401 -2.231400
v -502.390259 0.290642 -2.234104
v -502.636108 0.536401 -2.234840
v -502.636108 1.207832 -2.234840
v -502.053650 0.872124 -2.512215
v -501.718018 0.290642 -2.511230
v -502.389343 0.290642 -2.513195
v -501.472168 0.536401 -2.510513
v -501.472168 1.207832 -2.510513
v -501.472168 0.536401 -2.510513
v -502.635254 0.536401 -2.513912
v -502.635254 1.207832 -2.513912
v -500.282959 0.472331 -2.524639
v -499.975037 1.079226 -2.740459
v -499.840759 1.062319 -2.523365
v -500.377319 0.472293 -2.741646
v -501.330688 1.079226 -2.744438
v -501.330688 0.472293 -2.744438
v -502.284119 0.472293 -2.747208
v -500.377319 0.472293 -2.741646
v -499.975037 1.079226 -2.740459
v -502.686218 1.079226 -2.748394
v -490.947693 1.756325 -1.434597
v -491.111938 1.058872 -1.435043
v -491.106079 1.058872 -3.365025
v -491.117554 1.058873 0.494888
v -490.953918 1.756326 0.717728
v -490.953918 1.756326 0.717728
v -490.953918 1.756326 0.717728
v -490.941406 1.756325 -3.586880
v -490.941406 1.756325 -3.586880
v -491.312195 6.527124 -2.448700
v -491.313782 6.736928 -1.931660
v -491.311035 6.185386 -2.843822
v -491.312195 6.527124 -2.448700
v -491.311035 6.185386 -2.843822
v -491.320007 5.731427 0.231552
v -491.316650 6.736929 -0.939640
v -491.318237 6.527124 -0.422626
v -491.315369 6.789021 -1.435673
v -491.316650 6.736929 -0.939640
v -491.315369 6.789021 -1.435673
v -491.319397 6.185387 -0.027493
v -454.693176 1.756336 1.215233
v -454.692566 1.058883 0.992867
v -448.424133 1.058883 1.011234
v -460.961182 1.058883 0.974514
v -461.126099 1.756336 1.196392
v -454.682068 5.731435 -2.604290
v -454.681091 1.701696 -2.920864
v -460.746582 1.701696 -2.938671
v -448.615662 1.701696 -2.903137
v -448.616821 5.731435 -2.586452
v -454.691895 5.731436 0.730110
v -454.692749 1.701698 1.046726
v -448.627319 1.701698 1.064514
v -460.758484 1.701698 1.028938
v -460.757507 5.731436 0.712341
v -448.621460 5.731435 -0.919300
v -448.625732 6.185396 0.488876
v -448.626343 5.731436 0.747875
v -448.621460 1.701697 -0.919300
v -448.616821 5.731435 -2.586452
v -448.615662 1.701696 -2.903137
v -460.748352 6.185395 -2.363033
v -454.682068 5.731435 -2.604290
v -460.747498 5.731435 -2.622013
v -454.682922 6.185395 -2.345222
v -460.749451 6.527135 -1.967911
v -454.684021 6.527135 -1.950123
v -460.751038 6.736939 -1.450871
v -454.685608 6.736939 -1.433102
v -460.752380 6.789033 -0.954838
v -454.686951 6.789033 -0.937096
v -460.753967 6.736940 -0.458828
v -454.688538 6.736940 -0.441063
v -460.755554 6.527136 0.058231
v -454.690063 6.527136 0.075977
v -454.691162 6.185396 0.471107
v -448.625732 6.185396 0.488876
v -448.626343 5.731436 0.747875
v -454.680664 1.756335 -3.089371
v -448.254272 1.756336 -0.918228
v -448.247803 1.756335 -3.070553
v -454.686951 1.756336 -0.937092
v -461.119812 1.756336 -0.955906
v -454.693176 1.756336 1.215233
v -461.126099 1.756336 1.196392
v -454.680664 1.756335 -3.089371
v -460.950012 1.058882 -2.885391
v -461.113525 1.756335 -3.108234
v -454.681335 1.058882 -2.867046
v -448.412964 1.058882 -2.848652
v -460.747498 5.731435 -2.622013
v -448.626343 5.731436 0.747875
v -448.624573 6.527136 0.093746
v -448.622986 6.736940 -0.423294
v -448.621704 6.789033 -0.919304
v -448.620117 6.736939 -1.415359
v -448.618591 6.527135 -1.932377
v -448.617432 6.185395 -2.327477
v -448.616821 5.731435 -2.586452
v -460.756897 6.185396 0.453342
v -454.691895 5.731436 0.730110
v -460.757507 5.731436 0.712341
v -448.627319 1.701698 1.064514
v -461.113525 1.756335 -3.108234
v -450.729370 1.079237 -2.204918
v -451.682617 0.472304 -2.207710
v -452.084839 1.079237 -2.208893
v -450.729370 0.472304 -2.204918
v -449.776001 0.472304 -2.202168
v -449.239441 1.062329 -1.983841
v -449.776001 0.472304 -2.202168
v -449.373718 1.079237 -2.200939
v -449.681641 0.472341 -1.985142
v -449.373718 1.079237 -2.200939
v -449.426208 0.536412 -1.966770
v -449.672729 0.290653 -1.688393
v -449.672119 0.290653 -1.967484
v -449.427124 0.536412 -1.687675
v -449.427124 1.207842 -1.687675
v -449.426208 0.536412 -1.966770
v -449.426208 1.207842 -1.966770
v -449.427124 0.536412 -1.687675
v -450.008606 0.872134 -1.689373
v -450.344116 0.290653 -1.690357
v -449.672729 0.290653 -1.688393
v -450.589905 0.536412 -1.691074
v -450.589905 1.207842 -1.691074
v -449.427124 0.536412 -1.687675
v -449.427124 1.207842 -1.687675
v -450.007751 0.872134 -1.968491
v -450.589294 0.536412 -1.970165
v -450.589294 1.207842 -1.970165
v -450.343445 0.290653 -1.969448
v -449.672119 0.290653 -1.967484
v -449.426208 0.536412 -1.966770
v -449.426208 1.207842 -1.966770
v -449.432312 0.536413 0.123405
v -449.677246 0.290653 -0.156380
v -449.431335 0.536412 -0.155663
v -449.678101 0.290653 0.122692
v -449.431335 1.207842 -0.155663
v -449.432312 0.536413 0.123405
v -449.431335 0.536412 -0.155663
v -449.432312 1.207842 0.123405
v -450.012939 0.872135 -0.157364
v -450.594421 0.536412 -0.159061
v -450.594421 1.207842 -0.159061
v -450.348572 0.290653 -0.158344
v -449.677246 0.290653 -0.156380
v -449.431335 0.536412 -0.155663
v -449.431335 1.207842 -0.155663
v -449.431335 0.536412 -0.155663
v -450.013794 0.872135 0.121708
v -450.349487 0.290653 0.120747
v -449.678101 0.290653 0.122692
v -450.595337 0.536413 0.120033
v -450.595337 1.207842 0.120033
v -449.432312 0.536413 0.123405
v -449.432312 1.207842 0.123405
v -450.737061 1.079237 0.353935
v -450.737061 0.472305 0.353935
v -449.783325 0.472305 0.356728
v -451.690186 0.472305 0.351139
v -452.092407 1.079237 0.349979
v -449.245605 1.062330 0.141556
v -449.783325 0.472305 0.356728
v -449.687927 0.472342 0.140282
v -449.381287 1.079237 0.357891
v -449.381287 1.079237 0.357891
v -457.595886 0.472342 0.117126
v -457.289246 1.079237 0.334736
v -457.691528 0.472305 0.333530
v -457.153564 1.062330 0.118420
v -458.644714 1.079237 0.330738
v -457.691528 0.472305 0.333530
v -457.289246 1.079237 0.334736
v -458.644714 0.472305 0.330738
v -459.598083 0.472305 0.327965
v -460.000366 1.079237 0.326756
v -458.784119 0.536412 -0.183064
v -458.785034 1.207842 0.096027
v -458.785034 0.536413 0.096027
v -458.784119 1.207842 -0.183064
v -459.030884 0.290653 0.095291
v -458.784119 0.536412 -0.183064
v -458.785034 0.536413 0.096027
v -459.030029 0.290653 -0.183781
v -459.365601 0.872135 -0.184784
v -459.030029 0.290653 -0.183781
v -459.701294 0.290653 -0.185745
v -458.784119 0.536412 -0.183064
v -458.784119 1.207842 -0.183064
v -458.784119 0.536412 -0.183064
v -459.946899 0.536412 -0.186440
v -459.946899 1.207842 -0.186440
v -459.366333 0.872135 0.094353
v -458.785034 0.536413 0.096027
v -458.785034 1.207842 0.096027
v -459.030884 0.290653 0.095291
v -458.785034 0.536413 0.096027
v -459.702209 0.290653 0.093327
v -459.947876 0.536413 0.092609
v -459.947876 1.207842 0.092609
v -458.779663 0.536412 -1.715076
v -458.778809 1.207842 -1.994190
v -458.779663 1.207842 -1.715076
v -458.778809 0.536412 -1.994190
v -459.024597 0.290653 -1.994907
v -458.779663 0.536412 -1.715076
v -459.025513 0.290653 -1.715790
v -458.778809 0.536412 -1.994190
v -459.360962 0.872134 -1.716774
v -458.779663 0.536412 -1.715076
v -458.779663 1.207842 -1.715076
v -459.025513 0.290653 -1.715790
v -458.779663 0.536412 -1.715076
v -459.696899 0.290653 -1.717731
v -459.942688 0.536412 -1.718494
v -459.942688 1.207842 -1.718494
v -459.360291 0.872134 -1.995888
v -459.024597 0.290653 -1.994907
v -459.695984 0.290653 -1.996872
v -458.778809 0.536412 -1.994190
v -458.778809 1.207842 -1.994190
v -458.778809 0.536412 -1.994190
v -459.941833 0.536412 -1.997589
v -459.941833 1.207842 -1.997589
v -457.589600 0.472341 -2.008270
v -457.281860 1.079237 -2.224117
v -457.147339 1.062329 -2.006996
v -457.683960 0.472304 -2.225277
v -458.637268 1.079237 -2.228073
v -458.637268 0.472304 -2.228073
v -459.590698 0.472304 -2.230865
v -457.683960 0.472304 -2.225277
v -457.281860 1.079237 -2.224117
v -459.992737 1.079237 -2.232029
v -448.254272 1.756336 -0.918228
v -448.418518 1.058883 -0.918697
v -448.412964 1.058882 -2.848652
v -448.424133 1.058883 1.011234
v -448.260498 1.756336 1.234097
v -448.260498 1.756336 1.234097
v -448.260498 1.756336 1.234097
v -448.247803 1.756335 -3.070553
v -448.247803 1.756335 -3.070553
v -448.618591 6.527135 -1.932377
v -448.620117 6.736939 -1.415359
v -448.617432 6.185395 -2.327477
v -448.618591 6.527135 -1.932377
v -448.617432 6.185395 -2.327477
v -448.626343 5.731436 0.747875
v -448.622986 6.736940 -0.423294
v -448.624573 6.527136 0.093746
v -448.621704 6.789033 -0.919304
v -448.622986 6.736940 -0.423294
v -448.621704 6.789033 -0.919304
v -448.625732 6.185396 0.488876
vn -0.0000 1.0000 -0.0000
vn 0.0073 0.7296 -0.6839
vn 0.0073 0.7296 -0.6838
vn 0.0073 0.7295 -0.6839
vn -0.0073 0.7297 0.6837
vn -0.0073 0.7297 0.6838
vn -0.0107 -0.0000 0.9999
vn 0.0107 -0.0000 -0.9999
vn -0.0000 -1.0000 -0.0000
vn 0.9999 -0.0000 0.0107
vn -0.0106 0.1229 0.9924
vn -0.0099 0.3631 0.9317
vn -0.0104 0.2458 0.9693
vn 0.9999 0.0001 0.0106
vn 0.0099 0.3631 -0.9317
vn 0.0103 0.2458 -0.9693
vn 0.0106 0.1229 -0.9924
vn 0.0106 -0.0000 -0.9999
vn 0.0066 0.7242 -0.6896
vn 0.0066 0.7241 -0.6896
vn 0.0059 0.7187 -0.6953
vn -0.0090 0.7187 0.6953
vn -0.0079 0.7260 0.6876
vn -0.0081 0.7242 0.6896
vn -0.0073 0.7296 0.6838
vn 0.8527 0.5223 0.0091
vn 0.8527 0.5223 0.0092
vn 0.8527 0.5223 0.0090
vn -0.0106 -0.0000 0.9999
vn -0.0107 -0.0001 0.9999
vn 0.7746 0.6325 0.0083
vn 0.7746 0.6324 0.0082
vn 0.8010 0.5986 0.0096
vn 0.8010 0.5986 0.0085
vn 0.8010 0.5986 0.0083
vn 0.1014 0.0837 0.9913
vn 0.8010 0.5986 0.0075
vn 0.8010 -0.5986 0.0077
vn 0.1014 -0.0837 0.9913
vn 0.1015 -0.0837 0.9913
vn 0.8010 -0.5986 0.0085
vn 0.8010 -0.5986 0.0098
vn 0.8010 -0.5986 0.0096
vn 0.8010 0.5986 0.0103
vn 0.1015 0.0837 0.9913
vn 0.8010 0.5986 0.0073
vn 0.8010 0.5986 0.0069
vn 0.8010 0.5986 0.0077
vn 0.8010 -0.5986 0.0075
vn 0.8010 -0.5986 0.0083
vn 0.8010 -0.5986 0.0097
vn 0.8010 -0.5986 0.0095
vn 0.8010 -0.5986 0.0072
vn 0.1016 -0.0838 0.9913
vn 0.8010 -0.5986 0.0086
vn 0.8010 0.5986 0.0098
vn 0.8010 0.5986 0.0095
vn 0.1012 0.0836 0.9913
vn 0.1015 0.0838 0.9913
vn 0.1225 0.0837 -0.9889
vn 0.1225 0.0836 -0.9889
vn 0.1226 -0.0837 -0.9889
vn 0.1224 0.0836 -0.9890
vn 0.1225 -0.0837 -0.9889
vn 0.1225 -0.0836 -0.9889
vn 0.1227 -0.0838 -0.9889
vn 0.7746 0.6325 0.0082
vn 0.7746 0.6324 0.0083
vn 0.8010 0.5986 0.0084
vn 0.1226 0.0837 -0.9889
vn 0.8010 0.5986 0.0097
vn 0.8010 0.5986 0.0093
vn 0.8010 -0.5986 0.0080
vn 0.8010 -0.5986 0.0087
vn 0.8010 0.5986 0.0086
vn 0.8010 0.5986 0.0087
vn 0.1226 -0.0838 -0.9889
vn 0.8009 -0.5987 0.0099
vn 0.8010 -0.5986 0.0094
vn 0.1224 -0.0836 -0.9889
vn 0.1013 0.0836 0.9913
vn 0.1016 0.0838 0.9913
vn 0.1017 0.0839 0.9913
vn 0.1015 -0.0838 0.9913
vn 0.1013 -0.0836 0.9913
vn 0.0107 0.0001 -0.9999
vn -0.0107 0.0001 0.9999
vn 0.8010 0.5986 0.0094
vn 0.8010 0.5986 0.0074
vn 0.8010 0.5986 0.0072
vn 0.8010 -0.5986 0.0099
vn 0.1224 -0.0836 -0.9890
vn 0.8010 0.5986 0.0080
vn 0.9905 0.1370 0.0106
vn -0.0103 0.2458 0.9693
vn 0.9999 -0.0001 0.0106
vn 0.9903 0.1383 0.0106
vn 0.9938 0.1106 0.0106
vn 0.0100 0.3631 -0.9317
vn 0.0090 0.7187 -0.6953
vn 0.0078 0.7260 -0.6876
vn 0.0081 0.7242 -0.6896
vn 0.0079 0.7260 -0.6877
vn -0.0066 0.7242 0.6895
vn -0.0059 0.7187 0.6953
vn 0.1014 -0.0836 0.9913
vn 0.8010 -0.5986 0.0102
vn 0.8010 -0.5986 0.0101
vn 0.8010 0.5986 0.0071
vn 0.8010 0.5986 0.0100
vn 0.8010 0.5986 0.0070
vn 0.8010 -0.5986 0.0082
vn 0.8010 -0.5986 0.0076
vn 0.8010 -0.5986 0.0067
vn 0.8010 -0.5986 0.0093
vn 0.8010 -0.5986 0.0084
vn 0.8010 -0.5986 0.0104
vn 0.0107 -0.0001 -0.9999
vn 0.8009 -0.5987 0.0102
vn 0.8010 -0.5986 0.0074
vn 0.8010 -0.5986 0.0088
vn 0.8010 0.5986 0.0066
vn 0.8010 0.5986 0.0068
vn 0.8010 0.5986 0.0089
vn 0.8010 -0.5986 0.0090
vn 0.8010 -0.5986 0.0070
vn 0.8010 -0.5986 0.0079
vn 0.0105 -0.0003 -0.9999
vn 0.0106 -0.0002 -0.9999
vn 0.8527 0.5224 0.0092
vn 0.8010 -0.5986 0.0069
vn 0.8010 0.5987 0.0070
vn 0.8010 -0.5986 0.0073
vn 0.9074 0.4201 0.0096
vn 0.9075 0.4200 0.0098
vn 0.9074 0.4201 0.0098
vn 0.9075 0.4200 0.0096
vn 0.1226 0.0838 -0.9889
vn 0.1227 0.0838 -0.9889
vn 0.9999 -0.0001 0.0107
vn 0.9999 0.0001 0.0107
vn -0.0037 -0.8661 0.4999
vn -0.0070 -0.8660 0.4999
vn -0.0057 -0.8660 0.4999
vn -0.0097 -0.8661 0.4999
vn -0.0095 -0.8660 0.4999
vn -0.0016 -0.8660 0.5000
vn -0.0069 -0.8660 0.4999
vn -0.0070 -0.8661 0.4999
vn -0.0012 0.8660 0.5000
vn -0.0091 0.8660 0.5000
vn -0.0038 0.8660 0.5000
vn -0.0037 0.8660 0.5001
vn -0.0129 0.8660 0.4999
vn -0.0050 0.8660 0.5001
vn -0.2684 0.8354 0.4797
vn -0.2685 0.8356 0.4792
vn -0.2239 0.8450 0.4856
vn 0.0425 -0.8650 0.4999
vn 0.0828 -0.8627 0.4990
vn 0.1910 -0.8492 0.4922
vn 0.1230 -0.8589 0.4971
vn -0.0935 0.8626 0.4971
vn -0.1335 0.8588 0.4946
vn -0.0174 -0.8660 0.4997
vn 0.0068 0.8660 0.5000
vn -0.0011 0.8660 0.5000
vn 0.0068 0.8660 0.5001
vn -0.0037 -0.8660 0.5001
vn -0.0097 -0.8660 0.4999
vn -0.0010 0.8659 0.5002
vn -0.0049 0.8660 0.5000
vn -0.0010 0.8660 0.5001
vn -0.0069 -0.8661 0.4999
vn 0.0425 -0.8651 0.4999
vn -0.0129 0.8659 0.5000
vn -0.0050 0.8660 0.5000
vn 0.2581 -0.8355 0.4851
vn 0.1910 -0.8492 0.4924
vn -0.2684 0.8355 0.4794
vn -0.2684 0.8355 0.4795
vn -0.2239 0.8451 0.4855
vn 0.1910 -0.8492 0.4923
vn 0.1230 -0.8589 0.4972
vn -0.1335 0.8589 0.4944
vn -0.0935 0.8627 0.4971
vn -0.2239 0.8450 0.4855
vn -0.0175 -0.8660 0.4998
vn -0.0175 -0.8660 0.4997
vn -0.0038 0.8661 0.4999
vn 0.0068 0.8659 0.5001
vn -0.0049 0.8660 0.5001
vn -0.0068 -0.8660 0.4999
vn 0.0022 -0.8660 0.5000
vn -0.0129 0.8660 0.4998
vn 0.2581 -0.8356 0.4850
vn -0.0935 0.8627 0.4970
vn -0.2238 0.8451 0.4855
vn 0.0068 0.8661 0.4999
vn -0.0097 -0.8661 0.4998
vn -0.0056 -0.8661 0.4999
vn -0.0016 -0.8661 0.4999
vn -0.0070 -0.8661 0.4998
vn -0.0934 0.8627 0.4971
vn -0.2684 0.8354 0.4796
vn -0.2240 0.8450 0.4857
vn -0.0175 -0.8659 0.4999
vn -0.0010 0.8660 0.5000
vn 0.5092 -0.0000 -0.8606
vn 0.5093 -0.0000 -0.8606
vn 0.9999 -0.0000 0.0105
vn 0.9999 -0.0000 0.0106
vn 0.4908 -0.0000 0.8713
vn 0.4907 -0.0000 0.8713
vn 0.2790 -0.8363 -0.4720
vn 0.4302 -0.8696 -0.2424
vn 0.4248 -0.8696 0.2515
vn 0.4305 -0.8694 -0.2423
vn 0.4249 -0.8696 0.2514
vn 0.2691 -0.8363 0.4777
vn 0.3395 0.9406 0.0036
vn 0.2425 0.8794 -0.4097
vn 0.3399 0.9405 0.0036
vn 0.4759 0.8795 0.0052
vn 0.3394 0.9407 0.0035
vn 0.2336 0.8794 0.4148
vn 0.1230 -0.8590 0.4970
vn -0.0934 0.8626 0.4971
vn -0.2238 0.8450 0.4856
vn 0.0068 0.8660 0.4999
vn -0.0037 0.8660 0.5000
vn -0.0174 -0.8659 0.4999
vn 0.0068 0.8659 0.5002
vn 0.5094 -0.0000 -0.8605
vn 0.9999 -0.0000 0.0101
vn 0.9999 -0.0000 0.0102
vn 0.4907 -0.0000 0.8714
vn 0.2792 -0.8363 -0.4718
vn 0.4301 -0.8697 -0.2422
vn 0.4247 -0.8697 0.2513
vn 0.4304 -0.8695 -0.2423
vn 0.4250 -0.8696 0.2514
vn 0.2690 -0.8363 0.4777
vn 0.3394 0.9406 0.0038
vn 0.2424 0.8794 -0.4096
vn 0.3397 0.9405 0.0036
vn 0.4758 0.8795 0.0048
vn 0.3394 0.9406 0.0035
vn 0.2335 0.8795 0.4147
vn 0.2582 -0.8356 0.4850
vn 0.2581 -0.8354 0.4853
vn -0.1335 0.8589 0.4945
vn -0.0053 -0.8660 0.4999
vn -0.0053 -0.8660 0.5000
vn -0.0053 0.8660 0.5000
vn 0.9999 -0.0000 0.0108
vn 0.2793 -0.8362 -0.4720
vn 0.4301 -0.8696 -0.2424
vn 0.4304 -0.8695 -0.2422
vn 0.2692 -0.8361 0.4780
vn 0.3394 0.9406 0.0036
vn 0.2423 0.8795 -0.4097
vn 0.3397 0.9405 0.0037
vn 0.4763 0.8792 0.0053
vn 0.2337 0.8793 0.4150
vn 0.4251 -0.8696 0.2512
vn 0.4250 -0.8696 0.2513
vn 0.3395 0.9406 0.0037
vn 0.2425 0.8793 -0.4098
vn 0.4761 0.8794 0.0049
vn 0.3395 0.9406 0.0035
vn -0.2240 0.8450 0.4855
vn -0.0037 -0.8660 0.5000
vn -0.0011 0.8660 0.5001
vn 0.5091 -0.0000 -0.8607
vn 0.5092 -0.0000 -0.8607
vn 0.2792 -0.8363 -0.4719
vn 0.4248 -0.8696 0.2516
vn 0.4303 -0.8696 -0.2424
vn 0.4249 -0.8696 0.2515
vn 0.2422 0.8794 -0.4099
vn 0.4759 0.8795 0.0053
vn 0.3394 0.9406 0.0034
vn 0.2581 -0.8355 0.4850
vn -0.2684 0.8353 0.4798
vn -0.1336 0.8590 0.4942
vn -0.0053 -0.8661 0.4998
vn -0.0038 0.8660 0.5001
vn 0.2582 -0.8357 0.4848
vn -0.2239 0.8450 0.4857
vn 0.5090 -0.0000 -0.8608
vn 0.9999 -0.0000 0.0110
vn 0.9999 -0.0000 0.0111
vn 0.2794 -0.8361 -0.4721
vn 0.4304 -0.8695 -0.2425
vn 0.4303 -0.8696 -0.2422
vn 0.4249 -0.8696 0.2516
vn 0.3396 0.9406 0.0034
vn 0.2423 0.8794 -0.4097
vn 0.4760 0.8795 0.0055
vn 0.3395 0.9406 0.0038
vn -0.2684 0.8353 0.4799
vn -0.0053 -0.8661 0.4999
vn -0.0063 -0.8660 0.4999
vn -0.0038 -0.8660 0.5000
vn -0.0050 -0.8660 0.4999
vn -0.0069 -0.8660 0.5000
vn -0.0043 0.8660 0.5000
vn -0.0097 0.8660 0.4999
vn -0.0057 0.8660 0.5000
vn -0.0012 -0.8660 0.5000
vn -0.0016 0.8660 0.5000
vn -0.0095 0.8660 0.4999
vn -0.0129 -0.8661 0.4998
vn 0.0022 0.8661 0.4999
vn 0.0068 -0.8660 0.5000
vn -0.0175 0.8659 0.4998
vn -0.0175 0.8660 0.4998
vn -0.0063 -0.8661 0.4999
vn -0.0038 -0.8661 0.4999
vn -0.0051 -0.8660 0.4999
vn -0.0097 0.8659 0.5002
vn -0.0012 -0.8661 0.4999
vn -0.0016 0.8659 0.5003
vn -0.0016 0.8661 0.4999
vn -0.0129 -0.8660 0.4999
vn 0.0022 0.8660 0.5000
vn -0.0175 0.8660 0.4997
vn -0.0038 -0.8660 0.4999
vn -0.0037 0.8659 0.5001
vn 0.0068 -0.8660 0.4999
vn -0.0064 -0.8661 0.4999
vn -0.0049 -0.8660 0.4999
vn -0.0097 0.8660 0.5000
vn -0.0058 0.8660 0.5000
vn -0.0016 0.8660 0.5001
vn -0.0129 -0.8660 0.4998
vn -0.0174 0.8660 0.4998
vn -0.0050 -0.8660 0.5000
vn -0.0056 0.8660 0.5001
vn -0.0174 0.8659 0.4999
vn -0.0097 0.8659 0.5001
vn -0.0016 0.8659 0.5002
vn -0.0129 -0.8660 0.5000
vn 0.0022 0.8660 0.5001
vn 0.0068 -0.8659 0.5001
vn -0.0175 0.8659 0.5000
vn -0.0056 -0.8660 0.4999
vn -0.0036 0.8660 0.5001
vn -0.0095 -0.8660 0.5000
vn -0.0012 0.8660 0.5001
vn 0.0022 -0.8661 0.4999
vn -0.0129 0.8661 0.4998
vn -0.0174 -0.8660 0.4998
vn -0.0037 -0.8661 0.4998
vn -0.0097 -0.8661 0.4997
vn -0.0010 0.8661 0.4999
vn -0.0016 -0.8661 0.4998
vn -0.0091 0.8661 0.4998
vn -0.0175 -0.8659 0.4998
vn -0.0071 -0.8660 0.4999
vn -0.0095 -0.8661 0.4998
vn -0.0012 0.8661 0.4999
vn -0.0094 -0.8661 0.4998
vn -0.0091 0.8660 0.4999
vn 0.0022 -0.8660 0.5001
vn -0.0061 -0.8661 0.4999
vn -0.0012 -0.8661 0.5000
vn -0.0175 0.8659 0.4999
vn -0.0039 -0.8661 0.4999
vn -0.0012 -0.8660 0.5001
vn 0.0068 -0.8659 0.5002
vn -0.0174 0.8659 0.4998
vn -0.0095 0.8661 0.4998
vn -0.0050 -0.8661 0.4999
vn 0.0068 -0.8660 0.5001
vn -0.0064 -0.8660 0.4999
vn -0.0051 -0.8660 0.5000
vn -0.0016 0.8658 0.5003
vn -0.0174 0.8660 0.4997
vn -0.0049 -0.8661 0.4999
vn -0.0097 0.8661 0.4999
vn -0.0057 -0.8661 0.4999
vn -0.0036 0.8660 0.5000
vn -0.0097 -0.8660 0.5000
vn -0.0095 -0.8661 0.4999
vn -0.0091 0.8659 0.5001
vn 0.0068 0.8661 0.4998
vn -0.0016 -0.8660 0.5001
vn -0.0097 -0.8659 0.5001
vn -0.0010 0.8659 0.5003
vn -0.0056 0.8660 0.5000
vn -0.0065 -0.8661 0.4999
vn -0.0039 -0.8660 0.5000
vn -0.0069 -0.8661 0.4998
vn -0.0037 0.8661 0.4999
vn -0.0054 -0.8660 0.5000
vn -0.0065 -0.8660 0.4999
vn 0.0068 -0.8661 0.4999
vn -0.0129 0.8660 0.5000
vn -0.0016 -0.8661 0.5000
vn -0.0012 0.8661 0.4998
vn -0.0097 -0.8659 0.5000
vn -0.0016 -0.8659 0.5001
vn -0.0091 0.8659 0.5002
vn 0.0069 0.8661 -0.4998
vn 0.0037 0.8660 -0.5000
vn 0.0049 0.8660 -0.4999
vn 0.0010 0.8661 -0.4999
vn 0.0097 -0.8661 -0.4998
vn 0.0070 -0.8660 -0.5000
vn 0.0058 -0.8660 -0.5000
vn 0.0097 -0.8660 -0.4999
vn 0.0012 0.8661 -0.4999
vn 0.0091 0.8661 -0.4998
vn 0.0037 0.8661 -0.4999
vn 0.0095 -0.8661 -0.4998
vn 0.0016 -0.8660 -0.5000
vn 0.0069 -0.8660 -0.4999
vn 0.0069 -0.8660 -0.5000
vn 0.0934 0.8627 -0.4971
vn 0.0532 0.8650 -0.4989
vn 0.0129 0.8660 -0.4998
vn -0.0828 -0.8627 -0.4989
vn -0.0022 -0.8661 -0.4999
vn -0.0022 -0.8660 -0.5000
vn 0.0057 -0.8660 -0.5000
vn 0.2684 0.8354 -0.4796
vn 0.2684 0.8355 -0.4795
vn 0.2014 0.8492 -0.4882
vn -0.2581 -0.8355 -0.4851
vn -0.2135 -0.8450 -0.4902
vn 0.2015 0.8492 -0.4882
vn 0.1336 0.8590 -0.4943
vn -0.1230 -0.8591 -0.4968
vn -0.0829 -0.8627 -0.4989
vn -0.1229 -0.8588 -0.4974
vn -0.2135 -0.8451 -0.4902
vn -0.0068 0.8660 -0.5000
vn -0.0068 0.8659 -0.5001
vn 0.0175 -0.8660 -0.4997
vn 0.0174 -0.8659 -0.5000
vn 0.0069 0.8660 -0.4999
vn 0.0050 0.8660 -0.4999
vn 0.0097 -0.8660 -0.5000
vn 0.0012 0.8660 -0.5001
vn 0.0038 0.8660 -0.5000
vn 0.0095 -0.8660 -0.5000
vn 0.0935 0.8627 -0.4971
vn 0.0129 0.8661 -0.4998
vn 0.0532 0.8649 -0.4990
vn -0.0022 -0.8660 -0.5001
vn 0.2015 0.8492 -0.4881
vn -0.2582 -0.8356 -0.4850
vn 0.2014 0.8492 -0.4881
vn 0.1335 0.8589 -0.4944
vn -0.1230 -0.8588 -0.4973
vn -0.1230 -0.8589 -0.4971
vn -0.0068 0.8659 -0.5002
vn 0.0175 -0.8659 -0.4999
vn 0.0069 0.8660 -0.5000
vn 0.0010 0.8660 -0.5001
vn 0.0097 -0.8659 -0.5001
vn 0.0012 0.8660 -0.5000
vn 0.0091 0.8660 -0.5000
vn 0.0037 0.8660 -0.4999
vn 0.0095 -0.8660 -0.4999
vn 0.0016 -0.8659 -0.5002
vn 0.0068 -0.8660 -0.5000
vn 0.0935 0.8626 -0.4971
vn 0.0532 0.8649 -0.4991
vn -0.0022 -0.8659 -0.5002
vn 0.2014 0.8491 -0.4883
vn -0.2582 -0.8356 -0.4849
vn 0.1335 0.8589 -0.4945
vn -0.1230 -0.8590 -0.4970
vn -0.2135 -0.8451 -0.4901
vn -0.0068 0.8660 -0.5001
vn 0.0175 -0.8660 -0.4998
vn 0.0175 -0.8661 -0.4996
vn 0.0175 -0.8659 -0.5000
vn 0.0050 0.8661 -0.4999
vn 0.0129 0.8660 -0.4999
vn 0.0532 0.8650 -0.4990
vn -0.0828 -0.8627 -0.4990
vn 0.0057 -0.8660 -0.5001
vn 0.2684 0.8356 -0.4793
vn -0.2581 -0.8355 -0.4850
vn -0.2581 -0.8353 -0.4855
vn -0.2581 -0.8354 -0.4852
vn -0.1230 -0.8589 -0.4972
vn -0.0829 -0.8626 -0.4990
vn 0.0174 -0.8659 -0.4999
vn 0.0174 -0.8660 -0.4998
vn 0.0069 0.8661 -0.4999
vn 0.0010 0.8660 -0.5000
vn 0.0091 0.8660 -0.4999
vn 0.0016 -0.8660 -0.5001
vn 0.2684 0.8354 -0.4797
vn 0.2685 0.8356 -0.4793
vn -0.0068 0.8662 -0.4997
vn 0.0051 0.8660 -0.4999
vn 0.0058 -0.8660 -0.5001
vn -0.0828 -0.8626 -0.4990
vn -0.0022 -0.8659 -0.5001
vn 0.2684 0.8356 -0.4794
vn 0.1335 0.8588 -0.4947
vn -0.0829 -0.8627 -0.4990
vn 0.0175 -0.8659 -0.4998
vn 0.9999 0.0003 0.0107
vn 0.9999 -0.0003 0.0107
vn 0.0089 0.5554 -0.8316
vn 0.0089 0.5553 -0.8316
vn -0.0088 0.5552 0.8317
vn -0.0088 0.5554 0.8315
vn 0.9999 -0.0004 0.0107
vn 0.9999 -0.0002 0.0107
vn 0.9999 0.0007 0.0107
vn 0.9999 0.0008 0.0107
vn 0.0089 0.5555 -0.8315
vn 0.0089 0.5554 -0.8315
vn -0.0088 0.5553 0.8316
vn -0.0088 0.5554 0.8316
vn -0.0002 0.9998 0.0217
vn 0.0007 0.9979 -0.0649
vn 0.0007 0.9979 -0.0648
vn -0.0007 0.9979 0.0649
vn 0.9999 -0.0005 0.0107
vn 0.9999 -0.0006 0.0107
vn 0.9999 0.0002 0.0107
vn 0.9999 0.0004 0.0107
vn 0.0088 0.5552 -0.8317
vn 0.0089 0.5556 -0.8314
vn -0.0089 0.5556 0.8314
vn -0.0089 0.5554 0.8316
vn 0.9999 0.0003 0.0106
vn 0.9999 0.0009 0.0107
vn -0.0089 0.5555 0.8315
vn -0.0089 0.5551 0.8317
vn 0.0088 0.5554 -0.8315
vn 0.9999 -0.0007 0.0107
vn -0.0007 0.9979 0.0648
vn 0.0088 0.5553 -0.8316
vn 0.0090 0.5555 -0.8315
vn -0.0089 0.5554 0.8315
vn 0.0087 0.5552 -0.8317
vn 0.0088 0.5554 -0.8316
vn 0.0089 0.5555 -0.8314
vn 0.9999 -0.0004 0.0106
vn -0.0090 0.5556 0.8314
vn 0.0002 0.9998 -0.0217
vn -0.0007 0.9979 0.0650
vn -0.0088 0.5555 0.8315
vn -0.0089 0.5553 0.8316
vn -0.0002 0.9998 0.0216
vn 0.9999 -0.0008 0.0106
vn 0.9999 0.0006 0.0107
vn -0.0089 0.5555 0.8314
vn 0.9999 0.0005 0.0107
vn 0.9999 -0.0008 0.0107
vn -0.0088 0.5551 0.8317
vn -0.0089 0.5552 0.8316
vn 0.9999 -0.0010 0.0107
vn 0.0088 0.5552 -0.8316
vn -0.0090 0.5554 0.8315
vn 0.0088 0.5555 -0.8315
vn 0.0089 0.5552 -0.8316
vn 0.0090 0.5555 -0.8314
vn 0.0007 0.9979 -0.0650
vn 0.0089 0.5552 -0.8317
vn 0.0090 0.5556 -0.8314
vn -0.0089 0.5557 0.8314
vn -0.0088 0.5557 0.8313
vn -0.0088 0.5552 0.8316
vn -0.0090 0.5554 0.8316
vn -0.0090 0.5553 0.8316
vn 0.9999 0.0010 0.0107
vn 0.0090 0.5553 -0.8316
vn -0.0090 0.5555 0.8315
vn 0.0088 0.5551 -0.8317
vn 0.0002 0.9998 -0.0216
vn -0.0089 0.5552 0.8317
vn 0.9999 -0.0003 0.0106
vn -0.0090 0.5555 0.8314
vn 0.9999 -0.0009 0.0107
vn 0.0090 0.5554 -0.8315
vn -0.0087 0.5550 0.8318
vn -0.0088 0.5551 0.8318
vn 0.9999 0.0014 0.0107
vn 0.0089 0.5551 -0.8318
vn -0.0088 0.5557 0.8314
vn -0.0089 0.5557 0.8313
vn 0.9999 0.0005 0.0106
vn 0.0087 0.5551 -0.8317
vn 0.0090 0.5554 -0.8316
vn 0.0089 0.5551 -0.8317
vn 0.9999 0.0011 0.0107
vn 0.9999 -0.0010 0.0106
vn 0.9999 -0.0013 0.0106
vn -0.0087 0.5557 0.8313
vn 0.9999 -0.0009 0.0106
vn 0.0090 0.5557 -0.8313
vn 0.9999 0.0007 0.0106
vn 0.9999 -0.0011 0.0107
vn 0.9999 0.0010 0.0108
vn -0.0090 0.5557 0.8313
vn 0.9999 0.0012 0.0107
vn 0.0089 0.5557 -0.8313
vn 0.9999 0.0013 0.0107
vn 0.9999 0.0002 0.0106
vn 0.9999 -0.0015 0.0107
vn 0.0107 0.0004 -0.9999
vn -0.0107 -0.0003 0.9999
vn 0.0089 0.5557 -0.8314
vn 0.9723 -0.0000 0.2339
vn -0.3998 0.2673 0.8767
vn -0.2338 -0.0000 0.9723
vn 0.7385 0.1046 -0.6661
vn -0.2659 0.8933 0.3625
vn -0.6270 0.1251 -0.7689
vn -0.0288 -0.0273 0.9992
vn -0.1673 -0.3886 0.9061
vn -0.7613 -0.3507 -0.5453
vn -0.8636 -0.3362 -0.3758
vn 0.7650 -0.1818 -0.6178
vn -0.7647 0.1824 0.6180
vn 0.0027 -0.1023 -0.9948
vn 0.0025 -0.1024 -0.9947
vn -0.0024 -0.1023 0.9948
vn -0.0025 -0.1021 0.9948
vn 0.0489 0.9984 -0.0298
vn 0.0760 0.9971 0.0002
vn 0.0235 0.9993 -0.0298
vn -0.0018 0.9996 -0.0299
vn 0.0235 0.9993 -0.0299
vn -0.0157 0.0662 0.9977
vn -0.0028 0.0821 0.9966
vn -0.0244 0.0411 0.9989
vn -0.0071 0.0913 0.9958
vn -0.0116 0.1005 0.9949
vn 1.0000 0.0001 0.0020
vn 1.0000 0.0001 0.0018
vn 1.0000 0.0001 0.0031
vn 1.0000 0.0001 0.0029
vn 1.0000 0.0001 0.0030
vn -0.0106 0.0663 -0.9977
vn 0.0023 0.0821 -0.9966
vn -0.0020 0.0913 -0.9958
vn -0.0193 0.0411 -0.9990
vn -0.0405 -0.0000 -0.9992
vn 0.5811 0.8139 0.0015
vn 0.5811 0.8138 0.0014
vn 0.5811 0.8138 0.0015
vn -0.7577 0.6526 -0.0019
vn -0.7577 0.6526 -0.0020
vn -0.7580 0.6522 -0.0019
vn -0.1000 0.0890 -0.9910
vn -0.1003 0.0886 -0.9910
vn -0.0997 0.0894 -0.9910
vn -0.1051 0.0889 0.9905
vn -0.1054 0.0885 0.9905
vn -0.1048 0.0894 0.9905
vn -0.1050 0.0892 0.9905
vn -0.0024 -0.3037 0.9527
vn -0.0024 -0.3038 0.9527
vn 1.0000 -0.0000 0.0025
vn 1.0000 -0.0000 0.0026
vn 0.2786 0.9037 -0.3252
vn 0.2786 0.9037 -0.3251
vn 0.1394 0.8031 -0.5793
vn 0.3917 0.9192 -0.0405
vn -0.9722 0.0002 -0.2340
vn -0.3999 0.2673 0.8767
vn -0.5226 0.5059 0.6862
vn 0.0763 0.9955 -0.0553
vn 0.0763 0.9956 -0.0553
vn -0.2265 0.9687 -0.1019
vn 0.3717 0.9283 -0.0034
vn 0.5272 -0.1471 0.8369
vn 0.5271 -0.1472 0.8369
vn 0.6461 -0.3923 0.6548
vn 0.3517 0.1135 0.9292
vn 0.9925 0.0329 0.1179
vn 0.9534 0.3004 -0.0293
vn 0.9376 -0.2376 0.2538
vn 0.1672 0.3883 -0.9062
vn -0.5850 -0.4914 -0.6452
vn 0.2235 0.9466 0.2322
vn -0.0397 0.9210 0.3876
vn 0.4658 0.8832 0.0549
vn 0.8885 -0.4190 0.1872
vn 0.8884 -0.4192 0.1873
vn 0.8152 -0.5714 -0.0946
vn 0.8657 -0.2214 0.4490
vn 0.1751 0.2707 -0.9466
vn -0.7613 -0.3507 -0.5454
vn -0.6287 -0.3519 -0.6935
vn -0.0546 0.8442 0.5333
vn 0.6187 0.7823 0.0730
vn 0.9359 -0.3003 0.1844
vn 0.9359 -0.3002 0.1845
vn 0.9007 -0.4216 -0.1048
vn 0.8778 -0.1489 0.4552
vn -0.1825 0.6992 -0.6912
vn 0.5549 0.6565 -0.5109
vn 0.5089 0.1535 0.8470
vn 0.6063 -0.0636 0.7927
vn 0.3813 0.3615 0.8508
vn 0.0025 -0.1021 -0.9948
vn -0.0025 -0.1024 0.9947
vn 0.0366 0.9991 0.0225
vn -0.0060 0.9960 0.0896
vn -0.0456 -0.0000 0.9990
vn -0.0065 0.1005 -0.9949
vn 0.0024 -0.3038 -0.9527
vn 0.0026 -0.0000 -1.0000
vn 0.0025 -0.0000 -1.0000
vn 0.7450 -0.5259 -0.4103
vn 0.7278 -0.4815 -0.4884
vn 0.7559 -0.5661 -0.3288
vn 0.7069 -0.7073 0.0018
vn 0.7070 -0.7072 0.0020
vn 1.0000 -0.0000 0.0028
vn 1.0000 -0.0000 0.0027
vn -0.0025 -0.0000 1.0000
vn -0.0026 -0.0001 1.0000
vn -0.0026 -0.0000 1.0000
vn 0.7069 -0.7073 0.0017
vn 0.0025 -0.0001 -1.0000
vn 0.7429 -0.5258 0.4142
vn 0.7429 -0.5260 0.4141
vn 0.7543 -0.5662 0.3325
vn 0.7251 -0.4814 0.4924
vn 0.7441 -0.5242 0.4141
vn 0.7441 -0.5243 0.4140
vn 0.7823 -0.5187 0.3450
vn 0.7012 -0.5265 0.4807
vn 0.7073 -0.7069 0.0018
vn -0.0027 -0.0001 1.0000
vn 1.0000 -0.0000 0.0023
vn 0.7069 -0.7073 0.0016
vn 0.7461 -0.5244 -0.4103
vn 0.7462 -0.5243 -0.4104
vn 0.7039 -0.5262 -0.4771
vn 0.7839 -0.5189 -0.3411
vn 0.7578 -0.6525 0.0019
vn 0.7576 -0.6527 0.0019
vn 0.7575 -0.6528 0.0019
vn 0.7575 -0.6529 0.0019
vn 0.7577 -0.6526 0.0019
vn 0.6028 0.7114 0.3613
vn 0.5503 0.7892 0.2726
vn 0.0733 0.9197 0.3857
vn -0.0824 0.9562 0.2810
vn -0.0599 0.9436 0.3256
vn 0.2137 0.9227 0.3210
vn 0.3091 0.9390 0.1508
vn 0.3156 0.9481 -0.0380
vn 0.3202 0.9471 -0.0219
vn 0.3082 0.9314 -0.1938
vn 0.3698 0.9225 -0.1103
vn 0.3018 0.9312 -0.2045
vn 0.5074 0.7836 0.3584
vn 0.2816 0.8985 0.3366
vn 0.3365 0.6720 -0.6597
vn 0.3688 0.9223 0.1159
vn 0.2356 0.9719 -0.0010
vn 0.2900 0.8710 0.3964
vn 0.3894 0.8252 0.4092
vn 0.3146 0.8309 0.4589
vn 0.5503 0.7892 0.2727
vn 0.9734 -0.2290 0.0025
vn 0.9734 -0.2291 0.0024
vn 0.2437 0.9486 0.2019
vn 0.3294 0.9310 0.1569
vn 0.2815 0.8986 0.3366
vn 0.0375 0.9554 0.2929
vn 0.2355 0.9719 -0.0010
vn 0.7577 -0.6526 0.0020
vn -0.1114 0.9249 -0.3636
vn 0.3155 0.9482 -0.0379
vn 0.5995 0.6939 -0.3990
vn 0.6359 0.7127 0.2960
vn -0.0164 -0.3037 0.9526
vn -0.0164 -0.3038 0.9526
vn 0.0165 0.2940 -0.9557
vn 0.0172 0.0783 -0.9968
vn -0.0166 0.2633 0.9646
vn -0.0172 0.0783 0.9968
vn -0.0165 0.2940 0.9557
vn 0.9976 -0.0673 0.0172
vn 0.9986 -0.0503 0.0172
vn 0.9960 -0.0882 0.0171
vn 0.9941 -0.1070 0.0171
vn 0.9960 -0.0881 0.0172
vn 0.0139 0.5900 -0.8073
vn 0.0165 0.2941 -0.9556
vn 0.0127 0.6781 -0.7349
vn 0.0098 0.8229 -0.5681
vn 0.0082 0.8803 -0.4743
vn 0.0050 0.9576 -0.2880
vn 0.0034 0.9805 -0.1967
vn 0.0006 0.9994 -0.0350
vn -0.0006 0.9994 0.0350
vn -0.0034 0.9805 0.1967
vn -0.0050 0.9576 0.2880
vn -0.0090 0.8529 0.5220
vn -0.0095 0.8352 0.5499
vn -0.0133 0.6351 0.7723
vn -0.0127 0.6781 0.7349
vn -0.0150 0.4956 0.8684
vn 0.0164 -0.3038 -0.9526
vn -0.0082 0.8803 0.4743
vn -0.0139 0.5900 0.8073
vn -0.0166 0.2634 0.9645
vn -0.0165 0.2941 0.9556
vn 0.0172 -0.0000 -0.9999
vn 0.7510 -0.5259 -0.3994
vn 0.7510 -0.5258 -0.3994
vn 0.7349 -0.4813 -0.4778
vn 0.7608 -0.5659 -0.3178
vn 0.7069 -0.7072 0.0122
vn 0.7072 -0.7070 0.0122
vn 0.9999 -0.0000 0.0172
vn -0.0172 -0.0000 0.9999
vn 0.0173 -0.0000 -0.9999
vn 0.7071 -0.7070 0.0125
vn 0.9998 -0.0000 0.0176
vn 0.9999 -0.0000 0.0173
vn -0.0173 -0.0000 0.9999
vn 0.7369 -0.5258 0.4249
vn 0.7368 -0.5259 0.4250
vn 0.7494 -0.5659 0.3437
vn 0.7181 -0.4814 0.5025
vn 0.7379 -0.5243 0.4250
vn 0.7771 -0.5188 0.3564
vn 0.6943 -0.5265 0.4906
vn 0.9999 -0.0000 0.0171
vn 0.9999 -0.0000 0.0169
vn 0.7068 -0.7073 0.0117
vn 0.7071 -0.7070 0.0122
vn 0.0172 -0.0001 -0.9999
vn 0.7069 -0.7072 0.0123
vn 0.7069 -0.7072 0.0124
vn -0.0172 0.0001 0.9999
vn 0.7521 -0.5243 -0.3994
vn 0.7521 -0.5243 -0.3993
vn 0.7106 -0.5264 -0.4668
vn 0.7885 -0.5192 -0.3296
vn 0.9733 -0.2290 0.0168
vn 0.9732 -0.2295 0.0167
vn 0.9732 -0.2292 0.0168
vn 0.9732 -0.2292 0.0167
vn 0.9976 -0.0672 0.0172
vn 0.9983 -0.0545 0.0193
vn 0.9982 -0.0584 0.0113
vn 0.9980 -0.0624 0.0133
vn 0.9976 -0.0674 0.0172
vn 0.9986 -0.0504 0.0172
vn 0.9976 -0.0671 0.0171
vn 0.9984 -0.0543 0.0148
vn 0.9981 -0.0582 0.0179
vn 0.9975 -0.0628 0.0313
vn 0.9976 -0.0675 0.0173
vn 0.9980 -0.0625 0.0030
vn 0.9978 -0.0624 0.0211
vn 0.0164 0.2940 -0.9557
vn 0.9986 -0.0503 0.0171
vn 0.9960 -0.0880 0.0171
vn 0.9960 -0.0880 0.0172
vn 0.0164 0.2941 -0.9556
vn 0.0126 0.6781 -0.7349
vn 0.0139 0.5901 -0.8072
vn -0.0139 0.5901 0.8072
vn 0.7509 -0.5260 -0.3993
vn 0.7509 -0.5259 -0.3993
vn 0.7348 -0.4817 -0.4775
vn 0.7607 -0.5660 -0.3178
vn 0.7069 -0.7072 0.0119
vn 0.7070 -0.7071 0.0122
vn 0.9999 -0.0000 0.0168
vn 0.7367 -0.5260 0.4249
vn 0.7368 -0.5258 0.4250
vn 0.7495 -0.5657 0.3439
vn 0.7181 -0.4814 0.5026
vn 0.7378 -0.5244 0.4250
vn 0.7770 -0.5190 0.3564
vn 0.6941 -0.5267 0.4907
vn 0.7069 -0.7072 0.0120
vn 0.0172 0.0001 -0.9999
vn 0.7070 -0.7071 0.0123
vn 0.7068 -0.7073 0.0125
vn 0.7107 -0.5264 -0.4666
vn 0.7886 -0.5191 -0.3296
vn 0.9983 -0.0543 0.0197
vn 0.9982 -0.0585 0.0113
vn 0.9980 -0.0619 0.0133
vn 0.9976 -0.0671 0.0172
vn 0.9986 -0.0506 0.0171
vn 0.9976 -0.0673 0.0171
vn 0.9984 -0.0546 0.0150
vn 0.9981 -0.0584 0.0180
vn 0.9976 -0.0624 0.0313
vn 0.9980 -0.0624 0.0032
vn 0.9979 -0.0621 0.0209
vn 0.9941 -0.1069 0.0171
vn 0.9960 -0.0881 0.0171
vn 0.9941 -0.1069 0.0172
vn 0.0006 0.9994 -0.0349
vn -0.0006 0.9994 0.0349
vn 0.9941 -0.1069 0.0170
vn 0.7349 -0.4814 -0.4776
vn 0.7068 -0.7073 0.0123
vn 0.9998 -0.0000 0.0174
vn 0.7367 -0.5260 0.4250
vn 0.7492 -0.5661 0.3438
vn 0.7379 -0.5244 0.4249
vn 0.7380 -0.5243 0.4249
vn 0.7769 -0.5190 0.3564
vn 0.6943 -0.5265 0.4908
vn -0.0172 -0.0001 0.9999
vn 0.9998 -0.0000 0.0175
vn 0.7109 -0.5266 -0.4662
vn 0.7889 -0.5186 -0.3296
vn 0.9732 -0.2294 0.0168
vn 0.9733 -0.2291 0.0168
vn 0.9983 -0.0545 0.0192
vn 0.9980 -0.0621 0.0134
vn 0.9986 -0.0505 0.0172
vn 0.9984 -0.0543 0.0149
vn 0.9981 -0.0581 0.0180
vn 0.9976 -0.0626 0.0310
vn 0.9980 -0.0625 0.0031
vn 0.9979 -0.0619 0.0210
vn -0.2339 -0.0000 0.9723
vn 0.7385 0.1038 -0.6662
vn -0.2659 0.8932 0.3626
vn -0.6270 0.1253 -0.7689
vn -0.0288 -0.0274 0.9992
vn -0.1675 -0.3885 0.9061
vn -0.8637 -0.3358 -0.3758
vn 0.7647 -0.1824 -0.6180
vn 0.0025 -0.1025 -0.9947
vn -0.0024 -0.1024 0.9947
vn -0.0157 0.0663 0.9977
vn -0.0116 0.1006 0.9949
vn 1.0000 0.0001 0.0021
vn 1.0000 0.0001 0.0019
vn 1.0000 -0.0000 0.0031
vn 1.0000 -0.0000 0.0029
vn -0.0192 0.0411 -0.9990
vn -0.7578 0.6525 -0.0019
vn -0.7578 0.6525 -0.0020
vn -0.0999 0.0892 -0.9910
vn -0.1004 0.0884 -0.9910
vn -0.0996 0.0896 -0.9910
vn -0.1051 0.0890 0.9905
vn -0.1053 0.0886 0.9905
vn -0.1047 0.0896 0.9905
vn 0.1393 0.8031 -0.5793
vn -0.9723 -0.0000 -0.2337
vn -0.3999 0.2674 0.8767
vn -0.5227 0.5058 0.6863
vn 0.0761 0.9956 -0.0553
vn 0.0762 0.9956 -0.0553
vn -0.2264 0.9687 -0.1020
vn 0.3714 0.9284 -0.0034
vn 0.5272 -0.1470 0.8369
vn 0.5271 -0.1471 0.8369
vn 0.6461 -0.3921 0.6548
vn 0.3516 0.1138 0.9292
vn 0.9534 0.3002 -0.0292
vn 0.9376 -0.2378 0.2539
vn 0.1674 0.3886 -0.9061
vn -0.5848 -0.4911 -0.6456
vn 0.2235 0.9466 0.2323
vn -0.0398 0.9210 0.3876
vn 0.4655 0.8833 0.0550
vn 0.8884 -0.4191 0.1873
vn 0.8148 -0.5720 -0.0947
vn 0.8658 -0.2210 0.4489
vn -0.7613 -0.3508 -0.5454
vn -0.7612 -0.3508 -0.5454
vn -0.6290 -0.3517 -0.6933
vn 0.6190 0.7820 0.0731
vn 0.9359 -0.3003 0.1843
vn 0.9010 -0.4212 -0.1043
vn 0.8779 -0.1494 0.4549
vn -0.1824 0.6996 -0.6909
vn 0.5547 0.6566 -0.5111
vn 0.5088 0.1536 0.8471
vn 0.6062 -0.0635 0.7927
vn 0.3812 0.3615 0.8509
vn -0.0024 -0.1021 0.9948
vn -0.7577 0.6526 -0.0018
vn 0.7451 -0.5258 -0.4103
vn 0.7451 -0.5259 -0.4103
vn 0.7280 -0.4814 -0.4882
vn 0.7561 -0.5658 -0.3289
vn 0.7072 -0.7070 0.0019
vn 0.7429 -0.5259 0.4142
vn 0.7543 -0.5659 0.3327
vn 0.7253 -0.4814 0.4922
vn 0.7440 -0.5244 0.4142
vn 0.7440 -0.5244 0.4141
vn 0.7820 -0.5188 0.3454
vn 0.7015 -0.5265 0.4803
vn 0.0027 -0.0001 -1.0000
vn 0.0027 -0.0000 -1.0000
vn 1.0000 -0.0000 0.0024
vn 0.7072 -0.7070 0.0018
vn 0.7072 -0.7071 0.0018
vn -0.0025 0.0001 1.0000
vn 0.0026 0.0001 -1.0000
vn 0.7462 -0.5244 -0.4102
vn 0.7461 -0.5245 -0.4103
vn 0.7035 -0.5269 -0.4769
vn 0.7840 -0.5187 -0.3410
vn 0.7580 -0.6523 0.0019
vn 0.7579 -0.6524 0.0020
vn 0.6029 0.7114 0.3612
vn 0.0733 0.9197 0.3858
vn -0.0823 0.9562 0.2810
vn 0.3155 0.9482 -0.0380
vn 0.5074 0.7836 0.3585
vn 0.2816 0.8986 0.3366
vn 0.2900 0.8711 0.3964
vn 0.9734 -0.2291 0.0025
vn 0.9734 -0.2289 0.0025
vn 0.0375 0.9554 0.2930
vn 0.5995 0.6938 -0.3990
vn 0.6360 0.7127 0.2960
vn -0.0028 -0.3037 0.9528
vn -0.0028 -0.3038 0.9527
vn 0.0028 0.2940 -0.9558
vn 0.0029 0.0783 -0.9969
vn -0.0028 0.2633 0.9647
vn -0.0029 0.0783 0.9969
vn -0.0028 0.2940 0.9558
vn 1.0000 0.0002 0.0031
vn 1.0000 0.0002 0.0028
vn 1.0000 0.0002 0.0030
vn 0.0024 0.5900 -0.8074
vn 0.0028 0.2941 -0.9558
vn 0.0029 0.2941 -0.9558
vn 0.0021 0.6781 -0.7350
vn 0.0017 0.8229 -0.5682
vn 0.0014 0.8803 -0.4744
vn 0.0009 0.9576 -0.2880
vn 0.0006 0.9805 -0.1967
vn 0.0001 0.9994 -0.0350
vn -0.0001 0.9994 0.0350
vn -0.0006 0.9805 0.1967
vn -0.0008 0.9576 0.2880
vn -0.0015 0.8529 0.5221
vn -0.0016 0.8352 0.5499
vn -0.0023 0.6351 0.7724
vn -0.0021 0.6781 0.7350
vn -0.0025 0.4956 0.8686
vn 0.0028 -0.3038 -0.9527
vn 0.0028 -0.3037 -0.9528
vn -0.0014 0.8803 0.4744
vn 0.0008 0.9576 -0.2880
vn 0.0024 0.5901 -0.8074
vn -0.0024 0.5900 0.8074
vn -0.0028 0.2634 0.9647
vn -0.0028 0.2941 0.9558
vn 1.0000 -0.0000 0.0030
vn 1.0000 0.0001 0.0027
vn 0.0029 -0.0000 -1.0000
vn 0.7452 -0.5258 -0.4100
vn 0.7452 -0.5259 -0.4101
vn 0.7282 -0.4813 -0.4880
vn 0.7561 -0.5660 -0.3286
vn 0.7070 -0.7072 0.0022
vn -0.0029 -0.0000 1.0000
vn -0.0030 -0.0000 1.0000
vn -0.0030 -0.0001 1.0000
vn 0.0028 -0.0000 -1.0000
vn 0.0029 -0.0001 -1.0000
vn 0.0030 -0.0000 -1.0000
vn 0.7071 -0.7072 0.0022
vn 0.7070 -0.7072 0.0023
vn 0.0029 0.0001 -1.0000
vn 0.0030 0.0001 -1.0000
vn 0.7428 -0.5259 0.4144
vn 0.7540 -0.5660 0.3333
vn 0.7250 -0.4815 0.4924
vn 0.7439 -0.5244 0.4143
vn 0.7440 -0.5242 0.4143
vn 0.7820 -0.5189 0.3452
vn 0.7014 -0.5262 0.4808
vn 0.7069 -0.7073 0.0022
vn 0.7071 -0.7072 0.0017
vn 0.7070 -0.7072 0.0018
vn 0.7462 -0.5244 -0.4100
vn 0.7463 -0.5243 -0.4099
vn 0.7040 -0.5265 -0.4766
vn 0.7840 -0.5188 -0.3408
vn 0.9734 -0.2291 0.0029
vn 0.9734 -0.2291 0.0028
vn 0.9734 -0.2292 0.0028
vn 0.9734 -0.2289 0.0028
vn 1.0000 0.0004 0.0029
vn 1.0000 -0.0001 0.0030
vn 1.0000 -0.0002 0.0028
vn 1.0000 -0.0002 0.0029
vn 1.0000 0.0005 0.0027
vn 1.0000 0.0002 0.0032
vn 1.0000 0.0002 0.0027
vn 1.0000 0.0003 0.0029
vn 1.0000 0.0002 0.0029
vn 0.0022 0.6781 -0.7350
vn -0.0022 0.6781 0.7350
vn 0.7451 -0.5259 -0.4101
vn 0.7452 -0.5259 -0.4100
vn 0.7281 -0.4813 -0.4882
vn 0.7562 -0.5660 -0.3283
vn 0.7073 -0.7069 0.0023
vn 0.7073 -0.7070 0.0020
vn 0.7069 -0.7073 0.0025
vn -0.0029 -0.0001 1.0000
vn 0.7427 -0.5259 0.4145
vn 0.7542 -0.5657 0.3334
vn 0.7251 -0.4816 0.4923
vn 0.7439 -0.5243 0.4144
vn 0.7439 -0.5242 0.4145
vn 0.7821 -0.5187 0.3455
vn 0.7011 -0.5264 0.4809
vn 0.7073 -0.7069 0.0022
vn 0.7072 -0.7070 0.0020
vn 0.7069 -0.7073 0.0023
vn 0.7464 -0.5242 -0.4101
vn 0.7463 -0.5243 -0.4100
vn 0.7040 -0.5266 -0.4766
vn 0.7839 -0.5190 -0.3408
vn 0.9734 -0.2293 0.0028
vn 1.0000 0.0005 0.0030
vn 1.0000 -0.0001 0.0028
vn 1.0000 -0.0001 0.0031
vn 1.0000 -0.0003 0.0029
vn 1.0000 0.0001 0.0028
vn -0.0016 0.8352 0.5500
vn 0.0028 -0.3037 -0.9527
vn -0.0024 0.5901 0.8074
vn 0.7281 -0.4813 -0.4881
vn 0.7560 -0.5660 -0.3287
vn 0.7071 -0.7071 0.0020
vn 0.7071 -0.7072 0.0025
vn 0.7071 -0.7071 0.0021
vn -0.0029 0.0001 1.0000
vn 0.7429 -0.5257 0.4144
vn 0.7542 -0.5661 0.3328
vn 0.7254 -0.4811 0.4924
vn 0.7438 -0.5245 0.4144
vn 0.7439 -0.5243 0.4145
vn 0.7819 -0.5190 0.3452
vn 0.7011 -0.5265 0.4809
vn 0.7071 -0.7072 0.0023
vn 0.7071 -0.7071 0.0023
vn 0.7073 -0.7069 0.0017
vn -0.0030 0.0001 1.0000
vn 0.7463 -0.5244 -0.4099
vn 0.7038 -0.5265 -0.4770
vn 0.7838 -0.5191 -0.3408
vn -0.0028 -0.3037 0.9527
vn 1.0000 0.0003 0.0028
vn 1.0000 0.0003 0.0031
vn 1.0000 0.0004 0.0028
vn 1.0000 -0.0001 0.0032
vn -0.0023 0.6351 0.7725
vn -0.0025 0.4956 0.8685
vn 0.7452 -0.5258 -0.4101
vn 0.7279 -0.4814 -0.4882
vn 0.7562 -0.5657 -0.3287
vn 0.7070 -0.7072 0.0021
vn 0.7072 -0.7070 0.0022
vn 0.7542 -0.5660 0.3330
vn 0.7252 -0.4814 0.4922
vn 0.7821 -0.5187 0.3453
vn 0.7011 -0.5266 0.4807
vn 0.7040 -0.5266 -0.4765
vn 0.7839 -0.5189 -0.3408
vn 0.9734 -0.2292 0.0030
vn 0.9734 -0.2293 0.0029
vn 1.0000 -0.0002 0.0030
vn 1.0000 0.0003 0.0026
vn 1.0000 0.0003 0.0032
vn 0.0023 0.5900 -0.8074
vn -0.0009 0.9576 0.2880
vn -0.0023 0.5900 0.8074
vn 0.7281 -0.4816 -0.4878
vn 0.7071 -0.7071 0.0019
vn 0.7542 -0.5660 0.3328
vn 0.7252 -0.4813 0.4924
vn 0.7819 -0.5189 0.3455
vn 0.7012 -0.5263 0.4809
vn 0.7463 -0.5244 -0.4100
vn 0.7464 -0.5243 -0.4100
vn 0.7037 -0.5265 -0.4770
vn 1.0000 0.0002 0.0026
vt 0.496608 0.003626
vt 0.496607 0.246717
vt 0.433116 0.003626
vt 0.433116 0.246717
vt 0.497440 0.003626
vt 0.497440 0.246717
vt 0.497358 0.246717
vt 0.497358 0.003626
vt 0.412894 0.003626
vt 0.419283 0.003626
vt 0.412894 0.246717
vt 0.419283 0.246717
vt 0.496606 0.246717
vt 0.496607 0.003626
vt 0.496608 0.246717
vt 0.497440 0.003626
vt 0.497440 0.246717
vt 0.496606 0.003626
vt 0.428198 0.875855
vt 0.459714 0.875855
vt 0.428198 0.911134
vt 0.459714 0.911134
vt 0.459714 0.954926
vt 0.428198 0.954926
vt 0.110849 0.360074
vt 0.113045 0.380328
vt 0.075438 0.359644
vt 0.082614 0.380328
vt 0.188645 0.049424
vt 0.188645 0.321421
vt 0.157235 0.049424
vt 0.157235 0.321421
vt 0.188645 0.012398
vt 0.157235 0.012398
vt 0.188477 0.012715
vt 0.166497 0.012715
vt 0.188477 0.013462
vt 0.166497 0.013462
vt 0.157235 0.321421
vt 0.157235 0.049424
vt 0.157235 0.012398
vt 0.428198 0.876880
vt 0.428198 0.958123
vt 0.461157 0.876880
vt 0.461157 0.958123
vt 0.460413 0.952087
vt 0.460413 0.958310
vt 0.428198 0.952087
vt 0.428198 0.958310
vt 0.470967 0.882033
vt 0.466322 0.962432
vt 0.470921 0.882033
vt 0.466277 0.962432
vt 0.466322 0.962432
vt 0.470967 0.882033
vt 0.482634 0.959729
vt 0.482634 0.950981
vt 0.473909 0.959729
vt 0.473909 0.950981
vt 0.459714 0.994315
vt 0.428198 0.994315
vt 0.473127 0.875855
vt 0.473127 0.994315
vt 0.481609 0.875855
vt 0.494047 0.875855
vt 0.481609 0.994315
vt 0.494047 0.994315
vt 0.123122 0.476003
vt 0.132139 0.475905
vt 0.123155 0.488056
vt 0.132139 0.487860
vt 0.110249 0.487860
vt 0.132139 0.487860
vt 0.132139 0.475905
vt 0.459892 0.952087
vt 0.459892 0.958550
vt 0.428198 0.958550
vt 0.459714 0.876177
vt 0.459714 0.876177
vt 0.428198 0.876227
vt 0.459714 0.876227
vt 0.459714 0.954926
vt 0.460530 0.952087
vt 0.428198 0.958654
vt 0.482974 0.952206
vt 0.492851 0.952206
vt 0.482974 0.994655
vt 0.492851 0.994655
vt 0.492851 0.994655
vt 0.482974 0.994655
vt 0.436672 0.852730
vt 0.436672 0.900249
vt 0.452538 0.852730
vt 0.452539 0.900249
vt 0.452746 0.852730
vt 0.452746 0.957858
vt 0.436672 0.957858
vt 0.452746 0.957858
vt 0.477740 0.817855
vt 0.477740 0.822080
vt 0.477740 0.826294
vt 0.477740 0.822071
vt 0.477740 0.826348
vt 0.477740 0.830512
vt 0.108925 0.516733
vt 0.108925 0.546708
vt 0.108925 0.546693
vt 0.108925 0.546693
vt 0.101903 0.559680
vt 0.101903 0.503345
vt 0.182448 0.385126
vt 0.199133 0.388517
vt 0.182448 0.439418
vt 0.199133 0.436027
vt 0.179704 0.387009
vt 0.179704 0.431988
vt 0.001620 0.387009
vt 0.001620 0.431988
vt 0.182448 0.385126
vt 0.199133 0.388517
vt 0.199133 0.436027
vt 0.182448 0.385126
vt 0.199133 0.388517
vt 0.182448 0.439418
vt 0.199133 0.388517
vt 0.001620 0.387009
vt 0.001620 0.431988
vt 0.179704 0.387009
vt 0.179703 0.431988
vt 0.182448 0.439418
vt 0.201127 0.439742
vt 0.202064 0.439742
vt 0.201127 0.480354
vt 0.202064 0.480354
vt 0.201126 0.495256
vt 0.202064 0.495256
vt 0.201127 0.480326
vt 0.202064 0.480326
vt 0.201127 0.439716
vt 0.202064 0.439716
vt 0.263348 0.805120
vt 0.263379 0.805856
vt 0.267065 0.805416
vt 0.266118 0.801638
vt 0.264416 0.802868
vt 0.266149 0.802374
vt 0.016408 0.865339
vt 0.016446 0.866688
vt 0.021092 0.864666
vt 0.010083 0.898540
vt 0.019505 0.900185
vt 0.019786 0.895031
vt 0.263291 0.796274
vt 0.263907 0.797961
vt 0.265082 0.796795
vt 0.262847 0.801241
vt 0.263563 0.802976
vt 0.265232 0.801633
vt 0.037744 0.807913
vt 0.026314 0.807565
vt 0.026067 0.814258
vt 0.022079 0.880311
vt 0.013165 0.881539
vt 0.018973 0.883868
vt 0.016849 0.889010
vt 0.018566 0.888341
vt 0.014677 0.883487
vt 0.041137 0.807505
vt 0.029707 0.807157
vt 0.029460 0.813851
vt 0.044030 0.413396
vt 0.044030 0.601755
vt 0.403597 0.601755
vt 0.406972 0.413396
vt 0.024789 0.363579
vt 0.052042 0.337861
vt 0.052042 0.363579
vt 0.024789 0.337861
vt 0.052042 0.361006
vt 0.024789 0.361006
vt 0.044030 0.526577
vt 0.371966 0.413396
vt 0.403814 0.600686
vt 0.000579 0.407471
vt 0.025165 0.338552
vt 0.025165 0.407471
vt 0.000579 0.338552
vt 0.371966 0.443371
vt 0.092691 0.531597
vt 0.092691 0.413396
vt 0.409160 0.412376
vt 0.408260 0.504627
vt 0.000579 0.398884
vt 0.025165 0.398884
vt 0.025165 0.337394
vt 0.000579 0.337394
vt 0.025165 0.405711
vt 0.000579 0.340312
vt 0.025165 0.340312
vt 0.000579 0.405711
vt 0.559923 0.437151
vt 0.559923 0.458487
vt 0.414983 0.458487
vt 0.414983 0.437151
vt 0.243775 0.443165
vt 0.356786 0.443165
vt 0.356786 0.413219
vt 0.243775 0.413219
vt 0.356241 0.443165
vt 0.356241 0.413219
vt 0.265378 0.809491
vt 0.266699 0.811686
vt 0.267288 0.809760
vt 0.262973 0.811160
vt 0.263489 0.807507
vt 0.267231 0.808418
vt 0.262876 0.808871
vt 0.019286 0.864183
vt 0.021486 0.859450
vt 0.017244 0.861451
vt 0.024980 0.863598
vt 0.040198 0.779349
vt 0.032095 0.784559
vt 0.039521 0.781802
vt 0.030035 0.776173
vt 0.262822 0.799792
vt 0.263961 0.798008
vt 0.262211 0.798607
vt 0.265189 0.799679
vt 0.015130 0.888341
vt 0.011241 0.883487
vt 0.013413 0.889010
vt 0.018887 0.887393
vt 0.032750 0.798025
vt 0.025791 0.789509
vt 0.024067 0.796836
vt 0.038125 0.789178
vt 0.036118 0.800079
vt 0.029577 0.807203
vt 0.037737 0.802279
vt 0.024601 0.798357
vt 0.022323 0.887393
vt 0.036143 0.797617
vt 0.029184 0.789101
vt 0.027460 0.796428
vt 0.041518 0.788770
vt 0.039511 0.799671
vt 0.032970 0.806795
vt 0.041130 0.801871
vt 0.027994 0.797949
vt 0.052042 0.337861
vt 0.391317 0.092968
vt 0.367065 0.184305
vt 0.367065 0.092968
vt 0.391317 0.184305
vt 0.415128 0.536223
vt 0.554144 0.460234
vt 0.613622 0.536223
vt 0.415128 0.460234
vt 0.553966 0.460234
vt 0.518821 0.427473
vt 0.413973 0.414268
vt 0.518821 0.414268
vt 0.413973 0.427473
vt 0.613444 0.536223
vt 0.445051 0.415565
vt 0.465717 0.433747
vt 0.465717 0.415565
vt 0.445051 0.433747
vt 0.454580 0.423483
vt 0.455783 0.432532
vt 0.455777 0.432532
vt 0.453852 0.432532
vt 0.453850 0.432532
vt 0.453846 0.432532
vt 0.453843 0.432532
vt 0.454577 0.461482
vt 0.453838 0.414856
vt 0.453835 0.414856
vt 0.455769 0.414856
vt 0.455791 0.414856
vt 0.453860 0.414856
vt 0.453858 0.414856
vt 0.086216 0.531596
vt 0.086216 0.413623
vt 0.086216 0.413852
vt 0.187113 0.790187
vt 0.248875 0.783757
vt 0.238686 0.732324
vt 0.254485 0.810494
vt 0.202680 0.815306
vt 0.282152 0.990845
vt 0.117683 0.782409
vt 0.138896 0.888096
vt 0.047603 0.844208
vt 0.003269 0.990845
vt 0.024334 0.778286
vt 0.065428 0.722005
vt 0.051440 0.606802
vt 0.036543 0.714197
vt 0.083231 0.619056
vt 0.188831 0.619056
vt 0.187755 0.738083
vt 0.220623 0.606802
vt 0.446376 0.437151
vt 0.446376 0.458487
vt 0.166394 0.990845
vt 0.111924 0.990845
vt 0.999822 0.490475
vt 0.664088 0.490475
vt 0.664088 0.953566
vt 0.999822 0.988104
vt 0.581980 0.066969
vt 0.446084 0.033822
vt 0.412765 0.066969
vt 0.581980 0.413242
vt 0.387593 0.413242
vt 0.403780 0.564427
vt 0.194156 0.589515
vt 0.403375 0.589501
vt 0.194156 0.564111
vt 0.404339 0.529766
vt 0.194156 0.529602
vt 0.404866 0.497102
vt 0.194156 0.497256
vt 0.405427 0.463565
vt 0.194156 0.464036
vt 0.404864 0.497269
vt 0.194156 0.497421
vt 0.404337 0.529933
vt 0.194156 0.529767
vt 0.194156 0.564277
vt 0.403777 0.564595
vt 0.403375 0.589503
vt 0.404337 0.529935
vt 0.404864 0.497271
vt 0.405427 0.463567
vt 0.404866 0.497104
vt 0.404339 0.529768
vt 0.403780 0.564429
vt 0.403777 0.564593
vt 0.490471 0.011630
vt 0.537630 0.002222
vt 0.581980 0.000534
vt 0.044030 0.410542
vt 0.044030 0.599705
vt 0.400047 0.599705
vt 0.403421 0.410542
vt 0.168135 0.055943
vt 0.315028 0.028017
vt 0.337413 0.055943
vt 0.168135 0.409940
vt 0.370667 0.409940
vt 0.136748 0.001077
vt 0.160208 0.394382
vt 0.160208 0.001077
vt 0.136748 0.394375
vt 0.110179 0.001077
vt 0.110179 0.394369
vt 0.084799 0.001077
vt 0.084799 0.394363
vt 0.059420 0.001077
vt 0.059420 0.394358
vt 0.110325 0.001077
vt 0.110325 0.394369
vt 0.136894 0.394375
vt 0.136894 0.000908
vt 0.160354 0.000908
vt 0.110325 0.000908
vt 0.084799 0.000908
vt 0.059420 0.000908
vt 0.110179 0.000908
vt 0.136748 0.000908
vt 0.160208 0.000908
vt 0.136894 0.001077
vt 0.160354 0.394382
vt 0.160354 0.001077
vt 0.268134 0.009151
vt 0.226900 0.002328
vt 0.168135 0.000837
s 0
usemtl Material.008
f 1/1/1 2/2/1 3/3/1
f 2/2/1 4/4/1 3/3/1
f 5/5/1 6/6/1 7/3/1
f 6/6/1 8/4/1 7/3/1
f 9/4/1 10/3/1 11/7/1
f 10/3/1 12/8/1 11/7/1
f 13/4/1 14/3/1 15/7/1
f 14/3/1 16/8/1 15/7/1
f 17/9/2 18/10/2 19/11/2
f 18/10/3 20/12/3 19/11/3
f 21/9/3 22/10/3 23/11/3
f 22/10/2 24/12/2 23/11/2
f 25/10/1 26/8/1 27/12/1
f 26/8/1 28/7/1 27/12/1
f 29/12/1 30/10/1 31/7/1
f 30/10/1 32/8/1 31/7/1
f 8/4/1 3/3/1 33/7/1
f 3/3/1 34/8/1 33/7/1
f 31/7/1 13/4/1 26/8/1
f 13/4/1 10/3/1 26/8/1
f 35/10/1 1/1/1 36/12/1
f 1/1/1 6/6/1 36/12/1
f 37/9/2 38/10/2 39/11/2
f 38/10/2 40/12/2 39/11/2
f 4/4/1 41/3/1 42/7/1
f 41/3/1 43/8/1 42/7/1
f 44/13/1 45/4/1 32/8/1
f 45/4/1 14/3/1 32/8/1
f 46/10/1 47/8/1 48/12/1
f 47/8/1 2/2/1 48/12/1
f 49/9/4 50/10/4 51/11/4
f 50/10/3 52/12/3 51/11/3
f 53/3/1 54/14/1 55/4/1
f 54/14/1 56/15/1 55/4/1
f 57/3/1 58/16/1 59/4/1
f 58/16/1 60/17/1 59/4/1
f 33/7/1 61/4/1 62/8/1
f 61/4/1 63/3/1 62/8/1
f 42/7/1 64/4/1 34/8/1
f 64/4/1 65/3/1 34/8/1
f 66/10/5 67/12/5 68/9/5
f 67/12/6 69/11/6 68/9/6
f 70/10/5 71/12/5 72/9/5
f 71/12/6 73/11/6 72/9/6
f 74/8/1 75/7/1 76/10/1
f 75/7/1 77/12/1 76/10/1
f 78/7/1 79/12/1 80/8/1
f 79/12/1 81/10/1 80/8/1
f 15/7/1 55/4/1 12/8/1
f 55/4/1 57/3/1 12/8/1
f 61/4/1 65/3/1 75/7/1
f 65/3/1 80/8/1 75/7/1
f 58/16/1 56/15/1 82/10/1
f 56/15/1 83/12/1 82/10/1
f 84/10/6 85/12/6 86/9/6
f 85/12/6 87/11/6 86/9/6
f 88/7/1 89/4/1 16/8/1
f 89/4/1 53/3/1 16/8/1
f 64/4/1 90/3/1 78/7/1
f 90/3/1 91/18/1 78/7/1
f 54/14/1 92/7/1 93/10/1
f 92/7/1 94/12/1 93/10/1
f 95/10/6 96/12/6 97/9/6
f 96/12/5 98/11/5 97/9/5
f 99/19/7 100/20/7 101/21/7
f 100/20/7 102/22/7 101/21/7
f 103/20/8 104/19/8 105/22/8
f 104/19/8 106/21/8 105/22/8
f 107/20/1 108/19/1 109/22/1
f 108/19/1 110/21/1 109/22/1
f 102/22/7 111/23/7 101/21/7
f 111/23/7 112/24/7 101/21/7
f 106/21/8 113/24/8 105/22/8
f 113/24/8 114/23/8 105/22/8
f 110/21/1 115/24/1 109/22/1
f 115/24/1 116/23/1 109/22/1
f 117/19/8 118/20/8 119/24/8
f 118/20/8 120/23/8 119/24/8
f 121/19/7 122/24/7 123/20/7
f 122/24/7 124/23/7 123/20/7
f 125/19/9 126/24/9 127/20/9
f 126/24/9 128/23/9 127/20/9
f 129/22/8 130/20/8 131/21/8
f 130/20/8 132/19/8 131/21/8
s 1
f 133/21/7 134/19/7 135/22/7
f 134/19/7 136/20/7 135/22/7
s 0
f 137/21/1 138/19/1 139/22/1
f 138/19/1 140/20/1 139/22/1
f 141/24/8 142/23/8 131/21/8
f 142/23/8 129/22/8 131/21/8
f 143/23/7 144/24/7 135/22/7
f 144/24/7 133/21/7 135/22/7
f 145/23/1 146/24/1 139/22/1
f 146/24/1 137/21/1 139/22/1
f 147/24/7 148/23/7 149/19/7
f 148/23/7 150/20/7 149/19/7
f 151/23/8 152/24/8 153/20/8
f 152/24/8 154/19/8 153/20/8
f 155/23/9 156/24/9 157/20/9
f 156/24/9 158/19/9 157/20/9
s 1
f 159/22/8 142/23/8 160/21/8
s 0
f 142/23/8 141/24/8 160/21/8
f 161/21/7 144/24/7 162/22/7
f 144/24/7 143/23/7 162/22/7
f 163/21/1 146/24/1 164/22/1
f 146/24/1 145/23/1 164/22/1
f 165/19/8 166/20/8 160/21/8
f 166/20/8 159/22/8 160/21/8
f 167/20/7 168/19/7 162/22/7
f 168/19/7 161/21/7 162/22/7
f 169/20/1 170/19/1 164/22/1
f 170/19/1 163/21/1 164/22/1
f 112/24/7 111/23/7 171/21/7
s 1
f 111/23/7 172/22/7 171/21/7
s 0
f 114/23/8 113/24/8 173/22/8
f 113/24/8 174/21/8 173/22/8
f 116/23/1 115/24/1 175/22/1
f 115/24/1 176/21/1 175/22/1
f 172/22/7 177/20/7 171/21/7
f 177/20/7 178/19/7 171/21/7
f 174/21/8 179/19/8 173/22/8
f 179/19/8 180/20/8 173/22/8
f 176/21/1 181/19/1 175/22/1
f 181/19/1 182/20/1 175/22/1
f 183/24/10 184/19/10 185/23/10
f 184/19/10 186/20/10 185/23/10
f 187/24/9 188/19/9 189/23/9
f 188/19/9 190/20/9 189/23/9
f 191/20/10 192/19/10 185/23/10
f 192/19/10 183/24/10 185/23/10
f 193/20/9 194/19/9 189/23/9
f 194/19/9 187/24/9 189/23/9
f 195/24/10 196/19/10 197/23/10
f 196/19/10 198/20/10 197/23/10
f 199/24/9 200/19/9 201/23/9
f 200/19/9 202/20/9 201/23/9
f 203/20/10 204/19/10 197/23/10
f 204/19/10 195/24/10 197/23/10
f 205/20/9 206/19/9 201/23/9
f 206/19/9 199/24/9 201/23/9
f 207/25/10 208/26/10 209/27/10
f 208/26/10 210/28/10 209/27/10
s 1
f 211/29/11 212/30/12 213/31/13
f 212/30/12 214/32/12 213/31/13
f 215/33/7 211/29/11 216/34/7
f 211/29/11 213/31/13 216/34/7
s 0
f 217/35/1 218/36/1 219/37/1
f 218/36/1 220/38/1 219/37/1
s 1
f 221/28/14 222/26/14 223/27/14
s 0
f 222/26/10 224/25/10 223/27/10
s 1
f 225/39/15 226/30/15 227/40/16
f 226/30/15 228/29/17 227/40/16
f 227/40/16 228/29/17 229/41/18
f 228/29/17 230/33/18 229/41/18
s 0
f 231/37/1 232/35/1 233/38/1
f 232/35/1 234/36/1 233/38/1
f 235/1/1 236/2/1 237/3/1
f 236/2/1 238/4/1 237/3/1
f 239/1/1 240/2/1 241/3/1
f 240/2/1 242/4/1 241/3/1
f 243/5/1 244/6/1 245/3/1
f 244/6/1 246/4/1 245/3/1
f 247/4/1 248/3/1 249/7/1
f 248/3/1 250/8/1 249/7/1
f 251/4/1 252/3/1 253/7/1
f 252/3/1 254/8/1 253/7/1
f 255/4/1 256/3/1 257/7/1
f 256/3/1 258/8/1 257/7/1
s 1
f 259/9/2 260/10/19 261/11/20
f 260/10/19 262/12/21 261/11/20
s 0
f 263/9/2 264/10/2 265/11/2
f 264/10/4 266/12/4 265/11/4
f 267/9/3 268/10/3 269/11/3
f 268/10/2 270/12/2 269/11/2
f 271/10/1 272/8/1 273/12/1
f 272/8/1 274/7/1 273/12/1
f 275/12/1 276/10/1 277/7/1
f 276/10/1 278/8/1 277/7/1
f 279/12/1 280/10/1 281/7/1
f 280/10/1 282/8/1 281/7/1
f 246/4/1 241/3/1 283/7/1
f 241/3/1 284/8/1 283/7/1
f 277/7/1 251/4/1 272/8/1
f 251/4/1 248/3/1 272/8/1
f 285/10/1 239/1/1 286/12/1
f 239/1/1 244/6/1 286/12/1
f 287/9/4 288/10/4 289/11/4
f 288/10/2 290/12/2 289/11/2
f 242/4/1 237/3/1 291/7/1
f 237/3/1 292/8/1 291/7/1
f 281/7/1 255/4/1 278/8/1
f 255/4/1 252/3/1 278/8/1
f 293/10/1 235/1/1 294/12/1
f 235/1/1 240/2/1 294/12/1
f 295/9/2 296/10/2 297/11/2
f 296/10/2 298/12/2 297/11/2
f 238/4/1 299/3/1 300/7/1
f 299/3/1 301/8/1 300/7/1
f 302/13/1 303/4/1 282/8/1
f 303/4/1 256/3/1 282/8/1
f 304/10/1 305/8/1 306/12/1
f 305/8/1 236/2/1 306/12/1
f 307/9/2 308/10/2 309/11/2
f 308/10/3 310/12/3 309/11/3
f 311/3/1 312/14/1 313/4/1
f 312/14/1 314/15/1 313/4/1
f 315/3/1 316/14/1 317/4/1
f 316/14/1 318/15/1 317/4/1
f 319/3/1 320/16/1 321/4/1
f 320/16/1 322/17/1 321/4/1
f 283/7/1 323/4/1 324/8/1
f 323/4/1 325/3/1 324/8/1
f 291/7/1 326/4/1 284/8/1
f 326/4/1 327/3/1 284/8/1
f 300/7/1 328/4/1 292/8/1
f 328/4/1 329/3/1 292/8/1
s 1
f 330/10/22 331/12/23 332/9/24
f 331/12/23 333/11/5 332/9/24
s 0
f 334/10/5 335/12/5 336/9/5
f 335/12/25 337/11/25 336/9/25
f 338/10/5 339/12/5 340/9/5
f 339/12/25 341/11/25 340/9/25
f 342/8/1 343/7/1 344/10/1
f 343/7/1 345/12/1 344/10/1
f 346/7/1 347/12/1 348/8/1
f 347/12/1 349/10/1 348/8/1
f 350/7/1 351/12/1 352/8/1
f 351/12/1 353/10/1 352/8/1
f 253/7/1 317/4/1 250/8/1
f 317/4/1 319/3/1 250/8/1
f 323/4/1 327/3/1 343/7/1
f 327/3/1 348/8/1 343/7/1
f 320/16/1 318/15/1 354/10/1
f 318/15/1 355/12/1 354/10/1
s 1
f 356/10/23 357/12/5 358/9/5
s 0
f 357/12/5 359/11/5 358/9/5
f 257/7/1 313/4/1 254/8/1
f 313/4/1 315/3/1 254/8/1
f 326/4/1 329/3/1 346/7/1
f 329/3/1 352/8/1 346/7/1
f 316/14/1 314/15/1 360/10/1
f 314/15/1 361/12/1 360/10/1
f 362/10/25 363/12/25 364/9/25
f 363/12/5 365/11/5 364/9/5
f 366/7/1 367/4/1 258/8/1
f 367/4/1 311/3/1 258/8/1
f 328/4/1 368/3/1 350/7/1
f 368/3/1 369/18/1 350/7/1
f 312/14/1 370/7/1 371/10/1
f 370/7/1 372/12/1 371/10/1
f 373/10/25 374/12/25 375/9/25
f 374/12/5 376/11/5 375/9/5
f 377/19/7 378/20/7 379/21/7
f 378/20/7 380/22/7 379/21/7
f 381/20/8 382/19/8 383/22/8
f 382/19/8 384/21/8 383/22/8
f 385/20/1 386/19/1 387/22/1
f 386/19/1 388/21/1 387/22/1
f 380/22/7 389/23/7 379/21/7
f 389/23/7 390/24/7 379/21/7
f 384/21/8 391/24/8 383/22/8
f 391/24/8 392/23/8 383/22/8
f 388/21/1 393/24/1 387/22/1
f 393/24/1 394/23/1 387/22/1
f 395/19/8 396/20/8 397/24/8
f 396/20/8 398/23/8 397/24/8
f 399/19/7 400/24/7 401/20/7
f 400/24/7 402/23/7 401/20/7
f 403/19/9 404/24/9 405/20/9
f 404/24/9 406/23/9 405/20/9
f 407/22/8 408/20/8 409/21/8
f 408/20/8 410/19/8 409/21/8
s 1
f 411/21/7 412/19/7 413/22/7
s 0
f 412/19/7 414/20/7 413/22/7
f 415/21/1 416/19/1 417/22/1
f 416/19/1 418/20/1 417/22/1
f 419/24/8 420/23/8 409/21/8
f 420/23/8 407/22/8 409/21/8
f 421/23/7 422/24/7 413/22/7
f 422/24/7 411/21/7 413/22/7
f 423/23/1 424/24/1 417/22/1
f 424/24/1 415/21/1 417/22/1
f 425/24/7 426/23/7 427/19/7
f 426/23/7 428/20/7 427/19/7
f 429/23/8 430/24/8 431/20/8
f 430/24/8 432/19/8 431/20/8
f 433/23/9 434/24/9 435/20/9
f 434/24/9 436/19/9 435/20/9
f 437/24/10 438/19/10 439/23/10
f 438/19/10 440/20/10 439/23/10
f 441/24/9 442/19/9 443/23/9
f 442/19/9 444/20/9 443/23/9
f 445/20/10 446/19/10 439/23/10
f 446/19/10 437/24/10 439/23/10
f 447/20/9 448/19/9 443/23/9
f 448/19/9 441/24/9 443/23/9
f 449/22/8 420/23/8 450/21/8
f 420/23/8 419/24/8 450/21/8
f 451/21/7 422/24/7 452/22/7
f 422/24/7 421/23/7 452/22/7
f 453/21/1 424/24/1 454/22/1
f 424/24/1 423/23/1 454/22/1
f 455/19/8 456/20/8 450/21/8
f 456/20/8 449/22/8 450/21/8
f 457/20/7 458/19/7 452/22/7
f 458/19/7 451/21/7 452/22/7
f 459/20/1 460/19/1 454/22/1
f 460/19/1 453/21/1 454/22/1
f 461/19/7 462/20/7 425/24/7
f 462/20/7 426/23/7 425/24/7
f 463/20/8 464/19/8 429/23/8
f 464/19/8 430/24/8 429/23/8
f 465/20/9 466/19/9 433/23/9
f 466/19/9 434/24/9 433/23/9
f 390/24/7 389/23/7 467/21/7
s 1
f 389/23/7 468/22/7 467/21/7
s 0
f 392/23/8 391/24/8 469/22/8
f 391/24/8 470/21/8 469/22/8
f 394/23/1 393/24/1 471/22/1
f 393/24/1 472/21/1 471/22/1
f 468/22/7 473/20/7 467/21/7
f 473/20/7 474/19/7 467/21/7
f 470/21/8 475/19/8 469/22/8
f 475/19/8 476/20/8 469/22/8
f 472/21/1 477/19/1 471/22/1
f 477/19/1 478/20/1 471/22/1
f 397/24/8 398/23/8 479/19/8
f 398/23/8 480/20/8 479/19/8
f 400/24/7 481/19/7 402/23/7
f 481/19/7 482/20/7 402/23/7
f 404/24/9 483/19/9 406/23/9
f 483/19/9 484/20/9 406/23/9
f 485/22/8 486/20/8 487/21/8
f 486/20/8 488/19/8 487/21/8
f 489/21/7 490/19/7 491/22/7
f 490/19/7 492/20/7 491/22/7
f 493/21/1 494/19/1 495/22/1
f 494/19/1 496/20/1 495/22/1
f 497/24/8 498/23/8 487/21/8
f 498/23/8 485/22/8 487/21/8
f 499/23/7 500/24/7 491/22/7
s 1
f 500/24/7 489/21/7 491/22/7
s 0
f 501/23/1 502/24/1 495/22/1
f 502/24/1 493/21/1 495/22/1
f 503/24/7 504/23/7 505/19/7
f 504/23/7 506/20/7 505/19/7
f 507/23/8 508/24/8 509/20/8
f 508/24/8 510/19/8 509/20/8
f 511/23/9 512/24/9 513/20/9
f 512/24/9 514/19/9 513/20/9
f 515/19/7 516/20/7 517/21/7
f 516/20/7 518/22/7 517/21/7
f 519/20/8 520/19/8 521/22/8
f 520/19/8 522/21/8 521/22/8
f 523/20/1 524/19/1 525/22/1
f 524/19/1 526/21/1 525/22/1
f 518/22/7 527/23/7 517/21/7
f 527/23/7 528/24/7 517/21/7
f 522/21/8 529/24/8 521/22/8
f 529/24/8 530/23/8 521/22/8
f 526/21/1 531/24/1 525/22/1
f 531/24/1 532/23/1 525/22/1
f 533/19/8 534/20/8 535/24/8
f 534/20/8 536/23/8 535/24/8
f 537/19/7 538/24/7 539/20/7
f 538/24/7 540/23/7 539/20/7
f 541/19/9 542/24/9 543/20/9
f 542/24/9 544/23/9 543/20/9
f 545/1/1 546/2/1 547/3/1
f 546/2/1 548/4/1 547/3/1
f 549/1/1 550/2/1 551/3/1
f 550/2/1 552/4/1 551/3/1
f 305/8/1 553/6/1 299/3/1
f 553/6/1 554/4/1 299/3/1
f 303/4/1 555/3/1 366/7/1
f 555/3/1 556/8/1 366/7/1
f 557/4/1 558/3/1 559/7/1
f 558/3/1 560/8/1 559/7/1
f 561/4/1 562/3/1 563/7/1
f 562/3/1 564/8/1 563/7/1
f 565/9/2 566/10/2 567/11/2
f 566/10/2 568/12/2 567/11/2
f 569/9/3 570/10/3 571/11/3
f 570/10/3 572/12/3 571/11/3
f 573/9/2 574/10/2 575/11/2
f 574/10/3 576/12/3 575/11/3
f 577/10/1 578/8/1 579/12/1
f 578/8/1 302/13/1 579/12/1
f 580/12/1 581/10/1 582/7/1
f 581/10/1 583/8/1 582/7/1
f 584/12/1 585/10/1 586/7/1
f 585/10/1 587/8/1 586/7/1
f 554/4/1 551/3/1 588/7/1
f 551/3/1 589/8/1 588/7/1
f 582/7/1 557/4/1 578/8/1
f 557/4/1 555/3/1 578/8/1
f 590/10/1 549/1/1 591/12/1
f 549/1/1 553/6/1 591/12/1
f 592/9/3 593/10/3 594/11/3
f 593/10/2 595/12/2 594/11/2
f 552/4/1 547/3/1 596/7/1
f 547/3/1 597/8/1 596/7/1
f 586/7/1 561/4/1 583/8/1
f 561/4/1 558/3/1 583/8/1
f 598/10/1 545/1/1 599/12/1
f 545/1/1 550/2/1 599/12/1
f 600/9/3 601/10/3 602/11/3
f 601/10/3 603/12/3 602/11/3
f 548/4/1 7/3/1 604/7/1
f 7/3/1 62/8/1 604/7/1
f 28/7/1 9/4/1 587/8/1
f 9/4/1 562/3/1 587/8/1
f 605/10/1 5/5/1 606/12/1
f 5/5/1 546/2/1 606/12/1
f 607/9/3 608/10/3 609/11/3
f 608/10/2 610/12/2 609/11/2
f 611/3/1 612/14/1 613/4/1
f 612/14/1 614/15/1 613/4/1
f 615/3/1 616/14/1 617/4/1
f 616/14/1 618/15/1 617/4/1
f 619/3/1 620/16/1 367/4/1
f 620/16/1 370/7/1 367/4/1
f 588/7/1 621/4/1 301/8/1
f 621/4/1 368/3/1 301/8/1
f 596/7/1 622/4/1 589/8/1
f 622/4/1 623/3/1 589/8/1
f 604/7/1 624/4/1 597/8/1
f 624/4/1 625/3/1 597/8/1
f 626/10/5 627/12/5 628/9/5
f 627/12/6 629/11/6 628/9/6
f 630/10/6 631/12/6 632/9/6
f 631/12/5 633/11/5 632/9/5
f 634/10/6 635/12/6 636/9/6
f 635/12/5 637/11/5 636/9/5
f 369/18/1 638/7/1 639/10/1
f 638/7/1 640/12/1 639/10/1
f 641/7/1 642/12/1 643/8/1
f 642/12/1 644/10/1 643/8/1
f 645/7/1 646/12/1 647/8/1
f 646/12/1 648/10/1 647/8/1
f 559/7/1 617/4/1 556/8/1
f 617/4/1 619/3/1 556/8/1
f 621/4/1 623/3/1 638/7/1
f 623/3/1 643/8/1 638/7/1
f 620/16/1 618/15/1 649/10/1
f 618/15/1 650/12/1 649/10/1
f 651/10/6 652/12/6 653/9/6
f 652/12/6 654/11/6 653/9/6
f 563/7/1 613/4/1 560/8/1
f 613/4/1 615/3/1 560/8/1
f 622/4/1 625/3/1 641/7/1
f 625/3/1 647/8/1 641/7/1
f 616/14/1 614/15/1 655/10/1
f 614/15/1 656/12/1 655/10/1
f 657/10/5 658/12/5 659/9/5
f 658/12/6 660/11/6 659/9/6
f 11/7/1 59/4/1 564/8/1
f 59/4/1 611/3/1 564/8/1
f 624/4/1 63/3/1 645/7/1
f 63/3/1 74/8/1 645/7/1
f 612/14/1 60/17/1 661/10/1
f 60/17/1 662/12/1 661/10/1
f 663/10/5 664/12/5 665/9/5
f 664/12/5 666/11/5 665/9/5
f 528/24/7 527/23/7 667/21/7
s 1
f 527/23/7 668/22/7 667/21/7
s 0
f 530/23/8 529/24/8 669/22/8
f 529/24/8 670/21/8 669/22/8
f 532/23/1 531/24/1 671/22/1
f 531/24/1 672/21/1 671/22/1
f 668/22/7 673/20/7 667/21/7
f 673/20/7 674/19/7 667/21/7
f 670/21/8 675/19/8 669/22/8
f 675/19/8 676/20/8 669/22/8
f 672/21/1 677/19/1 671/22/1
f 677/19/1 678/20/1 671/22/1
f 535/24/8 536/23/8 679/19/8
f 536/23/8 680/20/8 679/19/8
f 538/24/7 681/19/7 540/23/7
f 681/19/7 682/20/7 540/23/7
f 542/24/9 683/19/9 544/23/9
f 683/19/9 684/20/9 544/23/9
s 1
f 685/22/8 498/23/8 686/21/8
s 0
f 498/23/8 497/24/8 686/21/8
f 687/21/7 500/24/7 688/22/7
f 500/24/7 499/23/7 688/22/7
f 689/21/1 502/24/1 690/22/1
f 502/24/1 501/23/1 690/22/1
f 691/19/8 692/20/8 686/21/8
f 692/20/8 685/22/8 686/21/8
f 693/20/7 694/19/7 688/22/7
f 694/19/7 687/21/7 688/22/7
f 695/20/1 696/19/1 690/22/1
f 696/19/1 689/21/1 690/22/1
f 697/19/7 698/20/7 503/24/7
f 698/20/7 504/23/7 503/24/7
f 699/20/8 700/19/8 507/23/8
f 700/19/8 508/24/8 507/23/8
f 701/20/9 702/19/9 511/23/9
f 702/19/9 512/24/9 511/23/9
f 703/22/8 704/20/8 705/21/8
f 704/20/8 706/19/8 705/21/8
f 707/21/7 708/19/7 709/22/7
f 708/19/7 710/20/7 709/22/7
f 711/21/1 712/19/1 713/22/1
f 712/19/1 714/20/1 713/22/1
f 715/24/8 716/23/8 705/21/8
f 716/23/8 703/22/8 705/21/8
f 717/23/7 718/24/7 709/22/7
f 718/24/7 707/21/7 709/22/7
f 719/23/1 720/24/1 713/22/1
f 720/24/1 711/21/1 713/22/1
f 721/24/7 722/23/7 723/19/7
f 722/23/7 724/20/7 723/19/7
f 725/23/8 726/24/8 727/20/8
f 726/24/8 728/19/8 727/20/8
f 729/23/9 730/24/9 731/20/9
f 730/24/9 732/19/9 731/20/9
f 733/19/7 734/20/7 735/21/7
f 734/20/7 736/22/7 735/21/7
f 737/20/8 738/19/8 739/22/8
f 738/19/8 740/21/8 739/22/8
f 741/20/1 742/19/1 743/22/1
f 742/19/1 744/21/1 743/22/1
f 736/22/7 745/23/7 735/21/7
f 745/23/7 746/24/7 735/21/7
f 740/21/8 747/24/8 739/22/8
f 747/24/8 748/23/8 739/22/8
f 744/21/1 749/24/1 743/22/1
f 749/24/1 750/23/1 751/22/1
f 752/19/8 753/20/8 754/24/8
f 753/20/8 755/23/8 754/24/8
f 756/19/7 757/24/7 758/20/7
f 757/24/7 759/23/7 758/20/7
f 760/19/9 761/24/9 762/20/9
f 761/24/9 763/23/9 762/20/9
s 1
f 764/22/8 716/23/8 765/21/8
s 0
f 716/23/8 715/24/8 765/21/8
f 766/21/7 718/24/7 767/22/7
f 718/24/7 717/23/7 767/22/7
f 768/21/1 720/24/1 769/22/1
f 720/24/1 719/23/1 769/22/1
f 770/19/8 771/20/8 765/21/8
f 771/20/8 764/22/8 765/21/8
f 772/20/7 773/19/7 767/22/7
f 773/19/7 766/21/7 767/22/7
f 774/20/1 775/19/1 769/22/1
f 775/19/1 768/21/1 769/22/1
f 776/19/7 777/20/7 721/24/7
f 777/20/7 722/23/7 721/24/7
f 778/20/8 779/19/8 725/23/8
f 779/19/8 726/24/8 725/23/8
f 780/20/9 781/19/9 729/23/9
f 781/19/9 730/24/9 729/23/9
f 746/24/7 745/23/7 782/21/7
f 745/23/7 783/22/7 782/21/7
f 748/23/8 747/24/8 784/22/8
f 747/24/8 785/21/8 784/22/8
f 750/23/1 749/24/1 786/22/1
f 749/24/1 787/21/1 786/22/1
f 783/22/7 788/20/7 782/21/7
f 788/20/7 789/19/7 782/21/7
f 785/21/8 790/19/8 784/22/8
f 790/19/8 791/20/8 784/22/8
f 787/21/1 792/19/1 786/22/1
f 792/19/1 793/20/1 794/22/1
f 754/24/8 755/23/8 795/19/8
f 755/23/8 796/20/8 795/19/8
f 757/24/7 797/19/7 759/23/7
f 797/19/7 798/20/7 759/23/7
f 761/24/9 799/19/9 763/23/9
f 799/19/9 800/20/9 763/23/9
f 801/42/26 802/43/26 803/44/26
f 802/43/26 804/45/26 803/44/26
f 805/46/1 806/47/1 807/48/1
f 806/47/1 808/49/1 807/48/1
f 809/50/8 810/51/8 811/44/8
s 1
f 810/51/8 812/45/8 811/44/8
s 0
f 813/44/7 814/45/7 815/52/7
f 814/45/7 816/53/7 815/52/7
f 817/45/27 818/43/27 819/44/27
f 818/43/28 820/42/28 819/44/28
f 821/49/1 822/47/1 823/48/1
f 822/47/1 824/46/1 823/48/1
f 825/45/7 826/54/7 827/44/7
f 826/54/7 828/55/7 827/44/7
f 829/53/8 830/45/8 831/52/8
s 1
f 830/45/8 832/44/8 831/52/8
s 0
f 806/47/1 833/46/1 808/49/1
f 833/46/1 834/48/1 808/49/1
f 815/52/7 816/53/7 835/44/7
f 816/53/29 836/45/29 835/44/29
f 809/50/8 837/44/8 810/51/8
f 837/44/8 838/45/8 839/51/8
f 840/48/1 841/46/1 821/49/1
f 841/46/1 822/47/1 821/49/1
f 826/54/7 842/45/7 828/55/7
f 842/45/7 843/44/7 828/55/7
f 844/45/8 845/53/8 846/44/8
f 845/53/8 831/52/8 846/44/8
f 847/42/26 848/43/26 849/44/26
f 848/43/28 850/45/28 849/44/28
f 851/46/1 852/47/1 853/48/1
f 852/47/1 854/49/1 853/48/1
f 855/50/8 856/51/8 857/44/8
f 856/51/8 858/45/8 857/44/8
f 859/44/7 860/45/7 861/52/7
f 860/45/7 862/53/7 861/52/7
f 863/45/28 864/43/28 865/44/28
f 864/43/26 866/42/26 865/44/26
f 867/49/1 868/47/1 869/48/1
f 868/47/1 870/46/1 869/48/1
f 871/45/30 872/54/30 873/44/30
f 872/54/7 874/55/7 873/44/7
s 1
f 875/53/8 876/45/8 877/52/8
s 0
f 876/45/8 878/44/8 877/52/8
f 852/47/1 879/46/1 854/49/1
f 879/46/1 880/48/1 854/49/1
f 861/52/7 862/53/7 881/44/7
f 862/53/29 882/45/29 881/44/29
f 855/50/8 883/44/8 856/51/8
f 883/44/18 884/45/18 885/51/18
f 886/48/1 887/46/1 867/49/1
f 887/46/1 868/47/1 867/49/1
f 872/54/29 888/45/29 874/55/29
f 888/45/7 889/44/7 874/55/7
f 890/45/8 875/53/8 891/44/8
f 875/53/8 877/52/8 891/44/8
f 892/42/28 893/43/28 894/44/28
f 893/43/27 895/45/27 894/44/27
f 896/46/1 897/47/1 898/48/1
f 897/47/1 899/49/1 898/48/1
f 900/50/8 901/51/8 902/44/8
f 901/51/18 903/45/18 902/44/18
f 904/44/7 905/45/7 906/52/7
f 905/45/29 907/53/29 906/52/29
f 908/45/26 909/43/26 910/44/26
f 909/43/28 911/42/28 910/44/28
f 912/49/1 913/47/1 914/48/1
f 913/47/1 915/46/1 914/48/1
f 916/45/7 917/54/7 918/44/7
f 917/54/7 919/55/7 918/44/7
f 920/53/8 921/45/8 922/52/8
f 921/45/8 923/44/8 922/52/8
f 897/47/1 924/46/1 899/49/1
f 924/46/1 925/48/1 899/49/1
f 906/52/7 907/53/7 926/44/7
f 907/53/7 927/45/7 926/44/7
f 900/50/8 928/44/8 901/51/8
f 928/44/18 929/45/18 930/51/18
f 931/48/1 932/46/1 912/49/1
f 932/46/1 913/47/1 912/49/1
f 917/54/7 933/45/7 919/55/7
f 933/45/7 934/44/7 919/55/7
f 935/45/8 936/53/8 937/44/8
f 936/53/8 922/52/8 937/44/8
f 938/42/31 939/43/31 940/44/31
f 939/43/32 941/45/32 940/44/32
f 942/56/9 943/57/9 944/58/9
f 943/57/9 945/59/9 944/58/9
f 946/50/8 947/51/8 948/44/8
f 947/51/8 949/45/8 948/44/8
f 950/44/7 951/45/7 952/52/7
f 951/45/7 953/53/7 952/52/7
f 954/20/7 955/19/7 956/60/7
f 955/19/7 957/61/7 956/60/7
f 958/62/33 959/20/33 960/63/33
f 959/20/33 961/60/33 960/63/33
f 962/64/34 963/65/34 964/66/34
f 963/65/35 965/67/35 964/66/35
f 966/62/36 967/64/36 968/63/36
f 967/64/36 969/66/36 968/63/36
f 970/20/37 971/62/37 972/60/37
f 971/62/37 973/63/37 972/60/37
f 974/61/29 975/19/29 976/60/29
f 975/19/29 977/20/29 976/60/29
f 978/60/38 979/20/38 980/63/38
f 979/20/38 981/62/38 980/63/38
f 982/63/39 983/62/39 984/66/39
f 983/62/40 985/64/40 984/66/40
f 986/67/41 987/65/41 988/66/41
f 987/65/41 989/64/41 988/66/41
s 1
f 990/63/42 991/62/42 992/60/42
s 0
f 991/62/43 993/20/43 992/60/43
f 994/20/7 995/19/7 996/60/7
f 995/19/7 997/61/7 996/60/7
f 998/62/33 999/20/33 1000/63/33
s 1
f 999/20/44 1001/60/44 1000/63/44
s 0
f 1002/64/34 1003/65/34 1004/66/34
f 1003/65/35 1005/67/35 1004/66/35
f 1006/62/45 1007/64/45 1008/63/45
f 1007/64/36 1009/66/36 1008/63/36
f 1010/20/46 1011/62/47 1012/60/47
f 1011/62/48 1013/63/48 1012/60/48
f 1014/61/29 1015/19/29 1016/60/29
f 1015/19/29 1017/20/29 1016/60/29
f 1018/20/38 1019/60/38 1020/62/38
f 1019/60/49 1021/63/49 1020/62/49
f 1022/63/39 1023/62/39 1024/66/39
f 1023/62/39 1025/64/39 1024/66/39
f 1026/67/50 1027/65/50 1028/66/50
f 1027/65/41 1029/64/41 1028/66/41
s 1
f 1030/62/43 1031/63/51 1032/20/43
f 1031/63/51 1033/60/52 1032/20/43
s 0
f 1034/61/7 1035/19/7 1036/60/7
f 1035/19/7 1037/20/7 1036/60/7
s 1
f 1038/60/53 1039/20/53 1040/63/53
s 0
f 1039/20/49 1041/62/49 1040/63/49
f 1042/63/39 1043/62/39 1044/66/39
f 1043/62/54 1045/64/54 1044/66/54
f 1046/67/55 1047/65/55 1048/66/55
f 1047/65/55 1049/64/55 1048/66/55
f 1050/63/43 1051/62/43 1052/60/43
f 1051/62/43 1053/20/43 1052/60/43
f 1054/20/7 1055/19/7 1056/60/7
f 1055/19/7 1057/61/7 1056/60/7
f 1058/62/56 1059/20/56 1060/63/56
s 1
f 1059/20/33 1061/60/33 1060/63/57
s 0
f 1062/64/34 1063/65/34 1064/66/34
f 1063/65/34 1065/67/34 1064/66/34
f 1066/62/36 1067/64/36 1068/63/36
f 1067/64/58 1069/66/59 1068/63/58
f 1070/20/48 1071/62/48 1072/60/48
f 1071/62/48 1073/63/48 1072/60/48
f 1074/62/60 1075/63/60 1076/64/60
f 1075/63/61 1077/66/61 1076/64/61
f 1078/20/8 1079/60/8 1080/19/8
f 1079/60/8 1081/61/8 1080/19/8
f 1082/19/18 1083/61/18 1084/20/18
f 1083/61/8 1085/60/8 1084/20/8
f 1086/62/62 1087/63/62 1088/64/62
f 1087/63/62 1089/66/62 1088/64/62
f 1090/62/63 1091/63/63 1092/64/63
f 1091/63/60 1093/66/60 1092/64/60
s 1
f 1094/20/8 1095/60/8 1096/19/8
s 0
f 1095/60/8 1097/61/8 1096/19/8
f 1098/19/8 1099/61/8 1100/20/8
f 1099/61/8 1101/60/8 1100/20/8
f 1102/62/64 1103/63/64 1104/64/64
f 1103/63/65 1105/66/65 1104/64/65
f 1106/19/8 1107/61/8 1108/20/8
f 1107/61/8 1109/60/8 1108/20/8
f 1110/62/64 1111/63/64 1112/64/64
f 1111/63/66 1113/66/66 1112/64/66
f 1114/62/61 1115/63/61 1116/64/61
f 1115/63/60 1117/66/60 1116/64/60
f 1118/20/8 1119/60/8 1120/19/8
f 1119/60/8 1121/61/8 1120/19/8
f 1122/45/67 1123/43/67 1124/44/67
f 1123/43/68 1125/42/68 1124/44/68
f 1126/59/9 1127/57/9 1128/58/9
f 1127/57/9 1129/56/9 1128/58/9
f 1130/45/29 1131/54/29 1132/44/29
s 1
f 1131/54/7 1133/55/7 1132/44/7
s 0
f 1134/53/18 1135/45/18 1136/52/18
f 1135/45/8 1137/44/8 1136/52/8
f 1138/61/8 1139/19/8 1140/60/8
f 1139/19/18 1141/20/18 1140/60/18
s 1
f 1142/60/47 1143/20/47 1144/63/47
s 0
f 1143/20/37 1145/62/37 1144/63/37
f 1146/67/35 1147/65/35 1148/66/35
f 1147/65/69 1149/64/69 1148/66/69
f 1150/66/70 1151/64/70 1152/63/70
f 1151/64/70 1153/62/70 1152/63/70
f 1154/63/33 1155/62/33 1156/60/33
s 1
f 1155/62/71 1157/20/72 1156/60/71
s 0
f 1158/20/8 1159/19/8 1160/60/8
f 1159/19/8 1161/61/8 1160/60/8
f 1162/62/43 1163/20/43 1164/63/43
f 1163/20/43 1165/60/43 1164/63/43
f 1166/64/65 1167/62/65 1168/66/65
s 1
f 1167/62/65 1169/63/65 1168/66/65
s 0
f 1170/64/73 1171/65/73 1172/66/73
s 1
f 1171/65/74 1173/67/74 1172/66/74
s 0
f 1174/20/49 1175/62/49 1176/60/49
f 1175/62/49 1177/63/49 1176/60/49
f 1178/61/8 1179/19/8 1180/60/8
f 1179/19/8 1181/20/8 1180/60/8
f 1182/60/37 1183/20/37 1184/63/37
s 1
f 1183/20/46 1185/62/37 1184/63/47
s 0
f 1186/67/75 1187/65/75 1188/66/75
s 1
f 1187/65/34 1189/64/34 1188/66/76
s 0
f 1190/66/63 1191/64/63 1192/63/63
f 1191/64/70 1193/62/70 1192/63/70
s 1
f 1194/63/56 1195/62/56 1196/60/56
s 0
f 1195/62/33 1197/20/33 1196/60/33
f 1198/62/42 1199/20/42 1200/63/42
f 1199/20/42 1201/60/42 1200/63/42
s 1
f 1202/66/77 1203/63/77 1204/64/77
s 0
f 1203/63/65 1205/62/65 1204/64/65
f 1206/64/41 1207/65/41 1208/66/41
f 1207/65/41 1209/67/41 1208/66/41
f 1210/20/49 1211/62/49 1212/60/49
f 1211/62/49 1213/63/49 1212/60/49
f 1214/20/8 1215/19/8 1216/60/8
f 1215/19/18 1217/61/18 1216/60/18
f 1218/62/52 1219/20/52 1220/63/52
f 1219/20/78 1221/60/79 1220/63/78
s 1
f 1222/64/64 1223/62/64 1224/66/64
s 0
f 1223/62/80 1225/63/80 1224/66/80
s 1
f 1226/64/41 1227/65/41 1228/66/41
s 0
f 1227/65/41 1229/67/41 1228/66/41
f 1230/20/49 1231/62/49 1232/60/49
f 1231/62/49 1233/63/49 1232/60/49
f 1234/61/8 1235/19/8 1236/60/8
f 1235/19/8 1237/20/8 1236/60/8
f 1238/60/37 1239/20/37 1240/63/37
f 1239/20/37 1241/62/37 1240/63/37
f 1242/67/75 1243/65/75 1244/66/75
f 1243/65/34 1245/64/34 1244/66/34
f 1246/66/61 1247/64/61 1248/63/61
f 1247/64/61 1249/62/61 1248/63/61
f 1250/63/33 1251/62/33 1252/60/33
f 1251/62/33 1253/20/33 1252/60/33
f 1254/66/81 1255/63/82 1256/64/83
f 1255/63/36 1257/62/36 1256/64/36
s 1
f 1258/61/7 1259/60/7 1260/19/7
s 0
f 1259/60/7 1261/20/7 1260/19/7
s 1
f 1262/60/7 1263/61/7 1264/20/7
s 0
f 1263/61/7 1265/19/7 1264/20/7
f 1266/66/84 1267/63/84 1268/64/84
f 1267/63/40 1269/62/40 1268/64/40
f 1270/66/36 1271/63/36 1272/64/36
f 1271/63/81 1273/62/81 1272/64/81
f 1274/61/7 1275/60/7 1276/19/7
f 1275/60/7 1277/20/7 1276/19/7
f 1278/60/7 1279/61/7 1280/20/7
s 1
f 1279/61/7 1281/19/7 1280/20/7
s 0
f 1282/66/39 1283/63/39 1284/64/39
f 1283/63/84 1285/62/84 1284/64/84
f 1286/60/29 1287/61/29 1288/20/29
f 1287/61/29 1289/19/29 1288/20/29
f 1290/66/40 1291/63/40 1292/64/40
f 1291/63/85 1293/62/85 1292/64/85
f 1294/66/36 1295/63/36 1296/64/36
f 1295/63/59 1297/62/59 1296/64/59
f 1298/61/29 1299/60/29 1300/19/29
f 1299/60/7 1301/20/7 1300/19/7
f 952/52/7 953/53/7 1302/44/7
f 953/53/7 1303/45/7 1302/44/7
f 1304/57/9 942/56/9 1305/59/9
f 942/56/9 944/58/9 1305/59/9
f 946/50/8 1306/44/8 947/51/8
f 1306/44/8 1307/45/8 947/51/8
f 1131/54/7 1308/45/7 1133/55/7
f 1308/45/7 1309/44/7 1133/55/7
f 1128/58/9 1129/56/9 1310/59/9
f 1129/56/9 1311/57/9 1310/59/9
f 1312/45/8 1134/53/8 1313/44/8
f 1134/53/8 1136/52/8 1313/44/8
f 1314/42/68 1315/43/68 1316/44/68
f 1315/43/32 1317/45/32 1316/44/32
f 1318/56/9 1319/57/9 1320/58/9
f 1319/57/9 1321/59/9 1320/58/9
f 1322/50/8 1323/51/8 1324/44/8
f 1323/51/86 1325/45/86 1324/44/86
f 1326/44/7 1327/45/7 1328/52/7
s 1
f 1327/45/7 1329/53/7 1328/52/7
s 0
f 1330/45/68 1331/43/68 1332/44/68
f 1331/43/68 1333/42/68 1332/44/68
f 1334/59/9 1335/57/9 1336/58/9
f 1335/57/9 1337/56/9 1336/58/9
f 1338/45/29 1339/54/29 1340/44/29
f 1339/54/7 1341/55/7 1340/44/7
s 1
f 1342/53/18 1343/45/18 1344/52/18
s 0
f 1343/45/8 1345/44/8 1344/52/8
f 1328/52/7 1329/53/7 1346/44/7
f 1329/53/87 1347/45/87 1346/44/87
f 1348/57/9 1318/56/9 1349/59/9
f 1318/56/9 1320/58/9 1349/59/9
s 1
f 1322/50/8 1350/44/8 1323/51/8
s 0
f 1350/44/18 1351/45/18 1323/51/18
f 1339/54/29 1352/45/29 1341/55/29
f 1352/45/7 1353/44/7 1341/55/7
f 1336/58/9 1337/56/9 1354/59/9
f 1337/56/9 1355/57/9 1354/59/9
f 1356/45/18 1342/53/18 1357/44/18
f 1342/53/8 1344/52/8 1357/44/8
f 1358/42/32 1359/43/32 1360/44/32
f 1359/43/31 1361/45/31 1360/44/31
f 1362/56/9 1363/57/9 1364/58/9
f 1363/57/9 1365/59/9 1364/58/9
f 1366/50/18 1367/51/18 1368/44/18
f 1367/51/18 1369/45/18 1368/44/18
f 1370/44/7 1371/45/7 1372/52/7
f 1371/45/29 1373/53/29 1372/52/29
f 1374/45/68 1375/43/68 1376/44/68
f 1375/43/67 1377/42/67 1376/44/67
f 1378/59/9 1379/57/9 1380/58/9
f 1379/57/9 1381/56/9 1380/58/9
f 1382/45/7 1383/54/7 1384/44/7
f 1383/54/7 1385/55/7 1384/44/7
f 1386/53/18 1387/45/18 1388/52/18
f 1387/45/8 1389/44/8 1388/52/8
f 1372/52/7 1373/53/7 1390/44/7
f 1373/53/7 1391/45/7 1390/44/7
f 1392/57/9 1362/56/9 1393/59/9
f 1362/56/9 1364/58/9 1393/59/9
f 1366/50/8 1394/44/8 1367/51/8
f 1394/44/8 1395/45/8 1367/51/8
f 1383/54/29 1396/45/29 1385/55/29
f 1396/45/7 1397/44/7 1385/55/7
f 1380/58/9 1381/56/9 1398/59/9
f 1381/56/9 1399/57/9 1398/59/9
f 1400/45/8 1386/53/8 1401/44/8
f 1386/53/8 1388/52/8 1401/44/8
f 1402/42/26 1403/43/26 1404/44/26
f 1403/43/28 1405/45/28 1404/44/28
f 1406/46/1 1407/47/1 1408/48/1
f 1407/47/1 1409/49/1 1408/48/1
f 1410/50/8 1411/51/8 1412/44/8
f 1411/51/8 1413/45/8 1412/44/8
f 1414/44/7 1415/45/7 1416/52/7
s 1
f 1415/45/29 1417/53/29 1416/52/29
s 0
f 1418/45/26 1419/43/26 1420/44/26
f 1419/43/26 1421/42/26 1420/44/26
f 1422/49/1 1423/47/1 1424/48/1
f 1423/47/1 1425/46/1 1424/48/1
f 1426/45/29 1427/54/29 1428/44/29
f 1427/54/7 1429/55/7 1428/44/7
f 1430/53/18 1431/45/18 1432/52/18
f 1431/45/8 1433/44/8 1432/52/8
f 1434/42/68 1435/43/68 1436/44/68
f 1435/43/32 1437/45/32 1436/44/32
f 1438/56/9 1439/57/9 1440/58/9
f 1439/57/9 1441/59/9 1440/58/9
f 1442/50/8 1443/51/8 1444/44/8
f 1443/51/8 1445/45/8 1446/44/8
f 1447/44/7 1448/45/7 1449/52/7
f 1448/45/7 1450/53/7 1449/52/7
f 1451/61/7 1452/19/7 1453/60/7
f 1452/19/7 1454/20/7 1453/60/7
f 1455/60/49 1456/20/49 1457/63/49
f 1456/20/49 1458/62/49 1457/63/49
f 1459/63/39 1460/62/39 1461/66/39
f 1460/62/84 1462/64/84 1461/66/84
f 1463/67/41 1464/65/41 1465/66/41
f 1464/65/41 1466/64/41 1465/66/41
s 1
f 1467/63/43 1468/62/43 1469/60/43
s 0
f 1468/62/43 1470/20/43 1469/60/43
f 1471/20/7 1472/19/7 1473/60/7
f 1472/19/7 1474/61/7 1473/60/7
f 1475/62/33 1476/20/33 1477/63/33
s 1
f 1476/20/88 1478/60/57 1477/63/88
f 1479/64/34 1480/65/34 1481/66/34
s 0
f 1480/65/34 1482/67/34 1481/66/34
f 1483/62/36 1484/64/36 1485/63/36
f 1484/64/81 1486/66/81 1485/63/81
s 1
f 1487/20/47 1488/62/89 1489/60/46
s 0
f 1488/62/90 1490/63/37 1489/60/37
f 1491/19/8 1492/61/8 1493/20/8
f 1492/61/8 1494/60/8 1493/20/8
f 1495/62/64 1496/63/64 1497/64/64
f 1496/63/62 1498/66/62 1497/64/62
f 1499/62/70 1500/63/70 1501/64/70
f 1500/63/70 1502/66/70 1501/64/70
f 1503/20/8 1504/60/8 1505/19/8
f 1504/60/8 1506/61/8 1505/19/8
f 1507/45/31 1508/43/31 1509/44/31
f 1508/43/31 1510/42/31 1509/44/31
f 1511/59/9 1512/57/9 1513/58/9
f 1512/57/9 1514/56/9 1513/58/9
f 1515/45/29 1516/54/29 1517/44/29
f 1516/54/7 1518/55/7 1519/44/7
f 1520/53/8 1521/45/8 1522/52/8
f 1521/45/8 1523/44/8 1522/52/8
f 1524/20/18 1525/19/18 1526/60/18
f 1525/19/8 1527/61/8 1526/60/8
f 1528/62/42 1529/20/42 1530/63/42
s 1
f 1529/20/43 1531/60/91 1530/63/43
s 0
f 1532/64/64 1533/62/64 1534/66/64
f 1533/62/92 1535/63/92 1534/66/92
f 1536/64/55 1537/65/55 1538/66/55
f 1537/65/55 1539/67/55 1538/66/55
f 1540/20/49 1541/62/49 1542/60/49
f 1541/62/49 1543/63/49 1542/60/49
f 1544/61/8 1545/19/8 1546/60/8
f 1545/19/8 1547/20/8 1546/60/8
f 1548/60/37 1549/20/37 1550/63/37
f 1549/20/37 1551/62/37 1550/63/37
s 1
f 1552/67/93 1553/65/93 1554/66/93
s 0
f 1553/65/75 1555/64/75 1554/66/75
f 1556/66/70 1557/64/70 1558/63/70
f 1557/64/70 1559/62/70 1558/63/70
f 1560/63/33 1561/62/33 1562/60/33
f 1561/62/33 1563/20/33 1562/60/33
f 1564/60/7 1565/61/7 1566/20/7
f 1565/61/7 1567/19/7 1566/20/7
f 1568/66/39 1569/63/39 1570/64/39
f 1569/63/84 1571/62/84 1570/64/84
f 1572/66/36 1573/63/36 1574/64/36
f 1573/63/81 1575/62/81 1574/64/81
f 1576/61/7 1577/60/7 1578/19/7
f 1577/60/7 1579/20/7 1578/19/7
f 1449/52/7 1450/53/7 1580/44/7
f 1450/53/29 1581/45/29 1580/44/29
f 1582/57/9 1438/56/9 1583/59/9
f 1438/56/9 1440/58/9 1583/59/9
f 1442/50/8 1584/44/8 1443/51/8
f 1584/44/8 1585/45/8 1443/51/8
f 1516/54/29 1586/45/29 1518/55/29
f 1586/45/7 1587/44/7 1518/55/7
f 1513/58/9 1514/56/9 1588/59/9
f 1514/56/9 1589/57/9 1588/59/9
f 1590/45/18 1520/53/18 1591/44/18
f 1520/53/8 1522/52/8 1591/44/8
f 1592/42/94 1593/43/94 1594/44/94
f 1593/43/94 1595/45/94 1594/44/94
f 1596/46/1 1597/47/1 1598/48/1
f 1597/47/1 1599/49/1 1598/48/1
f 1600/50/8 1601/51/8 1602/44/8
f 1601/51/8 1603/45/8 1602/44/8
f 1604/44/7 1605/45/7 1606/52/7
f 1605/45/29 1607/53/29 1606/52/29
f 1608/45/94 1609/43/94 1610/44/94
f 1609/43/94 1611/42/94 1610/44/94
f 1612/49/1 1613/47/1 1614/48/1
f 1613/47/1 1615/46/1 1614/48/1
f 1616/45/7 1617/54/7 1618/44/7
f 1617/54/7 1619/55/7 1618/44/7
f 1620/53/8 1621/45/8 1622/52/8
f 1621/45/8 1623/44/8 1622/52/8
f 1597/47/1 1624/46/1 1599/49/1
f 1624/46/1 1625/48/1 1599/49/1
f 1606/52/7 1607/53/7 1626/44/7
f 1607/53/7 1627/45/7 1626/44/7
f 1600/50/8 1628/44/8 1601/51/8
f 1628/44/8 1629/45/8 1630/51/8
f 1631/48/1 1632/46/1 1612/49/1
f 1632/46/1 1613/47/1 1612/49/1
f 1617/54/7 1633/45/7 1619/55/7
f 1633/45/7 1634/44/7 1619/55/7
f 1635/45/8 1636/53/8 1637/44/8
f 1636/53/8 1622/52/8 1637/44/8
f 1638/24/10 1639/19/10 1640/23/10
f 1639/19/10 1641/20/10 1640/23/10
f 1642/24/9 1643/19/9 1644/23/9
f 1643/19/9 1645/20/9 1644/23/9
f 1646/20/10 1647/19/10 1640/23/10
f 1647/19/10 1638/24/10 1640/23/10
f 1648/20/9 1649/19/9 1644/23/9
f 1649/19/9 1642/24/9 1644/23/9
f 1650/4/1 1651/2/1 1652/3/1
f 1651/2/1 1653/1/1 1652/3/1
f 1654/4/1 1655/2/1 1656/3/1
f 1655/2/1 1657/1/1 1656/3/1
f 1658/4/1 1659/6/1 1660/3/1
f 1659/6/1 1661/5/1 1660/3/1
f 1662/8/1 1663/3/1 1664/7/1
f 1663/3/1 1665/4/1 1664/7/1
f 1666/8/1 1667/3/1 1668/7/1
f 1667/3/1 1669/4/1 1668/7/1
f 1670/8/1 1671/3/1 1672/7/1
f 1671/3/1 1673/4/1 1672/7/1
f 1674/12/2 1675/10/2 1676/11/2
f 1675/10/4 1677/9/4 1676/11/4
f 1678/12/2 1679/10/2 1680/11/2
f 1679/10/3 1681/9/3 1680/11/3
f 1682/12/3 1683/10/3 1684/11/3
f 1683/10/3 1685/9/3 1684/11/3
f 1686/7/1 1687/8/1 1688/12/1
f 1687/8/1 1689/10/1 1688/12/1
f 1690/8/1 1691/10/1 1692/7/1
f 1691/10/1 1693/12/1 1692/7/1
f 1694/8/1 1695/10/1 1696/7/1
f 1695/10/1 1697/12/1 1696/7/1
f 1698/8/1 1656/3/1 1699/7/1
f 1656/3/1 1658/4/1 1699/7/1
f 1663/3/1 1669/4/1 1687/8/1
f 1669/4/1 1692/7/1 1687/8/1
f 1659/6/1 1657/1/1 1700/12/1
f 1657/1/1 1701/10/1 1700/12/1
f 1702/12/4 1703/10/4 1704/11/4
f 1703/10/2 1705/9/2 1704/11/2
f 1706/8/1 1652/3/1 1707/7/1
f 1652/3/1 1654/4/1 1707/7/1
f 1667/3/1 1673/4/1 1690/8/1
f 1673/4/1 1696/7/1 1690/8/1
f 1655/2/1 1653/1/1 1708/12/1
f 1653/1/1 1709/10/1 1708/12/1
f 1710/12/3 1711/10/3 1712/11/3
f 1711/10/3 1713/9/3 1712/11/3
f 1714/8/1 1715/3/1 1716/7/1
f 1715/3/1 1650/4/1 1716/7/1
f 1671/3/1 1717/4/1 1694/8/1
f 1717/4/1 1718/13/1 1694/8/1
f 1651/2/1 1719/8/1 1720/12/1
f 1719/8/1 1721/10/1 1720/12/1
f 1722/12/3 1723/10/3 1724/11/3
f 1723/10/3 1725/9/3 1724/11/3
f 1726/15/1 1727/14/1 1728/4/1
f 1727/14/1 1729/3/1 1728/4/1
f 1730/15/1 1731/14/1 1732/4/1
f 1731/14/1 1733/3/1 1732/4/1
f 1734/17/1 1735/16/1 1736/4/1
f 1735/16/1 1737/3/1 1736/4/1
f 1738/3/1 1739/4/1 1740/8/1
f 1739/4/1 1699/7/1 1740/8/1
f 1741/3/1 1742/4/1 1698/8/1
f 1742/4/1 1707/7/1 1698/8/1
f 1743/3/1 1744/4/1 1706/8/1
f 1744/4/1 1716/7/1 1706/8/1
f 1745/11/6 1746/12/6 1747/9/6
f 1746/12/5 1748/10/5 1747/9/5
f 1749/11/5 1750/12/5 1751/9/5
f 1750/12/5 1752/10/5 1751/9/5
f 1753/11/6 1754/12/6 1755/9/6
f 1754/12/25 1756/10/25 1755/9/25
f 1757/12/1 1758/7/1 1759/10/1
f 1758/7/1 1760/8/1 1759/10/1
f 1761/10/1 1762/12/1 1763/8/1
f 1762/12/1 1764/7/1 1763/8/1
f 1765/10/1 1766/12/1 1767/8/1
f 1766/12/1 1768/7/1 1767/8/1
f 1737/3/1 1732/4/1 1662/8/1
f 1732/4/1 1668/7/1 1662/8/1
f 1763/8/1 1741/3/1 1758/7/1
f 1741/3/1 1739/4/1 1758/7/1
f 1769/12/1 1730/15/1 1770/10/1
f 1730/15/1 1735/16/1 1770/10/1
f 1771/11/5 1772/12/5 1773/9/5
f 1772/12/6 1774/10/6 1773/9/6
f 1733/3/1 1728/4/1 1666/8/1
f 1728/4/1 1672/7/1 1666/8/1
f 1767/8/1 1743/3/1 1764/7/1
f 1743/3/1 1742/4/1 1764/7/1
f 1775/12/1 1726/15/1 1776/10/1
f 1726/15/1 1731/14/1 1776/10/1
f 1777/11/25 1778/12/25 1779/9/25
f 1778/12/5 1780/10/5 1779/9/5
f 1729/3/1 1781/4/1 1670/8/1
f 1781/4/1 1782/7/1 1670/8/1
f 1783/18/1 1784/3/1 1768/7/1
f 1784/3/1 1744/4/1 1768/7/1
f 1785/12/1 1786/7/1 1787/10/1
f 1786/7/1 1727/14/1 1787/10/1
f 1788/11/6 1789/12/6 1790/9/6
f 1789/12/6 1791/10/6 1790/9/6
f 1792/22/7 1793/20/7 1794/21/7
f 1793/20/7 1795/19/7 1794/21/7
f 1796/21/8 1797/19/8 1798/22/8
f 1797/19/8 1799/20/8 1798/22/8
f 1800/21/1 1801/19/1 1802/22/1
f 1801/19/1 1803/20/1 1802/22/1
f 1804/24/7 1805/23/7 1794/21/7
f 1805/23/7 1792/22/7 1794/21/7
f 1806/23/8 1807/24/8 1798/22/8
f 1807/24/8 1796/21/8 1798/22/8
f 1808/23/1 1809/24/1 1802/22/1
f 1809/24/1 1800/21/1 1802/22/1
f 1810/23/8 1811/20/8 1812/24/8
f 1811/20/8 1813/19/8 1812/24/8
f 1814/23/7 1815/24/7 1816/20/7
f 1815/24/7 1817/19/7 1816/20/7
f 1818/23/9 1819/24/9 1820/20/9
f 1819/24/9 1821/19/9 1820/20/9
f 1822/19/8 1823/20/8 1824/21/8
f 1823/20/8 1825/22/8 1824/21/8
f 1826/20/7 1827/19/7 1828/22/7
f 1827/19/7 1829/21/7 1828/22/7
f 1830/20/1 1831/19/1 1832/22/1
f 1831/19/1 1833/21/1 1832/22/1
f 1825/22/8 1834/23/8 1824/21/8
f 1834/23/8 1835/24/8 1824/21/8
f 1829/21/7 1836/24/7 1828/22/7
f 1836/24/7 1837/23/7 1828/22/7
f 1833/21/1 1838/24/1 1832/22/1
f 1838/24/1 1839/23/1 1832/22/1
f 1840/20/7 1841/23/7 1842/19/7
f 1841/23/7 1843/24/7 1842/19/7
f 1844/19/8 1845/24/8 1846/20/8
f 1845/24/8 1847/23/8 1846/20/8
f 1848/19/9 1849/24/9 1850/20/9
f 1849/24/9 1851/23/9 1850/20/9
f 1852/19/10 1853/20/10 1854/24/10
f 1853/20/10 1855/23/10 1854/24/10
f 1856/20/9 1857/19/9 1858/23/9
f 1857/19/9 1859/24/9 1858/23/9
f 1855/23/10 1860/20/10 1854/24/10
f 1860/20/10 1861/19/10 1854/24/10
f 1859/24/9 1862/19/9 1858/23/9
f 1862/19/9 1863/20/9 1858/23/9
f 1835/24/8 1834/23/8 1864/21/8
f 1834/23/8 1865/22/8 1864/21/8
f 1837/23/7 1836/24/7 1866/22/7
f 1836/24/7 1867/21/7 1866/22/7
f 1839/23/1 1838/24/1 1868/22/1
f 1838/24/1 1869/21/1 1868/22/1
f 1865/22/8 1870/20/8 1864/21/8
f 1870/20/8 1871/19/8 1864/21/8
f 1867/21/7 1872/19/7 1866/22/7
f 1872/19/7 1873/20/7 1866/22/7
f 1869/21/1 1874/19/1 1868/22/1
f 1874/19/1 1875/20/1 1868/22/1
f 1841/23/7 1876/20/7 1843/24/7
f 1876/20/7 1877/19/7 1843/24/7
f 1845/24/8 1878/19/8 1847/23/8
f 1878/19/8 1879/20/8 1847/23/8
f 1849/24/9 1880/19/9 1851/23/9
f 1880/19/9 1881/20/9 1851/23/9
f 1882/22/7 1805/23/7 1883/21/7
f 1805/23/7 1804/24/7 1883/21/7
f 1884/21/8 1807/24/8 1885/22/8
f 1807/24/8 1806/23/8 1885/22/8
f 1886/21/1 1809/24/1 1887/22/1
f 1809/24/1 1808/23/1 1887/22/1
f 1888/19/7 1889/20/7 1883/21/7
f 1889/20/7 1882/22/7 1883/21/7
f 1890/20/8 1891/19/8 1885/22/8
f 1891/19/8 1884/21/8 1885/22/8
f 1892/20/1 1893/19/1 1887/22/1
f 1893/19/1 1886/21/1 1887/22/1
f 1894/20/8 1810/23/8 1895/19/8
f 1810/23/8 1812/24/8 1895/19/8
f 1896/20/7 1897/19/7 1814/23/7
f 1897/19/7 1815/24/7 1814/23/7
f 1898/20/9 1899/19/9 1818/23/9
f 1899/19/9 1819/24/9 1818/23/9
f 1900/19/8 1901/20/8 1902/21/8
f 1901/20/8 1903/22/8 1902/21/8
s 1
f 1904/20/7 1905/19/7 1906/22/7
f 1905/19/7 1907/21/7 1906/22/7
s 0
f 1908/20/1 1909/19/1 1910/22/1
f 1909/19/1 1911/21/1 1910/22/1
s 1
f 1903/22/8 1912/23/8 1902/21/8
s 0
f 1912/23/8 1913/24/8 1902/21/8
s 1
f 1907/21/7 1914/24/7 1906/22/7
s 0
f 1914/24/7 1915/23/7 1906/22/7
f 1911/21/1 1916/24/1 1910/22/1
f 1916/24/1 1917/23/1 1910/22/1
f 1918/22/7 1919/20/7 1920/21/7
f 1919/20/7 1921/19/7 1920/21/7
f 1922/21/8 1923/19/8 1924/22/8
f 1923/19/8 1925/20/8 1924/22/8
f 1926/21/1 1927/19/1 1928/22/1
f 1927/19/1 1929/20/1 1928/22/1
f 1930/24/7 1931/23/7 1920/21/7
s 1
f 1931/23/7 1918/22/7 1920/21/7
s 0
f 1932/23/8 1933/24/8 1924/22/8
f 1933/24/8 1922/21/8 1924/22/8
f 1934/23/1 1935/24/1 1928/22/1
f 1935/24/1 1926/21/1 1928/22/1
s 1
f 1936/19/10 1937/20/10 1938/24/10
s 0
f 1937/20/10 1939/23/10 1938/24/10
f 1940/20/9 1941/19/9 1942/23/9
f 1941/19/9 1943/24/9 1942/23/9
f 1939/23/10 1944/20/10 1938/24/10
f 1944/20/10 1945/19/10 1938/24/10
f 1943/24/9 1946/19/9 1942/23/9
f 1946/19/9 1947/20/9 1942/23/9
f 1948/19/10 1949/20/10 1950/24/10
f 1949/20/10 1951/23/10 1950/24/10
f 1952/20/9 1953/19/9 1954/23/9
f 1953/19/9 1955/24/9 1954/23/9
f 1951/23/10 1956/20/10 1950/24/10
f 1956/20/10 1957/19/10 1950/24/10
f 1955/24/9 1958/19/9 1954/23/9
f 1958/19/9 1959/20/9 1954/23/9
s 1
f 1960/32/12 1961/30/12 1962/31/95
f 1961/30/12 1963/29/11 1962/31/95
f 1962/31/95 1963/29/11 1964/34/7
f 1963/29/11 1965/33/7 1964/34/7
s 0
f 1966/38/1 1967/36/1 1968/37/1
f 1967/36/1 1969/35/1 1968/37/1
s 1
f 1970/68/96 1971/69/97 1972/70/10
f 1971/69/97 1973/71/98 1972/70/10
f 1973/71/98 1974/72/10 1972/70/10
f 1975/29/17 1976/30/99 1977/40/16
f 1976/30/99 1978/39/99 1977/40/16
f 1979/33/8 1975/29/17 1980/41/8
f 1975/29/17 1977/40/16 1980/41/8
s 0
f 1981/36/1 1982/35/1 1983/38/1
f 1982/35/1 1984/37/1 1983/38/1
s 1
f 1985/73/98 1986/74/97 1987/70/10
f 1986/74/97 1988/68/10 1987/70/10
f 1989/72/10 1985/73/98 1987/70/10
s 0
f 1990/4/1 1991/2/1 1992/3/1
f 1991/2/1 1993/1/1 1992/3/1
f 1994/4/1 1995/2/1 1996/3/1
f 1995/2/1 1997/1/1 1996/3/1
f 1998/4/1 1999/6/1 2000/3/1
f 1999/6/1 2001/5/1 2000/3/1
f 2002/8/1 2003/3/1 2004/7/1
f 2003/3/1 2005/4/1 2004/7/1
f 2006/8/1 2007/3/1 2008/7/1
f 2007/3/1 2009/4/1 2008/7/1
f 2010/8/1 2011/3/1 2012/7/1
f 2011/3/1 2013/4/1 2012/7/1
s 1
f 2014/12/100 2015/10/101 2016/11/102
f 2015/10/101 2017/9/2 2016/11/102
s 0
f 2018/12/4 2019/10/4 2020/11/4
f 2019/10/2 2021/9/2 2020/11/2
f 2022/12/2 2023/10/2 2024/11/2
f 2023/10/2 2025/9/2 2024/11/2
f 2026/7/1 2027/8/1 2028/12/1
f 2027/8/1 2029/10/1 2028/12/1
f 2030/8/1 2031/10/1 2032/7/1
f 2031/10/1 2033/12/1 2032/7/1
f 2034/8/1 2035/10/1 2036/7/1
f 2035/10/1 2037/12/1 2036/7/1
f 2038/8/1 1996/3/1 2039/7/1
f 1996/3/1 1998/4/1 2039/7/1
f 2003/3/1 2009/4/1 2027/8/1
f 2009/4/1 2032/7/1 2027/8/1
f 1999/6/1 1997/1/1 2040/12/1
f 1997/1/1 2041/10/1 2040/12/1
s 1
f 2042/12/103 2043/10/2 2044/11/2
s 0
f 2043/10/4 2045/9/4 2044/11/4
f 2046/8/1 1992/3/1 2047/7/1
f 1992/3/1 1994/4/1 2047/7/1
f 2007/3/1 2013/4/1 2030/8/1
f 2013/4/1 2036/7/1 2030/8/1
f 1995/2/1 1993/1/1 2048/12/1
f 1993/1/1 2049/10/1 2048/12/1
f 2050/12/2 2051/10/2 2052/11/2
f 2051/10/2 2053/9/2 2052/11/2
f 2054/8/1 2055/3/1 2056/7/1
f 2055/3/1 1990/4/1 2056/7/1
f 2011/3/1 2057/4/1 2034/8/1
f 2057/4/1 2058/13/1 2034/8/1
f 1991/2/1 2059/8/1 2060/12/1
f 2059/8/1 2061/10/1 2060/12/1
f 2062/12/2 2063/10/2 2064/11/2
f 2063/10/2 2065/9/2 2064/11/2
f 2066/15/1 2067/14/1 2068/4/1
f 2067/14/1 2069/3/1 2068/4/1
f 2070/15/1 2071/14/1 2072/4/1
f 2071/14/1 2073/3/1 2072/4/1
f 2074/17/1 2075/16/1 2076/4/1
f 2075/16/1 2077/3/1 2076/4/1
f 2078/3/1 2079/4/1 2080/8/1
f 2079/4/1 2039/7/1 2080/8/1
f 2081/3/1 2082/4/1 2038/8/1
f 2082/4/1 2047/7/1 2038/8/1
f 2083/3/1 2084/4/1 2046/8/1
f 2084/4/1 2056/7/1 2046/8/1
s 1
f 2085/11/25 2086/12/104 2087/9/104
f 2086/12/104 2088/10/105 2087/9/104
s 0
f 2089/11/25 2090/12/25 2091/9/25
s 1
f 2090/12/5 2092/10/5 2091/9/5
s 0
f 2093/11/5 2094/12/5 2095/9/5
f 2094/12/5 2096/10/5 2095/9/5
f 2097/12/1 2098/7/1 2099/10/1
f 2098/7/1 2100/8/1 2099/10/1
f 2101/10/1 2102/12/1 2103/8/1
f 2102/12/1 2104/7/1 2103/8/1
f 2105/10/1 2106/12/1 2107/8/1
f 2106/12/1 2108/7/1 2107/8/1
f 2077/3/1 2072/4/1 2002/8/1
f 2072/4/1 2008/7/1 2002/8/1
f 2103/8/1 2081/3/1 2098/7/1
f 2081/3/1 2079/4/1 2098/7/1
f 2109/12/1 2070/15/1 2110/10/1
f 2070/15/1 2075/16/1 2110/10/1
f 2111/11/5 2112/12/5 2113/9/5
f 2112/12/25 2114/10/25 2113/9/25
f 2073/3/1 2068/4/1 2006/8/1
f 2068/4/1 2012/7/1 2006/8/1
f 2107/8/1 2083/3/1 2104/7/1
f 2083/3/1 2082/4/1 2104/7/1
f 2115/12/1 2066/15/1 2116/10/1
f 2066/15/1 2071/14/1 2116/10/1
f 2117/11/5 2118/12/5 2119/9/5
f 2118/12/25 2120/10/25 2119/9/25
f 2069/3/1 2121/4/1 2010/8/1
f 2121/4/1 2122/7/1 2010/8/1
f 2123/18/1 2124/3/1 2108/7/1
f 2124/3/1 2084/4/1 2108/7/1
f 2125/12/1 2126/7/1 2127/10/1
f 2126/7/1 2067/14/1 2127/10/1
s 1
f 2128/11/6 2129/12/6 2130/9/6
s 0
f 2129/12/5 2131/10/5 2130/9/5
f 2132/22/7 2133/20/7 2134/21/7
f 2133/20/7 2135/19/7 2134/21/7
f 2136/21/8 2137/19/8 2138/22/8
f 2137/19/8 2139/20/8 2138/22/8
f 2140/21/1 2141/19/1 2142/22/1
f 2141/19/1 2143/20/1 2142/22/1
f 2144/24/7 2145/23/7 2134/21/7
f 2145/23/7 2132/22/7 2134/21/7
f 2146/23/8 2147/24/8 2138/22/8
f 2147/24/8 2136/21/8 2138/22/8
f 2148/23/1 2149/24/1 2142/22/1
f 2149/24/1 2140/21/1 2142/22/1
f 2150/23/8 2151/20/8 2152/24/8
f 2151/20/8 2153/19/8 2152/24/8
f 2154/23/7 2155/24/7 2156/20/7
f 2155/24/7 2157/19/7 2156/20/7
f 2158/23/9 2159/24/9 2160/20/9
f 2159/24/9 2161/19/9 2160/20/9
f 2162/19/8 2163/20/8 2164/21/8
f 2163/20/8 2165/22/8 2164/21/8
f 2166/20/7 2167/19/7 2168/22/7
f 2167/19/7 2169/21/7 2168/22/7
f 2170/20/1 2171/19/1 2172/22/1
f 2171/19/1 2173/21/1 2172/22/1
f 2165/22/8 2174/23/8 2164/21/8
f 2174/23/8 2175/24/8 2164/21/8
f 2169/21/7 2176/24/7 2168/22/7
f 2176/24/7 2177/23/7 2168/22/7
f 2173/21/1 2178/24/1 2172/22/1
f 2178/24/1 2179/23/1 2172/22/1
f 2180/20/7 2181/23/7 2182/19/7
f 2181/23/7 2183/24/7 2182/19/7
f 2184/19/8 2185/24/8 2186/20/8
f 2185/24/8 2187/23/8 2186/20/8
f 2188/19/9 2189/24/9 2190/20/9
f 2189/24/9 2191/23/9 2190/20/9
f 2192/19/10 2193/20/10 2194/24/10
f 2193/20/10 2195/23/10 2194/24/10
f 2196/20/9 2197/19/9 2198/23/9
f 2197/19/9 2199/24/9 2198/23/9
f 2195/23/10 2200/20/10 2194/24/10
f 2200/20/10 2201/19/10 2194/24/10
f 2199/24/9 2202/19/9 2198/23/9
f 2202/19/9 2203/20/9 2198/23/9
f 2175/24/8 2174/23/8 2204/21/8
f 2174/23/8 2205/22/8 2204/21/8
f 2177/23/7 2176/24/7 2206/22/7
f 2176/24/7 2207/21/7 2206/22/7
f 2179/23/1 2178/24/1 2208/22/1
f 2178/24/1 2209/21/1 2208/22/1
f 2205/22/8 2210/20/8 2204/21/8
f 2210/20/8 2211/19/8 2204/21/8
f 2207/21/7 2212/19/7 2206/22/7
f 2212/19/7 2213/20/7 2206/22/7
f 2209/21/1 2214/19/1 2208/22/1
f 2214/19/1 2215/20/1 2208/22/1
f 2181/23/7 2216/20/7 2183/24/7
f 2216/20/7 2217/19/7 2183/24/7
f 2185/24/8 2218/19/8 2187/23/8
f 2218/19/8 2219/20/8 2187/23/8
f 2189/24/9 2220/19/9 2191/23/9
f 2220/19/9 2221/20/9 2191/23/9
f 2222/22/7 2145/23/7 2223/21/7
f 2145/23/7 2144/24/7 2223/21/7
f 2224/21/8 2147/24/8 2225/22/8
f 2147/24/8 2146/23/8 2225/22/8
f 2226/21/1 2149/24/1 2227/22/1
f 2149/24/1 2148/23/1 2227/22/1
f 2228/19/7 2229/20/7 2223/21/7
f 2229/20/7 2222/22/7 2223/21/7
f 2230/20/8 2231/19/8 2225/22/8
f 2231/19/8 2224/21/8 2225/22/8
f 2232/20/1 2233/19/1 2227/22/1
f 2233/19/1 2226/21/1 2227/22/1
f 2234/20/8 2150/23/8 2235/19/8
f 2150/23/8 2152/24/8 2235/19/8
f 2236/20/7 2237/19/7 2154/23/7
f 2237/19/7 2155/24/7 2154/23/7
f 2238/20/9 2239/19/9 2158/23/9
f 2239/19/9 2159/24/9 2158/23/9
s 1
f 2240/19/8 2241/20/8 2242/21/8
f 2241/20/8 2243/22/8 2242/21/8
s 0
f 2244/20/7 2245/19/7 2246/22/7
f 2245/19/7 2247/21/7 2246/22/7
f 2248/20/1 2249/19/1 2250/22/1
f 2249/19/1 2251/21/1 2250/22/1
f 2243/22/8 2252/23/8 2242/21/8
f 2252/23/8 2253/24/8 2242/21/8
f 2247/21/7 2254/24/7 2246/22/7
f 2254/24/7 2255/23/7 2246/22/7
f 2251/21/1 2256/24/1 2250/22/1
f 2256/24/1 2257/23/1 2250/22/1
f 2258/20/7 2259/23/7 2260/19/7
f 2259/23/7 2261/24/7 2260/19/7
f 2262/19/8 2263/24/8 2264/20/8
f 2263/24/8 2265/23/8 2264/20/8
f 2266/19/9 2267/24/9 2268/20/9
f 2267/24/9 2269/23/9 2268/20/9
f 2270/22/7 2271/20/7 2272/21/7
f 2271/20/7 2273/19/7 2272/21/7
f 2274/21/8 2275/19/8 2276/22/8
f 2275/19/8 2277/20/8 2276/22/8
f 2278/21/1 2279/19/1 2280/22/1
f 2279/19/1 2281/20/1 2280/22/1
f 2282/24/7 2283/23/7 2272/21/7
f 2283/23/7 2270/22/7 2272/21/7
f 2284/23/8 2285/24/8 2276/22/8
f 2285/24/8 2274/21/8 2276/22/8
f 2286/23/1 2287/24/1 2280/22/1
f 2287/24/1 2278/21/1 2280/22/1
f 2288/23/8 2289/20/8 2290/24/8
f 2289/20/8 2291/19/8 2290/24/8
f 2292/23/7 2293/24/7 2294/20/7
f 2293/24/7 2295/19/7 2294/20/7
f 2296/23/9 2297/24/9 2298/20/9
f 2297/24/9 2299/19/9 2298/20/9
f 2300/4/1 2301/2/1 2302/3/1
f 2301/2/1 2303/1/1 2302/3/1
f 2304/4/1 2305/2/1 2306/3/1
f 2305/2/1 2307/1/1 2306/3/1
f 2308/4/1 2309/6/1 2055/3/1
f 2309/6/1 2059/8/1 2055/3/1
f 2310/8/1 2311/3/1 2122/7/1
f 2311/3/1 2057/4/1 2122/7/1
f 2312/8/1 2313/3/1 2314/7/1
f 2313/3/1 2315/4/1 2314/7/1
f 2316/8/1 2317/3/1 2318/7/1
f 2317/3/1 2319/4/1 2318/7/1
f 2320/12/2 2321/10/2 2322/11/2
f 2321/10/2 2323/9/2 2322/11/2
f 2324/12/3 2325/10/3 2326/11/3
f 2325/10/2 2327/9/2 2326/11/2
f 2328/12/3 2329/10/3 2330/11/3
f 2329/10/3 2331/9/3 2330/11/3
f 2058/13/1 2332/8/1 2333/12/1
f 2332/8/1 2334/10/1 2333/12/1
f 2335/8/1 2336/10/1 2337/7/1
f 2336/10/1 2338/12/1 2337/7/1
f 2339/8/1 2340/10/1 2341/7/1
f 2340/10/1 2342/12/1 2341/7/1
f 2343/8/1 2306/3/1 2344/7/1
f 2306/3/1 2308/4/1 2344/7/1
f 2311/3/1 2315/4/1 2332/8/1
f 2315/4/1 2337/7/1 2332/8/1
f 2309/6/1 2307/1/1 2345/12/1
f 2307/1/1 2346/10/1 2345/12/1
f 2347/12/2 2348/10/2 2349/11/2
f 2348/10/3 2350/9/3 2349/11/3
f 2351/8/1 2302/3/1 2352/7/1
f 2302/3/1 2304/4/1 2352/7/1
f 2313/3/1 2319/4/1 2335/8/1
f 2319/4/1 2341/7/1 2335/8/1
f 2305/2/1 2303/1/1 2353/12/1
f 2303/1/1 2354/10/1 2353/12/1
f 2355/12/2 2356/10/2 2357/11/2
f 2356/10/3 2358/9/3 2357/11/3
f 1740/8/1 1660/3/1 2359/7/1
f 1660/3/1 2300/4/1 2359/7/1
f 2317/3/1 1665/4/1 2339/8/1
f 1665/4/1 1686/7/1 2339/8/1
f 2301/2/1 1661/5/1 2360/12/1
f 1661/5/1 2361/10/1 2360/12/1
f 2362/12/3 2363/10/3 2364/11/3
f 2363/10/2 2365/9/2 2364/11/2
f 2366/15/1 2367/14/1 2368/4/1
f 2367/14/1 2369/3/1 2368/4/1
f 2370/15/1 2371/14/1 2372/4/1
f 2371/14/1 2373/3/1 2372/4/1
f 2126/7/1 2374/16/1 2121/4/1
f 2374/16/1 2375/3/1 2121/4/1
f 2124/3/1 2376/4/1 2054/8/1
f 2376/4/1 2344/7/1 2054/8/1
f 2377/3/1 2378/4/1 2343/8/1
f 2378/4/1 2352/7/1 2343/8/1
f 2379/3/1 2380/4/1 2351/8/1
f 2380/4/1 2359/7/1 2351/8/1
f 2381/11/5 2382/12/5 2383/9/5
f 2382/12/6 2384/10/6 2383/9/6
f 2385/11/5 2386/12/5 2387/9/5
f 2386/12/6 2388/10/6 2387/9/6
s 1
f 2389/11/5 2390/12/5 2391/9/5
s 0
f 2390/12/5 2392/10/5 2391/9/5
f 2393/12/1 2394/7/1 2395/10/1
f 2394/7/1 2123/18/1 2395/10/1
f 2396/10/1 2397/12/1 2398/8/1
f 2397/12/1 2399/7/1 2398/8/1
f 2400/10/1 2401/12/1 2402/8/1
f 2401/12/1 2403/7/1 2402/8/1
f 2375/3/1 2372/4/1 2310/8/1
f 2372/4/1 2314/7/1 2310/8/1
f 2398/8/1 2377/3/1 2394/7/1
f 2377/3/1 2376/4/1 2394/7/1
f 2404/12/1 2370/15/1 2405/10/1
f 2370/15/1 2374/16/1 2405/10/1
f 2406/11/6 2407/12/6 2408/9/6
f 2407/12/5 2409/10/5 2408/9/5
f 2373/3/1 2368/4/1 2312/8/1
f 2368/4/1 2318/7/1 2312/8/1
f 2402/8/1 2379/3/1 2399/7/1
f 2379/3/1 2378/4/1 2399/7/1
f 2410/12/1 2366/15/1 2411/10/1
f 2366/15/1 2371/14/1 2411/10/1
s 1
f 2412/11/5 2413/12/5 2414/9/5
s 0
f 2413/12/5 2415/10/5 2414/9/5
f 2369/3/1 1736/4/1 2316/8/1
f 1736/4/1 1664/7/1 2316/8/1
f 1760/8/1 1738/3/1 2403/7/1
f 1738/3/1 2380/4/1 2403/7/1
f 2416/12/1 1734/17/1 2417/10/1
f 1734/17/1 2367/14/1 2417/10/1
f 2418/11/5 2419/12/5 2420/9/5
f 2419/12/5 2421/10/5 2420/9/5
f 2422/22/7 2283/23/7 2423/21/7
f 2283/23/7 2282/24/7 2423/21/7
f 2424/21/8 2285/24/8 2425/22/8
f 2285/24/8 2284/23/8 2425/22/8
f 2426/21/1 2287/24/1 2427/22/1
f 2287/24/1 2286/23/1 2427/22/1
f 2428/19/7 2429/20/7 2423/21/7
f 2429/20/7 2422/22/7 2423/21/7
f 2430/20/8 2431/19/8 2425/22/8
f 2431/19/8 2424/21/8 2425/22/8
f 2432/20/1 2433/19/1 2427/22/1
f 2433/19/1 2426/21/1 2427/22/1
f 2434/20/8 2288/23/8 2435/19/8
f 2288/23/8 2290/24/8 2435/19/8
f 2436/20/7 2437/19/7 2292/23/7
f 2437/19/7 2293/24/7 2292/23/7
f 2438/20/9 2439/19/9 2296/23/9
f 2439/19/9 2297/24/9 2296/23/9
f 2253/24/8 2252/23/8 2440/21/8
f 2252/23/8 2441/22/8 2440/21/8
f 2255/23/7 2254/24/7 2442/22/7
f 2254/24/7 2443/21/7 2442/22/7
f 2257/23/1 2256/24/1 2444/22/1
f 2256/24/1 2445/21/1 2444/22/1
f 2441/22/8 2446/20/8 2440/21/8
f 2446/20/8 2447/19/8 2440/21/8
f 2443/21/7 2448/19/7 2442/22/7
f 2448/19/7 2449/20/7 2442/22/7
f 2445/21/1 2450/19/1 2444/22/1
f 2450/19/1 2451/20/1 2444/22/1
f 2259/23/7 2452/20/7 2261/24/7
f 2452/20/7 2453/19/7 2261/24/7
f 2263/24/8 2454/19/8 2265/23/8
f 2454/19/8 2455/20/8 2265/23/8
f 2267/24/9 2456/19/9 2269/23/9
f 2456/19/9 2457/20/9 2269/23/9
f 2458/19/8 2459/20/8 2460/21/8
f 2459/20/8 2461/22/8 2460/21/8
f 2462/20/7 2463/19/7 2464/22/7
f 2463/19/7 2465/21/7 2464/22/7
f 2466/20/1 2467/19/1 2468/22/1
f 2467/19/1 2469/21/1 2468/22/1
f 2461/22/8 2470/23/8 2460/21/8
f 2470/23/8 2471/24/8 2460/21/8
f 2465/21/7 2472/24/7 2464/22/7
f 2472/24/7 2473/23/7 2464/22/7
f 2469/21/1 2474/24/1 2468/22/1
f 2474/24/1 2475/23/1 2468/22/1
f 2476/20/7 2477/23/7 2478/19/7
f 2477/23/7 2479/24/7 2478/19/7
f 2480/19/8 2481/24/8 2482/20/8
f 2481/24/8 2483/23/8 2482/20/8
f 2484/19/9 2485/24/9 2486/20/9
f 2485/24/9 2487/23/9 2486/20/9
f 2488/22/7 2489/20/7 2490/21/7
f 2489/20/7 2491/19/7 2490/21/7
f 2492/21/8 2493/19/8 2494/22/8
f 2493/19/8 2495/20/8 2494/22/8
f 2496/21/1 2497/19/1 2498/22/1
f 2497/19/1 2499/20/1 2498/22/1
f 2500/24/7 2501/23/7 2490/21/7
f 2501/23/7 2488/22/7 2490/21/7
f 2502/23/8 2503/24/8 2494/22/8
f 2503/24/8 2492/21/8 2494/22/8
f 2504/23/1 2505/24/1 2498/22/1
f 2505/24/1 2496/21/1 2498/22/1
f 2506/23/8 2507/20/8 2508/24/8
f 2507/20/8 2509/19/8 2508/24/8
f 2510/23/7 2511/24/7 2512/20/7
f 2511/24/7 2513/19/7 2512/20/7
f 2514/23/9 2515/24/9 2516/20/9
f 2515/24/9 2517/19/9 2516/20/9
f 2471/24/8 2470/23/8 2518/21/8
f 2470/23/8 2519/22/8 2518/21/8
f 2473/23/7 2472/24/7 2520/22/7
f 2472/24/7 2521/21/7 2520/22/7
f 2475/23/1 2474/24/1 2522/22/1
f 2474/24/1 2523/21/1 2522/22/1
f 2519/22/8 2524/20/8 2518/21/8
f 2524/20/8 2525/19/8 2518/21/8
s 1
f 2521/21/7 2526/19/7 2520/22/7
f 2526/19/7 2527/20/7 2520/22/7
s 0
f 2523/21/1 2528/19/1 2522/22/1
f 2528/19/1 2529/20/1 2522/22/1
f 2477/23/7 2530/20/7 2479/24/7
f 2530/20/7 2531/19/7 2479/24/7
f 2481/24/8 2532/19/8 2483/23/8
f 2532/19/8 2533/20/8 2483/23/8
f 2485/24/9 2534/19/9 2487/23/9
f 2534/19/9 2535/20/9 2487/23/9
f 2536/22/7 2501/23/7 2537/21/7
f 2501/23/7 2500/24/7 2537/21/7
f 2538/21/8 2503/24/8 2539/22/8
f 2503/24/8 2502/23/8 2539/22/8
f 2540/21/1 2505/24/1 2541/22/1
f 2505/24/1 2504/23/1 2541/22/1
f 2542/19/7 2543/20/7 2537/21/7
f 2543/20/7 2536/22/7 2537/21/7
f 2544/20/8 2545/19/8 2539/22/8
f 2545/19/8 2538/21/8 2539/22/8
f 2546/20/1 2547/19/1 2541/22/1
f 2547/19/1 2540/21/1 2541/22/1
f 2548/20/8 2506/23/8 2549/19/8
f 2506/23/8 2508/24/8 2549/19/8
f 2550/20/7 2551/19/7 2510/23/7
f 2551/19/7 2511/24/7 2510/23/7
f 2552/20/9 2553/19/9 2514/23/9
f 2553/19/9 2515/24/9 2514/23/9
f 2554/4/1 2555/2/1 1715/3/1
f 2555/2/1 1719/8/1 1715/3/1
f 2556/8/1 2557/3/1 1782/7/1
f 2557/3/1 1717/4/1 1782/7/1
f 2558/12/3 2559/10/3 2560/11/3
f 2559/10/3 2561/9/3 2560/11/3
f 2562/8/1 2563/10/1 1718/13/1
f 2563/10/1 2564/12/1 1718/13/1
f 43/8/1 41/3/1 2565/7/1
f 41/3/1 2554/4/1 2565/7/1
f 2557/3/1 45/4/1 2562/8/1
f 45/4/1 44/13/1 2562/8/1
f 2555/2/1 47/8/1 2566/12/1
f 47/8/1 46/10/1 2566/12/1
f 2567/12/3 50/10/3 2568/11/3
f 50/10/4 49/9/4 2568/11/4
f 1786/7/1 2569/14/1 1781/4/1
f 2569/14/1 2570/3/1 1781/4/1
f 1784/3/1 2571/4/1 1714/8/1
f 2571/4/1 2565/7/1 1714/8/1
f 2572/11/5 2573/12/5 2574/9/5
f 2573/12/5 2575/10/5 2574/9/5
f 2576/10/1 2577/12/1 1783/18/1
f 2577/12/1 2578/7/1 1783/18/1
f 2570/3/1 89/4/1 2556/8/1
f 89/4/1 88/7/1 2556/8/1
f 91/18/1 90/3/1 2578/7/1
f 90/3/1 2571/4/1 2578/7/1
f 94/12/1 92/7/1 2579/10/1
f 92/7/1 2569/14/1 2579/10/1
f 98/11/5 96/12/5 2580/9/5
f 96/12/5 2581/10/5 2580/9/5
f 120/23/8 2582/20/8 119/24/8
f 2582/20/8 2583/19/8 119/24/8
f 124/23/7 122/24/7 2584/20/7
f 122/24/7 2585/19/7 2584/20/7
f 128/23/9 126/24/9 2586/20/9
f 126/24/9 2587/19/9 2586/20/9
f 2588/20/7 148/23/7 2589/19/7
f 148/23/7 147/24/7 2589/19/7
f 2590/19/8 152/24/8 2591/20/8
f 152/24/8 151/23/8 2591/20/8
f 2592/19/9 156/24/9 2593/20/9
f 156/24/9 155/23/9 2593/20/9
f 1913/24/8 1912/23/8 2594/21/8
f 1912/23/8 2595/22/8 2594/21/8
f 1915/23/7 1914/24/7 2596/22/7
f 1914/24/7 2597/21/7 2596/22/7
f 1917/23/1 1916/24/1 2598/22/1
f 1916/24/1 2599/21/1 2598/22/1
f 2595/22/8 2600/20/8 2594/21/8
f 2600/20/8 2601/19/8 2594/21/8
f 2597/21/7 2602/19/7 2596/22/7
f 2602/19/7 2603/20/7 2596/22/7
f 2599/21/1 2604/19/1 2598/22/1
f 2604/19/1 2605/20/1 2598/22/1
f 2606/22/7 1931/23/7 2607/21/7
f 1931/23/7 1930/24/7 2607/21/7
f 2608/21/8 1933/24/8 2609/22/8
f 1933/24/8 1932/23/8 2609/22/8
f 2610/21/1 1935/24/1 2611/22/1
f 1935/24/1 1934/23/1 2611/22/1
f 2612/19/7 2613/20/7 2607/21/7
f 2613/20/7 2606/22/7 2607/21/7
f 2614/20/8 2615/19/8 2609/22/8
f 2615/19/8 2608/21/8 2609/22/8
f 2616/20/1 2617/19/1 2611/22/1
f 2617/19/1 2610/21/1 2611/22/1
f 2618/49/1 2619/47/1 2620/48/1
f 2619/47/1 2621/46/1 2620/48/1
f 2622/44/27 2623/42/27 2624/45/27
f 2623/42/26 2625/43/26 2624/45/26
f 2626/45/18 2627/51/18 2628/44/18
f 2627/51/8 2629/50/8 2628/44/8
f 2630/53/7 2631/45/7 2632/52/7
f 2631/45/7 2633/44/7 2632/52/7
f 2634/46/1 2635/47/1 2636/48/1
f 2635/47/1 2637/49/1 2636/48/1
f 2638/43/26 2639/42/26 2640/45/26
f 2639/42/26 2641/44/26 2640/45/26
f 2642/55/7 2643/54/7 2644/44/7
f 2643/54/7 2645/45/7 2644/44/7
f 2646/44/8 2647/45/8 2648/52/8
f 2647/45/18 2649/53/18 2648/52/18
f 2650/48/1 2651/46/1 2618/49/1
f 2651/46/1 2619/47/1 2618/49/1
f 2652/45/7 2653/53/7 2654/44/7
f 2653/53/7 2632/52/7 2654/44/7
f 2655/45/86 2656/44/86 2657/51/86
f 2656/44/8 2629/50/8 2627/51/8
f 2635/47/1 2658/46/1 2637/49/1
f 2658/46/1 2659/48/1 2637/49/1
f 2660/44/7 2661/45/7 2642/55/7
f 2661/45/29 2662/54/29 2642/55/29
f 2648/52/8 2649/53/8 2663/44/8
f 2649/53/8 2664/45/8 2663/44/8
f 2665/49/1 2666/47/1 2667/48/1
f 2666/47/1 2668/46/1 2667/48/1
f 2669/44/27 2670/42/27 2671/45/27
f 2670/42/26 2672/43/26 2671/45/26
f 2673/45/8 2674/51/8 2675/44/8
f 2674/51/8 2676/50/8 2675/44/8
f 2677/53/29 2678/45/29 2679/52/29
f 2678/45/7 2680/44/7 2679/52/7
f 2681/46/1 2682/47/1 2683/48/1
f 2682/47/1 2684/49/1 2683/48/1
f 2685/43/26 2686/42/26 2687/45/26
f 2686/42/28 2688/44/28 2687/45/28
f 2689/55/7 2690/54/7 2691/44/7
s 1
f 2690/54/7 2692/45/7 2691/44/7
s 0
f 2693/44/8 2694/45/8 2695/52/8
f 2694/45/18 2696/53/18 2695/52/18
f 2697/48/1 2698/46/1 2665/49/1
f 2698/46/1 2666/47/1 2665/49/1
f 2699/45/7 2677/53/7 2700/44/7
f 2677/53/7 2679/52/7 2700/44/7
f 2701/45/8 2702/44/8 2674/51/8
f 2702/44/8 2676/50/8 2674/51/8
f 2682/47/1 2703/46/1 2684/49/1
f 2703/46/1 2704/48/1 2684/49/1
f 2705/44/7 2706/45/7 2689/55/7
f 2706/45/7 2690/54/7 2689/55/7
f 2695/52/8 2696/53/8 2707/44/8
f 2696/53/8 2708/45/8 2707/44/8
f 2709/49/1 2710/47/1 2711/48/1
f 2710/47/1 2712/46/1 2711/48/1
s 1
f 2713/44/28 2714/42/28 2715/45/28
s 0
f 2714/42/26 2716/43/26 2715/45/26
f 2717/45/8 2718/51/8 2719/44/8
f 2718/51/8 2720/50/8 2719/44/8
f 2721/53/7 2722/45/7 2723/52/7
f 2722/45/7 2724/44/7 2723/52/7
f 2725/46/1 2726/47/1 2727/48/1
f 2726/47/1 2728/49/1 2727/48/1
f 2729/43/26 2730/42/26 2731/45/26
f 2730/42/28 2732/44/28 2731/45/28
f 2733/55/7 2734/54/7 2735/44/7
s 1
f 2734/54/7 2736/45/7 2735/44/7
s 0
f 2737/44/8 2738/45/8 2739/52/8
f 2738/45/18 2740/53/18 2739/52/18
f 2741/48/1 2742/46/1 2709/49/1
f 2742/46/1 2710/47/1 2709/49/1
f 2743/45/7 2721/53/7 2744/44/7
f 2721/53/7 2723/52/7 2744/44/7
f 2745/45/8 2746/44/8 2747/51/8
f 2746/44/8 2720/50/8 2718/51/8
f 2726/47/1 2748/46/1 2728/49/1
f 2748/46/1 2749/48/1 2728/49/1
f 2750/44/7 2751/45/7 2733/55/7
f 2751/45/7 2752/54/7 2733/55/7
f 2739/52/8 2740/53/8 2753/44/8
f 2740/53/8 2754/45/8 2753/44/8
f 2755/44/68 2756/42/68 2757/45/68
f 2756/42/31 2758/43/31 2757/45/31
f 2759/59/9 2760/57/9 2761/58/9
f 2760/57/9 2762/56/9 2761/58/9
f 2763/45/18 2764/51/18 2765/44/18
f 2764/51/8 2766/50/8 2765/44/8
f 2767/53/7 2768/45/7 2769/52/7
f 2768/45/7 2770/44/7 2769/52/7
f 2771/61/7 2772/19/7 2773/60/7
f 2772/19/7 2774/20/7 2773/60/7
f 2775/60/49 2776/20/49 2777/63/49
f 2776/20/49 2778/62/49 2777/63/49
s 1
f 2779/62/106 2780/63/106 2781/64/106
s 0
f 2780/63/39 2782/66/39 2781/64/39
f 2783/67/55 2784/65/55 2785/66/55
f 2784/65/55 2786/64/55 2785/66/55
f 2787/63/42 2788/62/42 2789/60/42
s 1
f 2788/62/107 2790/20/42 2789/60/108
s 0
f 2791/20/7 2792/19/7 2793/60/7
f 2792/19/29 2794/61/29 2793/60/29
f 2795/62/56 2796/20/56 2797/63/56
f 2796/20/56 2798/60/56 2797/63/56
f 2799/64/75 2800/65/75 2801/66/75
f 2800/65/75 2802/67/75 2801/66/75
f 2803/62/36 2804/64/36 2805/63/36
f 2804/64/45 2806/66/45 2805/63/45
s 1
f 2807/20/46 2808/62/37 2809/60/90
f 2808/62/37 2810/63/109 2809/60/90
s 0
f 2811/61/7 2812/19/7 2813/60/7
f 2812/19/7 2814/20/7 2813/60/7
f 2815/60/49 2816/20/49 2817/63/49
f 2816/20/49 2818/62/49 2817/63/49
f 2819/62/40 2820/63/40 2821/64/40
f 2820/63/39 2822/66/39 2821/64/39
f 2823/67/41 2824/65/41 2825/66/41
f 2824/65/50 2826/64/50 2825/66/50
s 1
f 2827/63/43 2828/62/79 2829/60/52
s 0
f 2828/62/42 2830/20/42 2829/60/42
f 2831/20/7 2832/19/7 2833/60/7
s 1
f 2832/19/7 2834/61/7 2833/60/7
s 0
f 2835/62/33 2836/20/33 2837/63/33
f 2836/20/88 2838/60/88 2837/63/88
f 2839/64/34 2840/65/34 2841/66/34
f 2840/65/75 2842/67/75 2841/66/75
f 2843/62/36 2844/64/36 2845/63/36
f 2844/64/36 2846/66/36 2845/63/36
s 1
f 2847/20/47 2848/62/46 2849/60/46
s 0
f 2848/62/37 2850/63/37 2849/60/37
f 2851/20/29 2852/19/29 2853/60/29
f 2852/19/29 2854/61/29 2853/60/29
s 1
f 2855/62/44 2856/20/44 2857/63/110
s 0
f 2856/20/56 2858/60/56 2857/63/56
f 2859/64/34 2860/65/34 2861/66/34
f 2860/65/75 2862/67/75 2861/66/75
f 2863/62/36 2864/64/36 2865/63/36
f 2864/64/36 2866/66/36 2865/63/36
f 2867/20/111 2868/62/111 2869/60/111
s 1
f 2868/62/37 2870/63/37 2869/60/37
s 0
f 2871/61/7 2872/19/7 2873/60/7
f 2872/19/7 2874/20/7 2873/60/7
s 1
f 2875/60/112 2876/20/49 2877/63/113
f 2876/20/49 2878/62/114 2877/63/113
s 0
f 2879/62/40 2880/63/40 2881/64/40
f 2880/63/85 2882/66/85 2881/64/85
s 1
f 2883/67/115 2884/65/115 2885/66/115
s 0
f 2884/65/116 2886/64/116 2885/66/116
s 1
f 2887/63/52 2888/62/51 2889/60/51
s 0
f 2888/62/91 2890/20/117 2889/60/91
s 1
f 2891/61/8 2892/60/8 2893/19/8
s 0
f 2892/60/8 2894/20/8 2893/19/8
f 2895/63/62 2896/66/62 2897/62/62
f 2896/66/64 2898/64/64 2897/62/64
f 2899/63/70 2900/66/70 2901/62/70
f 2900/66/70 2902/64/70 2901/62/70
f 2903/60/18 2904/61/18 2905/20/18
f 2904/61/8 2906/19/8 2905/20/8
f 2907/61/8 2908/60/8 2909/19/8
f 2908/60/8 2910/20/8 2909/19/8
f 2911/63/62 2912/66/62 2913/62/62
f 2912/66/62 2914/64/62 2913/62/62
f 2915/63/70 2916/66/70 2917/62/70
f 2916/66/70 2918/64/70 2917/62/70
f 2919/60/8 2920/61/8 2921/20/8
f 2920/61/8 2922/19/8 2921/20/8
f 2923/63/61 2924/66/61 2925/62/61
f 2924/66/70 2926/64/70 2925/62/70
f 2927/60/18 2928/61/18 2929/20/18
f 2928/61/8 2930/19/8 2929/20/8
f 2931/61/8 2932/60/8 2933/19/8
s 1
f 2932/60/8 2934/20/8 2933/19/8
s 0
f 2935/62/62 2936/64/62 2937/63/62
f 2936/64/62 2938/66/62 2937/63/62
f 2939/43/68 2940/42/68 2941/45/68
f 2940/42/32 2942/44/32 2941/45/32
f 2943/56/9 2944/57/9 2945/58/9
f 2944/57/9 2946/59/9 2945/58/9
f 2947/55/7 2948/54/7 2949/44/7
f 2948/54/29 2950/45/29 2949/44/29
f 2951/44/118 2952/45/118 2953/52/118
f 2952/45/8 2954/53/8 2953/52/8
f 2955/20/8 2956/19/8 2957/60/8
f 2956/19/8 2958/61/8 2957/60/8
f 2959/62/119 2960/20/42 2961/63/42
f 2960/20/42 2962/60/42 2961/63/42
f 2963/66/77 2964/63/77 2965/64/77
f 2964/63/65 2966/62/65 2965/64/65
s 1
f 2967/64/41 2968/65/41 2969/66/41
s 0
f 2968/65/55 2970/67/55 2969/66/55
f 2971/20/49 2972/62/49 2973/60/49
f 2972/62/120 2974/63/120 2973/60/120
f 2975/61/18 2976/19/18 2977/60/18
f 2976/19/18 2978/20/18 2977/60/18
s 1
f 2979/60/37 2980/20/89 2981/63/37
s 0
f 2980/20/48 2982/62/48 2981/63/48
f 2983/67/35 2984/65/35 2985/66/35
s 1
f 2984/65/75 2986/64/75 2985/66/75
s 0
f 2987/66/61 2988/64/61 2989/63/61
f 2988/64/60 2990/62/60 2989/63/60
f 2991/63/33 2992/62/33 2993/60/33
f 2992/62/33 2994/20/33 2993/60/33
f 2995/20/8 2996/19/8 2997/60/8
f 2996/19/8 2998/61/8 2997/60/8
f 2999/62/43 3000/20/43 3001/63/43
f 3000/20/79 3002/60/79 3001/63/79
f 3003/66/62 3004/63/62 3005/64/62
f 3004/63/62 3006/62/62 3005/64/62
f 3007/64/41 3008/65/41 3009/66/41
s 1
f 3008/65/121 3010/67/121 3009/66/55
s 0
f 3011/20/38 3012/62/38 3013/60/38
f 3012/62/38 3014/63/38 3013/60/38
f 3015/61/18 3016/19/18 3017/60/18
f 3016/19/18 3018/20/18 3017/60/18
s 1
f 3019/60/47 3020/20/90 3021/63/122
f 3020/20/90 3022/62/111 3021/63/122
s 0
f 3023/67/75 3024/65/75 3025/66/75
f 3024/65/75 3026/64/75 3025/66/75
f 3027/66/70 3028/64/70 3029/63/70
f 3028/64/70 3030/62/70 3029/63/70
f 3031/63/56 3032/62/56 3033/60/56
f 3032/62/56 3034/20/56 3033/60/56
f 3035/61/8 3036/19/8 3037/60/8
f 3036/19/8 3038/20/8 3037/60/8
f 3039/60/89 3040/20/89 3041/63/89
f 3040/20/123 3042/62/123 3041/63/123
s 1
f 3043/67/124 3044/65/124 3045/66/76
s 0
f 3044/65/34 3046/64/34 3045/66/34
f 3047/66/60 3048/64/60 3049/63/60
f 3048/64/63 3050/62/63 3049/63/63
s 1
f 3051/63/72 3052/62/57 3053/60/57
s 0
f 3052/62/56 3054/20/56 3053/60/56
f 3055/20/8 3056/19/8 3057/60/8
s 1
f 3056/19/8 3058/61/8 3057/60/8
s 0
f 3059/62/52 3060/20/52 3061/63/52
s 1
f 3060/20/51 3062/60/115 3061/63/51
s 0
f 3063/66/62 3064/63/62 3065/64/62
f 3064/63/77 3066/62/77 3065/64/77
f 3067/64/116 3068/65/116 3069/66/116
s 1
f 3068/65/74 3070/67/125 3069/66/74
s 0
f 3071/20/126 3072/62/120 3073/60/113
s 1
f 3072/62/120 3074/63/127 3073/60/120
s 0
f 3075/20/7 3076/60/7 3077/19/7
f 3076/60/7 3078/61/7 3077/19/7
f 3079/64/40 3080/66/40 3081/62/40
f 3080/66/39 3082/63/39 3081/62/39
f 3083/64/59 3084/66/58 3085/62/58
f 3084/66/45 3086/63/45 3085/62/45
f 3087/19/29 3088/61/29 3089/20/29
f 3088/61/29 3090/60/29 3089/20/29
f 3091/20/7 3092/60/7 3093/19/7
f 3092/60/7 3094/61/7 3093/19/7
f 3095/64/39 3096/66/39 3097/62/39
f 3096/66/85 3098/63/85 3097/62/85
f 3099/64/45 3100/66/45 3101/62/45
f 3100/66/45 3102/63/45 3101/62/45
f 3103/19/7 3104/61/7 3105/20/7
f 3104/61/29 3106/60/29 3105/20/29
f 3107/64/45 3108/66/45 3109/62/45
f 3108/66/36 3110/63/36 3109/62/36
f 3111/19/7 3112/61/7 3113/20/7
f 3112/61/29 3114/60/29 3113/20/29
f 3115/20/7 3116/60/7 3117/19/7
f 3116/60/7 3118/61/7 3117/19/7
f 3119/66/39 3120/64/39 3121/63/39
f 3120/64/40 3122/62/40 3121/63/40
f 3123/45/7 2767/53/7 3124/44/7
f 2767/53/7 2769/52/7 3124/44/7
f 2761/58/9 2762/56/9 3125/59/9
f 2762/56/9 3126/57/9 3125/59/9
f 3127/45/8 3128/44/8 2764/51/8
f 3128/44/8 3129/50/8 2764/51/8
f 3130/44/7 3131/45/7 2947/55/7
f 3131/45/29 2948/54/29 2947/55/29
f 3132/57/9 2943/56/9 3133/59/9
f 2943/56/9 2945/58/9 3133/59/9
f 3134/52/8 2954/53/8 3135/44/8
f 2954/53/18 3136/45/18 3135/44/18
f 3137/44/68 3138/42/68 3139/45/68
f 3138/42/68 3140/43/68 3139/45/68
f 3141/59/9 3142/57/9 3143/58/9
f 3142/57/9 3144/56/9 3143/58/9
f 3145/45/8 3146/51/8 3147/44/8
f 3146/51/8 3148/50/8 3147/44/8
f 3149/53/7 3150/45/7 3151/52/7
f 3150/45/7 3152/44/7 3151/52/7
f 3153/43/31 3154/42/31 3155/45/31
f 3154/42/32 3156/44/32 3155/45/32
f 3157/56/9 3158/57/9 3159/58/9
f 3158/57/9 3160/59/9 3159/58/9
f 3161/55/7 3162/54/7 3163/44/7
f 3162/54/7 3164/45/7 3163/44/7
f 3165/44/8 3166/45/8 3167/52/8
f 3166/45/8 3168/53/8 3167/52/8
f 3169/45/7 3149/53/7 3170/44/7
f 3149/53/7 3151/52/7 3170/44/7
f 3143/58/9 3144/56/9 3171/59/9
f 3144/56/9 3172/57/9 3171/59/9
f 3173/45/18 3174/44/18 3146/51/18
f 3174/44/8 3175/50/8 3146/51/8
f 3176/44/7 3177/45/7 3161/55/7
f 3177/45/7 3162/54/7 3161/55/7
f 3178/57/9 3157/56/9 3179/59/9
f 3157/56/9 3159/58/9 3179/59/9
f 3180/52/8 3168/53/8 3181/44/8
f 3168/53/128 3182/45/129 3183/44/129
f 3184/44/68 3185/42/68 3186/45/68
f 3185/42/32 3187/43/32 3186/45/32
f 3188/59/9 3189/57/9 3190/58/9
f 3189/57/9 3191/56/9 3190/58/9
f 3192/45/8 3193/51/8 3194/44/8
f 3193/51/8 3195/50/8 3194/44/8
f 3196/53/7 3197/45/7 3198/52/7
f 3197/45/7 3199/44/7 3198/52/7
f 3200/43/32 3201/42/32 3202/45/32
f 3201/42/68 3203/44/68 3202/45/68
f 3204/56/9 3205/57/9 3206/58/9
f 3205/57/9 3207/59/9 3206/58/9
f 3208/55/7 3209/54/7 3210/44/7
f 3209/54/87 3211/45/87 3210/44/87
f 3212/44/8 3213/45/8 3214/52/8
f 3213/45/18 3215/53/18 3214/52/18
f 3216/45/7 3196/53/7 3217/44/7
f 3196/53/7 3198/52/7 3217/44/7
f 3190/58/9 3191/56/9 3218/59/9
f 3191/56/9 3219/57/9 3218/59/9
f 3220/45/8 3221/44/8 3193/51/8
f 3221/44/8 3195/50/8 3193/51/8
s 1
f 3222/44/7 3223/45/7 3208/55/7
s 0
f 3223/45/29 3209/54/29 3208/55/29
f 3224/57/9 3204/56/9 3225/59/9
f 3204/56/9 3206/58/9 3225/59/9
f 3214/52/8 3215/53/8 3226/44/8
f 3215/53/8 3227/45/8 3226/44/8
f 3228/49/1 3229/47/1 3230/48/1
f 3229/47/1 3231/46/1 3230/48/1
f 3232/44/26 3233/42/26 3234/45/26
f 3233/42/26 3235/43/26 3234/45/26
f 3236/45/8 3237/51/8 3238/44/8
f 3237/51/8 3239/50/8 3238/44/8
f 3240/53/7 3241/45/7 3242/52/7
f 3241/45/7 3243/44/7 3242/52/7
f 3244/46/1 3245/47/1 3246/48/1
f 3245/47/1 3247/49/1 3246/48/1
f 3248/43/26 3249/42/26 3250/45/26
f 3249/42/130 3251/44/130 3250/45/130
f 3252/55/7 3253/54/7 3254/44/7
f 3253/54/29 3255/45/29 3254/44/29
f 3256/44/8 3257/45/8 3258/52/8
s 1
f 3257/45/8 3259/53/8 3258/52/8
s 0
f 3260/48/1 3261/46/1 3228/49/1
f 3261/46/1 3229/47/1 3228/49/1
f 3262/45/30 3263/53/30 3264/44/30
f 3263/53/7 3242/52/7 3264/44/7
f 3265/45/8 3266/44/8 3267/51/8
f 3266/44/8 3239/50/8 3237/51/8
f 3245/47/1 3268/46/1 3247/49/1
f 3268/46/1 3269/48/1 3247/49/1
f 3270/44/7 3271/45/7 3252/55/7
f 3271/45/7 3253/54/7 3252/55/7
f 3258/52/8 3259/53/8 3272/44/8
f 3259/53/8 3273/45/8 3272/44/8
f 3274/44/31 3275/42/31 3276/45/31
f 3275/42/68 3277/43/68 3276/45/68
f 3278/59/9 3279/57/9 3280/58/9
f 3279/57/9 3281/56/9 3280/58/9
f 3282/45/8 3283/51/8 3284/44/8
f 3283/51/8 3285/50/8 3284/44/8
f 3286/53/29 3287/45/29 3288/52/29
f 3287/45/7 3289/44/7 3288/52/7
f 3290/61/7 3291/19/7 3292/60/7
f 3291/19/7 3293/20/7 3292/60/7
f 3294/60/49 3295/20/49 3296/63/49
f 3295/20/131 3297/62/131 3296/63/131
f 3298/62/39 3299/63/39 3300/64/39
f 3299/63/39 3301/66/39 3300/64/39
f 3302/67/41 3303/65/41 3304/66/41
f 3303/65/41 3305/64/41 3304/66/41
f 3306/63/79 3307/62/79 3308/60/79
f 3307/62/42 3309/20/42 3308/60/42
f 3310/20/7 3311/19/7 3312/60/7
f 3311/19/7 3313/61/7 3312/60/7
s 1
f 3314/62/33 3315/20/33 3316/63/33
s 0
f 3315/20/33 3317/60/33 3316/63/33
f 3318/64/34 3319/65/34 3320/66/34
f 3319/65/35 3321/67/35 3320/66/35
f 3322/62/81 3323/64/81 3324/63/81
f 3323/64/81 3325/66/81 3324/63/81
f 3326/20/37 3327/62/37 3328/60/37
f 3327/62/37 3329/63/37 3328/60/37
f 3330/61/7 3331/19/7 3332/60/7
f 3331/19/7 3333/20/7 3332/60/7
s 1
f 3334/60/49 3335/20/49 3336/63/49
s 0
f 3335/20/49 3337/62/49 3336/63/49
f 3338/62/39 3339/63/39 3340/64/39
f 3339/63/54 3341/66/54 3340/64/54
f 3342/67/41 3343/65/41 3344/66/41
f 3343/65/41 3345/64/41 3344/66/41
f 3346/63/43 3347/62/43 3348/60/43
f 3347/62/43 3349/20/43 3348/60/43
f 3350/61/8 3351/60/8 3352/19/8
f 3351/60/8 3353/20/8 3352/19/8
f 3354/63/65 3355/66/65 3356/62/65
f 3355/66/65 3357/64/65 3356/62/65
f 3358/63/70 3359/66/70 3360/62/70
f 3359/66/70 3361/64/70 3360/62/70
f 3362/60/8 3363/61/8 3364/20/8
f 3363/61/8 3365/19/8 3364/20/8
f 3366/61/8 3367/60/8 3368/19/8
f 3367/60/8 3369/20/8 3368/19/8
f 3370/62/65 3371/64/65 3372/63/65
f 3371/64/65 3373/66/65 3372/63/65
f 3374/43/31 3375/42/31 3376/45/31
f 3375/42/68 3377/44/68 3376/45/68
f 3378/56/9 3379/57/9 3380/58/9
f 3379/57/9 3381/59/9 3380/58/9
f 3382/55/7 3383/54/7 3384/44/7
f 3383/54/29 3385/45/29 3384/44/29
f 3386/44/8 3387/45/8 3388/52/8
f 3387/45/18 3389/53/18 3388/52/18
f 3390/20/8 3391/19/8 3392/60/8
f 3391/19/8 3393/61/8 3392/60/8
f 3394/62/42 3395/20/42 3396/63/42
f 3395/20/42 3397/60/42 3396/63/42
f 3398/66/66 3399/63/66 3400/64/66
f 3399/63/62 3401/62/62 3400/64/62
f 3402/64/55 3403/65/55 3404/66/55
f 3403/65/50 3405/67/50 3404/66/50
f 3406/20/38 3407/62/38 3408/60/38
f 3407/62/127 3409/63/127 3408/60/127
f 3410/61/8 3411/19/8 3412/60/8
f 3411/19/8 3413/20/8 3412/60/8
f 3414/60/37 3415/20/90 3416/63/90
f 3415/20/132 3417/62/37 3416/63/37
f 3418/67/75 3419/65/75 3420/66/75
f 3419/65/75 3421/64/75 3420/66/75
f 3422/66/60 3423/64/60 3424/63/60
f 3423/64/70 3425/62/70 3424/63/70
f 3426/63/33 3427/62/33 3428/60/33
s 1
f 3427/62/56 3429/20/56 3428/60/56
s 0
f 3430/20/8 3431/19/8 3432/60/8
f 3431/19/8 3433/61/8 3432/60/8
s 1
f 3434/62/42 3435/20/42 3436/63/42
s 0
f 3435/20/51 3437/60/51 3436/63/51
f 3438/66/62 3439/63/62 3440/64/62
f 3439/63/62 3441/62/62 3440/64/62
f 3442/64/41 3443/65/41 3444/66/41
f 3443/65/55 3445/67/55 3444/66/55
s 1
f 3446/20/133 3447/62/133 3448/60/120
s 0
f 3447/62/49 3449/63/49 3448/60/49
f 3450/20/7 3451/60/7 3452/19/7
f 3451/60/7 3453/61/7 3452/19/7
f 3454/64/39 3455/66/39 3456/62/39
f 3455/66/40 3457/63/40 3456/62/40
f 3458/64/45 3459/66/45 3460/62/45
f 3459/66/36 3461/63/36 3460/62/36
f 3462/19/7 3463/61/7 3464/20/7
f 3463/61/7 3465/60/7 3464/20/7
f 3466/20/7 3467/60/7 3468/19/7
f 3467/60/7 3469/61/7 3468/19/7
f 3470/66/39 3471/64/39 3472/63/39
f 3471/64/39 3473/62/39 3472/63/39
f 3474/45/7 3286/53/7 3475/44/7
f 3286/53/7 3288/52/7 3475/44/7
f 3280/58/9 3281/56/9 3476/59/9
f 3281/56/9 3477/57/9 3476/59/9
f 3478/45/8 3479/44/8 3283/51/8
f 3479/44/8 3285/50/8 3283/51/8
f 3480/44/7 3481/45/7 3382/55/7
f 3481/45/7 3383/54/7 3382/55/7
f 3482/57/9 3378/56/9 3483/59/9
f 3378/56/9 3380/58/9 3483/59/9
f 3388/52/8 3389/53/8 3484/44/8
f 3389/53/8 3485/45/8 3484/44/8
f 3486/59/9 3487/57/9 3488/58/9
f 3487/57/9 3489/56/9 3488/58/9
f 3490/45/8 3491/51/8 3492/44/8
f 3491/51/8 3493/50/8 3492/44/8
f 3494/53/7 3495/45/7 3496/52/7
f 3495/45/7 3497/44/7 3496/52/7
f 3498/56/9 3499/57/9 3500/58/9
f 3499/57/9 3501/59/9 3500/58/9
f 3502/55/7 3503/54/7 3504/44/7
f 3503/54/7 3505/45/7 3504/44/7
s 1
f 3506/44/8 3507/45/8 3508/52/8
s 0
f 3507/45/18 3509/53/18 3508/52/18
f 3510/49/1 3511/47/1 3512/48/1
f 3511/47/1 3513/46/1 3512/48/1
f 3514/44/134 3515/42/134 3516/45/134
f 3515/42/135 3517/43/135 3516/45/135
f 3518/45/8 3519/51/8 3520/44/8
f 3519/51/8 3521/50/8 3520/44/8
f 3522/53/7 3523/45/7 3524/52/7
f 3523/45/7 3525/44/7 3524/52/7
f 3526/46/1 3527/47/1 3528/48/1
f 3527/47/1 3529/49/1 3528/48/1
f 3530/43/136 3531/42/136 3532/45/136
f 3531/42/137 3533/44/137 3532/45/137
f 3534/55/7 3535/54/7 3536/44/7
f 3535/54/7 3537/45/7 3536/44/7
f 3538/44/8 3539/45/8 3540/52/8
f 3539/45/8 3541/53/8 3540/52/8
f 3542/48/1 3543/46/1 3510/49/1
f 3543/46/1 3511/47/1 3510/49/1
f 3544/45/7 3545/53/7 3546/44/7
f 3545/53/7 3524/52/7 3546/44/7
f 3547/45/8 3548/44/8 3549/51/8
f 3548/44/8 3521/50/8 3519/51/8
f 3527/47/1 3550/46/1 3529/49/1
f 3550/46/1 3551/48/1 3529/49/1
f 3552/44/7 3553/45/7 3534/55/7
f 3553/45/7 3554/54/7 3534/55/7
f 3540/52/8 3541/53/8 3555/44/8
f 3541/53/8 3556/45/8 3555/44/8
f 1407/47/1 3557/46/1 1409/49/1
f 3557/46/1 3558/48/1 1409/49/1
f 1416/52/7 1417/53/7 3559/44/7
f 1417/53/7 3560/45/7 3559/44/7
f 1410/50/8 3561/44/8 1411/51/8
f 3561/44/8 3562/45/8 1411/51/8
f 3563/48/1 3564/46/1 1422/49/1
f 3564/46/1 1423/47/1 1422/49/1
f 1427/54/7 3565/45/7 1429/55/7
f 3565/45/7 3566/44/7 1429/55/7
f 3567/45/8 1430/53/8 3568/44/8
f 1430/53/8 1432/52/8 3568/44/8
s 1
f 3569/20/7 3570/19/7 3571/60/7
s 0
f 3570/19/7 3572/61/7 3571/60/7
f 3573/62/33 3574/20/33 3575/63/33
s 1
f 3574/20/44 3576/60/44 3575/63/44
f 3577/64/34 3578/65/34 3579/66/34
s 0
f 3578/65/34 3580/67/34 3579/66/34
f 3581/62/81 3582/64/82 3583/63/81
f 3582/64/81 3584/66/81 3583/63/81
s 1
f 3585/20/90 3586/62/90 3587/60/90
f 3586/62/90 3588/63/90 3587/60/90
s 0
f 3589/62/138 3590/63/138 3591/64/138
f 3590/63/139 3592/66/139 3591/64/139
f 3593/20/8 3594/60/8 3595/19/8
f 3594/60/8 3596/61/8 3595/19/8
s 1
f 3597/61/8 3598/19/8 3599/60/8
s 0
f 3598/19/8 3600/20/8 3599/60/8
f 3601/60/47 3602/20/89 3603/63/89
f 3602/20/37 3604/62/37 3603/63/37
f 3605/67/34 3606/65/34 3607/66/34
f 3606/65/75 3608/64/75 3607/66/75
f 3609/66/70 3610/64/70 3611/63/70
f 3610/64/70 3612/62/70 3611/63/70
f 3613/63/56 3614/62/56 3615/60/56
s 1
f 3614/62/56 3616/20/56 3615/60/56
s 0
f 3617/66/36 3618/63/36 3619/64/36
f 3618/63/81 3620/62/81 3619/64/81
f 3621/61/7 3622/60/7 3623/19/7
f 3622/60/7 3624/20/7 3623/19/7
f 3625/42/68 3626/43/68 3627/44/68
s 1
f 3626/43/32 3628/45/32 3627/44/32
s 0
f 3489/56/9 3629/57/9 3488/58/9
f 3629/57/9 3630/59/9 3488/58/9
f 3631/50/8 3491/51/8 3632/44/8
f 3491/51/8 3633/45/8 3632/44/8
f 3634/44/7 3635/45/7 3636/52/7
f 3635/45/29 3494/53/29 3496/52/29
f 3637/45/68 3638/43/68 3639/44/68
f 3638/43/68 3640/42/68 3639/44/68
f 3641/59/9 3642/57/9 3500/58/9
f 3642/57/9 3498/56/9 3500/58/9
f 3643/45/7 3503/54/7 3644/44/7
f 3503/54/7 3502/55/7 3644/44/7
f 3509/53/8 3645/45/8 3508/52/8
f 3645/45/8 3646/44/8 3647/52/8
f 3648/19/10 3649/20/10 3650/24/10
f 3649/20/10 3651/23/10 3650/24/10
f 3652/20/9 3653/19/9 3654/23/9
f 3653/19/9 3655/24/9 3654/23/9
f 3651/23/10 3656/20/10 3650/24/10
f 3656/20/10 3657/19/10 3650/24/10
f 3655/24/9 3658/19/9 3654/23/9
f 3658/19/9 3659/20/9 3654/23/9
f 3660/75/1 3661/48/1 3662/76/1
f 3661/48/1 3663/77/1 3662/76/1
f 3664/75/1 3665/48/1 3666/76/1
f 3665/48/1 3667/77/1 3666/76/1
f 3668/19/1 3669/78/1 3670/24/1
f 3669/78/1 3671/23/1 3670/24/1
f 3672/19/1 3673/78/1 3674/24/1
f 3673/78/1 3675/23/1 3674/24/1
f 3676/75/1 3677/48/1 3678/76/1
f 3677/48/1 3679/77/1 3678/76/1
f 3680/75/1 3681/48/1 3682/76/1
f 3681/48/1 3683/77/1 3682/76/1
f 3684/19/1 3685/78/1 3686/24/1
f 3685/78/1 3687/23/1 3686/24/1
f 3688/19/1 3689/78/1 3690/24/1
f 3689/78/1 3691/23/1 3690/24/1
f 3692/75/1 3693/48/1 3694/76/1
f 3693/48/1 3695/77/1 3694/76/1
f 3696/75/1 3697/48/1 3698/76/1
f 3697/48/1 3699/77/1 3698/76/1
f 3700/19/1 3701/78/1 3702/24/1
f 3701/78/1 3703/23/1 3702/24/1
f 3702/24/1 3703/23/1 3704/19/1
f 3703/23/1 3705/79/1 3704/19/1
f 3706/80/1 3707/81/1 3708/24/1
f 3707/81/1 3709/23/1 3708/24/1
f 3710/80/1 3711/81/1 3712/24/1
f 3711/81/1 3713/23/1 3712/24/1
f 3714/80/1 3715/81/1 3716/24/1
f 3715/81/1 3717/23/1 3716/24/1
f 3718/80/1 3719/81/1 3720/24/1
f 3719/81/1 3721/23/1 3720/24/1
f 3722/75/1 3723/48/1 3724/76/1
f 3723/48/1 3725/77/1 3724/76/1
f 3726/75/1 3727/48/1 3728/76/1
f 3727/48/1 3729/77/1 3728/76/1
f 3730/19/1 3731/78/1 3732/24/1
f 3731/78/1 3733/23/1 3732/24/1
f 3732/24/1 3733/23/1 3734/19/1
f 3733/23/1 3735/78/1 3734/19/1
f 3736/75/1 3737/48/1 3738/76/1
f 3737/48/1 3739/77/1 3738/76/1
f 3740/80/1 3741/81/1 3742/24/1
f 3741/81/1 3743/23/1 3742/24/1
f 3744/75/1 3745/48/1 3746/76/1
f 3745/48/1 3747/77/1 3746/76/1
f 3748/24/1 3749/23/1 3750/19/1
f 3749/23/1 3751/78/1 3750/19/1
f 3752/24/1 3753/23/1 3754/19/1
f 3753/23/1 3755/79/1 3754/19/1
f 3756/75/1 3757/48/1 3758/76/1
f 3757/48/1 3759/77/1 3758/76/1
f 3760/75/1 3761/48/1 3762/76/1
f 3761/48/1 3763/43/1 3762/76/1
f 3764/82/1 3765/24/1 3766/81/1
f 3765/24/1 3767/80/1 3766/81/1
f 3768/24/1 3769/23/1 3770/19/1
f 3769/23/1 3771/79/1 3770/19/1
f 3772/24/1 3773/23/1 3774/19/1
f 3773/23/1 3775/79/1 3774/19/1
f 3776/80/1 3777/81/1 3778/24/1
f 3777/81/1 3779/23/1 3778/24/1
f 3780/75/1 3781/48/1 3782/76/1
f 3781/48/1 3783/43/1 3782/76/1
f 3784/75/1 3785/48/1 3786/76/1
f 3785/48/1 3787/77/1 3786/76/1
f 3788/24/1 3789/23/1 3790/19/1
f 3789/23/1 3791/79/1 3790/19/1
f 3792/24/1 3793/23/1 3794/19/1
f 3793/23/1 3795/79/1 3794/19/1
f 3796/80/1 3797/81/1 3798/24/1
f 3797/81/1 3799/23/1 3798/24/1
f 3800/75/1 3801/48/1 3802/76/1
f 3801/48/1 3803/77/1 3802/76/1
f 3804/75/1 3805/48/1 3806/76/1
f 3805/48/1 3807/77/1 3806/76/1
f 3808/19/1 3809/78/1 3810/24/1
f 3809/78/1 3811/23/1 3810/24/1
f 3810/24/1 3811/23/1 3812/19/1
f 3811/23/1 3813/79/1 3812/19/1
f 3814/75/1 3815/48/1 3816/76/1
f 3815/48/1 3817/77/1 3816/76/1
f 3818/75/1 3819/48/1 3820/76/1
f 3819/48/1 3821/77/1 3820/76/1
f 3822/80/1 3823/81/1 3824/24/1
f 3823/81/1 3825/23/1 3824/24/1
f 3826/81/1 3827/80/1 3825/23/1
f 3827/80/1 3824/24/1 3825/23/1
f 3828/75/1 3829/48/1 3830/76/1
f 3829/48/1 3831/77/1 3830/76/1
f 3832/48/1 3833/83/1 3834/84/1
f 3833/83/1 3835/45/1 3834/84/1
f 3836/24/1 3837/23/1 3838/19/1
f 3837/23/1 3839/79/1 3838/19/1
f 3840/24/1 3841/23/1 3842/19/1
f 3841/23/1 3843/79/1 3842/19/1
f 3844/81/1 3845/80/1 3799/23/1
f 3845/80/1 3798/24/1 3799/23/1
f 3846/75/1 3847/48/1 3848/76/1
f 3847/48/1 3849/77/1 3848/76/1
f 3850/83/1 3851/48/1 3852/45/1
f 3851/48/1 3849/77/1 3852/45/1
f 3853/19/1 3854/79/1 3855/24/1
f 3854/79/1 3856/23/1 3855/24/1
f 3857/19/1 3858/79/1 3859/24/1
f 3858/79/1 3860/23/1 3859/24/1
f 3861/81/1 3862/80/1 3779/23/1
f 3862/80/1 3778/24/1 3779/23/1
f 3863/75/1 3864/48/1 3865/76/1
f 3864/48/1 3866/77/1 3865/76/1
f 3867/75/1 3868/48/1 3869/76/1
f 3868/48/1 3870/77/1 3869/76/1
f 3871/24/1 3872/23/1 3873/19/1
f 3872/23/1 3874/79/1 3873/19/1
f 3875/24/1 3876/23/1 3877/19/1
f 3876/23/1 3878/79/1 3877/19/1
f 3879/81/1 3880/80/1 3764/82/1
f 3880/80/1 3765/24/1 3764/82/1
f 3881/75/1 3882/48/1 3883/76/1
f 3882/48/1 3884/77/1 3883/76/1
f 3885/75/1 3886/48/1 3887/76/1
f 3886/48/1 3888/77/1 3887/76/1
f 3889/24/1 3890/23/1 3891/19/1
f 3890/23/1 3892/79/1 3891/19/1
f 3893/24/1 3894/23/1 3895/19/1
f 3894/23/1 3896/78/1 3895/19/1
f 3897/81/1 3898/80/1 3743/23/1
f 3898/80/1 3742/24/1 3743/23/1
f 3899/75/1 3900/48/1 3901/76/1
f 3900/48/1 3902/77/1 3901/76/1
f 3903/75/1 3904/48/1 3905/76/1
f 3904/48/1 3906/77/1 3905/76/1
f 3907/24/1 3908/23/1 3909/19/1
f 3908/23/1 3910/78/1 3909/19/1
f 3911/24/1 3912/23/1 3913/19/1
f 3912/23/1 3914/78/1 3913/19/1
f 3915/81/1 3916/80/1 3721/23/1
f 3916/80/1 3720/24/1 3721/23/1
f 3917/75/1 3918/48/1 3919/76/1
f 3918/48/1 3920/77/1 3919/76/1
f 3921/75/1 3922/48/1 3923/76/1
f 3922/48/1 3924/77/1 3923/76/1
f 3925/19/1 3926/78/1 3927/24/1
f 3926/78/1 3928/23/1 3927/24/1
f 3927/24/1 3928/23/1 3929/19/1
f 3928/23/1 3930/78/1 3929/19/1
f 3931/81/1 3932/80/1 3709/23/1
f 3932/80/1 3708/24/1 3709/23/1
f 3933/75/1 3934/48/1 3935/76/1
f 3934/48/1 3936/77/1 3935/76/1
f 3937/75/1 3938/48/1 3939/76/1
f 3938/48/1 3940/77/1 3939/76/1
f 3941/19/1 3942/78/1 3943/24/1
f 3942/78/1 3944/23/1 3943/24/1
f 3943/24/1 3944/23/1 3945/19/1
f 3944/23/1 3946/78/1 3945/19/1
f 3947/81/1 3948/80/1 3717/23/1
f 3948/80/1 3716/24/1 3717/23/1
f 3949/75/1 3950/48/1 3951/76/1
f 3950/48/1 3952/77/1 3951/76/1
f 3953/75/1 3954/48/1 3955/76/1
f 3954/48/1 3956/77/1 3955/76/1
f 3957/19/1 3958/78/1 3959/24/1
f 3958/78/1 3960/23/1 3959/24/1
f 3959/24/1 3960/23/1 3961/19/1
f 3960/23/1 3962/78/1 3961/19/1
f 3963/81/1 3964/80/1 3713/23/1
f 3964/80/1 3712/24/1 3713/23/1
f 3965/75/1 3966/48/1 3967/76/1
f 3966/48/1 3968/77/1 3967/76/1
f 3969/75/1 3970/48/1 3971/76/1
f 3970/48/1 3972/77/1 3971/76/1
f 3973/85/9 3974/86/9 3975/87/9
f 3974/86/9 3976/88/9 3975/87/9
f 3977/86/9 3978/88/9 3979/85/9
f 3978/88/9 3980/87/9 3979/85/9
f 3981/89/9 3982/90/9 3983/86/9
f 3982/90/9 3984/85/9 3983/86/9
f 3985/89/9 3986/90/9 3987/86/9
f 3986/90/9 3988/85/9 3987/86/9
f 3989/90/9 3988/85/9 3990/89/9
f 3988/85/9 3983/86/9 3990/89/9
f 3991/89/9 3992/90/9 3993/86/9
f 3992/90/9 3984/85/9 3993/86/9
f 3974/86/9 3994/88/9 3979/85/9
f 3994/88/9 3995/87/9 3979/85/9
f 3996/85/9 3977/86/9 3997/87/9
f 3977/86/9 3998/88/9 3997/87/9
f 3999/86/9 4000/88/9 4001/85/9
f 4000/88/9 4002/87/9 4001/85/9
f 4003/86/9 4004/88/9 4005/85/9
f 4004/88/9 4006/87/9 4005/85/9
f 4007/86/9 4008/88/9 4009/85/9
f 4008/88/9 4010/87/9 4009/85/9
f 4011/89/9 4012/90/9 4013/86/9
f 4012/90/9 4014/85/9 4013/86/9
f 4015/89/9 4016/90/9 4017/86/9
f 4016/90/9 4018/85/9 4017/86/9
f 4019/89/9 4020/90/9 4021/86/9
f 4020/90/9 4022/85/9 4021/86/9
f 4023/90/9 4022/85/9 4024/89/9
f 4022/85/9 4017/86/9 4024/89/9
f 4025/90/9 4018/85/9 4026/89/9
f 4018/85/9 4013/86/9 4026/89/9
f 4027/90/9 4014/85/9 4028/89/9
f 4014/85/9 4029/86/9 4028/89/9
f 3999/86/9 4030/88/9 4005/85/9
f 4030/88/9 4031/87/9 4005/85/9
f 4003/86/9 4032/88/9 4009/85/9
f 4032/88/9 4033/87/9 4009/85/9
f 4034/85/9 4007/86/9 4035/87/9
f 4007/86/9 4036/88/9 4035/87/9
f 4037/86/9 4038/88/9 4034/85/9
f 4038/88/9 4039/87/9 4034/85/9
f 4040/86/9 4041/88/9 4042/85/9
f 4041/88/9 4043/87/9 4042/85/9
f 4044/86/9 4045/88/9 4046/85/9
f 4045/88/9 4047/87/9 4046/85/9
f 4048/89/9 4049/90/9 4050/86/9
f 4049/90/9 4051/85/9 4050/86/9
f 4052/89/9 4053/90/9 4054/86/9
f 4053/90/9 4055/85/9 4054/86/9
f 4056/90/9 4057/85/9 4058/89/9
f 4057/85/9 3993/86/9 4058/89/9
f 4059/90/9 4057/85/9 4060/89/9
f 4057/85/9 4054/86/9 4060/89/9
f 4061/90/9 4055/85/9 4062/89/9
f 4055/85/9 4050/86/9 4062/89/9
f 4063/90/9 4051/85/9 4064/89/9
f 4051/85/9 4021/86/9 4064/89/9
f 4037/86/9 4065/88/9 4042/85/9
f 4065/88/9 4066/87/9 4042/85/9
f 4040/86/9 4067/88/9 4046/85/9
f 4067/88/9 4068/87/9 4046/85/9
f 4044/86/9 4069/88/9 3973/85/9
f 4069/88/9 4070/87/9 3973/85/9
f 4071/88/9 4072/86/9 4073/87/9
f 4072/86/9 4074/85/9 4073/87/9
f 4075/88/9 4076/86/9 4077/87/9
f 4076/86/9 4078/85/9 4077/87/9
f 4079/87/9 4080/88/9 4081/85/9
f 4080/88/9 4082/86/9 4081/85/9
f 4083/85/9 4084/90/9 4085/86/9
f 4084/90/9 4086/89/9 4085/86/9
f 4087/85/9 4088/90/9 4089/86/9
f 4088/90/9 4090/89/9 4089/86/9
f 4091/86/9 4092/85/9 4093/89/9
f 4092/85/9 4094/90/9 4093/89/9
f 4095/86/9 4083/85/9 4096/89/9
f 4083/85/9 4097/90/9 4096/89/9
f 4087/85/9 4098/90/9 4085/86/9
f 4098/90/9 4099/89/9 4085/86/9
f 4092/85/9 4100/90/9 4089/86/9
f 4100/90/9 4101/89/9 4089/86/9
f 4102/87/9 4103/88/9 4078/85/9
f 4103/88/9 4082/86/9 4078/85/9
f 4104/87/9 4105/88/9 4074/85/9
f 4105/88/9 4076/86/9 4074/85/9
f 4106/87/9 4107/88/9 4108/85/9
f 4107/88/9 4072/86/9 4108/85/9
f 4109/88/9 4110/86/9 4111/87/9
f 4110/86/9 4112/85/9 4111/87/9
f 4113/88/9 4114/86/9 4115/87/9
f 4114/86/9 4116/85/9 4115/87/9
f 4117/88/9 4118/86/9 4119/87/9
f 4118/86/9 4120/85/9 4119/87/9
f 4121/85/9 4122/90/9 4123/86/9
f 4122/90/9 4124/89/9 4123/86/9
f 4125/85/9 4126/90/9 4127/86/9
f 4126/90/9 4128/89/9 4127/86/9
f 4129/86/9 4130/85/9 4131/89/9
f 4130/85/9 4132/90/9 4131/89/9
f 4121/85/9 4133/90/9 4134/86/9
f 4133/90/9 4135/89/9 4134/86/9
f 4125/85/9 4136/90/9 4123/86/9
f 4136/90/9 4137/89/9 4123/86/9
f 4130/85/9 4138/90/9 4127/86/9
f 4138/90/9 4139/89/9 4127/86/9
f 4140/87/9 4141/88/9 4116/85/9
f 4141/88/9 4118/86/9 4116/85/9
f 4142/87/9 4143/88/9 4112/85/9
f 4143/88/9 4114/86/9 4112/85/9
f 4144/87/9 4145/88/9 4146/85/9
f 4145/88/9 4110/86/9 4146/85/9
f 4147/88/9 4148/86/9 4149/87/9
f 4148/86/9 4150/85/9 4149/87/9
f 4151/88/9 4152/86/9 4153/87/9
f 4152/86/9 4154/85/9 4153/87/9
f 4155/88/9 4156/86/9 4157/87/9
f 4156/86/9 4146/85/9 4157/87/9
f 4158/85/9 4159/90/9 4160/86/9
f 4159/90/9 4161/89/9 4160/86/9
f 4162/85/9 4163/90/9 4164/86/9
f 4163/90/9 4165/89/9 4164/86/9
f 4166/85/9 4167/90/9 4095/86/9
f 4167/90/9 4168/89/9 4095/86/9
f 4158/85/9 4169/90/9 4129/86/9
f 4169/90/9 4170/89/9 4129/86/9
f 4162/85/9 4171/90/9 4160/86/9
f 4171/90/9 4172/89/9 4160/86/9
f 4166/85/9 4173/90/9 4164/86/9
f 4173/90/9 4174/89/9 4164/86/9
f 4175/87/9 4176/88/9 4154/85/9
f 4176/88/9 4156/86/9 4154/85/9
f 4177/87/9 4178/88/9 4150/85/9
f 4178/88/9 4152/86/9 4150/85/9
f 4179/88/9 4148/86/9 4180/87/9
f 4148/86/9 4081/85/9 4180/87/9
f 4181/88/9 4182/86/9 4183/87/9
f 4182/86/9 4108/85/9 4183/87/9
f 4184/85/9 4185/90/9 3987/86/9
f 4185/90/9 3985/89/9 3987/86/9
f 4184/85/9 4186/90/9 4091/86/9
f 4186/90/9 4187/89/9 4091/86/9
f 4188/88/9 4182/86/9 3997/87/9
f 4182/86/9 3996/85/9 3997/87/9
s 1
f 4189/91/140 4190/92/140 4191/93/141
s 0
f 4190/92/10 4192/94/10 4191/93/10
f 4193/95/1 4194/96/1 4195/91/1
f 4194/96/1 4196/97/1 4195/91/1
f 4197/93/9 4198/98/9 4199/91/9
f 4198/98/9 4200/97/9 4199/91/9
f 4192/94/10 4190/92/10 4201/93/10
f 4190/92/140 4202/91/140 4201/93/140
f 4196/97/1 4194/96/1 4203/91/1
f 4194/96/1 4204/95/1 4203/91/1
f 4200/97/9 4198/98/9 4205/91/9
f 4198/98/9 4206/93/9 4205/91/9
f 4207/99/8 4208/100/8 4209/99/8
f 4208/100/8 4210/100/8 4209/99/8
s 1
f 4211/99/142 4212/100/143 4213/99/144
f 4212/100/143 4214/100/145 4213/99/144
s 0
f 4219/101/8 4210/100/8 4220/101/8
f 4210/100/8 4208/100/8 4220/101/8
s 1
f 4221/101/146 4222/100/147 4223/101/148
f 4222/100/147 4212/100/149 4223/101/148
f 4224/101/150 4225/100/151 4226/101/152
f 4225/100/151 4216/100/153 4226/101/152
f 4233/102/154 4235/99/154 4217/99/155
f 4244/103/156 4245/104/157 4246/103/158
s 0
f 4228/102/8 4227/102/8 4238/103/8
f 4227/102/8 4236/103/8 4238/103/8
s 1
f 4230/102/159 4229/102/160 4242/103/161
f 4229/102/160 4248/103/162 4242/103/161
f 4232/102/163 4251/103/164 4246/103/158
s 0
f 4220/101/8 4252/104/8 4219/101/8
f 4252/104/8 4253/104/8 4219/101/8
s 1
f 4223/101/148 4254/104/165 4221/101/146
s 0
f 4254/104/165 4255/104/165 4256/101/165
s 1
f 4226/101/152 4257/104/166 4224/101/167
s 0
f 4257/104/168 4258/104/168 4259/101/168
f 4260/99/8 4261/100/8 4262/99/8
f 4261/100/8 4263/100/8 4262/99/8
s 1
f 4264/99/169 4265/100/148 4266/99/144
f 4265/100/148 4267/100/170 4266/99/144
f 4268/99/171 4269/100/153 4270/99/172
f 4269/100/153 4271/100/173 4270/99/172
s 0
f 4272/101/8 4263/100/8 4273/101/8
f 4263/100/8 4261/100/8 4273/101/8
s 1
f 4274/101/146 4275/100/147 4276/101/174
f 4275/100/147 4265/100/149 4276/101/174
f 4277/101/150 4278/100/151 4279/101/152
f 4278/100/151 4269/100/153 4279/101/152
s 0
f 4280/102/8 4281/102/8 4262/99/8
f 4281/102/8 4260/99/8 4262/99/8
s 1
f 4283/102/175 4264/99/169 4266/99/144
f 4286/102/176 4288/99/176 4270/99/177
s 0
f 4290/104/8 4292/104/8 4291/103/8
s 1
f 4293/103/178 4294/104/178 4295/103/179
f 4297/103/180 4298/104/181 4299/103/182
f 4298/104/181 4300/104/181 4299/103/182
s 0
f 4281/102/8 4280/102/8 4291/103/8
f 4280/102/8 4289/103/8 4291/103/8
s 1
f 4283/102/159 4282/102/160 4295/103/183
f 4282/102/160 4301/103/184 4295/103/183
f 4302/102/185 4285/102/186 4303/103/185
f 4285/102/186 4304/103/185 4299/103/187
s 0
f 4273/101/8 4305/104/8 4272/101/8
f 4305/104/8 4306/104/8 4272/101/8
s 1
f 4276/101/148 4307/104/188 4274/101/146
s 0
f 4307/104/189 4308/104/189 4309/101/189
s 1
f 4279/101/190 4310/104/166 4277/101/167
s 0
f 4310/104/191 4311/104/191 4312/101/191
f 4313/99/8 4314/100/8 4315/99/8
f 4314/100/8 4316/100/8 4315/99/8
s 1
f 4317/99/169 4318/100/143 4319/99/144
f 4318/100/143 4320/100/170 4319/99/144
f 4321/99/171 4322/100/153 4323/99/192
f 4322/100/153 4324/100/173 4323/99/192
s 0
f 4325/101/8 4316/100/8 4326/101/8
f 4316/100/8 4314/100/8 4326/101/8
s 1
f 4327/101/146 4328/100/147 4329/101/193
f 4328/100/147 4318/100/148 4329/101/193
f 4330/101/150 4331/100/151 4332/101/152
f 4331/100/151 4322/100/153 4332/101/152
s 0
f 4333/102/8 4334/102/8 4315/99/8
f 4334/102/8 4313/99/8 4315/99/8
s 1
f 4335/102/160 4336/102/159 4337/99/194
f 4338/102/186 4339/102/195 4340/99/195
f 4339/102/176 4341/99/176 4323/99/177
s 0
f 4342/103/8 4343/104/8 4344/103/8
f 4343/104/8 4345/104/8 4344/103/8
s 1
f 4346/103/196 4347/104/178 4348/103/183
f 4347/104/178 4349/104/178 4348/103/183
f 4338/102/197 4357/103/185 4352/103/198
s 0
f 4326/101/8 4358/104/8 4325/101/8
f 4358/104/8 4359/104/8 4325/101/8
s 1
f 4329/101/148 4360/104/189 4327/101/146
s 0
f 4360/104/165 4361/104/165 4362/101/165
s 1
f 4332/101/152 4363/104/199 4330/101/167
s 0
f 4363/104/168 4364/104/168 4365/101/168
f 4367/100/8 4369/100/8 4368/99/8
s 1
f 4371/100/148 4373/100/200 4372/99/201
s 0
f 4378/101/8 4369/100/8 4379/101/8
f 4369/100/8 4367/100/8 4379/101/8
s 1
f 4380/101/146 4381/100/202 4382/101/148
f 4381/100/202 4371/100/203 4382/101/148
f 4384/100/151 4375/100/153 4385/101/152
f 4388/102/160 4389/102/159 4390/99/194
f 4391/102/204 4392/102/154 4393/99/154
s 0
f 4395/103/8 4396/104/8 4397/103/8
s 1
f 4404/104/205 4406/104/205 4405/103/206
s 0
f 4379/101/8 4411/104/8 4378/101/8
f 4411/104/8 4412/104/8 4378/101/8
s 1
f 4382/101/174 4413/104/207 4380/101/146
s 0
f 4413/104/189 4414/104/189 4415/101/189
s 1
f 4385/101/152 4416/104/191 4383/101/150
s 0
f 4416/104/168 4417/104/168 4418/101/168
f 4419/99/8 4420/100/8 4421/99/8
s 1
f 4423/99/142 4424/100/143 4425/99/144
f 4424/100/143 4426/100/170 4425/99/144
f 4427/99/208 4428/100/153 4429/99/192
f 4428/100/153 4430/100/173 4429/99/192
f 4433/101/146 4434/100/147 4435/101/174
s 0
f 4440/102/8 4419/99/8 4421/99/8
s 1
f 4442/102/159 4423/99/142 4425/99/144
f 4448/105/209 4449/105/209 4450/106/210
f 4449/105/209 4451/107/209 4450/106/210
f 4452/105/211 4453/105/211 4454/107/211
s 0
f 4453/105/212 4455/108/212 4454/107/212
f 4456/105/213 4457/105/213 4458/108/213
f 4457/105/214 4459/106/214 4458/108/214
s 1
f 4460/109/215 4461/106/215 4462/107/216
f 4463/109/217 4462/107/218 4464/108/219
f 4463/109/217 4464/108/219 4465/106/220
f 4466/110/221 4467/105/222 4468/105/222
f 4466/110/223 4469/105/224 4470/105/224
f 4466/110/225 4471/105/226 4472/105/226
s 0
f 4473/103/8 4474/104/8 4475/103/8
f 4439/102/8 4473/103/8 4475/103/8
s 1
f 4441/102/160 4485/103/227 4479/103/183
f 4444/102/228 4488/103/185 4483/103/229
s 0
f 4432/101/8 4489/104/8 4431/101/8
f 4489/104/8 4490/104/8 4431/101/8
s 1
f 4435/101/148 4491/104/189 4433/101/146
s 0
f 4491/104/188 4492/104/188 4493/101/188
s 1
f 4438/101/152 4494/104/230 4436/101/167
s 0
f 4494/104/191 4495/104/191 4496/101/191
f 4497/99/8 4498/100/8 4499/99/8
f 4498/100/8 4500/100/8 4499/99/8
s 1
f 4501/99/142 4502/100/149 4503/99/201
f 4506/100/231 4508/100/173 4507/99/172
s 0
f 4509/101/8 4500/100/8 4510/101/8
f 4500/100/8 4498/100/8 4510/101/8
s 1
f 4512/100/147 4502/100/174 4513/101/174
f 4522/102/186 4523/102/154 4524/99/154
s 0
f 4517/102/8 4526/103/8 4528/103/8
f 4510/101/8 4542/104/8 4509/101/8
f 4542/104/8 4543/104/8 4509/101/8
s 1
f 4513/101/174 4544/104/165 4511/101/146
s 0
f 4544/104/232 4545/104/232 4546/101/232
s 1
f 4516/101/152 4547/104/230 4514/101/167
s 0
f 4547/104/233 4548/104/233 4549/101/233
s 1
f 4215/99/208 4216/100/153 4217/99/172
f 4216/100/153 4218/100/173 4217/99/172
s 0
f 4227/102/8 4228/102/8 4209/99/8
f 4228/102/8 4207/99/8 4209/99/8
s 1
f 4229/102/160 4230/102/159 4231/99/194
f 4230/102/159 4211/99/142 4213/99/144
f 4232/102/204 4233/102/154 4234/99/154
s 0
f 4550/105/210 4551/105/210 4552/106/210
f 4551/105/234 4553/107/234 4552/106/234
s 1
f 4554/105/235 4555/105/235 4556/107/235
f 4555/105/235 4557/108/236 4556/107/235
s 0
f 4558/105/237 4559/105/237 4560/108/237
f 4559/105/237 4561/106/237 4560/108/237
s 1
f 4562/109/238 4563/106/238 4564/107/239
f 4565/109/240 4564/107/241 4566/108/242
f 4565/109/240 4566/108/242 4567/106/243
f 4568/110/244 4569/105/245 4570/105/245
f 4568/110/246 4571/105/247 4572/105/247
f 4568/110/248 4573/105/249 4574/105/249
s 0
f 4236/103/8 4237/104/8 4238/103/8
f 4237/104/8 4239/104/8 4238/103/8
s 1
f 4240/103/250 4241/104/251 4242/103/183
f 4241/104/251 4243/104/251 4242/103/183
f 4245/104/157 4247/104/157 4246/103/158
f 4249/102/252 4232/102/186 4250/103/252
s 0
f 4220/101/8 4575/104/8 4219/101/8
f 4575/104/8 4576/104/8 4219/101/8
s 1
f 4223/101/148 4577/104/253 4221/101/146
f 4577/104/254 4255/104/165 4256/101/165
f 4226/101/152 4578/104/255 4224/101/167
f 4578/104/255 4258/104/168 4259/101/168
f 4282/102/160 4283/102/159 4284/99/194
f 4285/102/186 4286/102/154 4287/99/154
s 0
f 4579/105/209 4580/105/209 4581/106/209
f 4580/105/210 4582/107/210 4581/106/210
s 1
f 4583/105/10 4584/105/10 4585/107/10
s 0
f 4584/105/256 4586/108/256 4585/107/256
f 4587/105/214 4588/105/214 4589/108/214
f 4588/105/213 4590/106/213 4589/108/213
s 1
f 4591/109/257 4592/106/257 4593/107/258
f 4594/109/219 4593/107/259 4595/108/242
f 4594/109/219 4595/108/242 4596/106/260
f 4597/110/261 4598/105/262 4599/105/262
f 4597/110/263 4600/105/264 4601/105/264
f 4597/110/248 4602/105/265 4603/105/265
s 0
f 4289/103/8 4290/104/8 4291/103/8
s 1
f 4294/104/178 4296/104/178 4295/103/179
s 0
f 4273/101/8 4604/104/8 4272/101/8
f 4604/104/8 4605/104/8 4272/101/8
s 1
f 4276/101/148 4606/104/253 4274/101/146
f 4606/104/253 4308/104/189 4309/101/189
f 4279/101/190 4607/104/255 4277/101/167
f 4607/104/255 4311/104/191 4312/101/191
f 4336/102/175 4317/99/169 4319/99/144
s 0
f 4608/105/210 4609/105/210 4610/106/210
f 4609/105/209 4611/107/209 4610/106/209
f 4612/105/211 4613/105/211 4614/107/211
s 1
f 4613/105/211 4615/108/211 4614/107/211
s 0
f 4616/105/213 4617/105/213 4618/108/213
f 4617/105/213 4619/106/213 4618/108/213
s 1
f 4620/109/257 4621/106/257 4622/107/216
f 4623/109/266 4622/107/259 4624/108/267
f 4623/109/266 4624/108/267 4625/106/220
f 4626/110/268 4627/105/269 4628/105/269
f 4626/110/246 4629/105/270 4630/105/270
f 4626/110/271 4631/105/226 4632/105/226
f 4350/103/181 4351/104/181 4352/103/272
f 4351/104/181 4353/104/181 4352/103/272
s 0
f 4334/102/8 4333/102/8 4344/103/8
f 4333/102/8 4342/103/8 4344/103/8
s 1
f 4336/102/159 4335/102/160 4348/103/183
f 4335/102/160 4354/103/162 4348/103/183
f 4355/102/185 4338/102/186 4356/103/185
s 0
f 4326/101/8 4633/104/8 4325/101/8
f 4633/104/8 4634/104/8 4325/101/8
s 1
f 4329/101/148 4635/104/253 4327/101/146
f 4635/104/254 4361/104/165 4362/101/165
f 4332/101/152 4636/104/255 4330/101/167
f 4636/104/255 4364/104/168 4365/101/168
s 0
f 4366/99/8 4367/100/8 4368/99/8
s 1
f 4370/99/273 4371/100/148 4372/99/201
f 4374/99/173 4375/100/231 4376/99/177
f 4375/100/231 4377/100/208 4376/99/177
f 4383/101/274 4384/100/151 4385/101/152
s 0
f 4386/102/8 4387/102/8 4368/99/8
f 4387/102/8 4366/99/8 4368/99/8
s 1
f 4389/102/175 4370/99/273 4372/99/201
f 4392/102/154 4394/99/154 4376/99/172
f 4637/105/275 4638/105/275 4639/106/275
f 4638/105/275 4640/107/276 4639/106/275
f 4641/105/10 4642/105/212 4643/107/212
f 4642/105/212 4644/108/10 4643/107/212
s 0
f 4645/105/214 4646/105/214 4647/108/214
f 4646/105/214 4648/106/214 4647/108/214
s 1
f 4649/109/277 4650/106/277 4651/107/216
f 4652/109/278 4651/107/279 4653/108/280
f 4652/109/278 4653/108/280 4654/106/243
f 4655/110/268 4656/105/281 4657/105/281
f 4655/110/271 4658/105/282 4659/105/282
f 4655/110/283 4660/105/226 4661/105/226
s 0
f 4396/104/8 4398/104/8 4397/103/8
s 1
f 4399/103/284 4400/104/196 4401/103/183
f 4400/104/196 4402/104/196 4401/103/183
f 4403/103/285 4404/104/205 4405/103/206
s 0
f 4387/102/8 4386/102/8 4397/103/8
f 4386/102/8 4395/103/8 4397/103/8
s 1
f 4389/102/159 4388/102/160 4401/103/183
f 4388/102/160 4407/103/184 4401/103/183
f 4408/102/252 4391/102/186 4409/103/252
f 4391/102/163 4410/103/286 4405/103/158
s 0
f 4379/101/8 4662/104/8 4378/101/8
f 4662/104/8 4663/104/8 4378/101/8
s 1
f 4382/101/174 4664/104/287 4380/101/146
f 4664/104/253 4414/104/189 4415/101/189
f 4385/101/152 4665/104/255 4383/101/150
f 4665/104/255 4417/104/168 4418/101/168
s 0
f 4420/100/8 4422/100/8 4421/99/8
f 4431/101/8 4422/100/8 4432/101/8
f 4422/100/8 4420/100/8 4432/101/8
s 1
f 4434/100/147 4424/100/148 4435/101/174
f 4436/101/150 4437/100/151 4438/101/152
f 4437/100/151 4428/100/288 4438/101/152
s 0
f 4439/102/8 4440/102/8 4421/99/8
s 1
f 4441/102/160 4442/102/159 4443/99/194
f 4444/102/186 4445/102/154 4446/99/154
f 4445/102/154 4447/99/154 4429/99/155
s 0
f 4474/104/8 4476/104/8 4475/103/8
s 1
f 4477/103/289 4478/104/178 4479/103/161
f 4478/104/178 4480/104/178 4479/103/161
f 4481/103/181 4482/104/181 4483/103/290
f 4482/104/181 4484/104/181 4483/103/290
s 0
f 4440/102/8 4439/102/8 4475/103/8
s 1
f 4442/102/159 4441/102/160 4479/103/183
f 4486/102/185 4444/102/186 4487/103/185
s 0
f 4432/101/8 4666/104/8 4431/101/8
f 4666/104/8 4667/104/8 4431/101/8
s 1
f 4435/101/148 4668/104/253 4433/101/146
f 4668/104/253 4492/104/188 4493/101/188
f 4438/101/152 4669/104/255 4436/101/167
f 4669/104/255 4495/104/191 4496/101/191
f 4502/100/149 4504/100/170 4503/99/201
f 4505/99/208 4506/100/231 4507/99/172
f 4511/101/146 4512/100/147 4513/101/174
f 4514/101/167 4515/100/151 4516/101/152
f 4515/100/151 4506/100/153 4516/101/152
s 0
f 4517/102/8 4518/102/8 4499/99/8
f 4518/102/8 4497/99/8 4499/99/8
s 1
f 4519/102/160 4520/102/159 4521/99/194
f 4520/102/175 4501/99/142 4503/99/201
f 4523/102/154 4525/99/154 4507/99/177
s 0
f 4670/105/275 4671/105/275 4672/106/275
f 4671/105/291 4673/107/291 4672/106/291
s 1
f 4674/105/292 4675/105/293 4676/107/293
f 4675/105/293 4677/108/292 4676/107/293
s 0
f 4678/105/214 4679/105/214 4680/108/214
f 4679/105/213 4681/106/213 4680/108/213
s 1
f 4682/109/294 4683/106/294 4684/107/295
f 4685/109/280 4684/107/296 4686/108/297
f 4685/109/280 4686/108/297 4687/106/220
f 4688/110/298 4689/105/299 4690/105/299
f 4688/110/268 4691/105/300 4692/105/300
f 4688/110/301 4693/105/226 4694/105/226
s 0
f 4526/103/8 4527/104/8 4528/103/8
f 4527/104/8 4529/104/8 4528/103/8
s 1
f 4530/103/178 4531/104/196 4532/103/179
f 4531/104/196 4533/104/196 4532/103/179
f 4534/103/156 4535/104/302 4536/103/187
f 4535/104/302 4537/104/302 4536/103/187
s 0
f 4518/102/8 4517/102/8 4528/103/8
s 1
f 4520/102/159 4519/102/160 4532/103/183
f 4519/102/160 4538/103/184 4532/103/183
f 4539/102/252 4522/102/186 4540/103/252
f 4522/102/197 4541/103/164 4536/103/182
s 0
f 4510/101/8 4695/104/8 4509/101/8
f 4695/104/8 4696/104/8 4509/101/8
s 1
f 4513/101/174 4697/104/303 4511/101/146
f 4697/104/253 4545/104/232 4546/101/232
f 4516/101/152 4698/104/255 4514/101/167
f 4698/104/255 4548/104/233 4549/101/233
s 0
f 4699/100/8 4700/100/8 4701/99/8
f 4700/100/8 4702/99/8 4701/99/8
s 1
f 4703/100/304 4704/100/305 4705/99/306
f 4704/100/305 4706/99/307 4705/99/306
f 4707/100/308 4708/100/309 4709/99/310
f 4708/100/309 4710/99/153 4709/99/310
s 0
f 4700/100/8 4699/100/8 4711/101/8
f 4699/100/8 4712/101/8 4711/101/8
s 1
f 4704/100/305 4703/100/304 4713/101/273
f 4703/100/304 4714/101/311 4713/101/273
f 4715/100/312 4707/100/308 4716/101/312
f 4707/100/308 4717/101/313 4716/101/312
s 0
f 4702/99/8 4718/102/8 4701/99/8
f 4718/102/8 4719/102/8 4701/99/8
s 1
f 4706/99/307 4720/102/254 4705/99/306
f 4720/102/254 4721/102/314 4722/99/314
f 4710/99/153 4723/102/255 4709/99/310
f 4723/102/255 4724/102/315 4725/99/315
s 0
f 4576/104/8 4575/104/8 4712/101/8
f 4575/104/8 4711/101/8 4712/101/8
s 1
f 4726/104/316 4577/104/303 4727/101/316
f 4577/104/303 4713/101/273 4714/101/311
f 4728/104/317 4578/104/255 4729/101/317
f 4578/104/255 4730/101/318 4717/101/313
s 0
f 4731/100/8 4732/100/8 4733/99/8
f 4732/100/8 4734/99/8 4733/99/8
s 1
f 4735/100/319 4736/100/320 4737/99/321
f 4736/100/320 4738/99/174 4737/99/321
f 4739/100/308 4740/100/322 4741/99/310
f 4740/100/322 4742/99/231 4741/99/310
s 0
f 4732/100/8 4731/100/8 4743/101/8
f 4731/100/8 4744/101/8 4743/101/8
s 1
f 4736/100/320 4735/100/319 4745/101/273
f 4735/100/319 4746/101/323 4745/101/273
f 4747/100/324 4739/100/308 4748/101/325
f 4739/100/308 4749/101/313 4748/101/325
s 0
f 4734/99/8 4750/102/8 4733/99/8
f 4750/102/8 4751/102/8 4733/99/8
s 1
f 4738/99/174 4752/102/254 4737/99/321
f 4752/102/254 4753/102/326 4754/99/326
f 4742/99/231 4755/102/255 4741/99/310
f 4755/102/255 4756/102/327 4757/99/327
s 0
f 4605/104/8 4604/104/8 4744/101/8
f 4604/104/8 4743/101/8 4744/101/8
s 1
f 4758/104/316 4606/104/253 4759/101/316
f 4606/104/287 4745/101/273 4746/101/323
f 4760/104/318 4607/104/255 4761/101/318
f 4607/104/255 4762/101/328 4749/101/313
s 0
f 4763/100/8 4764/100/8 4765/99/8
f 4764/100/8 4766/99/8 4765/99/8
s 1
f 4767/100/304 4768/100/329 4769/99/306
f 4768/100/329 4770/99/307 4769/99/306
f 4771/100/308 4772/100/309 4773/99/310
f 4772/100/309 4774/99/330 4773/99/310
s 0
f 4764/100/8 4763/100/8 4775/101/8
f 4763/100/8 4776/101/8 4775/101/8
s 1
f 4768/100/329 4767/100/304 4777/101/305
f 4767/100/304 4778/101/311 4777/101/305
f 4779/100/312 4771/100/308 4780/101/312
f 4771/100/308 4781/101/313 4780/101/312
s 0
f 4766/99/8 4782/102/8 4765/99/8
f 4782/102/8 4783/102/8 4765/99/8
s 1
f 4770/99/307 4784/102/303 4769/99/306
f 4784/102/254 4785/102/326 4786/99/326
f 4774/99/330 4787/102/255 4773/99/310
f 4787/102/255 4788/102/327 4789/99/327
s 0
f 4634/104/8 4633/104/8 4776/101/8
f 4633/104/8 4775/101/8 4776/101/8
s 1
f 4790/104/331 4635/104/253 4791/101/331
f 4635/104/303 4777/101/305 4778/101/311
f 4792/104/318 4636/104/255 4793/101/318
f 4636/104/255 4794/101/328 4781/101/313
s 0
f 4795/100/8 4796/100/8 4797/99/8
f 4796/100/8 4798/99/8 4797/99/8
s 1
f 4799/100/332 4800/100/142 4801/99/333
f 4800/100/142 4802/99/307 4801/99/333
f 4803/100/308 4804/100/334 4805/99/335
f 4804/100/334 4806/99/330 4805/99/335
s 0
f 4796/100/8 4795/100/8 4807/101/8
f 4795/100/8 4808/101/8 4807/101/8
s 1
f 4800/100/142 4799/100/332 4809/101/320
f 4799/100/332 4810/101/323 4809/101/320
f 4811/100/336 4803/100/308 4812/101/325
f 4803/100/308 4813/101/313 4812/101/325
s 0
f 4798/99/8 4814/102/8 4797/99/8
f 4814/102/8 4815/102/8 4797/99/8
s 1
f 4802/99/307 4816/102/303 4801/99/333
f 4816/102/253 4817/102/337 4818/99/337
f 4806/99/330 4819/102/255 4805/99/335
f 4819/102/255 4820/102/327 4821/99/327
s 0
f 4663/104/8 4662/104/8 4808/101/8
f 4662/104/8 4807/101/8 4808/101/8
s 1
f 4822/104/331 4664/104/253 4823/101/331
f 4664/104/287 4809/101/320 4810/101/323
f 4824/104/338 4665/104/255 4825/101/338
f 4665/104/255 4826/101/328 4813/101/313
s 0
f 4827/100/8 4828/100/8 4829/99/8
f 4828/100/8 4830/99/8 4829/99/8
s 1
f 4831/100/304 4832/100/273 4833/99/339
f 4832/100/273 4834/99/307 4833/99/339
f 4835/100/308 4836/100/309 4837/99/340
f 4836/100/309 4838/99/153 4837/99/340
s 0
f 4828/100/8 4827/100/8 4839/101/8
f 4827/100/8 4840/101/8 4839/101/8
s 1
f 4832/100/273 4831/100/304 4841/101/305
f 4831/100/304 4842/101/311 4841/101/305
f 4843/100/312 4835/100/308 4844/101/312
f 4835/100/308 4845/101/313 4844/101/312
s 0
f 4830/99/8 4846/102/8 4829/99/8
f 4846/102/8 4847/102/8 4829/99/8
s 1
f 4834/99/307 4848/102/254 4833/99/339
f 4848/102/253 4849/102/314 4850/99/314
f 4838/99/153 4851/102/255 4837/99/340
f 4851/102/255 4852/102/315 4853/99/315
s 0
f 4667/104/8 4666/104/8 4840/101/8
f 4666/104/8 4839/101/8 4840/101/8
s 1
f 4854/104/316 4668/104/253 4855/101/316
f 4668/104/303 4841/101/305 4842/101/311
f 4856/104/341 4669/104/255 4857/101/341
f 4669/104/255 4858/101/338 4845/101/313
s 0
f 4859/100/8 4860/100/8 4861/99/8
f 4860/100/8 4862/99/8 4861/99/8
s 1
f 4863/100/319 4864/100/320 4865/99/339
f 4864/100/320 4866/99/148 4865/99/339
f 4867/100/308 4868/100/342 4869/99/310
f 4868/100/342 4870/99/153 4869/99/310
s 0
f 4860/100/8 4859/100/8 4871/101/8
f 4859/100/8 4872/101/8 4871/101/8
s 1
f 4864/100/320 4863/100/319 4873/101/305
f 4863/100/319 4874/101/311 4873/101/305
f 4875/100/343 4867/100/308 4876/101/312
f 4867/100/308 4877/101/313 4876/101/312
s 0
f 4862/99/8 4878/102/8 4861/99/8
f 4878/102/8 4879/102/8 4861/99/8
s 1
f 4866/99/148 4880/102/254 4865/99/339
f 4880/102/254 4881/102/344 4882/99/344
f 4870/99/153 4883/102/255 4869/99/310
f 4883/102/255 4884/102/345 4885/99/345
s 0
f 4696/104/8 4695/104/8 4872/101/8
f 4695/104/8 4871/101/8 4872/101/8
s 1
f 4886/104/346 4697/104/253 4887/101/346
f 4697/104/303 4873/101/305 4874/101/311
f 4888/104/347 4698/104/255 4889/101/347
f 4698/104/255 4890/101/318 4877/101/313
s 0
f 4891/99/8 4892/100/8 4893/99/8
f 4892/100/8 4894/100/8 4893/99/8
s 1
f 4895/99/142 4896/100/143 4897/99/348
f 4896/100/143 4898/100/170 4897/99/348
f 4899/99/208 4900/100/349 4901/99/192
f 4900/100/349 4902/100/173 4901/99/192
s 0
f 4903/101/8 4894/100/8 4904/101/8
f 4894/100/8 4892/100/8 4904/101/8
s 1
f 4905/101/350 4906/100/147 4907/101/193
f 4906/100/147 4896/100/174 4907/101/193
f 4908/101/351 4909/100/151 4910/101/152
f 4909/100/151 4900/100/153 4910/101/152
s 0
f 4719/102/8 4718/102/8 4893/99/8
f 4718/102/8 4891/99/8 4893/99/8
s 1
f 4911/102/352 4720/102/253 4912/99/352
f 4720/102/253 4895/99/142 4897/99/348
f 4913/102/353 4723/102/255 4914/99/353
f 4723/102/255 4915/99/154 4901/99/177
s 0
f 4904/101/8 4916/104/8 4903/101/8
f 4916/104/8 4917/104/8 4903/101/8
s 1
f 4907/101/193 4918/104/232 4905/101/350
s 0
f 4918/104/354 4919/104/354 4920/101/354
s 1
f 4910/101/152 4921/104/191 4908/101/351
s 0
f 4921/104/233 4922/104/233 4923/101/233
f 4924/99/8 4925/100/8 4926/99/8
f 4925/100/8 4927/100/8 4926/99/8
s 1
f 4928/99/355 4929/100/143 4930/99/348
f 4929/100/143 4931/100/356 4930/99/348
f 4932/99/357 4933/100/349 4934/99/172
f 4933/100/349 4935/100/357 4934/99/172
s 0
f 4936/101/8 4927/100/8 4937/101/8
f 4927/100/8 4925/100/8 4937/101/8
s 1
f 4938/101/146 4939/100/358 4940/101/193
f 4939/100/358 4929/100/149 4940/101/193
f 4941/101/150 4942/100/359 4943/101/231
f 4942/100/359 4933/100/153 4943/101/231
s 0
f 4751/102/8 4750/102/8 4926/99/8
f 4750/102/8 4924/99/8 4926/99/8
s 1
f 4944/102/194 4752/102/253 4945/99/194
f 4752/102/253 4928/99/355 4930/99/348
f 4946/102/154 4755/102/255 4947/99/154
f 4755/102/255 4948/99/195 4934/99/177
s 0
f 4937/101/8 4949/104/8 4936/101/8
f 4949/104/8 4950/104/8 4936/101/8
s 1
f 4940/101/193 4951/104/360 4938/101/146
s 0
f 4951/104/189 4952/104/189 4953/101/189
s 1
f 4943/101/231 4954/104/166 4941/101/150
s 0
f 4954/104/168 4955/104/168 4956/101/168
f 4957/99/8 4958/100/8 4959/99/8
f 4958/100/8 4960/100/8 4959/99/8
s 1
f 4961/99/142 4962/100/143 4963/99/201
f 4962/100/143 4964/100/170 4963/99/201
f 4965/99/208 4966/100/153 4967/99/172
f 4966/100/153 4968/100/173 4967/99/172
s 0
f 4969/101/8 4960/100/8 4970/101/8
f 4960/100/8 4958/100/8 4970/101/8
s 1
f 4971/101/350 4972/100/147 4973/101/193
f 4972/100/147 4962/100/174 4973/101/193
f 4974/101/351 4975/100/151 4976/101/152
f 4975/100/151 4966/100/153 4976/101/152
s 0
f 4783/102/8 4782/102/8 4959/99/8
f 4782/102/8 4957/99/8 4959/99/8
s 1
f 4977/102/194 4784/102/254 4978/99/194
f 4784/102/287 4961/99/142 4963/99/201
f 4979/102/154 4787/102/255 4980/99/154
f 4787/102/255 4981/99/154 4967/99/177
s 0
f 4970/101/8 4982/104/8 4969/101/8
f 4982/104/8 4983/104/8 4969/101/8
s 1
f 4973/101/193 4984/104/207 4971/101/350
s 0
f 4984/104/189 4985/104/189 4986/101/189
s 1
f 4976/101/152 4987/104/191 4974/101/351
s 0
f 4987/104/168 4988/104/168 4989/101/168
f 4990/99/8 4991/100/8 4992/99/8
f 4991/100/8 4993/100/8 4992/99/8
s 1
f 4994/99/355 4995/100/361 4996/99/348
f 4995/100/361 4997/100/170 4996/99/348
f 4998/99/357 4999/100/231 5000/99/192
f 4999/100/231 5001/100/173 5000/99/192
s 0
f 5002/101/8 4993/100/8 5003/101/8
f 4993/100/8 4991/100/8 5003/101/8
s 1
f 5004/101/350 5005/100/147 5006/101/148
f 5005/100/147 4995/100/174 5006/101/148
f 5007/101/150 5008/100/151 5009/101/152
f 5008/100/151 4999/100/153 5009/101/152
s 0
f 4815/102/8 4814/102/8 4992/99/8
f 4814/102/8 4990/99/8 4992/99/8
s 1
f 5010/102/194 4816/102/254 5011/99/194
f 4816/102/253 4994/99/355 4996/99/348
f 5012/102/154 4819/102/255 5013/99/154
f 4819/102/255 5014/99/195 5000/99/155
s 0
f 5003/101/8 5015/104/8 5002/101/8
f 5015/104/8 5016/104/8 5002/101/8
s 1
f 5006/101/148 5017/104/232 5004/101/350
s 0
f 5017/104/165 5018/104/165 5019/101/165
s 1
f 5009/101/152 5020/104/191 5007/101/150
s 0
f 5020/104/191 5021/104/191 5022/101/191
f 5023/99/8 5024/100/8 5025/99/8
f 5024/100/8 5026/100/8 5025/99/8
s 1
f 5027/99/142 5028/100/143 5029/99/144
f 5028/100/143 5030/100/170 5029/99/144
f 5031/99/208 5032/100/153 5033/99/172
f 5032/100/153 5034/100/173 5033/99/172
s 0
f 5035/101/8 5026/100/8 5036/101/8
f 5026/100/8 5024/100/8 5036/101/8
s 1
f 5037/101/362 5038/100/147 5039/101/148
f 5038/100/147 5028/100/174 5039/101/148
f 5040/101/363 5041/100/151 5042/101/152
f 5041/100/151 5032/100/153 5042/101/152
s 0
f 4847/102/8 4846/102/8 5025/99/8
f 4846/102/8 5023/99/8 5025/99/8
s 1
f 5043/102/352 4848/102/253 5044/99/352
f 4848/102/303 5027/99/142 5029/99/144
f 5045/102/353 4851/102/255 5046/99/353
f 4851/102/255 5047/99/154 5033/99/172
s 0
f 5036/101/8 5048/104/8 5035/101/8
f 5048/104/8 5049/104/8 5035/101/8
s 1
f 5039/101/148 5050/104/189 5037/101/362
s 0
f 5050/104/188 5051/104/188 5052/101/188
s 1
f 5042/101/152 5053/104/166 5040/101/363
s 0
f 5053/104/233 5054/104/233 5055/101/233
f 5056/99/8 5057/100/8 5058/99/8
f 5057/100/8 5059/100/8 5058/99/8
s 1
f 5060/99/142 5061/100/143 5062/99/348
f 5061/100/143 5063/100/200 5062/99/348
f 5064/99/208 5065/100/153 5066/99/192
f 5065/100/153 5067/100/208 5066/99/192
s 0
f 5068/101/8 5059/100/8 5069/101/8
f 5059/100/8 5057/100/8 5069/101/8
s 1
f 5070/101/364 5071/100/202 5072/101/193
f 5071/100/202 5061/100/174 5072/101/193
f 5073/101/363 5074/100/365 5075/101/231
f 5074/100/365 5065/100/153 5075/101/231
s 0
f 4879/102/8 4878/102/8 5058/99/8
f 4878/102/8 5056/99/8 5058/99/8
s 1
f 5076/102/366 4880/102/303 5077/99/366
f 4880/102/287 5060/99/142 5062/99/348
f 5078/102/154 4883/102/255 5079/99/154
f 4883/102/255 5080/99/154 5066/99/155
s 0
f 5069/101/8 5081/104/8 5068/101/8
f 5081/104/8 5082/104/8 5068/101/8
s 1
f 5072/101/193 5083/104/189 5070/101/364
s 0
f 5083/104/360 5084/104/360 5085/101/360
s 1
f 5075/101/231 5086/104/166 5073/101/363
s 0
f 5086/104/233 5087/104/233 5088/101/233
f 5089/100/8 5090/100/8 5091/99/8
f 5090/100/8 5092/99/8 5091/99/8
s 1
f 5093/100/367 5094/100/320 5095/99/321
f 5094/100/320 5096/99/307 5095/99/321
f 5097/100/308 5098/100/309 5099/99/310
f 5098/100/309 5100/99/330 5099/99/310
s 0
f 5090/100/8 5089/100/8 5101/101/8
f 5089/100/8 5102/101/8 5101/101/8
s 1
f 5094/100/320 5093/100/367 5103/101/320
f 5093/100/367 5104/101/368 5103/101/320
f 5105/100/312 5097/100/308 5106/101/325
f 5097/100/308 5107/101/313 5106/101/325
s 0
f 5092/99/8 5108/102/8 5091/99/8
f 5108/102/8 5109/102/8 5091/99/8
s 1
f 5096/99/307 5110/102/303 5095/99/321
f 5110/102/254 5111/102/337 5112/99/337
f 5100/99/330 5113/102/255 5099/99/310
f 5113/102/255 5114/102/327 5115/99/327
s 0
f 5116/104/8 5117/104/8 5102/101/8
f 5117/104/8 5101/101/8 5102/101/8
f 5118/104/316 5119/104/316 5120/101/316
s 1
f 5119/104/316 5103/101/320 5104/101/368
f 5121/104/369 5122/104/369 5123/101/369
f 5122/104/328 5124/101/328 5107/101/313
s 0
f 5125/100/8 5126/100/8 5127/99/8
f 5126/100/8 5128/99/8 5127/99/8
s 1
f 5129/100/332 5130/100/370 5131/99/306
f 5130/100/370 5132/99/148 5131/99/306
f 5133/100/308 5134/100/309 5135/99/310
f 5134/100/309 5136/99/153 5135/99/310
s 0
f 5126/100/8 5125/100/8 5137/101/8
f 5125/100/8 5138/101/8 5137/101/8
s 1
f 5130/100/370 5129/100/332 5139/101/305
f 5129/100/332 5140/101/371 5139/101/305
f 5141/100/312 5133/100/308 5142/101/336
f 5133/100/308 5143/101/313 5142/101/336
s 0
f 5128/99/8 5144/102/8 5127/99/8
f 5144/102/8 5145/102/8 5127/99/8
s 1
f 5132/99/148 5146/102/253 5131/99/306
f 5146/102/253 5147/102/314 5148/99/314
f 5136/99/153 5149/102/255 5135/99/310
f 5149/102/255 5150/102/315 5151/99/315
s 0
f 5152/104/8 5153/104/8 5138/101/8
f 5153/104/8 5137/101/8 5138/101/8
f 5154/104/316 5155/104/316 5156/101/316
s 1
f 5155/104/372 5139/101/305 5140/101/371
s 0
f 5157/104/341 5158/104/341 5159/101/341
s 1
f 5158/104/373 5160/101/373 5143/101/374
s 0
f 5161/100/8 5162/100/8 5163/99/8
f 5162/100/8 5164/99/8 5163/99/8
s 1
f 5165/100/304 5166/100/273 5167/99/375
f 5166/100/273 5168/99/174 5167/99/375
f 5169/100/308 5170/100/309 5171/99/310
f 5170/100/309 5172/99/231 5171/99/310
s 0
f 5162/100/8 5161/100/8 5173/101/8
f 5161/100/8 5174/101/8 5173/101/8
s 1
f 5166/100/273 5165/100/304 5175/101/273
f 5165/100/304 5176/101/311 5175/101/273
f 5177/100/312 5169/100/308 5178/101/312
f 5169/100/308 5179/101/313 5178/101/312
s 0
f 5164/99/8 5180/102/8 5163/99/8
f 5180/102/8 5181/102/8 5163/99/8
s 1
f 5168/99/174 5182/102/253 5167/99/375
f 5182/102/254 5183/102/326 5184/99/326
f 5172/99/231 5185/102/255 5171/99/310
f 5185/102/255 5186/102/345 5187/99/345
s 0
f 5188/104/8 5189/104/8 5174/101/8
f 5189/104/8 5173/101/8 5174/101/8
f 5190/104/346 5191/104/346 5192/101/346
s 1
f 5191/104/376 5175/101/273 5176/101/311
s 0
f 5193/104/347 5194/104/347 5195/101/347
s 1
f 5194/104/318 5196/101/318 5179/101/313
s 0
f 5197/100/8 5198/100/8 5199/99/8
f 5198/100/8 5200/99/8 5199/99/8
s 1
f 5201/100/304 5202/100/329 5203/99/333
f 5202/100/329 5204/99/307 5203/99/333
f 5205/100/308 5206/100/309 5207/99/310
f 5206/100/309 5208/99/330 5207/99/310
s 0
f 5198/100/8 5197/100/8 5209/101/8
f 5197/100/8 5210/101/8 5209/101/8
s 1
f 5202/100/329 5201/100/304 5211/101/305
f 5201/100/304 5212/101/311 5211/101/305
f 5213/100/312 5205/100/308 5214/101/312
f 5205/100/308 5215/101/313 5214/101/312
s 0
f 5200/99/8 5216/102/8 5199/99/8
f 5216/102/8 5217/102/8 5199/99/8
s 1
f 5204/99/307 5218/102/303 5203/99/333
f 5218/102/254 5219/102/337 5220/99/337
f 5208/99/330 5221/102/255 5207/99/310
f 5221/102/255 5222/102/327 5223/99/327
s 0
f 5224/104/8 5225/104/8 5210/101/8
f 5225/104/8 5209/101/8 5210/101/8
f 5226/104/316 5227/104/316 5228/101/316
s 1
f 5227/104/376 5211/101/305 5212/101/311
s 0
f 5229/104/317 5230/104/317 5231/101/317
s 1
f 5230/104/318 5232/101/318 5215/101/313
s 0
f 5233/100/8 5234/100/8 5235/99/8
f 5234/100/8 5236/99/8 5235/99/8
s 1
f 5237/100/377 5238/100/305 5239/99/378
f 5238/100/305 5240/99/307 5239/99/378
f 5241/100/308 5242/100/334 5243/99/310
f 5242/100/334 5244/99/153 5243/99/310
s 0
f 5234/100/8 5233/100/8 5245/101/8
f 5233/100/8 5246/101/8 5245/101/8
s 1
f 5238/100/305 5237/100/377 5247/101/305
f 5237/100/377 5248/101/323 5247/101/305
f 5249/100/336 5241/100/308 5250/101/379
f 5241/100/308 5251/101/313 5250/101/379
s 0
f 5236/99/8 5252/102/8 5235/99/8
f 5252/102/8 5253/102/8 5235/99/8
s 1
f 5240/99/307 5254/102/254 5239/99/378
f 5254/102/253 5255/102/314 5256/99/314
f 5244/99/153 5257/102/255 5243/99/310
f 5257/102/255 5258/102/315 5259/99/315
s 0
f 5260/104/8 5261/104/8 5246/101/8
f 5261/104/8 5245/101/8 5246/101/8
f 5262/104/316 5263/104/316 5264/101/316
s 1
f 5263/104/316 5247/101/305 5248/101/323
s 0
f 5265/104/341 5266/104/341 5267/101/341
s 1
f 5266/104/380 5268/101/380 5251/101/313
s 0
f 5269/100/8 5270/100/8 5271/99/8
f 5270/100/8 5272/99/8 5271/99/8
s 1
f 5273/100/319 5274/100/320 5275/99/381
f 5274/100/320 5276/99/148 5275/99/381
f 5277/100/308 5278/100/382 5279/99/310
f 5278/100/382 5280/99/153 5279/99/310
s 0
f 5270/100/8 5269/100/8 5281/101/8
f 5269/100/8 5282/101/8 5281/101/8
s 1
f 5274/100/320 5273/100/319 5283/101/305
f 5273/100/319 5284/101/371 5283/101/305
f 5285/100/325 5277/100/308 5286/101/336
f 5277/100/308 5287/101/313 5286/101/336
s 0
f 5272/99/8 5288/102/8 5271/99/8
f 5288/102/8 5289/102/8 5271/99/8
s 1
f 5276/99/148 5290/102/253 5275/99/381
f 5290/102/254 5291/102/314 5292/99/314
f 5280/99/153 5293/102/255 5279/99/310
f 5293/102/255 5294/102/315 5295/99/315
s 0
f 5296/104/8 5297/104/8 5282/101/8
s 1
f 5297/104/8 5281/101/8 5282/101/8
s 0
f 5298/104/316 5299/104/316 5300/101/316
s 1
f 5299/104/372 5283/101/305 5284/101/371
s 0
f 5301/104/369 5302/104/369 5303/101/369
s 1
f 5302/104/369 5304/101/369 5287/101/374
s 0
f 5305/99/8 5306/100/8 5307/99/8
f 5306/100/8 5308/100/8 5307/99/8
s 1
f 5309/99/273 5310/100/148 5311/99/383
f 5310/100/148 5312/100/200 5311/99/383
f 5313/99/173 5314/100/384 5315/99/177
f 5314/100/384 5316/100/208 5315/99/177
s 0
f 5317/101/8 5308/100/8 5318/101/8
f 5308/100/8 5306/100/8 5318/101/8
s 1
f 5319/101/350 5320/100/202 5321/101/193
f 5320/100/202 5310/100/203 5321/101/193
f 5322/101/351 5323/100/365 5324/101/231
f 5323/100/365 5314/100/231 5324/101/231
s 0
f 5109/102/8 5108/102/8 5307/99/8
f 5108/102/8 5305/99/8 5307/99/8
s 1
f 5325/102/194 5110/102/254 5326/99/194
f 5110/102/303 5309/99/273 5311/99/383
f 5327/102/195 5113/102/255 5328/99/195
f 5113/102/255 5329/99/154 5315/99/172
s 0
f 5318/101/8 5330/104/8 5317/101/8
f 5330/104/8 5331/104/8 5317/101/8
s 1
f 5321/101/193 5332/104/232 5319/101/350
s 0
f 5332/104/354 5333/104/354 5334/101/354
s 1
f 5324/101/231 5335/104/191 5322/101/351
s 0
f 5335/104/233 5336/104/233 5337/101/233
f 5338/99/8 5339/100/8 5340/99/8
f 5339/100/8 5341/100/8 5340/99/8
s 1
f 5342/99/142 5343/100/143 5344/99/144
f 5343/100/143 5345/100/385 5344/99/144
f 5346/99/208 5347/100/153 5348/99/155
f 5347/100/153 5349/100/171 5348/99/155
s 0
f 5350/101/8 5341/100/8 5351/101/8
f 5341/100/8 5339/100/8 5351/101/8
s 1
f 5352/101/386 5353/100/147 5354/101/148
f 5353/100/147 5343/100/174 5354/101/148
f 5355/101/363 5356/100/387 5357/101/231
f 5356/100/387 5347/100/231 5357/101/231
s 0
f 5145/102/8 5144/102/8 5340/99/8
f 5144/102/8 5338/99/8 5340/99/8
s 1
f 5358/102/352 5146/102/253 5359/99/352
f 5146/102/287 5342/99/142 5344/99/144
f 5360/102/353 5149/102/255 5361/99/353
f 5149/102/255 5362/99/154 5348/99/155
s 0
f 5351/101/8 5363/104/8 5350/101/8
f 5363/104/8 5364/104/8 5350/101/8
s 1
f 5354/101/148 5365/104/189 5352/101/386
s 0
f 5365/104/207 5366/104/207 5367/101/207
s 1
f 5357/101/231 5368/104/166 5355/101/363
f 5368/104/233 5369/104/388 5370/101/388
s 0
f 5371/99/8 5372/100/8 5373/99/8
f 5372/100/8 5374/100/8 5373/99/8
s 1
f 5375/99/142 5376/100/143 5377/99/383
f 5376/100/143 5378/100/385 5377/99/383
f 5379/99/208 5380/100/153 5381/99/172
f 5380/100/153 5382/100/171 5381/99/172
s 0
f 5383/101/8 5374/100/8 5384/101/8
f 5374/100/8 5372/100/8 5384/101/8
s 1
f 5385/101/146 5386/100/389 5387/101/193
f 5386/100/389 5376/100/148 5387/101/193
f 5388/101/150 5389/100/387 5390/101/231
f 5389/100/387 5380/100/153 5390/101/231
s 0
f 5181/102/8 5180/102/8 5373/99/8
f 5180/102/8 5371/99/8 5373/99/8
s 1
f 5391/102/366 5182/102/303 5392/99/366
f 5182/102/253 5375/99/142 5377/99/383
f 5393/102/154 5185/102/255 5394/99/154
f 5185/102/255 5395/99/154 5381/99/177
s 0
f 5384/101/8 5396/104/8 5383/101/8
f 5396/104/8 5397/104/8 5383/101/8
s 1
f 5387/101/193 5398/104/188 5385/101/146
f 5398/104/207 5399/104/207 5400/101/207
f 5390/101/231 5401/104/166 5388/101/150
f 5401/104/233 5402/104/233 5403/101/233
s 0
f 5404/99/8 5405/100/8 5406/99/8
f 5405/100/8 5407/100/8 5406/99/8
s 1
f 5408/99/142 5409/100/143 5410/99/348
f 5409/100/143 5411/100/170 5410/99/348
f 5412/99/208 5413/100/152 5414/99/172
f 5413/100/152 5415/100/173 5414/99/172
s 0
f 5416/101/8 5407/100/8 5417/101/8
f 5407/100/8 5405/100/8 5417/101/8
s 1
f 5418/101/350 5419/100/147 5420/101/148
f 5419/100/147 5409/100/174 5420/101/148
f 5421/101/351 5422/100/151 5423/101/231
f 5422/100/151 5413/100/153 5423/101/231
s 0
f 5217/102/8 5216/102/8 5406/99/8
f 5216/102/8 5404/99/8 5406/99/8
s 1
f 5424/102/194 5218/102/253 5425/99/194
f 5218/102/303 5408/99/142 5410/99/348
f 5426/102/195 5221/102/255 5427/99/195
f 5221/102/255 5428/99/154 5414/99/177
s 0
f 5417/101/8 5429/104/8 5416/101/8
f 5429/104/8 5430/104/8 5416/101/8
s 1
f 5420/101/148 5431/104/232 5418/101/350
s 0
f 5431/104/165 5432/104/165 5433/101/165
s 1
f 5423/101/231 5434/104/191 5421/101/351
s 0
f 5434/104/168 5435/104/168 5436/101/168
f 5437/99/8 5438/100/8 5439/99/8
f 5438/100/8 5440/100/8 5439/99/8
s 1
f 5441/99/273 5442/100/143 5443/99/348
f 5442/100/143 5444/100/200 5443/99/348
f 5445/99/173 5446/100/153 5447/99/192
f 5446/100/153 5448/100/208 5447/99/192
s 0
f 5449/101/8 5440/100/8 5450/101/8
f 5440/100/8 5438/100/8 5450/101/8
s 1
f 5451/101/146 5452/100/202 5453/101/148
f 5452/100/202 5442/100/148 5453/101/148
f 5454/101/150 5455/100/365 5456/101/231
f 5455/100/365 5446/100/153 5456/101/231
s 0
f 5253/102/8 5252/102/8 5439/99/8
f 5252/102/8 5437/99/8 5439/99/8
s 1
f 5457/102/352 5254/102/253 5458/99/352
f 5254/102/253 5441/99/273 5443/99/348
f 5459/102/353 5257/102/255 5460/99/353
f 5257/102/255 5461/99/176 5447/99/192
s 0
f 5450/101/8 5462/104/8 5449/101/8
f 5462/104/8 5463/104/8 5449/101/8
s 1
f 5453/101/148 5464/104/354 5451/101/146
s 0
f 5464/104/354 5465/104/354 5466/101/354
s 1
f 5456/101/231 5467/104/166 5454/101/150
s 0
f 5467/104/233 5468/104/233 5469/101/233
f 5470/99/8 5471/100/8 5472/99/8
f 5471/100/8 5473/100/8 5472/99/8
s 1
f 5474/99/273 5475/100/143 5476/99/348
f 5475/100/143 5477/100/390 5476/99/348
f 5478/99/171 5479/100/231 5480/99/172
f 5479/100/231 5481/100/391 5480/99/172
s 0
f 5482/101/8 5473/100/8 5483/101/8
f 5473/100/8 5471/100/8 5483/101/8
s 1
f 5484/101/386 5485/100/389 5486/101/148
f 5485/100/389 5475/100/174 5486/101/148
f 5487/101/363 5488/100/365 5489/101/231
f 5488/100/365 5479/100/153 5489/101/231
s 0
f 5289/102/8 5288/102/8 5472/99/8
f 5288/102/8 5470/99/8 5472/99/8
s 1
f 5490/102/352 5290/102/253 5491/99/352
f 5290/102/254 5474/99/273 5476/99/348
f 5492/102/353 5293/102/255 5493/99/353
f 5293/102/255 5494/99/176 5480/99/177
s 0
f 5483/101/8 5495/104/8 5482/101/8
f 5495/104/8 5496/104/8 5482/101/8
s 1
f 5486/101/148 5497/104/189 5484/101/386
s 0
f 5497/104/207 5498/104/207 5499/101/207
s 1
f 5489/101/231 5500/104/166 5487/101/363
s 0
f 5500/104/233 5501/104/233 5502/101/233
f 5503/100/8 5504/100/8 5505/99/8
f 5504/100/8 5506/99/8 5505/99/8
s 1
f 5507/100/304 5508/100/329 5509/99/306
f 5508/100/329 5510/99/307 5509/99/306
f 5511/100/308 5512/100/342 5513/99/392
f 5512/100/342 5514/99/330 5513/99/392
s 0
f 5504/100/8 5503/100/8 5515/101/8
f 5503/100/8 5516/101/8 5515/101/8
s 1
f 5508/100/329 5507/100/304 5517/101/142
f 5507/100/304 5518/101/368 5517/101/142
f 5519/100/343 5511/100/308 5520/101/325
f 5511/100/308 5521/101/313 5520/101/325
s 0
f 5506/99/8 5522/102/8 5505/99/8
f 5522/102/8 5523/102/8 5505/99/8
s 1
f 5510/99/307 5524/102/303 5509/99/306
f 5524/102/253 5525/102/337 5526/99/337
f 5514/99/330 5527/102/255 5513/99/392
f 5527/102/255 5528/102/315 5529/99/315
s 0
f 5530/104/8 5531/104/8 5516/101/8
f 5531/104/8 5515/101/8 5516/101/8
f 5532/104/316 5533/104/316 5534/101/316
s 1
f 5533/104/316 5517/101/142 5518/101/368
f 5535/104/369 5536/104/369 5537/101/369
f 5536/104/328 5538/101/328 5521/101/313
s 0
f 5539/100/8 5540/100/8 5541/99/8
f 5540/100/8 5542/99/8 5541/99/8
s 1
f 5543/100/393 5544/100/320 5545/99/339
f 5544/100/320 5546/99/148 5545/99/339
f 5547/100/308 5548/100/309 5549/99/310
f 5548/100/309 5550/99/153 5549/99/310
s 0
f 5540/100/8 5539/100/8 5551/101/8
f 5539/100/8 5552/101/8 5551/101/8
s 1
f 5544/100/320 5543/100/393 5553/101/305
f 5543/100/393 5554/101/371 5553/101/305
f 5555/100/312 5547/100/308 5556/101/336
f 5547/100/308 5557/101/313 5556/101/336
s 0
f 5542/99/8 5558/102/8 5541/99/8
f 5558/102/8 5559/102/8 5541/99/8
s 1
f 5546/99/148 5560/102/253 5545/99/339
f 5560/102/254 5561/102/337 5562/99/337
f 5550/99/153 5563/102/255 5549/99/310
f 5563/102/255 5564/102/327 5565/99/327
s 0
f 5566/104/8 5567/104/8 5552/101/8
f 5567/104/8 5551/101/8 5552/101/8
f 5568/104/316 5569/104/316 5570/101/316
s 1
f 5569/104/372 5553/101/305 5554/101/371
s 0
f 5571/104/369 5572/104/369 5573/101/369
s 1
f 5572/104/369 5574/101/369 5557/101/374
s 0
f 5575/100/8 5576/100/8 5577/99/8
f 5576/100/8 5578/99/8 5577/99/8
s 1
f 5579/100/304 5580/100/394 5581/99/321
f 5580/100/394 5582/99/307 5581/99/321
f 5583/100/308 5584/100/322 5585/99/310
f 5584/100/322 5586/99/330 5585/99/310
s 0
f 5576/100/8 5575/100/8 5587/101/8
f 5575/100/8 5588/101/8 5587/101/8
s 1
f 5580/100/394 5579/100/304 5589/101/305
f 5579/100/304 5590/101/323 5589/101/305
f 5591/100/324 5583/100/308 5592/101/325
f 5583/100/308 5593/101/313 5592/101/325
s 0
f 5578/99/8 5594/102/8 5577/99/8
f 5594/102/8 5595/102/8 5577/99/8
s 1
f 5582/99/307 5596/102/303 5581/99/321
f 5596/102/254 5597/102/326 5598/99/326
f 5586/99/330 5599/102/255 5585/99/310
f 5599/102/255 5600/102/327 5601/99/327
s 0
f 5602/104/8 5603/104/8 5588/101/8
f 5603/104/8 5587/101/8 5588/101/8
f 5604/104/316 5605/104/316 5606/101/316
s 1
f 5605/104/316 5589/101/305 5590/101/323
s 0
f 5607/104/373 5608/104/373 5609/101/373
s 1
f 5608/104/328 5610/101/328 5593/101/313
s 0
f 5611/100/8 5612/100/8 5613/99/8
f 5612/100/8 5614/99/8 5613/99/8
s 1
f 5615/100/332 5616/100/142 5617/99/306
f 5616/100/142 5618/99/395 5617/99/306
f 5619/100/308 5620/100/309 5621/99/310
f 5620/100/309 5622/99/396 5621/99/310
s 0
f 5612/100/8 5611/100/8 5623/101/8
f 5611/100/8 5624/101/8 5623/101/8
s 1
f 5616/100/142 5615/100/332 5625/101/305
f 5615/100/332 5626/101/371 5625/101/305
f 5627/100/312 5619/100/308 5628/101/312
f 5619/100/308 5629/101/313 5628/101/312
s 0
f 5614/99/8 5630/102/8 5613/99/8
f 5630/102/8 5631/102/8 5613/99/8
s 1
f 5618/99/395 5632/102/253 5617/99/306
f 5632/102/397 5633/102/314 5634/99/314
f 5622/99/396 5635/102/255 5621/99/310
f 5635/102/255 5636/102/315 5637/99/315
s 0
f 5638/104/8 5639/104/8 5624/101/8
f 5639/104/8 5623/101/8 5624/101/8
f 5640/104/316 5641/104/316 5642/101/316
s 1
f 5641/104/346 5625/101/305 5626/101/371
s 0
f 5643/104/369 5644/104/369 5645/101/369
s 1
f 5644/104/317 5646/101/317 5629/101/374
s 0
f 5647/100/8 5648/100/8 5649/99/8
f 5648/100/8 5650/99/8 5649/99/8
s 1
f 5651/100/398 5652/100/329 5653/99/321
f 5652/100/329 5654/99/307 5653/99/321
f 5655/100/308 5656/100/334 5657/99/310
f 5656/100/334 5658/99/330 5657/99/310
s 0
f 5648/100/8 5647/100/8 5659/101/8
f 5647/100/8 5660/101/8 5659/101/8
s 1
f 5652/100/329 5651/100/398 5661/101/305
f 5651/100/398 5662/101/323 5661/101/305
f 5663/100/336 5655/100/308 5664/101/325
f 5655/100/308 5665/101/313 5664/101/325
s 0
f 5650/99/8 5666/102/8 5649/99/8
f 5666/102/8 5667/102/8 5649/99/8
s 1
f 5654/99/307 5668/102/303 5653/99/321
f 5668/102/254 5669/102/326 5670/99/326
f 5658/99/330 5671/102/255 5657/99/310
f 5671/102/255 5672/102/327 5673/99/327
s 0
f 5674/104/8 5675/104/8 5660/101/8
f 5675/104/8 5659/101/8 5660/101/8
f 5676/104/316 5677/104/316 5678/101/316
s 1
f 5677/104/316 5661/101/305 5662/101/323
s 0
f 5679/104/369 5680/104/369 5681/101/369
s 1
f 5680/104/328 5682/101/328 5665/101/313
s 0
f 5683/100/8 5684/100/8 5685/99/8
f 5684/100/8 5686/99/8 5685/99/8
s 1
f 5687/100/319 5688/100/142 5689/99/333
f 5688/100/142 5690/99/148 5689/99/333
f 5691/100/308 5692/100/334 5693/99/310
f 5692/100/334 5694/99/153 5693/99/310
s 0
f 5684/100/8 5683/100/8 5695/101/8
f 5683/100/8 5696/101/8 5695/101/8
s 1
f 5688/100/142 5687/100/319 5697/101/305
f 5687/100/319 5698/101/371 5697/101/305
f 5699/100/336 5691/100/308 5700/101/336
f 5691/100/308 5701/101/313 5700/101/336
s 0
f 5686/99/8 5702/102/8 5685/99/8
f 5702/102/8 5703/102/8 5685/99/8
s 1
f 5690/99/148 5704/102/253 5689/99/333
f 5704/102/254 5705/102/314 5706/99/314
f 5694/99/153 5707/102/255 5693/99/310
f 5707/102/255 5708/102/315 5709/99/315
s 0
f 5710/104/8 5711/104/8 5696/101/8
f 5711/104/8 5695/101/8 5696/101/8
f 5712/104/316 5713/104/316 5714/101/316
s 1
f 5713/104/399 5697/101/305 5698/101/371
s 0
f 5715/104/369 5716/104/369 5717/101/369
s 1
f 5716/104/369 5718/101/369 5701/101/374
s 0
f 5719/99/8 5720/100/8 5721/99/8
f 5720/100/8 5722/100/8 5721/99/8
s 1
f 5723/99/273 5724/100/149 5725/99/348
f 5724/100/149 5726/100/200 5725/99/348
f 5727/99/173 5728/100/231 5729/99/192
f 5728/100/231 5730/100/208 5729/99/192
s 0
f 5731/101/8 5722/100/8 5732/101/8
f 5722/100/8 5720/100/8 5732/101/8
s 1
f 5733/101/350 5734/100/202 5735/101/193
f 5734/100/202 5724/100/174 5735/101/193
f 5736/101/351 5737/100/365 5738/101/152
f 5737/100/365 5728/100/231 5738/101/152
s 0
f 5523/102/8 5522/102/8 5721/99/8
f 5522/102/8 5719/99/8 5721/99/8
s 1
f 5739/102/352 5524/102/303 5740/99/352
f 5524/102/303 5723/99/273 5725/99/348
f 5741/102/195 5527/102/255 5742/99/195
f 5527/102/255 5743/99/154 5729/99/172
s 0
f 5732/101/8 5744/104/8 5731/101/8
f 5744/104/8 5745/104/8 5731/101/8
s 1
f 5735/101/193 5746/104/207 5733/101/350
s 0
f 5746/104/188 5747/104/188 5748/101/188
s 1
f 5738/101/152 5749/104/191 5736/101/351
s 0
f 5749/104/233 5750/104/233 5751/101/233
f 5752/99/8 5753/100/8 5754/99/8
f 5753/100/8 5755/100/8 5754/99/8
s 1
f 5756/99/273 5757/100/143 5758/99/144
f 5757/100/143 5759/100/200 5758/99/144
f 5760/99/171 5761/100/384 5762/99/172
f 5761/100/384 5763/100/208 5762/99/172
s 0
f 5764/101/8 5755/100/8 5765/101/8
f 5755/100/8 5753/100/8 5765/101/8
s 1
f 5766/101/386 5767/100/202 5768/101/193
f 5767/100/202 5757/100/395 5768/101/193
f 5769/101/363 5770/100/151 5771/101/152
f 5770/100/151 5761/100/153 5771/101/152
s 0
f 5559/102/8 5558/102/8 5754/99/8
f 5558/102/8 5752/99/8 5754/99/8
s 1
f 5772/102/194 5560/102/253 5773/99/194
f 5560/102/254 5756/99/273 5758/99/144
f 5774/102/195 5563/102/255 5775/99/195
f 5563/102/255 5776/99/176 5762/99/172
s 0
f 5765/101/8 5777/104/8 5764/101/8
f 5777/104/8 5778/104/8 5764/101/8
s 1
f 5768/101/193 5779/104/354 5766/101/386
s 0
f 5779/104/354 5780/104/354 5781/101/354
s 1
f 5771/101/152 5782/104/166 5769/101/363
s 0
f 5782/104/191 5783/104/191 5784/101/191
f 5785/99/8 5786/100/8 5787/99/8
f 5786/100/8 5788/100/8 5787/99/8
s 1
f 5789/99/273 5790/100/361 5791/99/144
f 5790/100/361 5792/100/385 5791/99/144
f 5793/99/173 5794/100/288 5795/99/172
f 5794/100/288 5796/100/171 5795/99/172
s 0
f 5797/101/8 5788/100/8 5798/101/8
f 5788/100/8 5786/100/8 5798/101/8
s 1
f 5799/101/350 5800/100/389 5801/101/148
f 5800/100/389 5790/100/174 5801/101/148
f 5802/101/351 5803/100/387 5804/101/152
f 5803/100/387 5794/100/153 5804/101/152
s 0
f 5595/102/8 5594/102/8 5787/99/8
f 5594/102/8 5785/99/8 5787/99/8
s 1
f 5805/102/194 5596/102/254 5806/99/194
f 5596/102/303 5789/99/273 5791/99/144
f 5807/102/154 5599/102/255 5808/99/154
f 5599/102/255 5809/99/400 5795/99/177
f 5798/101/8 5810/104/8 5797/101/8
s 0
f 5810/104/8 5811/104/8 5797/101/8
s 1
f 5801/101/148 5812/104/207 5799/101/350
s 0
f 5812/104/188 5813/104/188 5814/101/188
s 1
f 5804/101/152 5815/104/191 5802/101/351
s 0
f 5815/104/233 5816/104/233 5817/101/233
f 5818/99/8 5819/100/8 5820/99/8
f 5819/100/8 5821/100/8 5820/99/8
s 1
f 5822/99/273 5823/100/149 5824/99/201
f 5823/100/149 5825/100/170 5824/99/201
f 5826/99/173 5827/100/153 5828/99/177
f 5827/100/153 5829/100/173 5828/99/177
s 0
f 5830/101/8 5821/100/8 5831/101/8
f 5821/100/8 5819/100/8 5831/101/8
s 1
f 5832/101/364 5833/100/401 5834/101/193
f 5833/100/401 5823/100/174 5834/101/193
f 5835/101/402 5836/100/151 5837/101/152
f 5836/100/151 5827/100/153 5837/101/152
s 0
f 5631/102/8 5630/102/8 5820/99/8
f 5630/102/8 5818/99/8 5820/99/8
s 1
f 5838/102/352 5632/102/253 5839/99/352
f 5632/102/253 5822/99/273 5824/99/201
f 5840/102/353 5635/102/255 5841/99/353
f 5635/102/255 5842/99/400 5828/99/172
s 0
f 5831/101/8 5843/104/8 5830/101/8
f 5843/104/8 5844/104/8 5830/101/8
s 1
f 5834/101/193 5845/104/232 5832/101/364
s 0
f 5845/104/188 5846/104/188 5847/101/188
s 1
f 5837/101/152 5848/104/199 5835/101/402
s 0
f 5848/104/233 5849/104/233 5850/101/233
f 5851/99/8 5852/100/8 5853/99/8
f 5852/100/8 5854/100/8 5853/99/8
s 1
f 5855/99/273 5856/100/143 5857/99/348
f 5856/100/143 5858/100/200 5857/99/348
f 5859/99/173 5860/100/153 5861/99/192
f 5860/100/153 5862/100/208 5861/99/192
s 0
f 5863/101/8 5854/100/8 5864/101/8
f 5854/100/8 5852/100/8 5864/101/8
s 1
f 5865/101/350 5866/100/202 5867/101/193
f 5866/100/202 5856/100/143 5867/101/193
f 5868/101/351 5869/100/365 5870/101/152
f 5869/100/365 5860/100/153 5870/101/152
s 0
f 5667/102/8 5666/102/8 5853/99/8
f 5666/102/8 5851/99/8 5853/99/8
s 1
f 5871/102/194 5668/102/253 5872/99/194
f 5668/102/253 5855/99/273 5857/99/348
f 5873/102/195 5671/102/255 5874/99/195
f 5671/102/255 5875/99/176 5861/99/192
s 0
f 5864/101/8 5876/104/8 5863/101/8
f 5876/104/8 5877/104/8 5863/101/8
s 1
f 5867/101/193 5878/104/232 5865/101/350
s 0
f 5878/104/165 5879/104/165 5880/101/165
s 1
f 5870/101/152 5881/104/191 5868/101/351
s 0
f 5881/104/168 5882/104/168 5883/101/168
f 5884/99/8 5885/100/8 5886/99/8
f 5885/100/8 5887/100/8 5886/99/8
s 1
f 5888/99/169 5889/100/143 5890/99/348
f 5889/100/143 5891/100/403 5890/99/348
f 5892/99/171 5893/100/153 5894/99/155
f 5893/100/153 5895/100/391 5894/99/155
s 0
f 5896/101/8 5887/100/8 5897/101/8
f 5887/100/8 5885/100/8 5897/101/8
s 1
f 5898/101/146 5899/100/404 5900/101/148
f 5899/100/404 5889/100/148 5900/101/148
f 5901/101/150 5902/100/405 5903/101/152
f 5902/100/405 5893/100/153 5903/101/152
s 0
f 5703/102/8 5702/102/8 5886/99/8
f 5702/102/8 5884/99/8 5886/99/8
s 1
f 5904/102/352 5704/102/253 5905/99/352
f 5704/102/254 5888/99/169 5890/99/348
f 5906/102/353 5707/102/255 5907/99/353
f 5707/102/255 5908/99/176 5894/99/177
s 0
f 5897/101/8 5909/104/8 5896/101/8
f 5909/104/8 5910/104/8 5896/101/8
s 1
f 5900/101/148 5911/104/188 5898/101/146
s 0
f 5911/104/188 5912/104/188 5913/101/188
s 1
f 5903/101/152 5914/104/166 5901/101/150
s 0
f 5914/104/191 5915/104/191 5916/101/191
f 5917/99/7 5918/100/7 5919/99/7
f 5918/100/7 5920/100/7 5919/99/7
s 1
f 5921/99/406 5922/100/407 5923/99/408
f 5922/100/407 5924/100/409 5923/99/408
f 5925/99/410 5926/100/411 5927/99/412
f 5926/100/411 5928/100/413 5927/99/412
s 0
f 5929/101/7 5920/100/7 5930/101/7
f 5920/100/7 5918/100/7 5930/101/7
s 1
f 5931/101/414 5932/100/415 5933/101/407
f 5932/100/415 5922/100/416 5933/101/407
f 5934/101/417 5935/100/418 5936/101/419
f 5935/100/418 5926/100/420 5936/101/419
s 0
f 5937/102/7 5938/102/7 5919/99/7
f 5938/102/7 5917/99/7 5919/99/7
s 1
f 5939/102/421 5940/102/422 5941/99/423
f 5940/102/422 5921/99/406 5923/99/408
f 5942/102/424 5943/102/425 5944/99/425
f 5943/102/426 5945/99/426 5927/99/427
s 0
f 5946/103/7 5947/104/7 5948/103/7
f 5947/104/7 5949/104/7 5948/103/7
s 1
f 5950/103/428 5951/104/429 5952/103/430
f 5951/104/429 5953/104/429 5952/103/430
f 5954/103/431 5955/104/431 5956/103/432
f 5955/104/431 5957/104/431 5956/103/432
s 0
f 5938/102/7 5937/102/7 5948/103/7
f 5937/102/7 5946/103/7 5948/103/7
s 1
f 5940/102/422 5939/102/421 5952/103/433
f 5939/102/421 5958/103/434 5952/103/433
f 5959/102/435 5942/102/436 5960/103/435
f 5942/102/424 5961/103/437 5956/103/438
s 0
f 5930/101/7 5962/104/7 5929/101/7
f 5962/104/7 5963/104/7 5929/101/7
s 1
f 5933/101/407 5964/104/439 5931/101/414
s 0
f 5964/104/440 5965/104/440 5966/101/440
s 1
f 5936/101/419 5967/104/441 5934/101/417
f 5967/104/441 5968/104/442 5969/101/442
s 0
f 5970/99/7 5971/100/7 5972/99/7
f 5971/100/7 5973/100/7 5972/99/7
s 1
f 5974/99/443 5975/100/407 5976/99/444
f 5975/100/407 5977/100/409 5976/99/444
f 5978/99/445 5979/100/411 5980/99/427
f 5979/100/411 5981/100/445 5980/99/427
s 0
f 5982/101/7 5973/100/7 5983/101/7
f 5973/100/7 5971/100/7 5983/101/7
s 1
f 5984/101/446 5985/100/415 5986/101/447
f 5985/100/415 5975/100/416 5986/101/447
f 5987/101/448 5988/100/418 5989/101/420
f 5988/100/418 5979/100/420 5989/101/420
s 0
f 5990/102/7 5991/102/7 5972/99/7
f 5991/102/7 5970/99/7 5972/99/7
s 1
f 5992/102/449 5993/102/422 5994/99/450
f 5993/102/451 5974/99/443 5976/99/444
f 5995/102/424 5996/102/426 5997/99/426
f 5996/102/452 5998/99/452 5980/99/427
s 0
f 5999/103/7 6000/104/7 6001/103/7
f 6000/104/7 6002/104/7 6001/103/7
s 1
f 6003/103/429 6004/104/429 6005/103/453
f 6004/104/429 6006/104/429 6005/103/453
f 6007/103/454 6008/104/431 6009/103/438
f 6008/104/431 6010/104/431 6009/103/438
s 0
f 5991/102/7 5990/102/7 6001/103/7
s 1
f 5990/102/7 5999/103/7 6001/103/7
f 5993/102/422 5992/102/449 6005/103/455
f 5992/102/449 6011/103/456 6005/103/455
f 6012/102/457 5995/102/436 6013/103/457
f 5995/102/436 6014/103/458 6009/103/438
s 0
f 5983/101/7 6015/104/7 5982/101/7
f 6015/104/7 6016/104/7 5982/101/7
s 1
f 5986/101/447 6017/104/459 5984/101/446
s 0
f 6017/104/439 6018/104/439 6019/101/439
s 1
f 5989/101/420 6020/104/460 5987/101/448
s 0
f 6020/104/460 6021/104/460 6022/101/460
f 6023/99/7 6024/100/7 6025/99/7
f 6024/100/7 6026/100/7 6025/99/7
s 1
f 6027/99/461 6028/100/407 6029/99/444
f 6028/100/407 6030/100/462 6029/99/444
f 6031/99/463 6032/100/411 6033/99/412
f 6032/100/411 6034/100/463 6033/99/412
s 0
f 6035/101/7 6026/100/7 6036/101/7
f 6026/100/7 6024/100/7 6036/101/7
s 1
f 6037/101/464 6038/100/465 6039/101/447
f 6038/100/465 6028/100/466 6039/101/447
f 6040/101/467 6041/100/468 6042/101/469
f 6041/100/468 6032/100/411 6042/101/469
s 0
f 6043/102/7 6044/102/7 6025/99/7
f 6044/102/7 6023/99/7 6025/99/7
s 1
f 6045/102/470 6046/102/422 6047/99/450
f 6046/102/471 6027/99/461 6029/99/444
f 6048/102/424 6049/102/425 6050/99/425
f 6049/102/472 6051/99/472 6033/99/427
s 0
f 6052/103/7 6053/104/7 6054/103/7
f 6053/104/7 6055/104/7 6054/103/7
s 1
f 6056/103/428 6057/104/429 6058/103/473
f 6057/104/429 6059/104/429 6058/103/473
f 6060/103/474 6061/104/431 6062/103/438
f 6061/104/431 6063/104/431 6062/103/438
s 0
f 6044/102/7 6043/102/7 6054/103/7
f 6043/102/7 6052/103/7 6054/103/7
s 1
f 6046/102/422 6045/102/470 6058/103/430
f 6045/102/470 6064/103/475 6058/103/430
f 6065/102/457 6048/102/436 6066/103/457
f 6048/102/424 6067/103/476 6062/103/477
s 0
f 6036/101/7 6068/104/7 6035/101/7
f 6068/104/7 6069/104/7 6035/101/7
s 1
f 6039/101/447 6070/104/478 6037/101/464
f 6070/104/440 6071/104/440 6072/101/440
f 6042/101/469 6073/104/479 6040/101/467
s 0
f 6073/104/480 6074/104/481 6075/101/481
f 6076/99/7 6077/100/7 6078/99/7
f 6077/100/7 6079/100/7 6078/99/7
s 1
f 6080/99/443 6081/100/407 6082/99/482
f 6081/100/407 6083/100/409 6082/99/482
f 6084/99/445 6085/100/411 6086/99/427
f 6085/100/411 6087/100/413 6086/99/427
s 0
f 6088/101/7 6079/100/7 6089/101/7
f 6079/100/7 6077/100/7 6089/101/7
s 1
f 6090/101/446 6091/100/415 6092/101/447
f 6091/100/415 6081/100/466 6092/101/447
f 6093/101/448 6094/100/418 6095/101/420
f 6094/100/418 6085/100/420 6095/101/420
s 0
f 6096/102/7 6097/102/7 6078/99/7
f 6097/102/7 6076/99/7 6078/99/7
s 1
f 6098/102/421 6099/102/422 6100/99/483
f 6099/102/484 6080/99/443 6082/99/482
f 6101/102/485 6102/102/426 6103/99/426
f 6102/102/452 6104/99/452 6086/99/486
s 0
f 6105/103/7 6106/104/7 6107/103/7
f 6106/104/7 6108/104/7 6107/103/7
s 1
f 6109/103/429 6110/104/428 6111/103/453
f 6110/104/428 6112/104/487 6111/103/453
f 6113/103/488 6114/104/489 6115/103/432
f 6114/104/489 6116/104/490 6115/103/432
s 0
f 6097/102/7 6096/102/7 6107/103/7
f 6096/102/7 6105/103/7 6107/103/7
s 1
f 6099/102/422 6098/102/421 6111/103/455
f 6098/102/421 6117/103/456 6111/103/455
f 6118/102/491 6101/102/436 6119/103/491
f 6101/102/492 6120/103/458 6115/103/432
s 0
f 6089/101/7 6121/104/7 6088/101/7
f 6121/104/7 6122/104/7 6088/101/7
s 1
f 6092/101/447 6123/104/440 6090/101/446
s 0
f 6123/104/439 6124/104/439 6125/101/439
s 1
f 6095/101/420 6126/104/493 6093/101/448
s 0
f 6126/104/494 6127/104/494 6128/101/494
f 6129/99/7 6130/100/7 6131/99/7
f 6130/100/7 6132/100/7 6131/99/7
s 1
f 6133/99/495 6134/100/466 6135/99/444
f 6134/100/466 6136/100/496 6135/99/444
f 6137/99/413 6138/100/411 6139/99/427
f 6138/100/411 6140/100/445 6139/99/427
s 0
f 6141/101/7 6132/100/7 6142/101/7
f 6132/100/7 6130/100/7 6142/101/7
s 1
f 6143/101/446 6144/100/497 6145/101/447
f 6144/100/497 6134/100/416 6145/101/447
f 6146/101/448 6147/100/498 6148/101/420
f 6147/100/498 6138/100/420 6148/101/420
s 0
f 6149/102/7 6150/102/7 6131/99/7
f 6150/102/7 6129/99/7 6131/99/7
s 1
f 6151/102/449 6152/102/422 6153/99/450
f 6152/102/484 6133/99/495 6135/99/444
f 6154/102/485 6155/102/425 6156/99/425
f 6155/102/426 6157/99/426 6139/99/427
s 0
f 6158/103/7 6159/104/7 6160/103/7
f 6159/104/7 6161/104/7 6160/103/7
s 1
f 6162/103/428 6163/104/499 6164/103/453
f 6163/104/499 6165/104/500 6164/103/453
f 6166/103/488 6167/104/431 6168/103/438
f 6167/104/431 6169/104/431 6168/103/438
s 0
f 6150/102/7 6149/102/7 6160/103/7
f 6149/102/7 6158/103/7 6160/103/7
s 1
f 6152/102/422 6151/102/449 6164/103/455
f 6151/102/449 6170/103/475 6164/103/455
f 6171/102/458 6154/102/485 6172/103/458
f 6154/102/436 6173/103/491 6168/103/432
s 0
f 6142/101/7 6174/104/7 6141/101/7
f 6174/104/7 6175/104/7 6141/101/7
s 1
f 6145/101/447 6176/104/501 6143/101/446
s 0
f 6176/104/439 6177/104/439 6178/101/439
s 1
f 6148/101/420 6179/104/460 6146/101/448
s 0
f 6179/104/493 6180/104/493 6181/101/493
f 6182/99/7 6183/100/7 6184/99/7
f 6183/100/7 6185/100/7 6184/99/7
s 1
f 6186/99/461 6187/100/466 6188/99/502
f 6187/100/466 6189/100/462 6188/99/502
f 6190/99/445 6191/100/420 6192/99/503
f 6191/100/420 6193/100/463 6192/99/503
s 0
f 6194/101/7 6185/100/7 6195/101/7
f 6185/100/7 6183/100/7 6195/101/7
s 1
f 6196/101/446 6197/100/465 6198/101/407
f 6197/100/465 6187/100/416 6198/101/407
f 6199/101/448 6200/100/468 6201/101/420
f 6200/100/468 6191/100/411 6201/101/420
s 0
f 6202/102/7 6203/102/7 6184/99/7
f 6203/102/7 6182/99/7 6184/99/7
s 1
f 6204/102/449 6205/102/422 6206/99/450
f 6205/102/451 6186/99/461 6188/99/502
f 6207/102/504 6208/102/425 6209/99/425
f 6208/102/505 6210/99/505 6192/99/427
s 0
f 6211/103/7 6212/104/7 6213/103/7
f 6212/104/7 6214/104/7 6213/103/7
s 1
f 6215/103/499 6216/104/506 6217/103/453
f 6216/104/506 6218/104/506 6217/103/453
f 6219/103/490 6220/104/490 6221/103/438
f 6220/104/490 6222/104/490 6221/103/438
s 0
f 6203/102/7 6202/102/7 6213/103/7
f 6202/102/7 6211/103/7 6213/103/7
s 1
f 6205/102/422 6204/102/449 6217/103/433
f 6204/102/449 6223/103/507 6217/103/433
f 6224/102/458 6207/102/508 6225/103/458
f 6207/102/508 6226/103/457 6221/103/438
s 0
f 6195/101/7 6227/104/7 6194/101/7
f 6227/104/7 6228/104/7 6194/101/7
s 1
f 6198/101/407 6229/104/440 6196/101/446
s 0
f 6229/104/439 6230/104/439 6231/101/439
s 1
f 6201/101/420 6232/104/509 6199/101/448
s 0
f 6232/104/460 6233/104/460 6234/101/460
f 6235/111/510 6236/112/510 6237/113/510
f 6236/112/511 6238/114/511 6237/113/511
f 6239/115/1 6240/116/1 6241/117/1
f 6240/116/1 6242/118/1 6241/117/1
f 6243/119/512 6244/120/512 6245/113/512
f 6244/120/513 6246/121/513 6245/113/513
s 1
f 6247/122/514 6248/123/514 6249/124/514
s 0
f 6248/123/515 6250/121/515 6249/124/515
s 1
f 6251/122/516 6252/125/517 6253/124/518
f 6252/125/517 6254/114/519 6253/124/518
s 0
f 6255/126/1 6256/127/1 6257/128/1
f 6256/127/1 6258/129/1 6257/128/1
f 6259/119/520 6260/120/520 6261/113/520
f 6260/120/521 6262/121/521 6261/113/521
f 6263/122/522 6264/112/522 6265/130/522
f 6264/112/523 6266/114/523 6265/130/523
f 6267/131/8 6268/132/8 6269/133/8
f 6268/132/8 6270/134/8 6269/133/8
s 1
f 6271/135/524 6272/136/1 6273/137/525
f 6272/136/1 6274/138/526 6273/137/525
s 0
f 6275/139/8 6276/140/8 6277/137/8
f 6276/140/8 6278/138/8 6277/137/8
s 1
f 6279/135/524 6280/136/1 6281/133/525
f 6280/136/1 6282/134/525 6281/133/525
s 0
f 6283/137/7 6284/138/7 6285/139/7
f 6284/138/7 6286/140/7 6285/139/7
s 1
f 6287/133/527 6288/134/527 6271/135/524
f 6288/134/527 6272/136/1 6271/135/524
s 0
f 6289/133/7 6290/134/7 6291/131/7
f 6290/134/7 6292/132/7 6291/131/7
s 1
f 6293/137/527 6294/138/527 6279/135/524
f 6294/138/527 6280/136/1 6279/135/524
f 6295/111/528 6296/112/529 6297/113/530
f 6296/112/529 6298/114/531 6297/113/530
s 0
f 6299/115/1 6300/116/1 6301/117/1
f 6300/116/1 6302/118/1 6301/117/1
f 6303/119/532 6304/120/532 6305/113/532
f 6304/120/533 6306/121/513 6305/113/513
f 6307/122/534 6308/123/534 6309/124/534
f 6308/123/535 6310/121/535 6309/124/535
f 6311/122/536 6312/125/536 6313/124/536
f 6312/125/537 6314/114/537 6313/124/537
f 6315/126/1 6316/127/1 6317/128/1
f 6316/127/1 6318/129/1 6317/128/1
f 6319/119/520 6320/120/520 6321/113/520
f 6320/120/520 6322/121/520 6321/113/520
f 6323/122/522 6324/112/538 6325/130/522
s 1
f 6324/112/539 6326/114/539 6325/130/539
s 0
f 6268/132/8 6327/132/8 6270/134/8
f 6327/132/8 6328/134/8 6270/134/8
s 1
f 6272/136/1 6329/136/1 6274/138/526
f 6329/136/1 6330/138/526 6274/138/526
s 0
f 6276/140/8 6331/140/8 6278/138/8
f 6331/140/8 6332/138/8 6278/138/8
s 1
f 6280/136/1 6333/136/1 6282/134/525
f 6333/136/1 6334/134/525 6282/134/525
s 0
f 6284/138/7 6335/138/7 6286/140/7
f 6335/138/7 6336/140/7 6286/140/7
s 1
f 6288/134/527 6337/134/527 6272/136/1
f 6337/134/527 6329/136/1 6272/136/1
s 0
f 6290/134/7 6338/134/7 6292/132/7
f 6338/134/7 6339/132/7 6292/132/7
s 1
f 6294/138/527 6340/138/527 6280/136/1
f 6340/138/527 6333/136/1 6280/136/1
s 0
f 6341/111/510 6342/112/510 6343/113/510
s 1
f 6342/112/510 6344/114/531 6343/113/531
s 0
f 6345/115/1 6346/116/1 6347/117/1
f 6346/116/1 6348/118/1 6347/117/1
f 6349/119/540 6350/120/540 6351/113/540
f 6350/120/540 6352/121/540 6351/113/540
f 6353/122/514 6354/123/514 6355/124/514
s 1
f 6354/123/523 6356/121/523 6355/124/523
f 6357/122/511 6358/125/511 6359/124/511
s 0
f 6358/125/541 6360/114/541 6359/124/541
f 6361/126/1 6362/127/1 6363/128/1
f 6362/127/1 6364/129/1 6363/128/1
f 6365/119/512 6366/120/512 6367/113/512
f 6366/120/532 6368/121/532 6367/113/532
f 6369/122/534 6370/112/534 6371/130/534
f 6370/112/514 6372/114/514 6371/130/514
f 6327/132/8 6373/132/8 6328/134/8
f 6373/132/8 6374/134/8 6328/134/8
s 1
f 6329/136/1 6375/136/1 6330/138/526
f 6375/136/1 6376/138/525 6330/138/526
s 0
f 6331/140/8 6377/140/8 6332/138/8
f 6377/140/8 6378/138/8 6332/138/8
s 1
f 6333/136/1 6379/136/1 6334/134/525
f 6379/136/1 6380/134/525 6334/134/525
s 0
f 6335/138/7 6381/138/7 6336/140/7
f 6381/138/7 6382/140/7 6336/140/7
s 1
f 6337/134/527 6383/134/527 6329/136/1
f 6383/134/527 6375/136/1 6329/136/1
s 0
f 6338/134/7 6384/134/7 6339/132/7
f 6384/134/7 6385/132/7 6339/132/7
s 1
f 6340/138/527 6386/138/542 6333/136/1
f 6386/138/542 6379/136/1 6333/136/1
f 6387/111/530 6388/112/531 6389/113/140
f 6388/112/531 6390/114/140 6389/113/140
s 0
f 6391/115/1 6392/116/1 6393/117/1
f 6392/116/1 6394/118/1 6393/117/1
f 6395/119/533 6396/120/533 6397/113/533
f 6396/120/543 6398/121/543 6397/113/543
s 1
f 6399/122/534 6400/123/534 6401/124/534
s 0
f 6400/123/535 6402/121/535 6401/124/535
f 6403/122/518 6404/125/518 6405/124/518
s 1
f 6404/125/528 6406/114/511 6405/124/528
s 0
f 6407/126/1 6408/127/1 6409/128/1
f 6408/127/1 6410/129/1 6409/128/1
f 6411/119/513 6412/120/513 6413/113/513
f 6412/120/544 6414/121/544 6413/113/544
f 6415/122/535 6416/112/535 6417/130/535
f 6416/112/545 6418/114/545 6417/130/545
f 6373/132/8 6419/132/8 6374/134/8
f 6419/132/8 6420/134/8 6374/134/8
s 1
f 6375/136/1 6421/136/1 6376/138/525
f 6421/136/1 6422/138/525 6376/138/525
s 0
f 6377/140/8 6423/140/8 6378/138/8
f 6423/140/8 6424/138/8 6378/138/8
s 1
f 6379/136/1 6425/136/1 6380/134/525
f 6425/136/1 6426/134/525 6380/134/525
s 0
f 6381/138/7 6427/138/7 6382/140/7
f 6427/138/7 6428/140/7 6382/140/7
s 1
f 6383/134/527 6429/134/542 6375/136/1
f 6429/134/542 6421/136/1 6375/136/1
s 0
f 6384/134/7 6430/134/7 6385/132/7
f 6430/134/7 6431/132/7 6385/132/7
s 1
f 6386/138/542 6432/138/527 6379/136/1
f 6432/138/527 6425/136/1 6379/136/1
f 6433/111/517 6434/112/517 6435/113/531
f 6434/112/517 6436/114/510 6435/113/531
s 0
f 6437/115/1 6438/116/1 6439/117/1
f 6438/116/1 6440/118/1 6439/117/1
f 6441/119/521 6442/120/521 6443/113/521
f 6442/120/543 6444/121/543 6443/113/546
f 6445/122/534 6446/123/534 6447/124/534
f 6446/123/523 6448/121/523 6447/124/523
s 1
f 6449/122/536 6450/125/536 6451/124/536
s 0
f 6450/125/141 6452/114/530 6451/124/141
f 6453/126/1 6454/127/1 6455/128/1
f 6454/127/1 6456/129/1 6455/128/1
f 6457/119/521 6458/120/521 6459/113/521
f 6458/120/547 6460/121/547 6459/113/547
f 6461/122/534 6462/112/534 6463/130/534
f 6462/112/515 6464/114/515 6463/130/515
f 6419/132/8 6465/132/8 6420/134/8
f 6465/132/8 6466/134/8 6420/134/8
s 1
f 6421/136/1 6467/136/1 6422/138/525
f 6467/136/1 6468/138/526 6422/138/525
s 0
f 6423/140/8 6469/140/8 6424/138/8
f 6469/140/8 6470/138/8 6424/138/8
s 1
f 6425/136/1 6471/136/1 6426/134/525
f 6471/136/1 6472/134/525 6426/134/525
s 0
f 6427/138/7 6473/138/7 6428/140/7
f 6473/138/7 6474/140/7 6428/140/7
s 1
f 6429/134/542 6475/134/527 6421/136/1
f 6475/134/527 6467/136/1 6421/136/1
s 0
f 6430/134/7 6476/134/7 6431/132/7
f 6476/134/7 6477/132/7 6431/132/7
s 1
f 6432/138/527 6478/138/527 6425/136/1
f 6478/138/527 6471/136/1 6425/136/1
f 6479/111/517 6480/112/10 6481/113/212
f 6480/112/10 6482/114/530 6481/113/212
s 0
f 6483/115/1 6484/116/1 6485/117/1
f 6484/116/1 6486/118/1 6485/117/1
f 6487/119/547 6488/120/547 6489/113/547
f 6488/120/548 6490/121/548 6489/113/548
s 1
f 6491/122/535 6492/123/535 6493/124/535
s 0
f 6492/123/535 6494/121/535 6493/124/535
s 1
f 6495/122/510 6496/125/510 6497/124/511
f 6496/125/510 6498/114/549 6497/124/511
s 0
f 6499/126/1 6500/127/1 6501/128/1
f 6500/127/1 6502/129/1 6501/128/1
f 6503/119/547 6504/120/547 6505/113/547
f 6504/120/540 6506/121/540 6505/113/540
f 6507/122/550 6508/112/550 6509/130/550
f 6508/112/535 6510/114/535 6509/130/535
f 6465/132/8 6511/132/8 6466/134/8
f 6511/132/8 6512/134/8 6466/134/8
s 1
f 6467/136/1 6513/136/1 6468/138/526
f 6513/136/1 6514/138/525 6468/138/526
s 0
f 6469/140/8 6515/140/8 6470/138/8
f 6515/140/8 6516/138/8 6470/138/8
s 1
f 6471/136/1 6517/136/551 6472/134/525
f 6517/136/551 6518/134/525 6472/134/525
s 0
f 6473/138/7 6519/138/7 6474/140/7
f 6519/138/7 6520/140/7 6474/140/7
s 1
f 6475/134/527 6521/134/527 6467/136/1
f 6521/134/527 6513/136/1 6467/136/1
s 0
f 6476/134/7 6522/134/7 6477/132/7
f 6522/134/7 6523/132/7 6477/132/7
s 1
f 6478/138/527 6524/138/552 6471/136/1
f 6524/138/552 6517/136/551 6471/136/1
f 6525/111/530 6526/112/530 6527/113/141
s 0
f 6526/112/541 6528/114/541 6527/113/541
f 6529/115/1 6530/116/1 6531/117/1
f 6530/116/1 6532/118/1 6531/117/1
f 6533/119/512 6534/120/512 6535/113/512
f 6534/120/532 6536/121/532 6535/113/532
f 6537/122/553 6538/123/553 6539/124/553
f 6538/123/534 6540/121/534 6539/124/554
f 6541/122/536 6542/125/536 6543/124/536
s 1
f 6542/125/510 6544/114/531 6543/124/510
s 0
f 6545/126/1 6546/127/1 6547/128/1
f 6546/127/1 6548/129/1 6547/128/1
f 6549/119/520 6550/120/520 6551/113/520
f 6550/120/540 6552/121/540 6551/113/540
f 6553/122/545 6554/112/545 6555/130/545
f 6554/112/523 6556/114/523 6555/130/523
f 6557/131/8 6558/132/8 6559/133/8
f 6558/132/8 6560/134/8 6559/133/8
s 1
f 6561/135/524 6562/136/1 6563/137/525
f 6562/136/1 6564/138/525 6563/137/525
s 0
f 6565/139/8 6566/140/8 6567/137/8
f 6566/140/8 6568/138/8 6567/137/8
s 1
f 6569/135/555 6570/136/1 6571/133/526
f 6570/136/1 6572/134/525 6571/133/526
s 0
f 6573/137/7 6574/138/7 6575/139/7
f 6574/138/7 6576/140/7 6575/139/7
s 1
f 6577/133/527 6578/134/542 6561/135/524
f 6578/134/542 6562/136/1 6561/135/524
s 0
f 6579/133/7 6580/134/7 6581/131/7
f 6580/134/7 6582/132/7 6581/131/7
s 1
f 6583/137/527 6584/138/527 6569/135/555
f 6584/138/527 6570/136/1 6569/135/555
f 6585/111/511 6586/112/511 6587/113/511
s 0
f 6586/112/556 6588/114/556 6587/113/556
f 6589/115/1 6590/116/1 6591/117/1
f 6590/116/1 6592/118/1 6591/117/1
f 6593/119/533 6594/120/533 6595/113/533
f 6594/120/533 6596/121/533 6595/113/533
f 6597/122/535 6598/123/535 6599/124/535
f 6598/123/554 6600/121/554 6599/124/554
s 1
f 6601/122/528 6602/125/529 6603/124/531
f 6602/125/529 6604/114/557 6603/124/531
s 0
f 6605/126/1 6606/127/1 6607/128/1
f 6606/127/1 6608/129/1 6607/128/1
f 6609/119/548 6610/120/548 6611/113/548
f 6610/120/533 6612/121/533 6611/113/533
f 6613/122/558 6614/112/558 6615/130/558
f 6614/112/523 6616/114/523 6615/130/523
f 6558/132/8 6617/132/8 6560/134/8
f 6617/132/8 6618/134/8 6560/134/8
s 1
f 6562/136/1 6619/136/1 6564/138/525
f 6619/136/1 6620/138/525 6564/138/525
s 0
f 6566/140/8 6621/140/8 6568/138/8
f 6621/140/8 6622/138/8 6568/138/8
s 1
f 6570/136/1 6623/136/1 6572/134/525
f 6623/136/1 6624/134/525 6572/134/525
s 0
f 6574/138/7 6625/138/7 6576/140/7
f 6625/138/7 6626/140/7 6576/140/7
s 1
f 6578/134/542 6627/134/542 6562/136/1
f 6627/134/542 6619/136/1 6562/136/1
s 0
f 6580/134/7 6628/134/7 6582/132/7
f 6628/134/7 6629/132/7 6582/132/7
s 1
f 6584/138/527 6630/138/527 6570/136/1
f 6630/138/527 6623/136/1 6570/136/1
f 6631/111/510 6632/112/510 6633/113/510
s 0
f 6632/112/541 6634/114/541 6633/113/541
f 6635/115/1 6636/116/1 6637/117/1
f 6636/116/1 6638/118/1 6637/117/1
f 6639/119/540 6640/120/540 6641/113/540
f 6640/120/543 6642/121/543 6641/113/543
f 6643/122/554 6644/123/554 6645/124/554
s 1
f 6644/123/558 6646/121/558 6645/124/558
f 6647/122/511 6648/125/517 6649/124/559
f 6648/125/517 6650/114/557 6649/124/559
s 0
f 6651/126/1 6652/127/1 6653/128/1
f 6652/127/1 6654/129/1 6653/128/1
f 6655/119/521 6656/120/521 6657/113/521
f 6656/120/513 6658/121/513 6657/113/513
f 6659/122/535 6660/112/535 6661/130/535
f 6660/112/538 6662/114/538 6661/130/538
f 6617/132/8 6663/132/8 6618/134/8
f 6663/132/8 6664/134/8 6618/134/8
s 1
f 6619/136/1 6665/136/1 6620/138/525
f 6665/136/1 6666/138/526 6620/138/525
s 0
f 6621/140/8 6667/140/8 6622/138/8
f 6667/140/8 6668/138/8 6622/138/8
s 1
f 6623/136/1 6669/136/1 6624/134/525
f 6669/136/1 6670/134/525 6624/134/525
s 0
f 6625/138/7 6671/138/7 6626/140/7
f 6671/138/7 6672/140/7 6626/140/7
s 1
f 6627/134/542 6673/134/527 6619/136/1
f 6673/134/527 6665/136/1 6619/136/1
s 0
f 6628/134/7 6674/134/7 6629/132/7
f 6674/134/7 6675/132/7 6629/132/7
s 1
f 6630/138/527 6676/138/527 6623/136/1
f 6676/138/527 6669/136/1 6623/136/1
f 6677/111/557 6678/112/518 6679/113/559
f 6678/112/518 6680/114/559 6679/113/559
s 0
f 6681/115/1 6682/116/1 6683/117/1
f 6682/116/1 6684/118/1 6683/117/1
f 6685/119/548 6686/120/548 6687/113/548
f 6686/120/513 6688/121/513 6687/113/513
f 6689/122/523 6690/123/523 6691/124/523
s 1
f 6690/123/523 6692/121/523 6691/124/523
f 6693/122/510 6694/125/531 6695/124/510
s 0
f 6694/125/511 6696/114/511 6695/124/511
f 6697/126/1 6698/127/1 6699/128/1
f 6698/127/1 6700/129/1 6699/128/1
f 6701/119/547 6702/120/547 6703/113/547
f 6702/120/520 6704/121/520 6703/113/520
f 6705/122/523 6706/112/523 6707/130/523
f 6706/112/534 6708/114/534 6707/130/534
f 6663/132/8 6709/132/8 6664/134/8
f 6709/132/8 6710/134/8 6664/134/8
s 1
f 6665/136/1 6711/136/1 6666/138/526
f 6711/136/1 6712/138/526 6666/138/526
s 0
f 6667/140/8 6713/140/8 6668/138/8
f 6713/140/8 6714/138/8 6668/138/8
s 1
f 6669/136/1 6715/136/1 6670/134/525
f 6715/136/1 6716/134/525 6670/134/525
s 0
f 6671/138/7 6717/138/7 6672/140/7
f 6717/138/7 6718/140/7 6672/140/7
s 1
f 6673/134/527 6719/134/527 6665/136/1
f 6719/134/527 6711/136/1 6665/136/1
s 0
f 6674/134/7 6720/134/7 6675/132/7
f 6720/134/7 6721/132/7 6675/132/7
s 1
f 6676/138/527 6722/138/527 6669/136/1
f 6722/138/527 6715/136/1 6669/136/1
f 6723/111/560 6724/112/541 6725/113/559
f 6724/112/541 6726/114/557 6725/113/559
s 0
f 6727/115/1 6728/116/1 6729/117/1
f 6728/116/1 6730/118/1 6729/117/1
f 6731/119/547 6732/120/547 6733/113/547
f 6732/120/520 6734/121/520 6733/113/520
f 6735/122/515 6736/123/515 6737/124/515
f 6736/123/554 6738/121/554 6737/124/539
s 1
f 6739/122/10 6740/125/140 6741/124/517
f 6740/125/140 6742/114/511 6741/124/517
s 0
f 6743/126/1 6744/127/1 6745/128/1
f 6744/127/1 6746/129/1 6745/128/1
f 6747/119/540 6748/120/540 6749/113/540
f 6748/120/543 6750/121/543 6749/113/543
f 6751/122/558 6752/112/558 6753/130/558
f 6752/112/554 6754/114/554 6753/130/554
f 6709/132/8 6755/132/8 6710/134/8
f 6755/132/8 6756/134/8 6710/134/8
s 1
f 6711/136/1 6757/136/1 6712/138/526
f 6757/136/1 6758/138/525 6712/138/526
s 0
f 6713/140/8 6759/140/8 6714/138/8
f 6759/140/8 6760/138/8 6714/138/8
s 1
f 6715/136/1 6761/136/1 6716/134/525
f 6761/136/1 6762/134/525 6716/134/525
s 0
f 6717/138/7 6763/138/7 6718/140/7
f 6763/138/7 6764/140/7 6718/140/7
s 1
f 6719/134/527 6765/134/542 6711/136/1
f 6765/134/542 6757/136/1 6711/136/1
s 0
f 6720/134/7 6766/134/7 6721/132/7
f 6766/134/7 6767/132/7 6721/132/7
s 1
f 6722/138/527 6768/138/527 6715/136/1
f 6768/138/527 6761/136/1 6715/136/1
f 6769/111/529 6770/112/529 6771/113/529
s 0
f 6770/112/511 6772/114/511 6771/113/511
f 6773/115/1 6774/116/1 6775/117/1
f 6774/116/1 6776/118/1 6775/117/1
f 6777/119/512 6778/120/512 6779/113/512
f 6778/120/513 6780/121/513 6779/113/513
f 6781/122/561 6782/123/561 6783/124/561
f 6782/123/545 6784/121/545 6783/124/545
s 1
f 6785/122/10 6786/125/517 6787/124/517
s 0
f 6786/125/141 6788/114/141 6787/124/141
f 6789/126/1 6790/127/1 6791/128/1
f 6790/127/1 6792/129/1 6791/128/1
f 6793/119/512 6794/120/512 6795/113/512
f 6794/120/513 6796/121/513 6795/113/513
f 6797/122/515 6798/112/515 6799/130/515
s 1
f 6798/112/539 6800/114/562 6799/130/539
s 0
f 6755/132/8 6801/132/8 6756/134/8
f 6801/132/8 6802/134/8 6756/134/8
s 1
f 6757/136/1 6803/136/1 6758/138/525
f 6803/136/1 6804/138/525 6758/138/525
s 0
f 6759/140/8 6805/140/8 6760/138/8
f 6805/140/8 6806/138/8 6760/138/8
s 1
f 6761/136/1 6807/136/551 6762/134/525
f 6807/136/551 6808/134/525 6762/134/525
s 0
f 6763/138/7 6809/138/7 6764/140/7
f 6809/138/7 6810/140/7 6764/140/7
s 1
f 6765/134/542 6811/134/527 6757/136/1
f 6811/134/527 6803/136/1 6757/136/1
s 0
f 6766/134/7 6812/134/7 6767/132/7
f 6812/134/7 6813/132/7 6767/132/7
s 1
f 6768/138/527 6814/138/552 6761/136/1
f 6814/138/552 6807/136/551 6761/136/1
f 6815/111/511 6816/112/511 6817/113/517
s 0
f 6816/112/516 6818/114/516 6817/113/516
f 6819/115/1 6820/116/1 6821/117/1
f 6820/116/1 6822/118/1 6821/117/1
f 6823/119/547 6824/120/547 6825/113/547
f 6824/120/547 6826/121/547 6825/113/547
f 6827/122/553 6828/123/553 6829/124/553
f 6828/123/522 6830/121/522 6829/124/522
s 1
f 6831/122/140 6832/125/140 6833/124/140
s 0
f 6832/125/511 6834/114/511 6833/124/511
f 6835/126/1 6836/127/1 6837/128/1
f 6836/127/1 6838/129/1 6837/128/1
s 1
f 6839/119/520 6840/120/532 6841/113/532
s 0
f 6840/120/548 6842/121/548 6841/113/548
f 6843/122/523 6844/112/523 6845/130/523
f 6844/112/538 6846/114/538 6845/130/538
f 6847/131/8 6848/132/8 6849/133/8
f 6848/132/8 6850/134/8 6849/133/8
s 1
f 6851/135/524 6852/136/1 6853/137/525
f 6852/136/1 6854/138/525 6853/137/525
s 0
f 6855/139/8 6856/140/8 6857/137/8
f 6856/140/8 6858/138/8 6857/137/8
s 1
f 6859/135/524 6860/136/1 6861/133/525
f 6860/136/1 6862/134/525 6861/133/525
s 0
f 6863/137/7 6864/138/7 6865/139/7
f 6864/138/7 6866/140/7 6865/139/7
s 1
f 6867/133/527 6868/134/527 6851/135/524
f 6868/134/527 6852/136/1 6851/135/524
s 0
f 6869/133/7 6870/134/7 6871/131/7
f 6870/134/7 6872/132/7 6871/131/7
s 1
f 6873/137/527 6874/138/527 6859/135/524
f 6874/138/527 6860/136/1 6859/135/524
f 6875/111/563 6876/112/560 6877/113/563
s 0
f 6876/112/511 6878/114/511 6877/113/511
f 6879/115/1 6880/116/1 6881/117/1
f 6880/116/1 6882/118/1 6881/117/1
f 6883/119/543 6884/120/543 6885/113/543
f 6884/120/533 6886/121/533 6885/113/533
f 6887/122/554 6888/123/554 6889/124/554
f 6888/123/535 6890/121/535 6889/124/535
s 1
f 6891/122/140 6892/125/140 6893/124/140
s 0
f 6892/125/511 6894/114/511 6893/124/511
f 6895/126/1 6896/127/1 6897/128/1
f 6896/127/1 6898/129/1 6897/128/1
f 6899/119/521 6900/120/521 6901/113/521
f 6900/120/521 6902/121/521 6901/113/521
f 6903/122/538 6904/112/538 6905/130/538
f 6904/112/538 6906/114/538 6905/130/538
f 6848/132/8 6907/132/8 6850/134/8
f 6907/132/8 6908/134/8 6850/134/8
s 1
f 6852/136/1 6909/136/1 6854/138/525
f 6909/136/1 6910/138/525 6854/138/525
s 0
f 6856/140/8 6911/140/8 6858/138/8
f 6911/140/8 6912/138/8 6858/138/8
s 1
f 6860/136/1 6913/136/1 6862/134/525
f 6913/136/1 6914/134/525 6862/134/525
s 0
f 6864/138/7 6915/138/7 6866/140/7
f 6915/138/7 6916/140/7 6866/140/7
s 1
f 6868/134/527 6917/134/527 6852/136/1
f 6917/134/527 6909/136/1 6852/136/1
s 0
f 6870/134/7 6918/134/7 6872/132/7
f 6918/134/7 6919/132/7 6872/132/7
s 1
f 6874/138/527 6920/138/527 6860/136/1
f 6920/138/527 6913/136/1 6860/136/1
f 6921/111/557 6922/112/557 6923/113/557
s 0
f 6922/112/516 6924/114/516 6923/113/516
f 6925/115/1 6926/116/1 6927/117/1
f 6926/116/1 6928/118/1 6927/117/1
s 1
f 6929/119/564 6930/120/533 6931/113/564
s 0
f 6930/120/513 6932/121/513 6931/113/513
f 6933/122/565 6934/123/565 6935/124/565
f 6934/123/565 6936/121/565 6935/124/565
s 1
f 6937/122/517 6938/125/517 6939/124/517
s 0
f 6938/125/511 6940/114/511 6939/124/511
f 6941/126/1 6942/127/1 6943/128/1
f 6942/127/1 6944/129/1 6943/128/1
f 6945/119/520 6946/120/520 6947/113/520
f 6946/120/533 6948/121/533 6947/113/533
f 6949/122/554 6950/112/554 6951/130/554
f 6950/112/545 6952/114/545 6951/130/545
f 6907/132/8 6953/132/8 6908/134/8
f 6953/132/8 6954/134/8 6908/134/8
s 1
f 6909/136/1 6955/136/1 6910/138/525
f 6955/136/1 6956/138/525 6910/138/525
s 0
f 6911/140/8 6957/140/8 6912/138/8
f 6957/140/8 6958/138/8 6912/138/8
s 1
f 6913/136/1 6959/136/1 6914/134/525
f 6959/136/1 6960/134/525 6914/134/525
s 0
f 6915/138/7 6961/138/7 6916/140/7
f 6961/138/7 6962/140/7 6916/140/7
s 1
f 6917/134/527 6963/134/527 6909/136/1
f 6963/134/527 6955/136/1 6909/136/1
s 0
f 6918/134/7 6964/134/7 6919/132/7
f 6964/134/7 6965/132/7 6919/132/7
s 1
f 6920/138/527 6966/138/527 6913/136/1
f 6966/138/527 6959/136/1 6913/136/1
f 6967/111/530 6968/112/530 6969/113/141
s 0
f 6968/112/511 6970/114/511 6969/113/511
f 6971/115/1 6972/116/1 6973/117/1
f 6972/116/1 6974/118/1 6973/117/1
f 6975/119/566 6976/120/566 6977/113/566
f 6976/120/540 6978/121/540 6977/113/540
f 6979/122/522 6980/123/522 6981/124/522
f 6980/123/545 6982/121/545 6981/124/545
s 1
f 6983/122/516 6984/125/511 6985/124/531
f 6984/125/511 6986/114/531 6985/124/531
s 0
f 6987/126/1 6988/127/1 6989/128/1
f 6988/127/1 6990/129/1 6989/128/1
f 6991/119/547 6992/120/547 6993/113/547
f 6992/120/567 6994/121/567 6993/113/567
s 1
f 6995/122/514 6996/112/514 6997/130/514
s 0
f 6996/112/535 6998/114/535 6997/130/535
f 6953/132/8 6999/132/8 6954/134/8
f 6999/132/8 7000/134/8 6954/134/8
s 1
f 6955/136/1 7001/136/1 6956/138/525
f 7001/136/1 7002/138/525 6956/138/525
s 0
f 6957/140/8 7003/140/8 6958/138/8
f 7003/140/8 7004/138/8 6958/138/8
s 1
f 6959/136/1 7005/136/1 6960/134/525
f 7005/136/1 7006/134/525 6960/134/525
s 0
f 6961/138/7 7007/138/7 6962/140/7
f 7007/138/7 7008/140/7 6962/140/7
s 1
f 6963/134/527 7009/134/527 6955/136/1
f 7009/134/527 7001/136/1 6955/136/1
s 0
f 6964/134/7 7010/134/7 6965/132/7
f 7010/134/7 7011/132/7 6965/132/7
s 1
f 6966/138/527 7012/138/527 6959/136/1
f 7012/138/527 7005/136/1 6959/136/1
s 0
f 7013/111/140 7014/112/140 7015/113/140
s 1
f 7014/112/530 7016/114/530 7015/113/530
s 0
f 7017/115/1 7018/116/1 7019/117/1
f 7018/116/1 7020/118/1 7019/117/1
f 7021/119/533 7022/120/533 7023/113/533
f 7022/120/547 7024/121/547 7023/113/547
f 7025/122/538 7026/123/538 7027/124/538
f 7026/123/545 7028/121/545 7027/124/545
s 1
f 7029/122/531 7030/125/531 7031/124/511
f 7030/125/531 7032/114/140 7031/124/511
s 0
f 7033/126/1 7034/127/1 7035/128/1
f 7034/127/1 7036/129/1 7035/128/1
f 7037/119/520 7038/120/520 7039/113/520
f 7038/120/521 7040/121/521 7039/113/521
f 7041/122/522 7042/112/522 7043/130/522
f 7042/112/515 7044/114/515 7043/130/515
f 6999/132/8 7045/132/8 7000/134/8
f 7045/132/8 7046/134/8 7000/134/8
s 1
f 7001/136/1 7047/136/1 7002/138/525
f 7047/136/1 7048/138/525 7002/138/525
s 0
f 7003/140/8 7049/140/8 7004/138/8
f 7049/140/8 7050/138/8 7004/138/8
s 1
f 7005/136/1 7051/136/1 7006/134/525
f 7051/136/1 7052/134/525 7006/134/525
s 0
f 7007/138/7 7053/138/7 7008/140/7
f 7053/138/7 7054/140/7 7008/140/7
s 1
f 7009/134/527 7055/134/542 7001/136/1
f 7055/134/542 7047/136/1 7001/136/1
s 0
f 7010/134/7 7056/134/7 7011/132/7
f 7056/134/7 7057/132/7 7011/132/7
s 1
f 7012/138/527 7058/138/542 7005/136/1
f 7058/138/542 7051/136/1 7005/136/1
f 7059/111/529 7060/112/528 7061/113/510
f 7060/112/528 7062/114/531 7061/113/510
s 0
f 7063/115/1 7064/116/1 7065/117/1
f 7064/116/1 7066/118/1 7065/117/1
f 7067/119/568 7068/120/568 7069/113/568
f 7068/120/544 7070/121/544 7069/113/544
f 7071/122/554 7072/123/554 7073/124/554
f 7072/123/535 7074/121/535 7073/124/535
f 7075/122/510 7076/125/510 7077/124/510
f 7076/125/511 7078/114/511 7077/124/511
f 7079/126/1 7080/127/1 7081/128/1
f 7080/127/1 7082/129/1 7081/128/1
f 7083/119/547 7084/120/547 7085/113/547
f 7084/120/547 7086/121/547 7085/113/547
f 7087/122/534 7088/112/534 7089/130/534
f 7088/112/523 7090/114/523 7089/130/523
f 7045/132/8 7091/132/8 7046/134/8
f 7091/132/8 7092/134/8 7046/134/8
s 1
f 7047/136/1 7093/136/1 7048/138/525
f 7093/136/1 7094/138/525 7048/138/525
s 0
f 7049/140/8 7095/140/8 7050/138/8
f 7095/140/8 7096/138/8 7050/138/8
s 1
f 7051/136/1 7097/136/551 7052/134/525
f 7097/136/551 7098/134/569 7052/134/525
s 0
f 7053/138/7 7099/138/7 7054/140/7
f 7099/138/7 7100/140/7 7054/140/7
s 1
f 7055/134/542 7101/134/527 7047/136/1
f 7101/134/527 7093/136/1 7047/136/1
s 0
f 7056/134/7 7102/134/7 7057/132/7
f 7102/134/7 7103/132/7 7057/132/7
s 1
f 7058/138/542 7104/138/527 7051/136/1
f 7104/138/527 7097/136/551 7051/136/1
s 0
f 7105/111/510 7106/112/510 7107/113/510
f 7106/112/511 7108/114/511 7107/113/511
f 7109/115/1 7110/116/1 7111/117/1
f 7110/116/1 7112/118/1 7111/117/1
f 7113/119/540 7114/120/540 7115/113/540
f 7114/120/520 7116/121/520 7115/113/520
f 7117/122/550 7118/123/550 7119/124/550
f 7118/123/545 7120/121/545 7119/124/545
s 1
f 7121/122/529 7122/125/528 7123/124/518
f 7122/125/528 7124/114/537 7123/124/518
s 0
f 7125/126/1 7126/127/1 7127/128/1
f 7126/127/1 7128/129/1 7127/128/1
f 7129/119/570 7130/120/570 7131/113/570
f 7130/120/513 7132/121/513 7131/113/513
f 7133/122/522 7134/112/522 7135/130/522
s 1
f 7134/112/538 7136/114/538 7135/130/538
s 0
f 6801/132/8 7137/132/8 6802/134/8
f 7137/132/8 7138/134/8 6802/134/8
s 1
f 6803/136/1 7139/136/1 6804/138/525
f 7139/136/1 7140/138/526 6804/138/525
s 0
f 6805/140/8 7141/140/8 6806/138/8
f 7141/140/8 7142/138/8 6806/138/8
s 1
f 7143/135/555 7144/136/1 7145/134/525
f 7144/136/1 7146/134/525 7145/134/525
s 0
f 6809/138/7 7147/138/7 6810/140/7
f 7147/138/7 7148/140/7 6810/140/7
s 1
f 6811/134/527 7149/134/527 6803/136/1
f 7149/134/527 7139/136/1 6803/136/1
s 0
f 6812/134/7 7150/134/7 6813/132/7
f 7150/134/7 7151/132/7 6813/132/7
s 1
f 7152/138/527 7153/138/542 7143/135/555
f 7153/138/542 7144/136/1 7143/135/555
s 0
f 7154/111/518 7155/112/518 7156/113/518
f 7155/112/511 7157/114/511 7156/113/511
f 7158/115/1 7159/116/1 7160/117/1
f 7159/116/1 7161/118/1 7160/117/1
f 7162/119/512 7163/120/512 7164/113/512
f 7163/120/571 7165/121/571 7164/113/571
f 7166/122/522 7167/123/522 7168/124/522
f 7167/123/538 7169/121/538 7168/124/538
s 1
f 7170/122/510 7171/125/511 7172/124/511
f 7171/125/511 7173/114/10 7172/124/511
s 0
f 7174/126/1 7175/127/1 7176/128/1
f 7175/127/1 7177/129/1 7176/128/1
f 7178/119/540 7179/120/540 7180/113/540
f 7179/120/548 7181/121/548 7180/113/548
f 7182/122/538 7183/112/538 7184/130/538
f 7183/112/523 7185/114/523 7184/130/523
f 7137/132/8 7186/132/8 7138/134/8
f 7186/132/8 7187/134/8 7138/134/8
s 1
f 7139/136/1 7188/136/1 7140/138/526
f 7188/136/1 7189/138/526 7140/138/526
s 0
f 7141/140/8 7190/140/8 7142/138/8
f 7190/140/8 7191/138/8 7142/138/8
s 1
f 7144/136/1 7192/136/1 7146/134/525
f 7192/136/1 7193/134/525 7146/134/525
s 0
f 7147/138/7 7194/138/7 7148/140/7
f 7194/138/7 7195/140/7 7148/140/7
s 1
f 7149/134/527 7196/134/527 7139/136/1
f 7196/134/527 7188/136/1 7139/136/1
s 0
f 7150/134/7 7197/134/7 7151/132/7
f 7197/134/7 7198/132/7 7151/132/7
s 1
f 7153/138/542 7199/138/542 7144/136/1
f 7199/138/542 7192/136/1 7144/136/1
f 7200/111/517 7201/112/511 7202/113/141
f 7201/112/511 7203/114/511 7202/113/141
s 0
f 7204/115/1 7205/116/1 7206/117/1
f 7205/116/1 7207/118/1 7206/117/1
f 7208/119/548 7209/120/548 7210/113/548
f 7209/120/547 7211/121/547 7210/113/547
f 7212/122/515 7213/123/515 7214/124/515
f 7213/123/534 7215/121/534 7214/124/534
f 7216/122/510 7217/125/510 7218/124/510
s 1
f 7217/125/531 7219/114/531 7218/124/530
s 0
f 7220/126/1 7221/127/1 7222/128/1
f 7221/127/1 7223/129/1 7222/128/1
f 7224/119/547 7225/120/547 7226/113/547
f 7225/120/548 7227/121/548 7226/113/548
f 7228/122/554 7229/112/554 7230/130/554
s 1
f 7229/112/535 7231/114/535 7230/130/535
s 0
f 7186/132/8 7232/132/8 7187/134/8
f 7232/132/8 7233/134/8 7187/134/8
s 1
f 7188/136/1 7234/136/1 7189/138/526
f 7234/136/1 7235/138/525 7189/138/526
s 0
f 7190/140/8 7236/140/8 7191/138/8
f 7236/140/8 7237/138/8 7191/138/8
s 1
f 7192/136/1 7238/136/1 7193/134/525
f 7238/136/1 7239/134/525 7193/134/525
s 0
f 7194/138/7 7240/138/7 7195/140/7
f 7240/138/7 7241/140/7 7195/140/7
s 1
f 7196/134/527 7242/134/542 7188/136/1
f 7242/134/542 7234/136/1 7188/136/1
s 0
f 7197/134/7 7243/134/7 7198/132/7
f 7243/134/7 7244/132/7 7198/132/7
s 1
f 7199/138/542 7245/138/527 7192/136/1
f 7245/138/527 7238/136/1 7192/136/1
f 7246/111/530 7247/112/530 7248/113/530
s 0
f 7247/112/537 7249/114/537 7248/113/537
f 7250/115/1 7251/116/1 7252/117/1
f 7251/116/1 7253/118/1 7252/117/1
f 7254/119/547 7255/120/547 7256/113/547
f 7255/120/548 7257/121/548 7256/113/548
f 7258/122/565 7259/123/565 7260/124/565
f 7259/123/535 7261/121/535 7260/124/535
s 1
f 7262/122/141 7263/125/10 7264/124/510
f 7263/125/10 7265/114/559 7264/124/510
s 0
f 7266/126/1 7267/127/1 7268/128/1
f 7267/127/1 7269/129/1 7268/128/1
f 7270/119/533 7271/120/533 7272/113/533
f 7271/120/512 7273/121/512 7272/113/512
f 7274/122/538 7275/112/538 7276/130/538
f 7275/112/553 7277/114/553 7276/130/553
f 7232/132/8 7278/132/8 7233/134/8
f 7278/132/8 7279/134/8 7233/134/8
s 1
f 7234/136/1 7280/136/1 7235/138/525
f 7280/136/1 7281/138/525 7235/138/525
s 0
f 7236/140/8 7282/140/8 7237/138/8
f 7282/140/8 7283/138/8 7237/138/8
s 1
f 7238/136/1 7284/136/1 7239/134/525
f 7284/136/1 7285/134/525 7239/134/525
s 0
f 7240/138/7 7286/138/7 7241/140/7
f 7286/138/7 7287/140/7 7241/140/7
s 1
f 7242/134/542 7288/134/542 7234/136/1
f 7288/134/542 7280/136/1 7234/136/1
s 0
f 7243/134/7 7289/134/7 7244/132/7
f 7289/134/7 7290/132/7 7244/132/7
s 1
f 7245/138/527 7291/138/527 7238/136/1
f 7291/138/527 7284/136/1 7238/136/1
f 7292/111/559 7293/112/559 7294/113/511
f 7293/112/559 7295/114/141 7294/113/511
s 0
f 7296/115/1 7297/116/1 7298/117/1
f 7297/116/1 7299/118/1 7298/117/1
f 7300/119/521 7301/120/521 7302/113/521
f 7301/120/513 7303/121/513 7302/113/513
f 7304/122/554 7305/123/554 7306/124/554
f 7305/123/572 7307/121/572 7306/124/522
s 1
f 7308/122/528 7309/125/529 7310/124/140
f 7309/125/529 7311/114/517 7310/124/140
s 0
f 7312/126/1 7313/127/1 7314/128/1
f 7313/127/1 7315/129/1 7314/128/1
f 7316/119/547 7317/120/547 7318/113/547
f 7317/120/540 7319/121/540 7318/113/540
f 7320/122/535 7321/112/535 7322/130/535
s 1
f 7321/112/573 7323/114/573 7322/130/573
s 0
f 7278/132/8 7324/132/8 7279/134/8
f 7324/132/8 7325/134/8 7279/134/8
s 1
f 7280/136/1 7326/136/1 7281/138/525
f 7326/136/1 7327/138/526 7281/138/525
s 0
f 7282/140/8 7328/140/8 7283/138/8
f 7328/140/8 7329/138/8 7283/138/8
s 1
f 7284/136/1 7330/136/1 7285/134/525
f 7330/136/1 7331/134/525 7285/134/525
s 0
f 7286/138/7 7332/138/7 7287/140/7
f 7332/138/7 7333/140/7 7287/140/7
s 1
f 7288/134/542 7334/134/527 7280/136/1
f 7334/134/527 7326/136/1 7280/136/1
s 0
f 7289/134/7 7335/134/7 7290/132/7
f 7335/134/7 7336/132/7 7290/132/7
s 1
f 7291/138/527 7337/138/527 7284/136/1
f 7337/138/527 7330/136/1 7284/136/1
f 7338/111/549 7339/112/96 7340/113/96
s 0
f 7339/112/14 7341/114/14 7340/113/14
f 7342/115/1 7343/116/1 7344/117/1
f 7343/116/1 7345/118/1 7344/117/1
f 7346/119/532 7347/120/532 7348/113/532
f 7347/120/513 7349/121/513 7348/113/513
f 7350/122/538 7351/123/538 7352/124/538
f 7351/123/574 7353/121/574 7352/124/574
s 1
f 7354/122/536 7355/125/141 7356/124/10
f 7355/125/141 7357/114/10 7356/124/10
s 0
f 7358/126/1 7359/127/1 7360/128/1
f 7359/127/1 7361/129/1 7360/128/1
f 7362/119/540 7363/120/540 7364/113/540
f 7363/120/533 7365/121/533 7364/113/533
s 1
f 7366/122/538 7367/112/545 7368/130/545
s 0
f 7367/112/534 7369/114/534 7368/130/534
f 7324/132/8 7370/132/8 7325/134/8
f 7370/132/8 7371/134/8 7325/134/8
s 1
f 7326/136/1 7372/136/1 7327/138/526
f 7372/136/1 7373/138/526 7327/138/526
s 0
f 7328/140/8 7374/140/8 7329/138/8
s 1
f 7374/140/8 7375/138/8 7329/138/8
f 7330/136/1 7376/136/551 7331/134/525
f 7376/136/551 7377/134/569 7331/134/525
s 0
f 7332/138/7 7378/138/7 7333/140/7
f 7378/138/7 7379/140/7 7333/140/7
s 1
f 7334/134/527 7380/134/527 7326/136/1
f 7380/134/527 7372/136/1 7326/136/1
s 0
f 7335/134/7 7381/134/7 7336/132/7
f 7381/134/7 7382/132/7 7336/132/7
s 1
f 7337/138/527 7383/138/552 7330/136/1
f 7383/138/552 7376/136/551 7330/136/1
f 7384/111/141 7385/112/530 7386/113/530
f 7385/112/530 7387/114/141 7386/113/530
s 0
f 7388/115/1 7389/116/1 7390/117/1
f 7389/116/1 7391/118/1 7390/117/1
f 7392/119/540 7393/120/540 7394/113/540
f 7393/120/547 7395/121/547 7394/113/547
f 7396/122/534 7397/123/534 7398/124/534
f 7397/123/553 7399/121/553 7398/124/553
s 1
f 7400/122/140 7401/125/140 7402/124/517
s 0
f 7401/125/549 7403/114/549 7402/124/549
f 7404/126/1 7405/127/1 7406/128/1
f 7405/127/1 7407/129/1 7406/128/1
f 7408/119/521 7409/120/521 7410/113/521
f 7409/120/532 7411/121/532 7410/113/532
f 7412/122/522 7413/112/522 7414/130/522
s 1
f 7413/112/538 7415/114/539 7414/130/539
s 0
f 6511/132/8 7416/132/8 6512/134/8
f 7416/132/8 7417/134/8 6512/134/8
s 1
f 6513/136/1 7418/136/1 6514/138/525
f 7418/136/1 7419/138/525 6514/138/525
s 0
f 6515/140/8 7420/140/8 6516/138/8
f 7420/140/8 7421/138/8 6516/138/8
s 1
f 7422/135/524 7423/136/1 7424/134/526
f 7423/136/1 7425/134/525 7424/134/526
s 0
f 6519/138/7 7426/138/7 6520/140/7
f 7426/138/7 7427/140/7 6520/140/7
s 1
f 6521/134/527 7428/134/527 6513/136/1
f 7428/134/527 7418/136/1 6513/136/1
s 0
f 6522/134/7 7429/134/7 6523/132/7
f 7429/134/7 7430/132/7 6523/132/7
s 1
f 7431/138/527 7432/138/527 7422/135/524
f 7432/138/527 7423/136/1 7422/135/524
f 7433/111/510 7434/112/516 7435/113/530
f 7434/112/516 7436/114/530 7435/113/530
s 0
f 7437/115/1 7438/116/1 7439/117/1
f 7438/116/1 7440/118/1 7439/117/1
f 7441/119/547 7442/120/547 7443/113/547
s 1
f 7442/120/570 7444/121/570 7443/113/513
s 0
f 7445/122/575 7446/123/575 7447/124/575
f 7446/123/576 7448/121/576 7447/124/576
s 1
f 7449/122/577 7450/125/577 7451/124/577
s 0
f 7450/125/541 7452/114/541 7451/124/541
f 7453/126/1 7454/127/1 7455/128/1
f 7454/127/1 7456/129/1 7455/128/1
f 7457/119/512 7458/120/512 7459/113/512
f 7458/120/513 7460/121/513 7459/113/513
f 7461/122/539 7462/112/539 7463/130/539
f 7462/112/523 7464/114/523 7463/130/523
f 7416/132/8 7465/132/8 7417/134/8
f 7465/132/8 7466/134/8 7417/134/8
s 1
f 7418/136/1 7467/136/1 7419/138/525
f 7467/136/1 7468/138/525 7419/138/525
s 0
f 7420/140/8 7469/140/8 7421/138/8
f 7469/140/8 7470/138/8 7421/138/8
s 1
f 7423/136/1 7471/136/1 7425/134/525
f 7471/136/1 7472/134/525 7425/134/525
s 0
f 7426/138/7 7473/138/7 7427/140/7
f 7473/138/7 7474/140/7 7427/140/7
s 1
f 7428/134/527 7475/134/527 7418/136/1
f 7475/134/527 7467/136/1 7418/136/1
s 0
f 7429/134/7 7476/134/7 7430/132/7
f 7476/134/7 7477/132/7 7430/132/7
s 1
f 7432/138/527 7478/138/542 7423/136/1
f 7478/138/542 7471/136/1 7423/136/1
f 7479/111/517 7480/112/140 7481/113/557
f 7480/112/140 7482/114/518 7481/113/557
s 0
f 7483/115/1 7484/116/1 7485/117/1
f 7484/116/1 7486/118/1 7485/117/1
f 7487/119/578 7488/120/578 7489/113/578
f 7488/120/513 7490/121/513 7489/113/513
f 7491/122/538 7492/123/538 7493/124/538
f 7492/123/545 7494/121/545 7493/124/545
s 1
f 7495/122/517 7496/125/10 7497/124/559
f 7496/125/10 7498/114/557 7497/124/559
s 0
f 7499/126/1 7500/127/1 7501/128/1
f 7500/127/1 7502/129/1 7501/128/1
f 7503/119/543 7504/120/543 7505/113/543
f 7504/120/548 7506/121/548 7505/113/548
f 7507/122/545 7508/112/545 7509/130/545
f 7508/112/538 7510/114/538 7509/130/538
f 7465/132/8 7511/132/8 7466/134/8
f 7511/132/8 7512/134/8 7466/134/8
s 1
f 7467/136/1 7513/136/1 7468/138/525
f 7513/136/1 7514/138/526 7468/138/525
s 0
f 7469/140/8 7515/140/8 7470/138/8
f 7515/140/8 7516/138/8 7470/138/8
s 1
f 7471/136/1 7517/136/1 7472/134/525
f 7517/136/1 7518/134/525 7472/134/525
s 0
f 7473/138/7 7519/138/7 7474/140/7
f 7519/138/7 7520/140/7 7474/140/7
s 1
f 7475/134/527 7521/134/527 7467/136/1
f 7521/134/527 7513/136/1 7467/136/1
s 0
f 7476/134/7 7522/134/7 7477/132/7
f 7522/134/7 7523/132/7 7477/132/7
s 1
f 7478/138/542 7524/138/527 7471/136/1
f 7524/138/527 7517/136/1 7471/136/1
f 7525/111/10 7526/112/517 7527/113/517
s 0
f 7526/112/511 7528/114/511 7527/113/511
f 7529/115/1 7530/116/1 7531/117/1
f 7530/116/1 7532/118/1 7531/117/1
f 7533/119/543 7534/120/543 7535/113/543
f 7534/120/547 7536/121/547 7535/113/547
f 7537/122/515 7538/123/515 7539/124/515
f 7538/123/523 7540/121/523 7539/124/523
s 1
f 7541/122/510 7542/125/510 7543/124/510
s 0
f 7542/125/511 7544/114/511 7543/124/511
f 7545/126/1 7546/127/1 7547/128/1
f 7546/127/1 7548/129/1 7547/128/1
f 7549/119/540 7550/120/540 7551/113/540
f 7550/120/540 7552/121/540 7551/113/540
f 7553/122/558 7554/112/558 7555/130/558
f 7554/112/545 7556/114/545 7555/130/545
f 7511/132/8 7557/132/8 7512/134/8
f 7557/132/8 7558/134/8 7512/134/8
s 1
f 7513/136/1 7559/136/1 7514/138/526
f 7559/136/1 7560/138/525 7514/138/526
s 0
f 7515/140/8 7561/140/8 7516/138/8
f 7561/140/8 7562/138/8 7516/138/8
s 1
f 7517/136/1 7563/136/1 7518/134/525
f 7563/136/1 7564/134/525 7518/134/525
s 0
f 7519/138/7 7565/138/7 7520/140/7
f 7565/138/7 7566/140/7 7520/140/7
s 1
f 7521/134/527 7567/134/542 7513/136/1
f 7567/134/542 7559/136/1 7513/136/1
s 0
f 7522/134/7 7568/134/7 7523/132/7
f 7568/134/7 7569/132/7 7523/132/7
s 1
f 7524/138/527 7570/138/527 7517/136/1
f 7570/138/527 7563/136/1 7517/136/1
s 0
f 7571/111/510 7572/112/510 7573/113/510
f 7572/112/541 7574/114/541 7573/113/541
f 7575/115/1 7576/116/1 7577/117/1
f 7576/116/1 7578/118/1 7577/117/1
f 7579/119/547 7580/120/547 7581/113/547
f 7580/120/520 7582/121/520 7581/113/520
f 7583/122/535 7584/123/535 7585/124/535
f 7584/123/579 7586/121/579 7585/124/579
s 1
f 7587/122/141 7588/125/10 7589/124/559
f 7588/125/10 7590/114/557 7589/124/559
s 0
f 7591/126/1 7592/127/1 7593/128/1
f 7592/127/1 7594/129/1 7593/128/1
f 7595/119/512 7596/120/512 7597/113/512
f 7596/120/512 7598/121/512 7597/113/512
f 7599/122/538 7600/112/538 7601/130/538
f 7600/112/522 7602/114/522 7601/130/522
f 7557/132/8 7603/132/8 7558/134/8
f 7603/132/8 7604/134/8 7558/134/8
s 1
f 7559/136/1 7605/136/1 7560/138/525
f 7605/136/1 7606/138/525 7560/138/525
s 0
f 7561/140/8 7607/140/8 7562/138/8
f 7607/140/8 7608/138/8 7562/138/8
s 1
f 7563/136/1 7609/136/1 7564/134/525
f 7609/136/1 7610/134/526 7564/134/525
s 0
f 7565/138/7 7611/138/7 7566/140/7
f 7611/138/7 7612/140/7 7566/140/7
s 1
f 7567/134/542 7613/134/527 7559/136/1
f 7613/134/527 7605/136/1 7559/136/1
s 0
f 7568/134/7 7614/134/7 7569/132/7
f 7614/134/7 7615/132/7 7569/132/7
s 1
f 7570/138/527 7616/138/527 7563/136/1
f 7616/138/527 7609/136/1 7563/136/1
s 0
f 7617/111/518 7618/112/518 7619/113/518
f 7618/112/511 7620/114/511 7619/113/511
f 7621/115/1 7622/116/1 7623/117/1
f 7622/116/1 7624/118/1 7623/117/1
f 7625/119/568 7626/120/568 7627/113/568
s 1
f 7626/120/520 7628/121/580 7627/113/520
s 0
f 7629/122/538 7630/123/538 7631/124/538
s 1
f 7630/123/562 7632/121/562 7631/124/562
s 0
f 7633/122/510 7634/125/510 7635/124/510
f 7634/125/511 7636/114/511 7635/124/511
f 7637/126/1 7638/127/1 7639/128/1
f 7638/127/1 7640/129/1 7639/128/1
f 7641/119/540 7642/120/540 7643/113/540
f 7642/120/540 7644/121/540 7643/113/540
f 7645/122/522 7646/112/522 7647/130/522
f 7646/112/534 7648/114/534 7647/130/534
f 7603/132/8 7649/132/8 7604/134/8
f 7649/132/8 7650/134/8 7604/134/8
s 1
f 7605/136/1 7651/136/1 7606/138/525
f 7651/136/1 7652/138/526 7606/138/525
s 0
f 7607/140/8 7653/140/8 7608/138/8
f 7653/140/8 7654/138/8 7608/138/8
s 1
f 7609/136/1 7655/136/581 7610/134/526
f 7655/136/581 7656/134/569 7610/134/526
s 0
f 7611/138/7 7657/138/7 7612/140/7
f 7657/138/7 7658/140/7 7612/140/7
s 1
f 7613/134/527 7659/134/527 7605/136/1
f 7659/134/527 7651/136/1 7605/136/1
s 0
f 7614/134/7 7660/134/7 7615/132/7
f 7660/134/7 7661/132/7 7615/132/7
s 1
f 7616/138/527 7662/138/527 7609/136/1
f 7662/138/527 7655/136/581 7609/136/1
s 0
f 7663/111/510 7664/112/510 7665/113/510
s 1
f 7664/112/10 7666/114/530 7665/113/10
s 0
f 7667/115/1 7668/116/1 7669/117/1
f 7668/116/1 7670/118/1 7669/117/1
f 7671/119/513 7672/120/513 7673/113/513
f 7672/120/512 7674/121/512 7673/113/512
f 7675/122/558 7676/123/558 7677/124/558
f 7676/123/538 7678/121/538 7677/124/538
f 7679/122/536 7680/125/536 7681/124/536
s 1
f 7680/125/541 7682/114/541 7681/124/541
s 0
f 7683/126/1 7684/127/1 7685/128/1
f 7684/127/1 7686/129/1 7685/128/1
f 7687/119/543 7688/120/543 7689/113/543
f 7688/120/521 7690/121/521 7689/113/521
f 7691/122/561 7692/112/561 7693/130/561
f 7692/112/545 7694/114/545 7693/130/545
f 7091/132/8 7695/132/8 7092/134/8
f 7695/132/8 7696/134/8 7092/134/8
s 1
f 7093/136/1 7697/136/1 7094/138/525
f 7697/136/1 7698/138/526 7094/138/525
f 7095/140/8 7699/140/8 7096/138/8
s 0
f 7699/140/8 7700/138/8 7096/138/8
s 1
f 7701/135/524 7702/136/1 7703/134/525
f 7702/136/1 7704/134/525 7703/134/525
s 0
f 7099/138/7 7705/138/7 7100/140/7
f 7705/138/7 7706/140/7 7100/140/7
s 1
f 7101/134/527 7707/134/527 7093/136/1
f 7707/134/527 7697/136/1 7093/136/1
s 0
f 7102/134/7 7708/134/7 7103/132/7
f 7708/134/7 7709/132/7 7103/132/7
s 1
f 7710/138/527 7711/138/527 7701/135/524
f 7711/138/527 7702/136/1 7701/135/524
f 7712/111/141 7713/112/10 7714/113/529
f 7713/112/10 7715/114/528 7714/113/529
s 0
f 7716/115/1 7717/116/1 7718/117/1
f 7717/116/1 7719/118/1 7718/117/1
f 7720/119/540 7721/120/540 7722/113/540
f 7721/120/540 7723/121/540 7722/113/540
f 7724/122/558 7725/123/558 7726/124/558
f 7725/123/523 7727/121/523 7726/124/523
f 7728/122/536 7729/125/536 7730/124/536
s 1
f 7729/125/541 7731/114/541 7730/124/541
s 0
f 7732/126/1 7733/127/1 7734/128/1
f 7733/127/1 7735/129/1 7734/128/1
s 1
f 7736/119/512 7737/120/548 7738/113/521
f 7737/120/548 7739/121/580 7738/113/521
s 0
f 7740/122/545 7741/112/545 7742/130/545
s 1
f 7741/112/561 7743/114/561 7742/130/538
s 0
f 7695/132/8 7744/132/8 7696/134/8
f 7744/132/8 7745/134/8 7696/134/8
s 1
f 7697/136/1 7746/136/1 7698/138/526
f 7746/136/1 7747/138/525 7698/138/526
s 0
f 7699/140/8 7748/140/8 7700/138/8
f 7748/140/8 7749/138/8 7700/138/8
s 1
f 7702/136/1 7750/136/1 7704/134/525
f 7750/136/1 7751/134/526 7704/134/525
s 0
f 7705/138/7 7752/138/7 7706/140/7
f 7752/138/7 7753/140/7 7706/140/7
s 1
f 7707/134/527 7754/134/542 7697/136/1
f 7754/134/542 7746/136/1 7697/136/1
s 0
f 7708/134/7 7755/134/7 7709/132/7
f 7755/134/7 7756/132/7 7709/132/7
s 1
f 7711/138/527 7757/138/527 7702/136/1
f 7757/138/527 7750/136/1 7702/136/1
f 7758/111/140 7759/112/140 7760/113/510
f 7759/112/140 7761/114/531 7760/113/510
s 0
f 7762/115/1 7763/116/1 7764/117/1
f 7763/116/1 7765/118/1 7764/117/1
f 7766/119/543 7767/120/543 7768/113/543
f 7767/120/521 7769/121/521 7768/113/521
f 7770/122/535 7771/123/535 7772/124/535
f 7771/123/545 7773/121/545 7772/124/545
f 7774/122/536 7775/125/536 7776/124/536
s 1
f 7775/125/10 7777/114/10 7776/124/10
s 0
f 7778/126/1 7779/127/1 7780/128/1
f 7779/127/1 7781/129/1 7780/128/1
s 1
f 7782/119/520 7783/120/520 7784/113/533
s 0
f 7783/120/521 7785/121/521 7784/113/521
f 7786/122/558 7787/112/558 7788/130/558
f 7787/112/515 7789/114/515 7788/130/515
f 7744/132/8 7790/132/8 7745/134/8
f 7790/132/8 7791/134/8 7745/134/8
s 1
f 7746/136/1 7792/136/1 7747/138/525
f 7792/136/1 7793/138/525 7747/138/525
s 0
f 7748/140/8 7794/140/8 7749/138/8
f 7794/140/8 7795/138/8 7749/138/8
s 1
f 7750/136/1 7796/136/1 7751/134/526
f 7796/136/1 7797/134/525 7751/134/526
s 0
f 7752/138/7 7798/138/7 7753/140/7
f 7798/138/7 7799/140/7 7753/140/7
s 1
f 7754/134/542 7800/134/527 7746/136/1
f 7800/134/527 7792/136/1 7746/136/1
s 0
f 7755/134/7 7801/134/7 7756/132/7
f 7801/134/7 7802/132/7 7756/132/7
s 1
f 7757/138/527 7803/138/527 7750/136/1
f 7803/138/527 7796/136/1 7750/136/1
f 7804/111/528 7805/112/516 7806/113/511
f 7805/112/516 7807/114/517 7806/113/511
s 0
f 7808/115/1 7809/116/1 7810/117/1
f 7809/116/1 7811/118/1 7810/117/1
f 7812/119/544 7813/120/544 7814/113/544
f 7813/120/513 7815/121/513 7814/113/513
f 7816/122/515 7817/123/582 7818/124/515
f 7817/123/553 7819/121/553 7818/124/553
s 1
f 7820/122/141 7821/125/141 7822/124/10
f 7821/125/141 7823/114/140 7822/124/10
s 0
f 7824/126/1 7825/127/1 7826/128/1
f 7825/127/1 7827/129/1 7826/128/1
f 7828/119/548 7829/120/548 7830/113/548
f 7829/120/566 7831/121/566 7830/113/566
f 7832/122/523 7833/112/523 7834/130/523
f 7833/112/553 7835/114/553 7834/130/553
f 7790/132/8 7836/132/8 7791/134/8
f 7836/132/8 7837/134/8 7791/134/8
s 1
f 7792/136/1 7838/136/1 7793/138/525
f 7838/136/1 7839/138/525 7793/138/525
s 0
f 7794/140/8 7840/140/8 7795/138/8
f 7840/140/8 7841/138/8 7795/138/8
s 1
f 7796/136/1 7842/136/1 7797/134/525
f 7842/136/1 7843/134/525 7797/134/525
s 0
f 7798/138/7 7844/138/7 7799/140/7
f 7844/138/7 7845/140/7 7799/140/7
s 1
f 7800/134/527 7846/134/527 7792/136/1
f 7846/134/527 7838/136/1 7792/136/1
s 0
f 7801/134/7 7847/134/7 7802/132/7
f 7847/134/7 7848/132/7 7802/132/7
s 1
f 7803/138/527 7849/138/527 7796/136/1
f 7849/138/527 7842/136/1 7796/136/1
f 7850/111/536 7851/112/517 7852/113/530
f 7851/112/517 7853/114/510 7852/113/530
s 0
f 7854/115/1 7855/116/1 7856/117/1
f 7855/116/1 7857/118/1 7856/117/1
f 7858/119/548 7859/120/548 7860/113/548
f 7859/120/548 7861/121/548 7860/113/548
f 7862/122/535 7863/123/535 7864/124/535
f 7863/123/535 7865/121/535 7864/124/535
f 7866/122/536 7867/125/536 7868/124/536
f 7867/125/583 7869/114/583 7868/124/583
f 7870/126/1 7871/127/1 7872/128/1
f 7871/127/1 7873/129/1 7872/128/1
f 7874/119/540 7875/120/540 7876/113/540
f 7875/120/547 7877/121/547 7876/113/547
f 7878/122/550 7879/112/550 7880/130/550
f 7879/112/535 7881/114/535 7880/130/535
f 7836/132/8 7882/132/8 7837/134/8
s 1
f 7882/132/8 7883/134/8 7837/134/8
f 7838/136/1 7884/136/1 7839/138/525
f 7884/136/1 7885/138/525 7839/138/525
s 0
f 7840/140/8 7886/140/8 7841/138/8
f 7886/140/8 7887/138/8 7841/138/8
s 1
f 7842/136/1 7888/136/1 7843/134/525
f 7888/136/1 7889/134/526 7843/134/525
s 0
f 7844/138/7 7890/138/7 7845/140/7
f 7890/138/7 7891/140/7 7845/140/7
s 1
f 7846/134/527 7892/134/527 7838/136/1
f 7892/134/527 7884/136/1 7838/136/1
s 0
f 7847/134/7 7893/134/7 7848/132/7
f 7893/134/7 7894/132/7 7848/132/7
s 1
f 7849/138/527 7895/138/527 7842/136/1
f 7895/138/527 7888/136/1 7842/136/1
f 7896/111/510 7897/112/531 7898/113/141
f 7897/112/531 7899/114/531 7898/113/141
s 0
f 7900/115/1 7901/116/1 7902/117/1
f 7901/116/1 7903/118/1 7902/117/1
s 1
f 7904/119/521 7905/120/521 7906/113/521
s 0
f 7905/120/512 7907/121/512 7906/113/512
s 1
f 7908/122/572 7909/123/572 7910/124/572
s 0
f 7909/123/584 7911/121/584 7910/124/584
s 1
f 7912/122/559 7913/125/559 7914/124/585
f 7913/125/559 7915/114/585 7914/124/585
s 0
f 7916/126/1 7917/127/1 7918/128/1
f 7917/127/1 7919/129/1 7918/128/1
f 7920/119/513 7921/120/513 7922/113/513
s 1
f 7921/120/586 7923/121/586 7922/113/586
s 0
f 7924/122/515 7925/112/515 7926/130/515
f 7925/112/515 7927/114/515 7926/130/515
f 7882/132/8 7928/132/8 7883/134/8
f 7928/132/8 7929/134/8 7883/134/8
s 1
f 7884/136/1 7930/136/1 7885/138/525
f 7930/136/1 7931/138/525 7885/138/525
s 0
f 7886/140/8 7932/140/8 7887/138/8
f 7932/140/8 7933/138/8 7887/138/8
s 1
f 7888/136/1 7934/136/581 7889/134/526
f 7934/136/581 7935/134/569 7889/134/526
s 0
f 7890/138/7 7936/138/7 7891/140/7
f 7936/138/7 7937/140/7 7891/140/7
s 1
f 7892/134/527 7938/134/527 7884/136/1
f 7938/134/527 7930/136/1 7884/136/1
s 0
f 7893/134/7 7939/134/7 7894/132/7
f 7939/134/7 7940/132/7 7894/132/7
s 1
f 7895/138/527 7941/138/552 7888/136/1
f 7941/138/552 7934/136/581 7888/136/1
f 7942/111/517 7943/112/517 7944/113/517
s 0
f 7943/112/541 7945/114/541 7944/113/541
f 7946/115/1 7947/116/1 7948/117/1
f 7947/116/1 7949/118/1 7948/117/1
f 7950/119/512 7951/120/512 7952/113/512
f 7951/120/521 7953/121/521 7952/113/521
s 1
f 7954/122/535 7955/123/535 7956/124/535
s 0
f 7955/123/535 7957/121/535 7956/124/535
s 1
f 7958/122/10 7959/125/10 7960/124/531
f 7959/125/10 7961/114/518 7960/124/531
s 0
f 7962/126/1 7963/127/1 7964/128/1
f 7963/127/1 7965/129/1 7964/128/1
f 7966/119/547 7967/120/547 7968/113/547
f 7967/120/543 7969/121/543 7968/113/543
s 1
f 7970/122/587 7971/112/538 7972/130/514
f 7971/112/538 7973/114/535 7972/130/514
s 0
f 7370/132/8 7974/132/8 7371/134/8
f 7974/132/8 7975/134/8 7371/134/8
s 1
f 7372/136/1 7976/136/1 7373/138/526
f 7976/136/1 7977/138/525 7373/138/526
f 7374/140/8 7978/140/8 7375/138/8
s 0
f 7978/140/8 7979/138/8 7375/138/8
s 1
f 7980/135/524 7981/136/1 7982/134/525
f 7981/136/1 7983/134/525 7982/134/525
s 0
f 7378/138/7 7984/138/7 7379/140/7
f 7984/138/7 7985/140/7 7379/140/7
s 1
f 7380/134/527 7986/134/527 7372/136/1
f 7986/134/527 7976/136/1 7372/136/1
s 0
f 7381/134/7 7987/134/7 7382/132/7
f 7987/134/7 7988/132/7 7382/132/7
s 1
f 7989/138/527 7990/138/527 7980/135/524
f 7990/138/527 7981/136/1 7980/135/524
f 7991/111/563 7992/112/563 7993/113/563
s 0
f 7992/112/511 7994/114/511 7993/113/511
f 7995/115/1 7996/116/1 7997/117/1
f 7996/116/1 7998/118/1 7997/117/1
f 7999/119/520 8000/120/520 8001/113/520
f 8000/120/543 8002/121/543 8001/113/543
f 8003/122/565 8004/123/565 8005/124/565
f 8004/123/535 8006/121/535 8005/124/535
s 1
f 8007/122/529 8008/125/541 8009/124/557
f 8008/125/541 8010/114/519 8009/124/557
s 0
f 8011/126/1 8012/127/1 8013/128/1
f 8012/127/1 8014/129/1 8013/128/1
f 8015/119/532 8016/120/532 8017/113/532
f 8016/120/520 8018/121/520 8017/113/520
f 8019/122/523 8020/112/523 8021/130/523
f 8020/112/534 8022/114/534 8021/130/534
f 7974/132/8 8023/132/8 7975/134/8
f 8023/132/8 8024/134/8 7975/134/8
s 1
f 7976/136/1 8025/136/1 7977/138/525
f 8025/136/1 8026/138/525 7977/138/525
s 0
f 7978/140/8 8027/140/8 7979/138/8
f 8027/140/8 8028/138/8 7979/138/8
s 1
f 7981/136/1 8029/136/1 7983/134/525
f 8029/136/1 8030/134/525 7983/134/525
s 0
f 7984/138/7 8031/138/7 7985/140/7
f 8031/138/7 8032/140/7 7985/140/7
s 1
f 7986/134/527 8033/134/527 7976/136/1
f 8033/134/527 8025/136/1 7976/136/1
s 0
f 7987/134/7 8034/134/7 7988/132/7
f 8034/134/7 8035/132/7 7988/132/7
s 1
f 7990/138/527 8036/138/527 7981/136/1
f 8036/138/527 8029/136/1 7981/136/1
f 8037/111/559 8038/112/557 8039/113/559
s 0
f 8038/112/541 8040/114/541 8039/113/541
f 8041/115/1 8042/116/1 8043/117/1
f 8042/116/1 8044/118/1 8043/117/1
f 8045/119/571 8046/120/571 8047/113/571
f 8046/120/520 8048/121/520 8047/113/520
f 8049/122/534 8050/123/534 8051/124/534
f 8050/123/522 8052/121/522 8051/124/522
s 1
f 8053/122/560 8054/125/560 8055/124/560
s 0
f 8054/125/511 8056/114/511 8055/124/511
f 8057/126/1 8058/127/1 8059/128/1
f 8058/127/1 8060/129/1 8059/128/1
f 8061/119/521 8062/120/521 8063/113/521
f 8062/120/543 8064/121/543 8063/113/543
f 8065/122/554 8066/112/558 8067/130/554
f 8066/112/515 8068/114/515 8067/130/515
f 8023/132/8 8069/132/8 8024/134/8
f 8069/132/8 8070/134/8 8024/134/8
s 1
f 8025/136/1 8071/136/1 8026/138/525
f 8071/136/1 8072/138/525 8026/138/525
s 0
f 8027/140/8 8073/140/8 8028/138/8
f 8073/140/8 8074/138/8 8028/138/8
s 1
f 8029/136/1 8075/136/1 8030/134/525
f 8075/136/1 8076/134/525 8030/134/525
s 0
f 8031/138/7 8077/138/7 8032/140/7
f 8077/138/7 8078/140/7 8032/140/7
s 1
f 8033/134/527 8079/134/527 8025/136/1
f 8079/134/527 8071/136/1 8025/136/1
s 0
f 8034/134/7 8080/134/7 8035/132/7
f 8080/134/7 8081/132/7 8035/132/7
s 1
f 8036/138/527 8082/138/527 8029/136/1
f 8082/138/527 8075/136/1 8029/136/1
f 8083/111/519 8084/112/519 8085/113/519
s 0
f 8084/112/511 8086/114/511 8085/113/511
f 8087/115/1 8088/116/1 8089/117/1
f 8088/116/1 8090/118/1 8089/117/1
f 8091/119/540 8092/120/540 8093/113/540
f 8092/120/520 8094/121/520 8093/113/520
f 8095/122/535 8096/123/535 8097/124/535
f 8096/123/545 8098/121/545 8097/124/545
s 1
f 8099/122/516 8100/125/511 8101/124/141
f 8100/125/511 8102/114/10 8101/124/141
s 0
f 8103/126/1 8104/127/1 8105/128/1
f 8104/127/1 8106/129/1 8105/128/1
f 8107/119/547 8108/120/547 8109/113/547
f 8108/120/533 8110/121/533 8109/113/533
f 8111/122/565 8112/112/565 8113/130/565
f 8112/112/545 8114/114/545 8113/130/545
f 8069/132/8 8115/132/8 8070/134/8
f 8115/132/8 8116/134/8 8070/134/8
s 1
f 8071/136/1 8117/136/1 8072/138/525
f 8117/136/1 8118/138/525 8072/138/525
s 0
f 8073/140/8 8119/140/8 8074/138/8
f 8119/140/8 8120/138/8 8074/138/8
s 1
f 8075/136/1 8121/136/1 8076/134/525
f 8121/136/1 8122/134/525 8076/134/525
s 0
f 8077/138/7 8123/138/7 8078/140/7
f 8123/138/7 8124/140/7 8078/140/7
s 1
f 8079/134/527 8125/134/527 8071/136/1
f 8125/134/527 8117/136/1 8071/136/1
s 0
f 8080/134/7 8126/134/7 8081/132/7
f 8126/134/7 8127/132/7 8081/132/7
s 1
f 8082/138/527 8128/138/527 8075/136/1
f 8128/138/527 8121/136/1 8075/136/1
s 0
f 8129/111/510 8130/112/510 8131/113/510
s 1
f 8130/112/141 8132/114/530 8131/113/141
s 0
f 8133/115/1 8134/116/1 8135/117/1
f 8134/116/1 8136/118/1 8135/117/1
f 8137/119/521 8138/120/521 8139/113/521
f 8138/120/547 8140/121/547 8139/113/547
f 8141/122/554 8142/123/554 8143/124/554
f 8142/123/538 8144/121/588 8143/124/538
s 1
f 8145/122/559 8146/125/557 8147/124/559
s 0
f 8146/125/511 8148/114/511 8147/124/511
f 8149/126/1 8150/127/1 8151/128/1
f 8150/127/1 8152/129/1 8151/128/1
f 8153/119/521 8154/120/521 8155/113/521
f 8154/120/520 8156/121/520 8155/113/520
f 8157/122/523 8158/112/523 8159/130/523
f 8158/112/558 8160/114/558 8159/130/558
f 8115/132/8 8161/132/8 8116/134/8
f 8161/132/8 8162/134/8 8116/134/8
s 1
f 8117/136/1 8163/136/1 8118/138/525
f 8163/136/1 8164/138/525 8118/138/525
s 0
f 8119/140/8 8165/140/8 8120/138/8
f 8165/140/8 8166/138/8 8120/138/8
s 1
f 8121/136/1 8167/136/1 8122/134/525
f 8167/136/1 8168/134/525 8122/134/525
s 0
f 8123/138/7 8169/138/7 8124/140/7
f 8169/138/7 8170/140/7 8124/140/7
s 1
f 8125/134/527 8171/134/527 8117/136/1
f 8171/134/527 8163/136/1 8117/136/1
s 0
f 8126/134/7 8172/134/7 8127/132/7
f 8172/134/7 8173/132/7 8127/132/7
s 1
f 8128/138/527 8174/138/527 8121/136/1
f 8174/138/527 8167/136/1 8121/136/1
f 8175/111/529 8176/112/529 8177/113/529
s 0
f 8176/112/511 8178/114/511 8177/113/511
f 8179/115/1 8180/116/1 8181/117/1
f 8180/116/1 8182/118/1 8181/117/1
f 8183/119/521 8184/120/521 8185/113/521
f 8184/120/521 8186/121/521 8185/113/521
f 8187/122/576 8188/123/576 8189/124/576
f 8188/123/539 8190/121/539 8189/124/539
f 8191/122/96 8192/125/96 8193/124/96
s 1
f 8192/125/531 8194/114/531 8193/124/531
s 0
f 8195/126/1 8196/127/1 8197/128/1
f 8196/127/1 8198/129/1 8197/128/1
f 8199/119/566 8200/120/566 8201/113/566
f 8200/120/543 8202/121/543 8201/113/543
f 8203/122/538 8204/112/538 8205/130/538
f 8204/112/523 8206/114/523 8205/130/523
f 8161/132/8 8207/132/8 8162/134/8
f 8207/132/8 8208/134/8 8162/134/8
s 1
f 8163/136/1 8209/136/1 8164/138/525
f 8209/136/1 8210/138/525 8164/138/525
s 0
f 8165/140/8 8211/140/8 8166/138/8
f 8211/140/8 8212/138/8 8166/138/8
s 1
f 8167/136/1 8213/136/551 8168/134/525
f 8213/136/551 8214/134/569 8168/134/525
s 0
f 8169/138/7 8215/138/7 8170/140/7
f 8215/138/7 8216/140/7 8170/140/7
s 1
f 8171/134/527 8217/134/527 8163/136/1
f 8217/134/527 8209/136/1 8163/136/1
s 0
f 8172/134/7 8218/134/7 8173/132/7
f 8218/134/7 8219/132/7 8173/132/7
s 1
f 8174/138/527 8220/138/552 8167/136/1
f 8220/138/552 8213/136/551 8167/136/1
s 0
f 8221/111/510 8222/112/510 8223/113/510
s 1
f 8222/112/511 8224/114/511 8223/113/10
s 0
f 8225/115/1 8226/116/1 8227/117/1
f 8226/116/1 8228/118/1 8227/117/1
s 1
f 8229/119/512 8230/120/532 8231/113/548
f 8230/120/532 8232/121/571 8231/113/548
s 0
f 8233/122/535 8234/123/535 8235/124/535
f 8234/123/535 8236/121/535 8235/124/535
f 8237/122/518 8238/125/518 8239/124/518
f 8238/125/541 8240/114/541 8239/124/541
f 8241/126/1 8242/127/1 8243/128/1
f 8242/127/1 8244/129/1 8243/128/1
f 8245/119/540 8246/120/540 8247/113/540
f 8246/120/547 8248/121/547 8247/113/547
f 8249/122/553 8250/112/553 8251/130/553
f 8250/112/523 8252/114/523 8251/130/523
f 7649/132/8 8253/132/8 7650/134/8
f 8253/132/8 8254/134/8 7650/134/8
s 1
f 7651/136/1 8255/136/1 7652/138/526
f 8255/136/1 8256/138/525 7652/138/526
s 0
f 7653/140/8 8257/140/8 7654/138/8
f 8257/140/8 8258/138/8 7654/138/8
s 1
f 8259/135/524 8260/136/1 8261/134/525
f 8260/136/1 8262/134/526 8261/134/525
s 0
f 7657/138/7 8263/138/7 7658/140/7
f 8263/138/7 8264/140/7 7658/140/7
s 1
f 7659/134/527 8265/134/527 7651/136/1
f 8265/134/527 8255/136/1 7651/136/1
s 0
f 7660/134/7 8266/134/7 7661/132/7
s 1
f 8266/134/7 8267/132/7 7661/132/7
f 8268/138/527 8269/138/527 8259/135/524
f 8269/138/527 8260/136/1 8259/135/524
f 8270/111/529 8271/112/529 8272/113/529
s 0
f 8271/112/589 8273/114/589 8272/113/589
f 8274/115/1 8275/116/1 8276/117/1
f 8275/116/1 8277/118/1 8276/117/1
f 8278/119/547 8279/120/547 8280/113/547
f 8279/120/521 8281/121/521 8280/113/590
f 8282/122/522 8283/123/522 8284/124/522
f 8283/123/545 8285/121/545 8284/124/545
f 8286/122/536 8287/125/536 8288/124/536
f 8287/125/583 8289/114/583 8288/124/583
f 8290/126/1 8291/127/1 8292/128/1
f 8291/127/1 8293/129/1 8292/128/1
f 8294/119/540 8295/120/540 8296/113/540
f 8295/120/533 8297/121/533 8296/113/533
f 8298/122/558 8299/112/558 8300/130/558
s 1
f 8299/112/545 8301/114/545 8300/130/545
s 0
f 8253/132/8 8302/132/8 8254/134/8
f 8302/132/8 8303/134/8 8254/134/8
s 1
f 8255/136/1 8304/136/1 8256/138/525
f 8304/136/1 8305/138/525 8256/138/525
s 0
f 8257/140/8 8306/140/8 8258/138/8
f 8306/140/8 8307/138/8 8258/138/8
s 1
f 8260/136/1 8308/136/1 8262/134/526
f 8308/136/1 8309/134/525 8262/134/526
s 0
f 8263/138/7 8310/138/7 8264/140/7
f 8310/138/7 8311/140/7 8264/140/7
s 1
f 8265/134/527 8312/134/527 8255/136/1
f 8312/134/527 8304/136/1 8255/136/1
s 0
f 8266/134/7 8313/134/7 8267/132/7
f 8313/134/7 8314/132/7 8267/132/7
s 1
f 8269/138/527 8315/138/527 8260/136/1
f 8315/138/527 8308/136/1 8260/136/1
f 8316/111/517 8317/112/517 8318/113/517
s 0
f 8317/112/141 8319/114/141 8318/113/141
f 8320/115/1 8321/116/1 8322/117/1
f 8321/116/1 8323/118/1 8322/117/1
s 1
f 8324/119/513 8325/120/513 8326/113/564
s 0
f 8325/120/547 8327/121/547 8326/113/547
f 8328/122/550 8329/123/550 8330/124/550
f 8329/123/535 8331/121/535 8330/124/535
f 8332/122/510 8333/125/510 8334/124/510
f 8333/125/541 8335/114/541 8334/124/541
f 8336/126/1 8337/127/1 8338/128/1
f 8337/127/1 8339/129/1 8338/128/1
f 8340/119/568 8341/120/568 8342/113/568
f 8341/120/512 8343/121/512 8342/113/512
f 8344/122/523 8345/112/523 8346/130/523
f 8345/112/515 8347/114/515 8346/130/515
f 8302/132/8 8348/132/8 8303/134/8
f 8348/132/8 8349/134/8 8303/134/8
s 1
f 8304/136/1 8350/136/1 8305/138/525
f 8350/136/1 8351/138/525 8305/138/525
s 0
f 8306/140/8 8352/140/8 8307/138/8
f 8352/140/8 8353/138/8 8307/138/8
s 1
f 8308/136/1 8354/136/1 8309/134/525
f 8354/136/1 8355/134/525 8309/134/525
s 0
f 8310/138/7 8356/138/7 8311/140/7
f 8356/138/7 8357/140/7 8311/140/7
s 1
f 8312/134/527 8358/134/542 8304/136/1
f 8358/134/542 8350/136/1 8304/136/1
s 0
f 8313/134/7 8359/134/7 8314/132/7
f 8359/134/7 8360/132/7 8314/132/7
s 1
f 8315/138/527 8361/138/527 8308/136/1
f 8361/138/527 8354/136/1 8308/136/1
s 0
f 8362/111/518 8363/112/518 8364/113/518
f 8363/112/556 8365/114/556 8364/113/556
f 8366/115/1 8367/116/1 8368/117/1
f 8367/116/1 8369/118/1 8368/117/1
f 8370/119/568 8371/120/568 8372/113/568
s 1
f 8371/120/544 8373/121/544 8372/113/544
s 0
f 8374/122/535 8375/123/535 8376/124/535
f 8375/123/545 8377/121/545 8376/124/545
s 1
f 8378/122/141 8379/125/530 8380/124/559
f 8379/125/530 8381/114/559 8380/124/559
s 0
f 8382/126/1 8383/127/1 8384/128/1
f 8383/127/1 8385/129/1 8384/128/1
f 8386/119/547 8387/120/547 8388/113/547
f 8387/120/540 8389/121/540 8388/113/540
f 8390/122/558 8391/112/558 8392/130/558
f 8391/112/523 8393/114/523 8392/130/523
f 8348/132/8 8394/132/8 8349/134/8
f 8394/132/8 8395/134/8 8349/134/8
s 1
f 8350/136/1 8396/136/1 8351/138/525
f 8396/136/1 8397/138/525 8351/138/525
s 0
f 8352/140/8 8398/140/8 8353/138/8
f 8398/140/8 8399/138/8 8353/138/8
s 1
f 8354/136/1 8400/136/1 8355/134/525
f 8400/136/1 8401/134/525 8355/134/525
s 0
f 8356/138/7 8402/138/7 8357/140/7
f 8402/138/7 8403/140/7 8357/140/7
s 1
f 8358/134/542 8404/134/527 8350/136/1
f 8404/134/527 8396/136/1 8350/136/1
s 0
f 8359/134/7 8405/134/7 8360/132/7
f 8405/134/7 8406/132/7 8360/132/7
s 1
f 8361/138/527 8407/138/527 8354/136/1
f 8407/138/527 8400/136/1 8354/136/1
f 8408/111/510 8409/112/510 8410/113/510
s 0
f 8409/112/511 8411/114/511 8410/113/511
f 8412/115/1 8413/116/1 8414/117/1
f 8413/116/1 8415/118/1 8414/117/1
f 8416/119/513 8417/120/513 8418/113/513
f 8417/120/512 8419/121/512 8418/113/512
f 8420/122/534 8421/123/534 8422/124/534
f 8421/123/558 8423/121/558 8422/124/558
s 1
f 8424/122/140 8425/125/140 8426/124/10
s 0
f 8425/125/549 8427/114/549 8426/124/549
f 8428/126/1 8429/127/1 8430/128/1
f 8429/127/1 8431/129/1 8430/128/1
f 8432/119/547 8433/120/547 8434/113/547
s 1
f 8433/120/521 8435/121/521 8434/113/521
f 8436/122/591 8437/112/554 8438/130/591
s 0
f 8437/112/565 8439/114/565 8438/130/565
f 8394/132/8 8440/132/8 8395/134/8
f 8440/132/8 8441/134/8 8395/134/8
s 1
f 8396/136/1 8442/136/1 8397/138/525
f 8442/136/1 8443/138/525 8397/138/525
s 0
f 8398/140/8 8444/140/8 8399/138/8
f 8444/140/8 8445/138/8 8399/138/8
s 1
f 8400/136/1 8446/136/1 8401/134/525
f 8446/136/1 8447/134/525 8401/134/525
s 0
f 8402/138/7 8448/138/7 8403/140/7
f 8448/138/7 8449/140/7 8403/140/7
s 1
f 8404/134/527 8450/134/542 8396/136/1
f 8450/134/542 8442/136/1 8396/136/1
s 0
f 8405/134/7 8451/134/7 8406/132/7
f 8451/134/7 8452/132/7 8406/132/7
s 1
f 8407/138/527 8453/138/527 8400/136/1
f 8453/138/527 8446/136/1 8400/136/1
f 8454/111/510 8455/112/510 8456/113/510
s 0
f 8455/112/529 8457/114/511 8456/113/529
f 8458/115/1 8459/116/1 8460/117/1
f 8459/116/1 8461/118/1 8460/117/1
f 8462/119/540 8463/120/540 8464/113/540
f 8463/120/533 8465/121/533 8464/113/533
f 8466/122/592 8467/123/592 8468/124/592
f 8467/123/554 8469/121/554 8468/124/554
s 1
f 8470/122/511 8471/125/511 8472/124/531
f 8471/125/511 8473/114/510 8472/124/531
s 0
f 8474/126/1 8475/127/1 8476/128/1
f 8475/127/1 8477/129/1 8476/128/1
f 8478/119/521 8479/120/521 8480/113/521
f 8479/120/512 8481/121/512 8480/113/512
f 8482/122/582 8483/112/534 8484/130/582
f 8483/112/523 8485/114/523 8484/130/523
f 8440/132/8 8486/132/8 8441/134/8
f 8486/132/8 8487/134/8 8441/134/8
s 1
f 8442/136/1 8488/136/1 8443/138/525
f 8488/136/1 8489/138/525 8443/138/525
s 0
f 8444/140/8 8490/140/8 8445/138/8
f 8490/140/8 8491/138/8 8445/138/8
s 1
f 8446/136/1 8492/136/581 8447/134/525
f 8492/136/581 8493/134/569 8447/134/525
s 0
f 8448/138/7 8494/138/7 8449/140/7
f 8494/138/7 8495/140/7 8449/140/7
s 1
f 8450/134/542 8496/134/527 8442/136/1
f 8496/134/527 8488/136/1 8442/136/1
s 0
f 8451/134/7 8497/134/7 8452/132/7
f 8497/134/7 8498/132/7 8452/132/7
s 1
f 8453/138/527 8499/138/552 8446/136/1
f 8499/138/552 8492/136/581 8446/136/1
f 8500/111/141 8501/112/141 8502/113/141
s 0
f 8501/112/516 8503/114/516 8502/113/516
f 8504/115/1 8505/116/1 8506/117/1
f 8505/116/1 8507/118/1 8506/117/1
f 8508/119/520 8509/120/520 8510/113/520
f 8509/120/532 8511/121/532 8510/113/532
s 1
f 8512/122/538 8513/123/538 8514/124/538
s 0
f 8513/123/523 8515/121/523 8514/124/523
s 1
f 8516/122/140 8517/125/10 8518/124/583
f 8517/125/10 8519/114/10 8518/124/583
s 0
f 8520/126/1 8521/127/1 8522/128/1
f 8521/127/1 8523/129/1 8522/128/1
s 1
f 8524/119/532 8525/120/532 8526/113/532
s 0
f 8525/120/543 8527/121/543 8526/113/571
f 8528/122/523 8529/112/523 8530/130/523
f 8529/112/523 8531/114/523 8530/130/523
s 1
f 7928/132/8 8532/132/8 7929/134/8
f 8532/132/8 8533/134/8 7929/134/8
f 7930/136/1 8534/136/1 7931/138/525
f 8534/136/1 8535/138/525 7931/138/525
s 0
f 7932/140/8 8536/140/8 7933/138/8
f 8536/140/8 8537/138/8 7933/138/8
s 1
f 8538/135/524 8539/136/1 8540/134/525
f 8539/136/1 8541/134/525 8540/134/525
s 0
f 7936/138/7 8542/138/7 7937/140/7
f 8542/138/7 8543/140/7 7937/140/7
s 1
f 7938/134/527 8544/134/527 7930/136/1
f 8544/134/527 8534/136/1 7930/136/1
s 0
f 7939/134/7 8545/134/7 7940/132/7
f 8545/134/7 8546/132/7 7940/132/7
s 1
f 8547/138/527 8548/138/542 8538/135/524
f 8548/138/542 8539/136/1 8538/135/524
f 8549/111/511 8550/112/517 8551/113/557
f 8550/112/517 8552/114/593 8551/113/557
s 0
f 8553/115/1 8554/116/1 8555/117/1
f 8554/116/1 8556/118/1 8555/117/1
s 1
f 8557/119/533 8558/120/533 8559/113/533
s 0
f 8558/120/594 8560/121/586 8559/113/594
f 8561/122/522 8562/123/522 8563/124/522
f 8562/123/545 8564/121/545 8563/124/545
s 1
f 8565/122/528 8566/125/529 8567/124/518
f 8566/125/529 8568/114/518 8567/124/518
s 0
f 8569/126/1 8570/127/1 8571/128/1
f 8570/127/1 8572/129/1 8571/128/1
f 8573/119/547 8574/120/547 8575/113/547
f 8574/120/566 8576/121/566 8575/113/566
f 8577/122/515 8578/112/515 8579/130/515
f 8578/112/553 8580/114/553 8579/130/553
f 8532/132/8 8581/132/8 8533/134/8
f 8581/132/8 8582/134/8 8533/134/8
s 1
f 8534/136/1 8583/136/1 8535/138/525
f 8583/136/1 8584/138/525 8535/138/525
f 8536/140/8 8585/140/8 8537/138/8
f 8585/140/8 8586/138/8 8537/138/8
f 8539/136/1 8587/136/1 8541/134/525
f 8587/136/1 8588/134/525 8541/134/525
s 0
f 8542/138/7 8589/138/7 8543/140/7
f 8589/138/7 8590/140/7 8543/140/7
s 1
f 8544/134/527 8591/134/527 8534/136/1
f 8591/134/527 8583/136/1 8534/136/1
s 0
f 8545/134/7 8592/134/7 8546/132/7
f 8592/134/7 8593/132/7 8546/132/7
s 1
f 8548/138/542 8594/138/527 8539/136/1
f 8594/138/527 8587/136/1 8539/136/1
f 8595/111/577 8596/112/577 8597/113/577
s 0
f 8596/112/541 8598/114/541 8597/113/541
f 8599/115/1 8600/116/1 8601/117/1
f 8600/116/1 8602/118/1 8601/117/1
f 8603/119/520 8604/120/520 8605/113/520
f 8604/120/547 8606/121/547 8605/113/547
f 8607/122/553 8608/123/553 8609/124/553
f 8608/123/515 8610/121/515 8609/124/515
s 1
f 8611/122/528 8612/125/528 8613/124/528
s 0
f 8612/125/511 8614/114/511 8613/124/511
f 8615/126/1 8616/127/1 8617/128/1
f 8616/127/1 8618/129/1 8617/128/1
f 8619/119/520 8620/120/520 8621/113/520
f 8620/120/547 8622/121/547 8621/113/547
f 8623/122/554 8624/112/554 8625/130/554
s 1
f 8624/112/584 8626/114/584 8625/130/584
s 0
f 8581/132/8 8627/132/8 8582/134/8
f 8627/132/8 8628/134/8 8582/134/8
s 1
f 8583/136/1 8629/136/1 8584/138/525
f 8629/136/1 8630/138/525 8584/138/525
s 0
f 8585/140/8 8631/140/8 8586/138/8
f 8631/140/8 8632/138/8 8586/138/8
s 1
f 8587/136/1 8633/136/1 8588/134/525
f 8633/136/1 8634/134/526 8588/134/525
s 0
f 8589/138/7 8635/138/7 8590/140/7
f 8635/138/7 8636/140/7 8590/140/7
s 1
f 8591/134/527 8637/134/542 8583/136/1
f 8637/134/542 8629/136/1 8583/136/1
s 0
f 8592/134/7 8638/134/7 8593/132/7
s 1
f 8638/134/7 8639/132/7 8593/132/7
f 8594/138/527 8640/138/527 8587/136/1
f 8640/138/527 8633/136/1 8587/136/1
s 0
f 8641/111/510 8642/112/510 8643/113/510
f 8642/112/10 8644/114/10 8643/113/10
f 8645/115/1 8646/116/1 8647/117/1
f 8646/116/1 8648/118/1 8647/117/1
f 8649/119/533 8650/120/533 8651/113/533
f 8650/120/533 8652/121/533 8651/113/533
f 8653/122/584 8654/123/584 8655/124/584
f 8654/123/535 8656/121/535 8655/124/535
f 8657/122/510 8658/125/510 8659/124/510
f 8658/125/10 8660/114/10 8659/124/10
f 8661/126/1 8662/127/1 8663/128/1
f 8662/127/1 8664/129/1 8663/128/1
f 8665/119/532 8666/120/532 8667/113/532
f 8666/120/521 8668/121/521 8667/113/521
f 8669/122/534 8670/112/534 8671/130/534
f 8670/112/523 8672/114/523 8671/130/523
f 8627/132/8 8673/132/8 8628/134/8
f 8673/132/8 8674/134/8 8628/134/8
s 1
f 8629/136/1 8675/136/1 8630/138/525
f 8675/136/1 8676/138/525 8630/138/525
s 0
f 8631/140/8 8677/140/8 8632/138/8
f 8677/140/8 8678/138/8 8632/138/8
s 1
f 8633/136/1 8679/136/1 8634/134/526
f 8679/136/1 8680/134/525 8634/134/526
s 0
f 8635/138/7 8681/138/7 8636/140/7
f 8681/138/7 8682/140/7 8636/140/7
s 1
f 8637/134/542 8683/134/527 8629/136/1
f 8683/134/527 8675/136/1 8629/136/1
s 0
f 8638/134/7 8684/134/7 8639/132/7
f 8684/134/7 8685/132/7 8639/132/7
s 1
f 8640/138/527 8686/138/527 8633/136/1
f 8686/138/527 8679/136/1 8633/136/1
f 8687/111/140 8688/112/516 8689/113/557
f 8688/112/516 8690/114/519 8689/113/557
s 0
f 8691/115/1 8692/116/1 8693/117/1
f 8692/116/1 8694/118/1 8693/117/1
f 8695/119/595 8696/120/595 8697/113/595
f 8696/120/595 8698/121/595 8697/113/595
f 8699/122/522 8700/123/522 8701/124/522
s 1
f 8700/123/554 8702/121/558 8701/124/554
f 8703/122/530 8704/125/531 8705/124/531
s 0
f 8704/125/541 8706/114/541 8705/124/541
f 8707/126/1 8708/127/1 8709/128/1
f 8708/127/1 8710/129/1 8709/128/1
s 1
f 8711/119/564 8712/120/564 8713/113/564
s 0
f 8712/120/520 8714/121/520 8713/113/520
f 8715/122/515 8716/112/515 8717/130/515
f 8716/112/515 8718/114/515 8717/130/515
f 8673/132/8 8719/132/8 8674/134/8
f 8719/132/8 8720/134/8 8674/134/8
s 1
f 8675/136/1 8721/136/1 8676/138/525
f 8721/136/1 8722/138/526 8676/138/525
s 0
f 8677/140/8 8723/140/8 8678/138/8
f 8723/140/8 8724/138/8 8678/138/8
s 1
f 8679/136/1 8725/136/1 8680/134/525
f 8725/136/1 8726/134/525 8680/134/525
s 0
f 8681/138/7 8727/138/7 8682/140/7
s 1
f 8727/138/7 8728/140/7 8682/140/7
f 8683/134/527 8729/134/527 8675/136/1
f 8729/134/527 8721/136/1 8675/136/1
s 0
f 8684/134/7 8730/134/7 8685/132/7
f 8730/134/7 8731/132/7 8685/132/7
s 1
f 8686/138/527 8732/138/527 8679/136/1
f 8732/138/527 8725/136/1 8679/136/1
f 8733/111/529 8734/112/529 8735/113/529
s 0
f 8734/112/537 8736/114/537 8735/113/537
f 8737/115/1 8738/116/1 8739/117/1
f 8738/116/1 8740/118/1 8739/117/1
f 8741/119/533 8742/120/533 8743/113/533
f 8742/120/540 8744/121/540 8743/113/540
f 8745/122/522 8746/123/522 8747/124/522
f 8746/123/545 8748/121/545 8747/124/545
s 1
f 8749/122/140 8750/125/140 8751/124/140
s 0
f 8750/125/537 8752/114/537 8751/124/537
f 8753/126/1 8754/127/1 8755/128/1
f 8754/127/1 8756/129/1 8755/128/1
f 8757/119/540 8758/120/540 8759/113/540
f 8758/120/547 8760/121/547 8759/113/547
s 1
f 8761/122/554 8762/112/554 8763/130/554
s 0
f 8762/112/535 8764/114/535 8763/130/535
f 8719/132/8 8765/132/8 8720/134/8
f 8765/132/8 8766/134/8 8720/134/8
s 1
f 8721/136/1 8767/136/1 8722/138/526
f 8767/136/1 8768/138/525 8722/138/526
s 0
f 8723/140/8 8769/140/8 8724/138/8
f 8769/140/8 8770/138/8 8724/138/8
s 1
f 8725/136/1 8771/136/551 8726/134/525
f 8771/136/551 8772/134/569 8726/134/525
s 0
f 8727/138/7 8773/138/7 8728/140/7
f 8773/138/7 8774/140/7 8728/140/7
s 1
f 8729/134/527 8775/134/542 8721/136/1
f 8775/134/542 8767/136/1 8721/136/1
s 0
f 8730/134/7 8776/134/7 8731/132/7
f 8776/134/7 8777/132/7 8731/132/7
s 1
f 8732/138/527 8778/138/552 8725/136/1
f 8778/138/552 8771/136/551 8725/136/1
s 0
f 8779/111/140 8780/112/140 8781/113/140
s 1
f 8780/112/516 8782/114/516 8781/113/516
s 0
f 8783/115/1 8784/116/1 8785/117/1
f 8784/116/1 8786/118/1 8785/117/1
f 8787/119/596 8788/120/596 8789/113/596
f 8788/120/578 8790/121/578 8789/113/578
f 8791/122/545 8792/123/545 8793/124/545
f 8792/123/545 8794/121/545 8793/124/545
s 1
f 8795/122/541 8796/125/528 8797/124/531
f 8796/125/528 8798/114/518 8797/124/531
s 0
f 8799/126/1 8800/127/1 8801/128/1
f 8800/127/1 8802/129/1 8801/128/1
f 8803/119/543 8804/120/543 8805/113/543
f 8804/120/513 8806/121/513 8805/113/513
f 8807/122/535 8808/112/535 8809/130/535
f 8808/112/538 8810/114/538 8809/130/538
f 8207/132/8 8811/132/8 8208/134/8
f 8811/132/8 8812/134/8 8208/134/8
s 1
f 8209/136/1 8813/136/1 8210/138/525
f 8813/136/1 8814/138/526 8210/138/525
s 0
f 8211/140/8 8815/140/8 8212/138/8
f 8815/140/8 8816/138/8 8212/138/8
s 1
f 8817/135/524 8818/136/1 8819/134/525
f 8818/136/1 8820/134/525 8819/134/525
s 0
f 8215/138/7 8821/138/7 8216/140/7
f 8821/138/7 8822/140/7 8216/140/7
s 1
f 8217/134/527 8823/134/527 8209/136/1
f 8823/134/527 8813/136/1 8209/136/1
s 0
f 8218/134/7 8824/134/7 8219/132/7
f 8824/134/7 8825/132/7 8219/132/7
s 1
f 8826/138/527 8827/138/527 8817/135/524
f 8827/138/527 8818/136/1 8817/135/524
f 8828/111/518 8829/112/518 8830/113/529
f 8829/112/518 8831/114/529 8830/113/529
s 0
f 8832/115/1 8833/116/1 8834/117/1
f 8833/116/1 8835/118/1 8834/117/1
f 8836/119/540 8837/120/540 8838/113/540
f 8837/120/543 8839/121/543 8838/113/543
f 8840/122/545 8841/123/545 8842/124/545
f 8841/123/535 8843/121/535 8842/124/535
s 1
f 8844/122/511 8845/125/536 8846/124/560
f 8845/125/536 8847/114/560 8846/124/560
s 0
f 8848/126/1 8849/127/1 8850/128/1
f 8849/127/1 8851/129/1 8850/128/1
f 8852/119/520 8853/120/520 8854/113/520
f 8853/120/543 8855/121/543 8854/113/543
s 1
f 8856/122/558 8857/112/558 8858/130/558
s 0
f 8857/112/554 8859/114/554 8858/130/554
f 8811/132/8 8860/132/8 8812/134/8
f 8860/132/8 8861/134/8 8812/134/8
s 1
f 8813/136/1 8862/136/1 8814/138/526
f 8862/136/1 8863/138/525 8814/138/526
s 0
f 8815/140/8 8864/140/8 8816/138/8
f 8864/140/8 8865/138/8 8816/138/8
s 1
f 8818/136/1 8866/136/1 8820/134/525
f 8866/136/1 8867/134/526 8820/134/525
s 0
f 8821/138/7 8868/138/7 8822/140/7
f 8868/138/7 8869/140/7 8822/140/7
s 1
f 8823/134/527 8870/134/542 8813/136/1
f 8870/134/542 8862/136/1 8813/136/1
s 0
f 8824/134/7 8871/134/7 8825/132/7
f 8871/134/7 8872/132/7 8825/132/7
s 1
f 8827/138/527 8873/138/527 8818/136/1
f 8873/138/527 8866/136/1 8818/136/1
f 8874/111/516 8875/112/516 8876/113/516
s 0
f 8875/112/511 8877/114/511 8876/113/10
f 8878/115/1 8879/116/1 8880/117/1
f 8879/116/1 8881/118/1 8880/117/1
f 8882/119/543 8883/120/543 8884/113/543
f 8883/120/548 8885/121/548 8884/113/548
f 8886/122/554 8887/123/554 8888/124/554
f 8887/123/579 8889/121/579 8888/124/579
s 1
f 8890/122/140 8891/125/140 8892/124/517
s 0
f 8891/125/537 8893/114/537 8892/124/537
f 8894/126/1 8895/127/1 8896/128/1
f 8895/127/1 8897/129/1 8896/128/1
f 8898/119/513 8899/120/513 8900/113/513
f 8899/120/521 8901/121/521 8900/113/521
f 8902/122/545 8903/112/545 8904/130/545
f 8903/112/535 8905/114/535 8904/130/535
f 8860/132/8 8906/132/8 8861/134/8
f 8906/132/8 8907/134/8 8861/134/8
s 1
f 8862/136/1 8908/136/1 8863/138/525
f 8908/136/1 8909/138/525 8863/138/525
s 0
f 8864/140/8 8910/140/8 8865/138/8
f 8910/140/8 8911/138/8 8865/138/8
s 1
f 8866/136/1 8912/136/1 8867/134/526
f 8912/136/1 8913/134/525 8867/134/526
s 0
f 8868/138/7 8914/138/7 8869/140/7
f 8914/138/7 8915/140/7 8869/140/7
s 1
f 8870/134/542 8916/134/527 8862/136/1
f 8916/134/527 8908/136/1 8862/136/1
s 0
f 8871/134/7 8917/134/7 8872/132/7
f 8917/134/7 8918/132/7 8872/132/7
s 1
f 8873/138/527 8919/138/527 8866/136/1
f 8919/138/527 8912/136/1 8866/136/1
f 8920/111/529 8921/112/528 8922/113/528
s 0
f 8921/112/519 8923/114/519 8922/113/519
f 8924/115/1 8925/116/1 8926/117/1
f 8925/116/1 8927/118/1 8926/117/1
f 8928/119/521 8929/120/521 8930/113/521
f 8929/120/512 8931/121/512 8930/113/512
f 8932/122/553 8933/123/553 8934/124/553
f 8933/123/562 8935/121/562 8934/124/562
s 1
f 8936/122/529 8937/125/528 8938/124/557
f 8937/125/528 8939/114/537 8938/124/557
s 0
f 8940/126/1 8941/127/1 8942/128/1
f 8941/127/1 8943/129/1 8942/128/1
f 8944/119/540 8945/120/540 8946/113/540
f 8945/120/520 8947/121/520 8946/113/520
f 8948/122/574 8949/112/574 8950/130/574
s 1
f 8949/112/534 8951/114/534 8950/130/534
s 0
f 8906/132/8 8952/132/8 8907/134/8
f 8952/132/8 8953/134/8 8907/134/8
s 1
f 8908/136/1 8954/136/1 8909/138/525
f 8954/136/1 8955/138/526 8909/138/525
s 0
f 8910/140/8 8956/140/8 8911/138/8
f 8956/140/8 8957/138/8 8911/138/8
s 1
f 8912/136/1 8958/136/1 8913/134/525
f 8958/136/1 8959/134/525 8913/134/525
s 0
f 8914/138/7 8960/138/7 8915/140/7
f 8960/138/7 8961/140/7 8915/140/7
s 1
f 8916/134/527 8962/134/527 8908/136/1
f 8962/134/527 8954/136/1 8908/136/1
s 0
f 8917/134/7 8963/134/7 8918/132/7
f 8963/134/7 8964/132/7 8918/132/7
s 1
f 8919/138/527 8965/138/527 8912/136/1
f 8965/138/527 8958/136/1 8912/136/1
s 0
f 8966/111/536 8967/112/536 8968/113/536
s 1
f 8967/112/529 8969/114/529 8968/113/529
s 0
f 8970/115/1 8971/116/1 8972/117/1
f 8971/116/1 8973/118/1 8972/117/1
f 8974/119/521 8975/120/521 8976/113/521
f 8975/120/521 8977/121/521 8976/113/521
f 8978/122/545 8979/123/545 8980/124/545
f 8979/123/535 8981/121/535 8980/124/535
s 1
f 8982/122/140 8983/125/140 8984/124/517
s 0
f 8983/125/549 8985/114/549 8984/124/549
f 8986/126/1 8987/127/1 8988/128/1
f 8987/127/1 8989/129/1 8988/128/1
f 8990/119/540 8991/120/540 8992/113/540
f 8991/120/547 8993/121/547 8992/113/547
f 8994/122/554 8995/112/554 8996/130/554
f 8995/112/535 8997/114/535 8996/130/535
f 8952/132/8 8998/132/8 8953/134/8
f 8998/132/8 8999/134/8 8953/134/8
s 1
f 8954/136/1 9000/136/1 8955/138/526
f 9000/136/1 9001/138/525 8955/138/526
s 0
f 8956/140/8 9002/140/8 8957/138/8
f 9002/140/8 9003/138/8 8957/138/8
s 1
f 8958/136/1 9004/136/1 8959/134/525
f 9004/136/1 9005/134/526 8959/134/525
s 0
f 8960/138/7 9006/138/7 8961/140/7
f 9006/138/7 9007/140/7 8961/140/7
s 1
f 8962/134/527 9008/134/527 8954/136/1
f 9008/134/527 9000/136/1 8954/136/1
s 0
f 8963/134/7 9009/134/7 8964/132/7
f 9009/134/7 9010/132/7 8964/132/7
s 1
f 8965/138/527 9011/138/527 8958/136/1
f 9011/138/527 9004/136/1 8958/136/1
f 9012/111/511 9013/112/511 9014/113/517
s 0
f 9013/112/549 9015/114/549 9014/113/549
f 9016/115/1 9017/116/1 9018/117/1
f 9017/116/1 9019/118/1 9018/117/1
f 9020/119/512 9021/120/512 9022/113/512
f 9021/120/512 9023/121/512 9022/113/512
f 9024/122/522 9025/123/522 9026/124/522
f 9025/123/545 9027/121/545 9026/124/545
s 1
f 9028/122/10 9029/125/10 9030/124/541
f 9029/125/10 9031/114/585 9030/124/541
s 0
f 9032/126/1 9033/127/1 9034/128/1
f 9033/127/1 9035/129/1 9034/128/1
f 9036/119/512 9037/120/512 9038/113/512
f 9037/120/513 9039/121/513 9038/113/513
f 9040/122/558 9041/112/558 9042/130/558
s 1
f 9041/112/515 9043/114/515 9042/130/515
s 0
f 8998/132/8 9044/132/8 8999/134/8
f 9044/132/8 9045/134/8 8999/134/8
s 1
f 9000/136/1 9046/136/1 9001/138/525
f 9046/136/1 9047/138/525 9001/138/525
s 0
f 9002/140/8 9048/140/8 9003/138/8
f 9048/140/8 9049/138/8 9003/138/8
s 1
f 9004/136/1 9050/136/551 9005/134/526
f 9050/136/551 9051/134/525 9005/134/526
s 0
f 9006/138/7 9052/138/7 9007/140/7
f 9052/138/7 9053/140/7 9007/140/7
s 1
f 9008/134/527 9054/134/527 9000/136/1
f 9054/134/527 9046/136/1 9000/136/1
s 0
f 9009/134/7 9055/134/7 9010/132/7
f 9055/134/7 9056/132/7 9010/132/7
s 1
f 9011/138/527 9057/138/552 9004/136/1
f 9057/138/552 9050/136/551 9004/136/1
f 9058/111/530 9059/112/141 9060/113/530
f 9059/112/141 9061/114/510 9060/113/530
s 0
f 9062/115/1 9063/116/1 9064/117/1
f 9063/116/1 9065/118/1 9064/117/1
f 9066/119/543 9067/120/543 9068/113/543
f 9067/120/521 9069/121/521 9068/113/521
f 9070/122/554 9071/123/554 9072/124/554
s 1
f 9071/123/538 9073/121/538 9072/124/538
s 0
f 9074/122/536 9075/125/536 9076/124/536
f 9075/125/583 9077/114/583 9076/124/583
f 9078/126/1 9079/127/1 9080/128/1
f 9079/127/1 9081/129/1 9080/128/1
f 9082/119/547 9083/120/547 9084/113/547
f 9083/120/540 9085/121/540 9084/113/540
f 9086/122/538 9087/112/538 9088/130/538
f 9087/112/515 9089/114/515 9088/130/515
f 8486/132/8 9090/132/8 8487/134/8
f 9090/132/8 9091/134/8 8487/134/8
s 1
f 8488/136/1 9092/136/1 8489/138/525
f 9092/136/1 9093/138/525 8489/138/525
s 0
f 8490/140/8 9094/140/8 8491/138/8
f 9094/140/8 9095/138/8 8491/138/8
s 1
f 9096/135/524 9097/136/1 9098/134/525
f 9097/136/1 9099/134/525 9098/134/525
s 0
f 8494/138/7 9100/138/7 8495/140/7
f 9100/138/7 9101/140/7 8495/140/7
s 1
f 8496/134/527 9102/134/527 8488/136/1
f 9102/134/527 9092/136/1 8488/136/1
s 0
f 8497/134/7 9103/134/7 8498/132/7
f 9103/134/7 9104/132/7 8498/132/7
s 1
f 9105/138/527 9106/138/527 9096/135/524
f 9106/138/527 9097/136/1 9096/135/524
s 0
f 9107/111/510 9108/112/510 9109/113/510
f 9108/112/511 9110/114/511 9109/113/511
f 9111/115/1 9112/116/1 9113/117/1
f 9112/116/1 9114/118/1 9113/117/1
f 9115/119/571 9116/120/571 9117/113/571
s 1
f 9116/120/512 9118/121/512 9117/113/512
s 0
f 9119/122/523 9120/123/523 9121/124/523
f 9120/123/515 9122/121/515 9121/124/515
s 1
f 9123/122/597 9124/125/597 9125/124/597
s 0
f 9124/125/541 9126/114/541 9125/124/541
f 9127/126/1 9128/127/1 9129/128/1
f 9128/127/1 9130/129/1 9129/128/1
f 9131/119/521 9132/120/521 9133/113/521
f 9132/120/547 9134/121/547 9133/113/547
f 9135/122/523 9136/112/523 9137/130/523
s 1
f 9136/112/534 9138/114/534 9137/130/534
s 0
f 9090/132/8 9139/132/8 9091/134/8
f 9139/132/8 9140/134/8 9091/134/8
s 1
f 9092/136/1 9141/136/1 9093/138/525
f 9141/136/1 9142/138/525 9093/138/525
s 0
f 9094/140/8 9143/140/8 9095/138/8
f 9143/140/8 9144/138/8 9095/138/8
s 1
f 9097/136/1 9145/136/1 9099/134/525
f 9145/136/1 9146/134/525 9099/134/525
s 0
f 9100/138/7 9147/138/7 9101/140/7
f 9147/138/7 9148/140/7 9101/140/7
s 1
f 9102/134/527 9149/134/527 9092/136/1
f 9149/134/527 9141/136/1 9092/136/1
s 0
f 9103/134/7 9150/134/7 9104/132/7
s 1
f 9150/134/7 9151/132/7 9104/132/7
f 9106/138/527 9152/138/527 9097/136/1
f 9152/138/527 9145/136/1 9097/136/1
f 9153/111/529 9154/112/529 9155/113/529
s 0
f 9154/112/537 9156/114/537 9155/113/537
f 9157/115/1 9158/116/1 9159/117/1
f 9158/116/1 9160/118/1 9159/117/1
f 9161/119/520 9162/120/520 9163/113/520
f 9162/120/520 9164/121/567 9163/113/520
f 9165/122/535 9166/123/535 9167/124/535
f 9166/123/554 9168/121/554 9167/124/554
s 1
f 9169/122/96 9170/125/141 9171/124/557
f 9170/125/141 9172/114/141 9171/124/557
s 0
f 9173/126/1 9174/127/1 9175/128/1
f 9174/127/1 9176/129/1 9175/128/1
f 9177/119/540 9178/120/540 9179/113/540
f 9178/120/540 9180/121/540 9179/113/540
s 1
f 9181/122/584 9182/112/584 9183/130/584
s 0
f 9182/112/535 9184/114/535 9183/130/535
f 9139/132/8 9185/132/8 9140/134/8
f 9185/132/8 9186/134/8 9140/134/8
s 1
f 9141/136/1 9187/136/1 9142/138/525
f 9187/136/1 9188/138/525 9142/138/525
s 0
f 9143/140/8 9189/140/8 9144/138/8
f 9189/140/8 9190/138/8 9144/138/8
s 1
f 9145/136/1 9191/136/1 9146/134/525
f 9191/136/1 9192/134/526 9146/134/525
s 0
f 9147/138/7 9193/138/7 9148/140/7
f 9193/138/7 9194/140/7 9148/140/7
s 1
f 9149/134/527 9195/134/527 9141/136/1
f 9195/134/527 9187/136/1 9141/136/1
s 0
f 9150/134/7 9196/134/7 9151/132/7
f 9196/134/7 9197/132/7 9151/132/7
s 1
f 9152/138/527 9198/138/527 9145/136/1
f 9198/138/527 9191/136/1 9145/136/1
f 9199/111/517 9200/112/517 9201/113/141
f 9200/112/517 9202/114/559 9201/113/141
s 0
f 9203/115/1 9204/116/1 9205/117/1
f 9204/116/1 9206/118/1 9205/117/1
f 9207/119/513 9208/120/513 9209/113/513
f 9208/120/512 9210/121/512 9209/113/512
f 9211/122/535 9212/123/535 9213/124/535
s 1
f 9212/123/522 9214/121/522 9213/124/522
f 9215/122/598 9216/125/599 9217/124/598
s 0
f 9216/125/141 9218/114/141 9217/124/141
f 9219/126/1 9220/127/1 9221/128/1
f 9220/127/1 9222/129/1 9221/128/1
f 9223/119/512 9224/120/512 9225/113/512
f 9224/120/520 9226/121/532 9225/113/532
f 9227/122/522 9228/112/522 9229/130/522
f 9228/112/545 9230/114/545 9229/130/545
f 9185/132/8 9231/132/8 9186/134/8
f 9231/132/8 9232/134/8 9186/134/8
s 1
f 9187/136/1 9233/136/1 9188/138/525
f 9233/136/1 9234/138/525 9188/138/525
s 0
f 9189/140/8 9235/140/8 9190/138/8
f 9235/140/8 9236/138/8 9190/138/8
s 1
f 9191/136/1 9237/136/1 9192/134/526
f 9237/136/1 9238/134/525 9192/134/526
s 0
f 9193/138/7 9239/138/7 9194/140/7
f 9239/138/7 9240/140/7 9194/140/7
s 1
f 9195/134/527 9241/134/527 9187/136/1
f 9241/134/527 9233/136/1 9187/136/1
s 0
f 9196/134/7 9242/134/7 9197/132/7
f 9242/134/7 9243/132/7 9197/132/7
s 1
f 9198/138/527 9244/138/527 9191/136/1
f 9244/138/527 9237/136/1 9191/136/1
f 9245/111/10 9246/112/10 9247/113/10
s 0
f 9246/112/541 9248/114/541 9247/113/541
f 9249/115/1 9250/116/1 9251/117/1
f 9250/116/1 9252/118/1 9251/117/1
f 9253/119/521 9254/120/521 9255/113/521
f 9254/120/521 9256/121/521 9255/113/521
f 9257/122/522 9258/123/522 9259/124/522
f 9258/123/523 9260/121/523 9259/124/523
s 1
f 9261/122/599 9262/125/599 9263/124/599
s 0
f 9262/125/511 9264/114/511 9263/124/511
f 9265/126/1 9266/127/1 9267/128/1
f 9266/127/1 9268/129/1 9267/128/1
f 9269/119/540 9270/120/540 9271/113/540
f 9270/120/543 9272/121/543 9271/113/543
f 9273/122/558 9274/112/558 9275/130/558
f 9274/112/522 9276/114/522 9275/130/522
f 9231/132/8 9277/132/8 9232/134/8
f 9277/132/8 9278/134/8 9232/134/8
s 1
f 9233/136/1 9279/136/1 9234/138/525
f 9279/136/1 9280/138/525 9234/138/525
s 0
f 9235/140/8 9281/140/8 9236/138/8
f 9281/140/8 9282/138/8 9236/138/8
s 1
f 9237/136/1 9283/136/1 9238/134/525
f 9283/136/1 9284/134/525 9238/134/525
s 0
f 9239/138/7 9285/138/7 9240/140/7
f 9285/138/7 9286/140/7 9240/140/7
s 1
f 9241/134/527 9287/134/527 9233/136/1
f 9287/134/527 9279/136/1 9233/136/1
s 0
f 9242/134/7 9288/134/7 9243/132/7
f 9288/134/7 9289/132/7 9243/132/7
s 1
f 9244/138/527 9290/138/527 9237/136/1
f 9290/138/527 9283/136/1 9237/136/1
f 9291/111/518 9292/112/518 9293/113/541
f 9292/112/518 9294/114/541 9293/113/541
s 0
f 9295/115/1 9296/116/1 9297/117/1
f 9296/116/1 9298/118/1 9297/117/1
f 9299/119/596 9300/120/596 9301/113/596
f 9300/120/513 9302/121/513 9301/113/513
f 9303/122/515 9304/123/515 9305/124/515
f 9304/123/515 9306/121/515 9305/124/515
s 1
f 9307/122/528 9308/125/511 9309/124/141
f 9308/125/511 9310/114/10 9309/124/141
s 0
f 9311/126/1 9312/127/1 9313/128/1
f 9312/127/1 9314/129/1 9313/128/1
f 9315/119/547 9316/120/547 9317/113/547
f 9316/120/540 9318/121/540 9317/113/540
f 9319/122/554 9320/112/554 9321/130/554
f 9320/112/538 9322/114/538 9321/130/538
f 9277/132/8 9323/132/8 9278/134/8
f 9323/132/8 9324/134/8 9278/134/8
s 1
f 9279/136/1 9325/136/1 9280/138/525
f 9325/136/1 9326/138/525 9280/138/525
s 0
f 9281/140/8 9327/140/8 9282/138/8
f 9327/140/8 9328/138/8 9282/138/8
s 1
f 9283/136/1 9329/136/551 9284/134/525
f 9329/136/551 9330/134/525 9284/134/525
s 0
f 9285/138/7 9331/138/7 9286/140/7
f 9331/138/7 9332/140/7 9286/140/7
s 1
f 9287/134/527 9333/134/542 9279/136/1
f 9333/134/542 9325/136/1 9279/136/1
s 0
f 9288/134/7 9334/134/7 9289/132/7
s 1
f 9334/134/7 9335/132/7 9289/132/7
f 9290/138/527 9336/138/552 9283/136/1
f 9336/138/552 9329/136/551 9283/136/1
s 0
f 9337/111/510 9338/112/510 9339/113/510
f 9338/112/511 9340/114/511 9339/113/10
f 9341/115/1 9342/116/1 9343/117/1
f 9342/116/1 9344/118/1 9343/117/1
f 9345/119/543 9346/120/543 9347/113/543
f 9346/120/521 9348/121/521 9347/113/521
f 9349/122/554 9350/123/554 9351/124/554
s 1
f 9350/123/554 9352/121/572 9351/124/554
s 0
f 9353/122/536 9354/125/536 9355/124/536
s 1
f 9354/125/529 9356/114/529 9355/124/528
s 0
f 9357/126/1 9358/127/1 9359/128/1
f 9358/127/1 9360/129/1 9359/128/1
f 9361/119/548 9362/120/548 9363/113/548
f 9362/120/532 9364/121/532 9363/113/532
f 9365/122/538 9366/112/538 9367/130/538
f 9366/112/523 9368/114/523 9367/130/523
f 8765/132/8 9369/132/8 8766/134/8
f 9369/132/8 9370/134/8 8766/134/8
s 1
f 8767/136/1 9371/136/1 8768/138/525
f 9371/136/1 9372/138/525 8768/138/525
s 0
f 8769/140/8 9373/140/8 8770/138/8
f 9373/140/8 9374/138/8 8770/138/8
s 1
f 9375/135/555 9376/136/1 9377/134/525
f 9376/136/1 9378/134/526 9377/134/525
s 0
f 8773/138/7 9379/138/7 8774/140/7
f 9379/138/7 9380/140/7 8774/140/7
s 1
f 8775/134/542 9381/134/527 8767/136/1
f 9381/134/527 9371/136/1 8767/136/1
s 0
f 8776/134/7 9382/134/7 8777/132/7
f 9382/134/7 9383/132/7 8777/132/7
s 1
f 9384/138/527 9385/138/527 9375/135/555
f 9385/138/527 9376/136/1 9375/135/555
f 9386/111/141 9387/112/510 9388/113/529
f 9387/112/510 9389/114/528 9388/113/529
s 0
f 9390/115/1 9391/116/1 9392/117/1
f 9391/116/1 9393/118/1 9392/117/1
f 9394/119/548 9395/120/548 9396/113/548
f 9395/120/547 9397/121/547 9396/113/547
f 9398/122/535 9399/123/535 9400/124/535
s 1
f 9399/123/545 9401/121/545 9400/124/545
s 0
f 9402/122/510 9403/125/510 9404/124/510
f 9403/125/511 9405/114/511 9404/124/511
f 9406/126/1 9407/127/1 9408/128/1
f 9407/127/1 9409/129/1 9408/128/1
f 9410/119/596 9411/120/596 9412/113/596
f 9411/120/595 9413/121/595 9412/113/595
f 9414/122/522 9415/112/522 9416/130/522
s 1
f 9415/112/582 9417/114/582 9416/130/582
s 0
f 9369/132/8 9418/132/8 9370/134/8
f 9418/132/8 9419/134/8 9370/134/8
s 1
f 9371/136/1 9420/136/1 9372/138/525
f 9420/136/1 9421/138/525 9372/138/525
s 0
f 9373/140/8 9422/140/8 9374/138/8
f 9422/140/8 9423/138/8 9374/138/8
s 1
f 9376/136/1 9424/136/1 9378/134/526
f 9424/136/1 9425/134/525 9378/134/526
s 0
f 9379/138/7 9426/138/7 9380/140/7
f 9426/138/7 9427/140/7 9380/140/7
s 1
f 9381/134/527 9428/134/527 9371/136/1
f 9428/134/527 9420/136/1 9371/136/1
s 0
f 9382/134/7 9429/134/7 9383/132/7
f 9429/134/7 9430/132/7 9383/132/7
s 1
f 9385/138/527 9431/138/527 9376/136/1
f 9431/138/527 9424/136/1 9376/136/1
s 0
f 9432/111/536 9433/112/536 9434/113/536
f 9433/112/549 9435/114/549 9434/113/549
f 9436/115/1 9437/116/1 9438/117/1
f 9437/116/1 9439/118/1 9438/117/1
s 1
f 9440/119/520 9441/120/520 9442/113/520
s 0
f 9441/120/521 9443/121/521 9442/113/521
f 9444/122/515 9445/123/515 9446/124/515
f 9445/123/523 9447/121/523 9446/124/523
f 9448/122/536 9449/125/536 9450/124/536
f 9449/125/549 9451/114/549 9450/124/549
f 9452/126/1 9453/127/1 9454/128/1
f 9453/127/1 9455/129/1 9454/128/1
f 9456/119/566 9457/120/566 9458/113/566
f 9457/120/547 9459/121/547 9458/113/547
f 9460/122/515 9461/112/515 9462/130/515
f 9461/112/523 9463/114/523 9462/130/523
f 9418/132/8 9464/132/8 9419/134/8
f 9464/132/8 9465/134/8 9419/134/8
s 1
f 9420/136/1 9466/136/1 9421/138/525
f 9466/136/1 9467/138/525 9421/138/525
s 0
f 9422/140/8 9468/140/8 9423/138/8
f 9468/140/8 9469/138/8 9423/138/8
s 1
f 9424/136/1 9470/136/1 9425/134/525
f 9470/136/1 9471/134/525 9425/134/525
s 0
f 9426/138/7 9472/138/7 9427/140/7
f 9472/138/7 9473/140/7 9427/140/7
s 1
f 9428/134/527 9474/134/527 9420/136/1
f 9474/134/527 9466/136/1 9420/136/1
s 0
f 9429/134/7 9475/134/7 9430/132/7
f 9475/134/7 9476/132/7 9430/132/7
s 1
f 9431/138/527 9477/138/542 9424/136/1
f 9477/138/542 9470/136/1 9424/136/1
f 9478/111/529 9479/112/528 9480/113/559
f 9479/112/528 9481/114/577 9480/113/559
s 0
f 9482/115/1 9483/116/1 9484/117/1
f 9483/116/1 9485/118/1 9484/117/1
f 9486/119/512 9487/120/512 9488/113/512
f 9487/120/513 9489/121/513 9488/113/513
f 9490/122/523 9491/123/523 9492/124/523
f 9491/123/534 9493/121/534 9492/124/534
s 1
f 9494/122/529 9495/125/528 9496/124/557
f 9495/125/528 9497/114/537 9496/124/557
s 0
f 9498/126/1 9499/127/1 9500/128/1
f 9499/127/1 9501/129/1 9500/128/1
f 9502/119/543 9503/120/543 9504/113/543
f 9503/120/548 9505/121/548 9504/113/548
s 1
f 9506/122/600 9507/112/600 9508/130/600
s 0
f 9507/112/545 9509/114/545 9508/130/545
f 9464/132/8 9510/132/8 9465/134/8
f 9510/132/8 9511/134/8 9465/134/8
s 1
f 9466/136/1 9512/136/1 9467/138/525
f 9512/136/1 9513/138/525 9467/138/525
s 0
f 9468/140/8 9514/140/8 9469/138/8
f 9514/140/8 9515/138/8 9469/138/8
s 1
f 9470/136/1 9516/136/1 9471/134/525
f 9516/136/1 9517/134/525 9471/134/525
s 0
f 9472/138/7 9518/138/7 9473/140/7
f 9518/138/7 9519/140/7 9473/140/7
s 1
f 9474/134/527 9520/134/527 9466/136/1
f 9520/134/527 9512/136/1 9466/136/1
s 0
f 9475/134/7 9521/134/7 9476/132/7
f 9521/134/7 9522/132/7 9476/132/7
s 1
f 9477/138/542 9523/138/527 9470/136/1
f 9523/138/527 9516/136/1 9470/136/1
f 9524/111/511 9525/112/511 9526/113/511
s 0
f 9525/112/511 9527/114/511 9526/113/511
f 9528/115/1 9529/116/1 9530/117/1
f 9529/116/1 9531/118/1 9530/117/1
f 9532/119/521 9533/120/521 9534/113/521
f 9533/120/521 9535/121/521 9534/113/521
f 9536/122/545 9537/123/545 9538/124/545
f 9537/123/558 9539/121/558 9538/124/558
s 1
f 9540/122/536 9541/125/517 9542/124/531
f 9541/125/517 9543/114/531 9542/124/531
s 0
f 9544/126/1 9545/127/1 9546/128/1
f 9545/127/1 9547/129/1 9546/128/1
f 9548/119/571 9549/120/571 9550/113/571
f 9549/120/513 9551/121/513 9550/113/513
f 9552/122/515 9553/112/515 9554/130/515
f 9553/112/515 9555/114/515 9554/130/515
f 9510/132/8 9556/132/8 9511/134/8
f 9556/132/8 9557/134/8 9511/134/8
s 1
f 9512/136/1 9558/136/1 9513/138/525
f 9558/136/1 9559/138/525 9513/138/525
s 0
f 9514/140/8 9560/140/8 9515/138/8
f 9560/140/8 9561/138/8 9515/138/8
s 1
f 9516/136/1 9562/136/1 9517/134/525
f 9562/136/1 9563/134/525 9517/134/525
s 0
f 9518/138/7 9564/138/7 9519/140/7
f 9564/138/7 9565/140/7 9519/140/7
s 1
f 9520/134/527 9566/134/542 9512/136/1
f 9566/134/542 9558/136/1 9512/136/1
s 0
f 9521/134/7 9567/134/7 9522/132/7
f 9567/134/7 9568/132/7 9522/132/7
s 1
f 9523/138/527 9569/138/527 9516/136/1
f 9569/138/527 9562/136/1 9516/136/1
f 9570/111/577 9571/112/577 9572/113/577
s 0
f 9571/112/511 9573/114/511 9572/113/511
f 9574/115/1 9575/116/1 9576/117/1
f 9575/116/1 9577/118/1 9576/117/1
f 9578/119/513 9579/120/513 9580/113/513
f 9579/120/513 9581/121/513 9580/113/513
f 9582/122/534 9583/123/534 9584/124/534
f 9583/123/522 9585/121/522 9584/124/522
s 1
f 9586/122/537 9587/125/537 9588/124/537
s 0
f 9587/125/541 9589/114/541 9588/124/541
f 9590/126/1 9591/127/1 9592/128/1
f 9591/127/1 9593/129/1 9592/128/1
s 1
f 9594/119/547 9595/120/547 9596/113/547
s 0
f 9595/120/540 9597/121/540 9596/113/540
f 9598/122/558 9599/112/558 9600/130/558
f 9599/112/523 9601/114/523 9600/130/523
f 9556/132/8 9602/132/8 9557/134/8
f 9602/132/8 9603/134/8 9557/134/8
s 1
f 9558/136/1 9604/136/1 9559/138/525
f 9604/136/1 9605/138/525 9559/138/525
s 0
f 9560/140/8 9606/140/8 9561/138/8
f 9606/140/8 9607/138/8 9561/138/8
s 1
f 9562/136/1 9608/136/551 9563/134/525
f 9608/136/551 9609/134/569 9563/134/525
s 0
f 9564/138/7 9610/138/7 9565/140/7
f 9610/138/7 9611/140/7 9565/140/7
s 1
f 9566/134/542 9612/134/527 9558/136/1
f 9612/134/527 9604/136/1 9558/136/1
s 0
f 9567/134/7 9613/134/7 9568/132/7
f 9613/134/7 9614/132/7 9568/132/7
s 1
f 9569/138/527 9615/138/527 9562/136/1
f 9615/138/527 9608/136/551 9562/136/1
f 9616/111/510 9617/112/510 9618/113/510
s 0
f 9617/112/511 9619/114/511 9618/113/511
f 9620/115/1 9621/116/1 9622/117/1
f 9621/116/1 9623/118/1 9622/117/1
f 9624/119/566 9625/120/566 9626/113/566
f 9625/120/520 9627/121/520 9626/113/520
f 9628/122/565 9629/123/565 9630/124/565
s 1
f 9629/123/535 9631/121/535 9630/124/535
f 9632/122/563 9633/125/563 9634/124/583
f 9633/125/563 9635/114/549 9634/124/583
s 0
f 9636/126/1 9637/127/1 9638/128/1
f 9637/127/1 9639/129/1 9638/128/1
f 9640/119/513 9641/120/513 9642/113/513
f 9641/120/512 9643/121/512 9642/113/512
f 9644/122/522 9645/112/522 9646/130/522
f 9645/112/574 9647/114/574 9646/130/574
f 9044/132/8 9648/132/8 9045/134/8
f 9648/132/8 9649/134/8 9045/134/8
s 1
f 9046/136/1 9650/136/1 9047/138/525
f 9650/136/1 9651/138/525 9047/138/525
s 0
f 9048/140/8 9652/140/8 9049/138/8
f 9652/140/8 9653/138/8 9049/138/8
s 1
f 9654/135/555 9655/136/1 9656/134/525
f 9655/136/1 9657/134/525 9656/134/525
s 0
f 9052/138/7 9658/138/7 9053/140/7
f 9658/138/7 9659/140/7 9053/140/7
s 1
f 9054/134/527 9660/134/527 9046/136/1
f 9660/134/527 9650/136/1 9046/136/1
s 0
f 9055/134/7 9661/134/7 9056/132/7
f 9661/134/7 9662/132/7 9056/132/7
s 1
f 9663/138/527 9664/138/527 9654/135/555
f 9664/138/527 9655/136/1 9654/135/555
f 9665/111/529 9666/112/529 9667/113/516
s 0
f 9666/112/511 9668/114/511 9667/113/511
f 9669/115/1 9670/116/1 9671/117/1
f 9670/116/1 9672/118/1 9671/117/1
f 9673/119/521 9674/120/521 9675/113/521
f 9674/120/544 9676/121/544 9675/113/544
f 9677/122/554 9678/123/554 9679/124/554
f 9678/123/535 9680/121/535 9679/124/535
s 1
f 9681/122/10 9682/125/10 9683/124/140
f 9682/125/10 9684/114/140 9683/124/140
s 0
f 9685/126/1 9686/127/1 9687/128/1
f 9686/127/1 9688/129/1 9687/128/1
f 9689/119/566 9690/120/566 9691/113/566
f 9690/120/540 9692/121/540 9691/113/540
f 9693/122/515 9694/112/515 9695/130/515
f 9694/112/538 9696/114/538 9695/130/538
f 9648/132/8 9697/132/8 9649/134/8
f 9697/132/8 9698/134/8 9649/134/8
s 1
f 9650/136/1 9699/136/1 9651/138/525
f 9699/136/1 9700/138/525 9651/138/525
s 0
f 9652/140/8 9701/140/8 9653/138/8
f 9701/140/8 9702/138/8 9653/138/8
s 1
f 9655/136/1 9703/136/1 9657/134/525
f 9703/136/1 9704/134/525 9657/134/525
s 0
f 9658/138/7 9705/138/7 9659/140/7
f 9705/138/7 9706/140/7 9659/140/7
s 1
f 9660/134/527 9707/134/527 9650/136/1
f 9707/134/527 9699/136/1 9650/136/1
s 0
f 9661/134/7 9708/134/7 9662/132/7
f 9708/134/7 9709/132/7 9662/132/7
s 1
f 9664/138/527 9710/138/527 9655/136/1
f 9710/138/527 9703/136/1 9655/136/1
f 9711/111/518 9712/112/519 9713/113/531
f 9712/112/519 9714/114/531 9713/113/531
s 0
f 9715/115/1 9716/116/1 9717/117/1
f 9716/116/1 9718/118/1 9717/117/1
f 9719/119/513 9720/120/513 9721/113/513
f 9720/120/513 9722/121/513 9721/113/513
f 9723/122/538 9724/123/538 9725/124/538
f 9724/123/515 9726/121/515 9725/124/515
f 9727/122/601 9728/125/601 9729/124/601
s 1
f 9728/125/530 9730/114/530 9729/124/530
s 0
f 9731/126/1 9732/127/1 9733/128/1
f 9732/127/1 9734/129/1 9733/128/1
f 9735/119/547 9736/120/547 9737/113/547
f 9736/120/520 9738/121/520 9737/113/520
f 9739/122/554 9740/112/554 9741/130/554
f 9740/112/565 9742/114/565 9741/130/565
f 9697/132/8 9743/132/8 9698/134/8
f 9743/132/8 9744/134/8 9698/134/8
s 1
f 9699/136/1 9745/136/1 9700/138/525
f 9745/136/1 9746/138/525 9700/138/525
s 0
f 9701/140/8 9747/140/8 9702/138/8
f 9747/140/8 9748/138/8 9702/138/8
s 1
f 9703/136/1 9749/136/1 9704/134/525
f 9749/136/1 9750/134/526 9704/134/525
s 0
f 9705/138/7 9751/138/7 9706/140/7
f 9751/138/7 9752/140/7 9706/140/7
s 1
f 9707/134/527 9753/134/542 9699/136/1
f 9753/134/542 9745/136/1 9699/136/1
s 0
f 9708/134/7 9754/134/7 9709/132/7
f 9754/134/7 9755/132/7 9709/132/7
s 1
f 9710/138/527 9756/138/527 9703/136/1
f 9756/138/527 9749/136/1 9703/136/1
s 0
f 9757/111/510 9758/112/510 9759/113/510
f 9758/112/511 9760/114/529 9759/113/529
f 9761/115/1 9762/116/1 9763/117/1
f 9762/116/1 9764/118/1 9763/117/1
f 9765/119/566 9766/120/566 9767/113/566
f 9766/120/540 9768/121/540 9767/113/540
f 9769/122/565 9770/123/565 9771/124/565
f 9770/123/535 9772/121/535 9771/124/535
f 9773/122/510 9774/125/510 9775/124/510
s 1
f 9774/125/140 9776/114/10 9775/124/140
s 0
f 9777/126/1 9778/127/1 9779/128/1
f 9778/127/1 9780/129/1 9779/128/1
f 9781/119/520 9782/120/520 9783/113/520
f 9782/120/513 9784/121/513 9783/113/513
f 9785/122/534 9786/112/534 9787/130/534
f 9786/112/522 9788/114/522 9787/130/522
f 9743/132/8 9789/132/8 9744/134/8
f 9789/132/8 9790/134/8 9744/134/8
s 1
f 9745/136/1 9791/136/1 9746/138/525
f 9791/136/1 9792/138/525 9746/138/525
s 0
f 9747/140/8 9793/140/8 9748/138/8
f 9793/140/8 9794/138/8 9748/138/8
s 1
f 9749/136/1 9795/136/1 9750/134/526
f 9795/136/1 9796/134/525 9750/134/526
s 0
f 9751/138/7 9797/138/7 9752/140/7
f 9797/138/7 9798/140/7 9752/140/7
s 1
f 9753/134/542 9799/134/527 9745/136/1
f 9799/134/527 9791/136/1 9745/136/1
s 0
f 9754/134/7 9800/134/7 9755/132/7
f 9800/134/7 9801/132/7 9755/132/7
s 1
f 9756/138/527 9802/138/527 9749/136/1
f 9802/138/527 9795/136/1 9749/136/1
f 9803/111/585 9804/112/563 9805/113/585
s 0
f 9804/112/537 9806/114/537 9805/113/537
f 9807/115/1 9808/116/1 9809/117/1
f 9808/116/1 9810/118/1 9809/117/1
f 9811/119/578 9812/120/578 9813/113/578
s 1
f 9812/120/521 9814/121/521 9813/113/521
s 0
f 9815/122/554 9816/123/554 9817/124/554
f 9816/123/582 9818/121/582 9817/124/582
f 9819/122/518 9820/125/518 9821/124/518
f 9820/125/511 9822/114/511 9821/124/511
f 9823/126/1 9824/127/1 9825/128/1
f 9824/127/1 9826/129/1 9825/128/1
f 9827/119/547 9828/120/547 9829/113/547
f 9828/120/540 9830/121/540 9829/113/540
f 9831/122/554 9832/112/558 9833/130/554
s 1
f 9832/112/515 9834/114/515 9833/130/515
s 0
f 9789/132/8 9835/132/8 9790/134/8
f 9835/132/8 9836/134/8 9790/134/8
s 1
f 9791/136/1 9837/136/1 9792/138/525
f 9837/136/1 9838/138/525 9792/138/525
s 0
f 9793/140/8 9839/140/8 9794/138/8
f 9839/140/8 9840/138/8 9794/138/8
s 1
f 9795/136/1 9841/136/1 9796/134/525
f 9841/136/1 9842/134/525 9796/134/525
s 0
f 9797/138/7 9843/138/7 9798/140/7
f 9843/138/7 9844/140/7 9798/140/7
s 1
f 9799/134/527 9845/134/527 9791/136/1
f 9845/134/527 9837/136/1 9791/136/1
s 0
f 9800/134/7 9846/134/7 9801/132/7
f 9846/134/7 9847/132/7 9801/132/7
s 1
f 9802/138/527 9848/138/542 9795/136/1
f 9848/138/542 9841/136/1 9795/136/1
s 0
f 9849/111/518 9850/112/518 9851/113/518
f 9850/112/511 9852/114/511 9851/113/511
f 9853/115/1 9854/116/1 9855/117/1
f 9854/116/1 9856/118/1 9855/117/1
f 9857/119/533 9858/120/512 9859/113/533
f 9858/120/548 9860/121/548 9859/113/548
f 9861/122/545 9862/123/545 9863/124/545
f 9862/123/545 9864/121/545 9863/124/545
f 9865/122/536 9866/125/536 9867/124/536
s 1
f 9866/125/531 9868/114/510 9867/124/510
s 0
f 9869/126/1 9870/127/1 9871/128/1
f 9870/127/1 9872/129/1 9871/128/1
f 9873/119/533 9874/120/533 9875/113/533
f 9874/120/543 9876/121/543 9875/113/543
s 1
f 9877/122/522 9878/112/522 9879/130/522
s 0
f 9878/112/515 9880/114/515 9879/130/515
f 9835/132/8 9881/132/8 9836/134/8
f 9881/132/8 9882/134/8 9836/134/8
s 1
f 9837/136/1 9883/136/1 9838/138/525
f 9883/136/1 9884/138/525 9838/138/525
s 0
f 9839/140/8 9885/140/8 9840/138/8
f 9885/140/8 9886/138/8 9840/138/8
s 1
f 9841/136/1 9887/136/551 9842/134/525
f 9887/136/551 9888/134/525 9842/134/525
s 0
f 9843/138/7 9889/138/7 9844/140/7
f 9889/138/7 9890/140/7 9844/140/7
s 1
f 9845/134/527 9891/134/527 9837/136/1
f 9891/134/527 9883/136/1 9837/136/1
s 0
f 9846/134/7 9892/134/7 9847/132/7
f 9892/134/7 9893/132/7 9847/132/7
s 1
f 9848/138/542 9894/138/527 9841/136/1
f 9894/138/527 9887/136/551 9841/136/1
s 0
f 9895/111/510 9896/112/510 9897/113/510
s 1
f 9896/112/557 9898/114/557 9897/113/518
s 0
f 9899/115/1 9900/116/1 9901/117/1
f 9900/116/1 9902/118/1 9901/117/1
f 9903/119/520 9904/120/520 9905/113/520
f 9904/120/520 9906/121/520 9905/113/520
f 9907/122/514 9908/123/514 9909/124/514
f 9908/123/545 9910/121/545 9909/124/545
s 1
f 9911/122/141 9912/125/510 9913/124/511
f 9912/125/510 9914/114/511 9913/124/511
s 0
f 9915/126/1 9916/127/1 9917/128/1
f 9916/127/1 9918/129/1 9917/128/1
f 9919/119/521 9920/120/521 9921/113/521
s 1
f 9920/120/533 9922/121/602 9921/113/533
s 0
f 9923/122/535 9924/112/535 9925/130/535
s 1
f 9924/112/534 9926/114/534 9925/130/534
s 0
f 9323/132/8 9927/132/8 9324/134/8
f 9927/132/8 9928/134/8 9324/134/8
s 1
f 9325/136/1 9929/136/1 9326/138/525
f 9929/136/1 9930/138/525 9326/138/525
s 0
f 9327/140/8 9931/140/8 9328/138/8
f 9931/140/8 9932/138/8 9328/138/8
s 1
f 9933/135/555 9934/136/1 9935/134/525
f 9934/136/1 9936/134/526 9935/134/525
s 0
f 9331/138/7 9937/138/7 9332/140/7
f 9937/138/7 9938/140/7 9332/140/7
s 1
f 9333/134/542 9939/134/542 9325/136/1
f 9939/134/542 9929/136/1 9325/136/1
s 0
f 9334/134/7 9940/134/7 9335/132/7
f 9940/134/7 9941/132/7 9335/132/7
s 1
f 9942/138/527 9943/138/527 9933/135/555
f 9943/138/527 9934/136/1 9933/135/555
f 9944/111/529 9945/112/529 9946/113/529
s 0
f 9945/112/589 9947/114/589 9946/113/577
f 9948/115/1 9949/116/1 9950/117/1
f 9949/116/1 9951/118/1 9950/117/1
f 9952/119/520 9953/120/520 9954/113/520
f 9953/120/533 9955/121/513 9954/113/513
f 9956/122/545 9957/123/545 9958/124/545
f 9957/123/554 9959/121/554 9958/124/554
s 1
f 9960/122/140 9961/125/517 9962/124/577
f 9961/125/517 9963/114/577 9962/124/577
s 0
f 9964/126/1 9965/127/1 9966/128/1
f 9965/127/1 9967/129/1 9966/128/1
f 9968/119/521 9969/120/521 9970/113/521
f 9969/120/521 9971/121/521 9970/113/521
f 9972/122/534 9973/112/534 9974/130/534
f 9973/112/523 9975/114/523 9974/130/523
f 9927/132/8 9976/132/8 9928/134/8
f 9976/132/8 9977/134/8 9928/134/8
s 1
f 9929/136/1 9978/136/1 9930/138/525
f 9978/136/1 9979/138/525 9930/138/525
s 0
f 9931/140/8 9980/140/8 9932/138/8
f 9980/140/8 9981/138/8 9932/138/8
s 1
f 9934/136/1 9982/136/1 9936/134/526
f 9982/136/1 9983/134/525 9936/134/526
s 0
f 9937/138/7 9984/138/7 9938/140/7
f 9984/138/7 9985/140/7 9938/140/7
s 1
f 9939/134/542 9986/134/527 9929/136/1
f 9986/134/527 9978/136/1 9929/136/1
s 0
f 9940/134/7 9987/134/7 9941/132/7
f 9987/134/7 9988/132/7 9941/132/7
s 1
f 9943/138/527 9989/138/527 9934/136/1
f 9989/138/527 9982/136/1 9934/136/1
s 0
f 9990/111/96 9991/112/96 9992/113/96
s 1
f 9991/112/511 9993/114/511 9992/113/511
s 0
f 9994/115/1 9995/116/1 9996/117/1
f 9995/116/1 9997/118/1 9996/117/1
f 9998/119/595 9999/120/595 10000/113/595
f 9999/120/595 10001/121/595 10000/113/595
f 10002/122/522 10003/123/522 10004/124/522
s 1
f 10003/123/515 10005/121/515 10004/124/515
s 0
f 10006/122/96 10007/125/96 10008/124/96
s 1
f 10007/125/511 10009/114/511 10008/124/511
s 0
f 10010/126/1 10011/127/1 10012/128/1
f 10011/127/1 10013/129/1 10012/128/1
s 1
f 10014/119/547 10015/120/547 10016/113/547
s 0
f 10015/120/548 10017/121/548 10016/113/548
f 10018/122/522 10019/112/522 10020/130/522
f 10019/112/545 10021/114/545 10020/130/545
f 9976/132/8 10022/132/8 9977/134/8
f 10022/132/8 10023/134/8 9977/134/8
s 1
f 9978/136/1 10024/136/1 9979/138/525
f 10024/136/1 10025/138/525 9979/138/525
s 0
f 9980/140/8 10026/140/8 9981/138/8
f 10026/140/8 10027/138/8 9981/138/8
s 1
f 9982/136/1 10028/136/1 9983/134/525
f 10028/136/1 10029/134/525 9983/134/525
s 0
f 9984/138/7 10030/138/7 9985/140/7
f 10030/138/7 10031/140/7 9985/140/7
s 1
f 9986/134/527 10032/134/527 9978/136/1
f 10032/134/527 10024/136/1 9978/136/1
s 0
f 9987/134/7 10033/134/7 9988/132/7
f 10033/134/7 10034/132/7 9988/132/7
s 1
f 9989/138/527 10035/138/527 9982/136/1
f 10035/138/527 10028/136/1 9982/136/1
s 0
f 10036/111/518 10037/112/518 10038/113/518
s 1
f 10037/112/516 10039/114/516 10038/113/511
s 0
f 10040/115/1 10041/116/1 10042/117/1
f 10041/116/1 10043/118/1 10042/117/1
s 1
f 10044/119/533 10045/120/567 10046/113/533
s 0
f 10045/120/540 10047/121/540 10046/113/540
s 1
f 10048/122/515 10049/123/515 10050/124/515
s 0
f 10049/123/515 10051/121/515 10050/124/515
f 10052/122/603 10053/125/603 10054/124/603
s 1
f 10053/125/604 10055/114/604 10054/124/604
s 0
f 10056/126/1 10057/127/1 10058/128/1
f 10057/127/1 10059/129/1 10058/128/1
f 10060/119/540 10061/120/540 10062/113/540
f 10061/120/547 10063/121/547 10062/113/547
f 10064/122/538 10065/112/538 10066/130/538
s 1
f 10065/112/535 10067/114/535 10066/130/535
s 0
f 10022/132/8 10068/132/8 10023/134/8
f 10068/132/8 10069/134/8 10023/134/8
s 1
f 10024/136/1 10070/136/1 10025/138/525
f 10070/136/1 10071/138/525 10025/138/525
s 0
f 10026/140/8 10072/140/8 10027/138/8
f 10072/140/8 10073/138/8 10027/138/8
s 1
f 10028/136/1 10074/136/1 10029/134/525
f 10074/136/1 10075/134/525 10029/134/525
s 0
f 10030/138/7 10076/138/7 10031/140/7
f 10076/138/7 10077/140/7 10031/140/7
s 1
f 10032/134/527 10078/134/542 10024/136/1
f 10078/134/542 10070/136/1 10024/136/1
s 0
f 10033/134/7 10079/134/7 10034/132/7
f 10079/134/7 10080/132/7 10034/132/7
s 1
f 10035/138/527 10081/138/527 10028/136/1
f 10081/138/527 10074/136/1 10028/136/1
f 10082/111/517 10083/112/517 10084/113/517
s 0
f 10083/112/511 10085/114/511 10084/113/511
f 10086/115/1 10087/116/1 10088/117/1
f 10087/116/1 10089/118/1 10088/117/1
f 10090/119/512 10091/120/512 10092/113/512
f 10091/120/513 10093/121/513 10092/113/513
f 10094/122/554 10095/123/554 10096/124/554
f 10095/123/576 10097/121/576 10096/124/576
f 10098/122/536 10099/125/536 10100/124/536
s 1
f 10099/125/577 10101/114/597 10100/124/577
s 0
f 10102/126/1 10103/127/1 10104/128/1
f 10103/127/1 10105/129/1 10104/128/1
f 10106/119/512 10107/120/512 10108/113/512
f 10107/120/521 10109/121/521 10108/113/521
f 10110/122/558 10111/112/558 10112/130/558
f 10111/112/523 10113/114/523 10112/130/523
f 10068/132/8 10114/132/8 10069/134/8
f 10114/132/8 10115/134/8 10069/134/8
s 1
f 10070/136/1 10116/136/1 10071/138/525
f 10116/136/1 10117/138/525 10071/138/525
s 0
f 10072/140/8 10118/140/8 10073/138/8
f 10118/140/8 10119/138/8 10073/138/8
s 1
f 10074/136/1 10120/136/1 10075/134/525
f 10120/136/1 10121/134/525 10075/134/525
s 0
f 10076/138/7 10122/138/7 10077/140/7
f 10122/138/7 10123/140/7 10077/140/7
s 1
f 10078/134/542 10124/134/542 10070/136/1
f 10124/134/542 10116/136/1 10070/136/1
s 0
f 10079/134/7 10125/134/7 10080/132/7
f 10125/134/7 10126/132/7 10080/132/7
s 1
f 10081/138/527 10127/138/527 10074/136/1
f 10127/138/527 10120/136/1 10074/136/1
f 10128/111/585 10129/112/563 10130/113/510
f 10129/112/563 10131/114/10 10130/113/510
s 0
f 10132/115/1 10133/116/1 10134/117/1
f 10133/116/1 10135/118/1 10134/117/1
f 10136/119/548 10137/120/548 10138/113/548
f 10137/120/547 10139/121/547 10138/113/547
s 1
f 10140/122/562 10141/123/538 10142/124/582
f 10141/123/538 10143/121/534 10142/124/582
f 10144/122/10 10145/125/10 10146/124/10
s 0
f 10145/125/605 10147/114/605 10146/124/605
f 10148/126/1 10149/127/1 10150/128/1
f 10149/127/1 10151/129/1 10150/128/1
f 10152/119/566 10153/120/566 10154/113/566
f 10153/120/540 10155/121/540 10154/113/540
s 1
f 10156/122/606 10157/112/534 10158/130/534
s 0
f 10157/112/515 10159/114/515 10158/130/515
f 10114/132/8 10160/132/8 10115/134/8
f 10160/132/8 10161/134/8 10115/134/8
s 1
f 10116/136/1 10162/136/1 10117/138/525
f 10162/136/1 10163/138/525 10117/138/525
s 0
f 10118/140/8 10164/140/8 10119/138/8
f 10164/140/8 10165/138/8 10119/138/8
s 1
f 10120/136/1 10166/136/551 10121/134/525
f 10166/136/551 10167/134/569 10121/134/525
s 0
f 10122/138/7 10168/138/7 10123/140/7
f 10168/138/7 10169/140/7 10123/140/7
s 1
f 10124/134/542 10170/134/527 10116/136/1
f 10170/134/527 10162/136/1 10116/136/1
s 0
f 10125/134/7 10171/134/7 10126/132/7
f 10171/134/7 10172/132/7 10126/132/7
s 1
f 10127/138/527 10173/138/527 10120/136/1
f 10173/138/527 10166/136/551 10120/136/1
s 0
f 10174/111/528 10175/112/528 10176/113/528
f 10175/112/541 10177/114/541 10176/113/541
f 10178/115/1 10179/116/1 10180/117/1
f 10179/116/1 10181/118/1 10180/117/1
s 1
f 10182/119/513 10183/120/513 10184/113/521
f 10183/120/513 10185/121/521 10184/113/521
f 10186/122/523 10187/123/606 10188/124/606
s 0
f 10187/123/553 10189/121/553 10188/124/553
s 1
f 10190/122/607 10191/125/607 10192/124/577
s 0
f 10191/125/10 10193/114/10 10192/124/10
f 10194/126/1 10195/127/1 10196/128/1
f 10195/127/1 10197/129/1 10196/128/1
f 10198/119/512 10199/120/512 10200/113/512
f 10199/120/520 10201/121/520 10200/113/520
s 1
f 10202/122/545 10203/112/538 10204/130/538
s 0
f 10203/112/538 10205/114/538 10204/130/538
f 9602/132/8 10206/132/8 9603/134/8
f 10206/132/8 10207/134/8 9603/134/8
s 1
f 9604/136/1 10208/136/1 9605/138/525
f 10208/136/1 10209/138/525 9605/138/525
s 0
f 9606/140/8 10210/140/8 9607/138/8
f 10210/140/8 10211/138/8 9607/138/8
s 1
f 10212/135/555 10213/136/1 10214/134/525
f 10213/136/1 10215/134/525 10214/134/525
s 0
f 9610/138/7 10216/138/7 9611/140/7
f 10216/138/7 10217/140/7 9611/140/7
s 1
f 9612/134/527 10218/134/527 9604/136/1
f 10218/134/527 10208/136/1 9604/136/1
s 0
f 9613/134/7 10219/134/7 9614/132/7
f 10219/134/7 10220/132/7 9614/132/7
s 1
f 10221/138/542 10222/138/527 10212/135/555
f 10222/138/527 10213/136/1 10212/135/555
f 10223/111/511 10224/112/511 10225/113/517
s 0
f 10224/112/511 10226/114/511 10225/113/511
f 10227/115/1 10228/116/1 10229/117/1
f 10228/116/1 10230/118/1 10229/117/1
f 10231/119/548 10232/120/548 10233/113/548
f 10232/120/540 10234/121/540 10233/113/540
f 10235/122/553 10236/123/553 10237/124/553
f 10236/123/523 10238/121/523 10237/124/523
s 1
f 10239/122/531 10240/125/531 10241/124/518
f 10240/125/531 10242/114/557 10241/124/518
s 0
f 10243/126/1 10244/127/1 10245/128/1
f 10244/127/1 10246/129/1 10245/128/1
f 10247/119/540 10248/120/540 10249/113/540
s 1
f 10248/120/547 10250/121/547 10249/113/547
s 0
f 10251/122/538 10252/112/538 10253/130/538
f 10252/112/538 10254/114/538 10253/130/538
f 10206/132/8 10255/132/8 10207/134/8
f 10255/132/8 10256/134/8 10207/134/8
s 1
f 10208/136/1 10257/136/1 10209/138/525
f 10257/136/1 10258/138/525 10209/138/525
s 0
f 10210/140/8 10259/140/8 10211/138/8
f 10259/140/8 10260/138/8 10211/138/8
s 1
f 10213/136/1 10261/136/1 10215/134/525
f 10261/136/1 10262/134/526 10215/134/525
s 0
f 10216/138/7 10263/138/7 10217/140/7
f 10263/138/7 10264/140/7 10217/140/7
s 1
f 10218/134/527 10265/134/542 10208/136/1
f 10265/134/542 10257/136/1 10208/136/1
s 0
f 10219/134/7 10266/134/7 10220/132/7
f 10266/134/7 10267/132/7 10220/132/7
s 1
f 10222/138/527 10268/138/527 10213/136/1
f 10268/138/527 10261/136/1 10213/136/1
f 10269/111/563 10270/112/563 10271/113/517
f 10270/112/563 10272/114/516 10271/113/517
s 0
f 10273/115/1 10274/116/1 10275/117/1
f 10274/116/1 10276/118/1 10275/117/1
f 10277/119/512 10278/120/512 10279/113/512
f 10278/120/520 10280/121/520 10279/113/520
f 10281/122/535 10282/123/535 10283/124/535
f 10282/123/579 10284/121/579 10283/124/579
f 10285/122/518 10286/125/518 10287/124/518
s 1
f 10286/125/585 10288/114/560 10287/124/560
s 0
f 10289/126/1 10290/127/1 10291/128/1
f 10290/127/1 10292/129/1 10291/128/1
f 10293/119/513 10294/120/513 10295/113/513
s 1
f 10294/120/532 10296/121/532 10295/113/532
s 0
f 10297/122/523 10298/112/523 10299/130/523
f 10298/112/545 10300/114/545 10299/130/545
f 10255/132/8 10301/132/8 10256/134/8
f 10301/132/8 10302/134/8 10256/134/8
s 1
f 10257/136/1 10303/136/1 10258/138/525
f 10303/136/1 10304/138/525 10258/138/525
s 0
f 10259/140/8 10305/140/8 10260/138/8
f 10305/140/8 10306/138/8 10260/138/8
s 1
f 10261/136/1 10307/136/1 10262/134/526
f 10307/136/1 10308/134/525 10262/134/526
s 0
f 10263/138/7 10309/138/7 10264/140/7
f 10309/138/7 10310/140/7 10264/140/7
s 1
f 10265/134/542 10311/134/542 10257/136/1
f 10311/134/542 10303/136/1 10257/136/1
s 0
f 10266/134/7 10312/134/7 10267/132/7
f 10312/134/7 10313/132/7 10267/132/7
s 1
f 10268/138/527 10314/138/527 10261/136/1
f 10314/138/527 10307/136/1 10261/136/1
s 0
f 10315/111/510 10316/112/510 10317/113/510
f 10316/112/511 10318/114/511 10317/113/511
f 10319/115/1 10320/116/1 10321/117/1
f 10320/116/1 10322/118/1 10321/117/1
f 10323/119/544 10324/120/544 10325/113/544
f 10324/120/513 10326/121/513 10325/113/513
f 10327/122/515 10328/123/515 10329/124/515
f 10328/123/553 10330/121/553 10329/124/553
s 1
f 10331/122/510 10332/125/510 10333/124/510
s 0
f 10332/125/511 10334/114/511 10333/124/511
f 10335/126/1 10336/127/1 10337/128/1
f 10336/127/1 10338/129/1 10337/128/1
f 10339/119/520 10340/120/520 10341/113/520
s 1
f 10340/120/608 10342/121/608 10341/113/608
s 0
f 10343/122/515 10344/112/515 10345/130/515
f 10344/112/515 10346/114/515 10345/130/515
f 10301/132/8 10347/132/8 10302/134/8
f 10347/132/8 10348/134/8 10302/134/8
s 1
f 10303/136/1 10349/136/1 10304/138/525
f 10349/136/1 10350/138/526 10304/138/525
s 0
f 10305/140/8 10351/140/8 10306/138/8
f 10351/140/8 10352/138/8 10306/138/8
s 1
f 10307/136/1 10353/136/1 10308/134/525
f 10353/136/1 10354/134/525 10308/134/525
s 0
f 10309/138/7 10355/138/7 10310/140/7
f 10355/138/7 10356/140/7 10310/140/7
s 1
f 10311/134/542 10357/134/527 10303/136/1
f 10357/134/527 10349/136/1 10303/136/1
s 0
f 10312/134/7 10358/134/7 10313/132/7
f 10358/134/7 10359/132/7 10313/132/7
s 1
f 10314/138/527 10360/138/527 10307/136/1
f 10360/138/527 10353/136/1 10307/136/1
s 0
f 10361/111/510 10362/112/510 10363/113/510
s 1
f 10362/112/516 10364/114/516 10363/113/516
s 0
f 10365/115/1 10366/116/1 10367/117/1
f 10366/116/1 10368/118/1 10367/117/1
f 10369/119/564 10370/120/564 10371/113/564
f 10370/120/547 10372/121/547 10371/113/547
f 10373/122/545 10374/123/545 10375/124/545
f 10374/123/522 10376/121/522 10375/124/522
s 1
f 10377/122/528 10378/125/528 10379/124/559
f 10378/125/528 10380/114/559 10379/124/559
s 0
f 10381/126/1 10382/127/1 10383/128/1
f 10382/127/1 10384/129/1 10383/128/1
f 10385/119/543 10386/120/543 10387/113/543
f 10386/120/540 10388/121/540 10387/113/540
f 10389/122/545 10390/112/545 10391/130/545
f 10390/112/535 10392/114/535 10391/130/535
f 10347/132/8 10393/132/8 10348/134/8
f 10393/132/8 10394/134/8 10348/134/8
s 1
f 10349/136/1 10395/136/1 10350/138/526
f 10395/136/1 10396/138/525 10350/138/526
s 0
f 10351/140/8 10397/140/8 10352/138/8
f 10397/140/8 10398/138/8 10352/138/8
s 1
f 10353/136/1 10399/136/1 10354/134/525
f 10399/136/1 10400/134/525 10354/134/525
s 0
f 10355/138/7 10401/138/7 10356/140/7
f 10401/138/7 10402/140/7 10356/140/7
s 1
f 10357/134/527 10403/134/542 10349/136/1
f 10403/134/542 10395/136/1 10349/136/1
s 0
f 10358/134/7 10404/134/7 10359/132/7
f 10404/134/7 10405/132/7 10359/132/7
s 1
f 10360/138/527 10406/138/527 10353/136/1
f 10406/138/527 10399/136/1 10353/136/1
f 10407/111/529 10408/112/529 10409/113/529
s 0
f 10408/112/609 10410/114/609 10409/113/609
f 10411/115/1 10412/116/1 10413/117/1
f 10412/116/1 10414/118/1 10413/117/1
f 10415/119/520 10416/120/520 10417/113/520
f 10416/120/566 10418/121/566 10417/113/566
s 1
f 10419/122/588 10420/123/588 10421/124/588
s 0
f 10420/123/550 10422/121/550 10421/124/550
f 10423/122/510 10424/125/510 10425/124/510
f 10424/125/141 10426/114/141 10425/124/141
f 10427/126/1 10428/127/1 10429/128/1
f 10428/127/1 10430/129/1 10429/128/1
f 10431/119/520 10432/120/520 10433/113/520
f 10432/120/532 10434/121/532 10433/113/532
f 10435/122/522 10436/112/522 10437/130/522
f 10436/112/523 10438/114/523 10437/130/523
f 10393/132/8 10439/132/8 10394/134/8
f 10439/132/8 10440/134/8 10394/134/8
s 1
f 10395/136/1 10441/136/1 10396/138/525
f 10441/136/1 10442/138/525 10396/138/525
s 0
f 10397/140/8 10443/140/8 10398/138/8
f 10443/140/8 10444/138/8 10398/138/8
s 1
f 10399/136/1 10445/136/551 10400/134/525
f 10445/136/551 10446/134/525 10400/134/525
s 0
f 10401/138/7 10447/138/7 10402/140/7
f 10447/138/7 10448/140/7 10402/140/7
s 1
f 10403/134/542 10449/134/542 10395/136/1
f 10449/134/542 10441/136/1 10395/136/1
s 0
f 10404/134/7 10450/134/7 10405/132/7
f 10450/134/7 10451/132/7 10405/132/7
s 1
f 10406/138/527 10452/138/552 10399/136/1
f 10452/138/552 10445/136/551 10399/136/1
f 10453/111/604 10454/112/563 10455/113/511
f 10454/112/563 10456/114/517 10455/113/511
s 0
f 10457/115/1 10458/116/1 10459/117/1
f 10458/116/1 10460/118/1 10459/117/1
f 10461/119/547 10462/120/547 10463/113/547
f 10462/120/520 10464/121/520 10463/113/520
s 1
f 10465/122/582 10466/123/582 10467/124/582
s 0
f 10466/123/523 10468/121/523 10467/124/523
s 1
f 10469/122/529 10470/125/529 10471/124/529
s 0
f 10470/125/559 10472/114/559 10471/124/559
f 10473/126/1 10474/127/1 10475/128/1
f 10474/127/1 10476/129/1 10475/128/1
f 10477/119/540 10478/120/540 10479/113/540
f 10478/120/540 10480/121/540 10479/113/540
f 10481/122/565 10482/112/565 10483/130/565
f 10482/112/539 10484/114/539 10483/130/539
f 9881/132/8 10485/132/8 9882/134/8
f 10485/132/8 10486/134/8 9882/134/8
s 1
f 9883/136/1 10487/136/1 9884/138/525
f 10487/136/1 10488/138/525 9884/138/525
s 0
f 9885/140/8 10489/140/8 9886/138/8
f 10489/140/8 10490/138/8 9886/138/8
s 1
f 10491/135/555 10492/136/1 10493/134/526
f 10492/136/1 10494/134/526 10493/134/526
s 0
f 9889/138/7 10495/138/7 9890/140/7
f 10495/138/7 10496/140/7 9890/140/7
s 1
f 9891/134/527 10497/134/527 9883/136/1
f 10497/134/527 10487/136/1 9883/136/1
s 0
f 9892/134/7 10498/134/7 9893/132/7
f 10498/134/7 10499/132/7 9893/132/7
s 1
f 10500/138/542 10501/138/527 10491/135/555
f 10501/138/527 10492/136/1 10491/135/555
f 10502/111/528 10503/112/528 10504/113/557
f 10503/112/528 10505/114/557 10504/113/557
s 0
f 10506/115/1 10507/116/1 10508/117/1
f 10507/116/1 10509/118/1 10508/117/1
f 10510/119/521 10511/120/521 10512/113/521
f 10511/120/547 10513/121/547 10512/113/547
f 10514/122/554 10515/123/554 10516/124/554
f 10515/123/538 10517/121/538 10516/124/538
f 10518/122/536 10519/125/536 10520/124/536
s 1
f 10519/125/604 10521/114/604 10520/124/604
s 0
f 10522/126/1 10523/127/1 10524/128/1
f 10523/127/1 10525/129/1 10524/128/1
f 10526/119/512 10527/120/512 10528/113/512
f 10527/120/568 10529/121/568 10528/113/568
s 1
f 10530/122/523 10531/112/515 10532/130/534
f 10531/112/515 10533/114/534 10532/130/534
s 0
f 10485/132/8 10534/132/8 10486/134/8
f 10534/132/8 10535/134/8 10486/134/8
s 1
f 10487/136/1 10536/136/1 10488/138/525
f 10536/136/1 10537/138/525 10488/138/525
s 0
f 10489/140/8 10538/140/8 10490/138/8
f 10538/140/8 10539/138/8 10490/138/8
s 1
f 10492/136/1 10540/136/1 10494/134/526
f 10540/136/1 10541/134/525 10494/134/526
s 0
f 10495/138/7 10542/138/7 10496/140/7
f 10542/138/7 10543/140/7 10496/140/7
s 1
f 10497/134/527 10544/134/542 10487/136/1
f 10544/134/542 10536/136/1 10487/136/1
s 0
f 10498/134/7 10545/134/7 10499/132/7
f 10545/134/7 10546/132/7 10499/132/7
s 1
f 10501/138/527 10547/138/527 10492/136/1
f 10547/138/527 10540/136/1 10492/136/1
s 0
f 10548/111/510 10549/112/510 10550/113/510
s 1
f 10549/112/536 10551/114/610 10550/113/610
s 0
f 10552/115/1 10553/116/1 10554/117/1
f 10553/116/1 10555/118/1 10554/117/1
f 10556/119/520 10557/120/520 10558/113/520
f 10557/120/520 10559/121/520 10558/113/520
s 1
f 10560/122/515 10561/123/515 10562/124/515
s 0
f 10561/123/515 10563/121/515 10562/124/515
f 10564/122/510 10565/125/510 10566/124/510
s 1
f 10565/125/609 10567/114/609 10566/124/609
s 0
f 10568/126/1 10569/127/1 10570/128/1
f 10569/127/1 10571/129/1 10570/128/1
f 10572/119/540 10573/120/540 10574/113/540
f 10573/120/543 10575/121/543 10574/113/543
f 10576/122/538 10577/112/538 10578/130/538
f 10577/112/522 10579/114/522 10578/130/522
s 1
f 10534/132/8 10580/132/8 10535/134/8
f 10580/132/8 10581/134/8 10535/134/8
f 10536/136/1 10582/136/1 10537/138/525
f 10582/136/1 10583/138/525 10537/138/525
s 0
f 10538/140/8 10584/140/8 10539/138/8
f 10584/140/8 10585/138/8 10539/138/8
s 1
f 10540/136/1 10586/136/1 10541/134/525
f 10586/136/1 10587/134/525 10541/134/525
s 0
f 10542/138/7 10588/138/7 10543/140/7
f 10588/138/7 10589/140/7 10543/140/7
s 1
f 10544/134/542 10590/134/527 10536/136/1
f 10590/134/527 10582/136/1 10536/136/1
s 0
f 10545/134/7 10591/134/7 10546/132/7
f 10591/134/7 10592/132/7 10546/132/7
s 1
f 10547/138/527 10593/138/542 10540/136/1
f 10593/138/542 10586/136/1 10540/136/1
f 10594/111/510 10595/112/510 10596/113/516
f 10595/112/510 10597/114/140 10596/113/516
s 0
f 10598/115/1 10599/116/1 10600/117/1
f 10599/116/1 10601/118/1 10600/117/1
f 10602/119/513 10603/120/513 10604/113/513
f 10603/120/513 10605/121/513 10604/113/513
f 10606/122/522 10607/123/522 10608/124/522
s 1
f 10607/123/554 10609/121/554 10608/124/554
f 10610/122/560 10611/125/585 10612/124/577
f 10611/125/585 10613/114/597 10612/124/577
s 0
f 10614/126/1 10615/127/1 10616/128/1
f 10615/127/1 10617/129/1 10616/128/1
f 10618/119/543 10619/120/543 10620/113/543
f 10619/120/566 10621/121/566 10620/113/566
s 1
f 10622/122/558 10623/112/558 10624/130/558
s 0
f 10623/112/538 10625/114/538 10624/130/538
f 10580/132/8 10626/132/8 10581/134/8
f 10626/132/8 10627/134/8 10581/134/8
s 1
f 10582/136/1 10628/136/1 10583/138/525
f 10628/136/1 10629/138/525 10583/138/525
s 0
f 10584/140/8 10630/140/8 10585/138/8
f 10630/140/8 10631/138/8 10585/138/8
s 1
f 10586/136/1 10632/136/1 10587/134/525
f 10632/136/1 10633/134/525 10587/134/525
s 0
f 10588/138/7 10634/138/7 10589/140/7
f 10634/138/7 10635/140/7 10589/140/7
s 1
f 10590/134/527 10636/134/527 10582/136/1
f 10636/134/527 10628/136/1 10582/136/1
s 0
f 10591/134/7 10637/134/7 10592/132/7
f 10637/134/7 10638/132/7 10592/132/7
s 1
f 10593/138/542 10639/138/527 10586/136/1
f 10639/138/527 10632/136/1 10586/136/1
s 0
f 10640/111/536 10641/112/536 10642/113/536
s 1
f 10641/112/611 10643/114/611 10642/113/611
s 0
f 10644/115/1 10645/116/1 10646/117/1
f 10645/116/1 10647/118/1 10646/117/1
f 10648/119/533 10649/120/533 10650/113/533
f 10649/120/533 10651/121/533 10650/113/533
f 10652/122/522 10653/123/522 10654/124/522
f 10653/123/523 10655/121/523 10654/124/523
f 10656/122/536 10657/125/536 10658/124/536
s 1
f 10657/125/141 10659/114/141 10658/124/141
s 0
f 10660/126/1 10661/127/1 10662/128/1
f 10661/127/1 10663/129/1 10662/128/1
f 10664/119/520 10665/120/520 10666/113/520
f 10665/120/580 10667/121/580 10666/113/580
f 10668/122/554 10669/112/554 10670/130/554
s 1
f 10669/112/515 10671/114/515 10670/130/515
s 0
f 10626/132/8 10672/132/8 10627/134/8
f 10672/132/8 10673/134/8 10627/134/8
s 1
f 10628/136/1 10674/136/1 10629/138/525
f 10674/136/1 10675/138/525 10629/138/525
s 0
f 10630/140/8 10676/140/8 10631/138/8
f 10676/140/8 10677/138/8 10631/138/8
s 1
f 10632/136/1 10678/136/1 10633/134/525
f 10678/136/1 10679/134/526 10633/134/525
s 0
f 10634/138/7 10680/138/7 10635/140/7
f 10680/138/7 10681/140/7 10635/140/7
s 1
f 10636/134/527 10682/134/527 10628/136/1
f 10682/134/527 10674/136/1 10628/136/1
s 0
f 10637/134/7 10683/134/7 10638/132/7
s 1
f 10683/134/7 10684/132/7 10638/132/7
f 10639/138/527 10685/138/527 10632/136/1
f 10685/138/527 10678/136/1 10632/136/1
s 0
f 10686/111/603 10687/112/603 10688/113/603
s 1
f 10687/112/530 10689/114/530 10688/113/530
s 0
f 10690/115/1 10691/116/1 10692/117/1
f 10691/116/1 10693/118/1 10692/117/1
f 10694/119/547 10695/120/547 10696/113/547
f 10695/120/513 10697/121/513 10696/113/513
f 10698/122/574 10699/123/574 10700/124/550
f 10699/123/561 10701/121/561 10700/124/561
s 1
f 10702/122/519 10703/125/519 10704/124/531
f 10703/125/519 10705/114/559 10704/124/531
s 0
f 10706/126/1 10707/127/1 10708/128/1
f 10707/127/1 10709/129/1 10708/128/1
s 1
f 10710/119/520 10711/120/520 10712/113/520
s 0
f 10711/120/571 10713/121/571 10712/113/571
s 1
f 10714/122/582 10715/112/582 10716/130/539
s 0
f 10715/112/515 10717/114/515 10716/130/515
f 10672/132/8 10718/132/8 10673/134/8
f 10718/132/8 10719/134/8 10673/134/8
s 1
f 10674/136/1 10720/136/551 10675/138/525
f 10720/136/551 10721/138/525 10675/138/525
s 0
f 10676/140/8 10722/140/8 10677/138/8
f 10722/140/8 10723/138/8 10677/138/8
s 1
f 10678/136/1 10724/136/581 10679/134/526
f 10724/136/581 10725/134/569 10679/134/526
s 0
f 10680/138/7 10726/138/7 10681/140/7
f 10726/138/7 10727/140/7 10681/140/7
s 1
f 10682/134/527 10728/134/527 10674/136/1
f 10728/134/527 10720/136/551 10674/136/1
s 0
f 10683/134/7 10729/134/7 10684/132/7
f 10729/134/7 10730/132/7 10684/132/7
s 1
f 10685/138/527 10731/138/527 10678/136/1
f 10731/138/527 10724/136/581 10678/136/1
f 10732/111/140 10733/112/140 10734/113/140
s 0
f 10733/112/511 10735/114/511 10734/113/511
f 10736/115/1 10737/116/1 10738/117/1
f 10737/116/1 10739/118/1 10738/117/1
f 10740/119/512 10741/120/512 10742/113/512
f 10741/120/513 10743/121/513 10742/113/513
f 10744/122/553 10745/123/582 10746/124/582
f 10745/123/523 10747/121/523 10746/124/523
s 1
f 10748/122/585 10749/125/585 10750/124/585
s 0
f 10749/125/549 10751/114/549 10750/124/549
f 10752/126/1 10753/127/1 10754/128/1
f 10753/127/1 10755/129/1 10754/128/1
f 10756/119/540 10757/120/540 10758/113/540
f 10757/120/547 10759/121/547 10758/113/547
f 10760/122/515 10761/112/515 10762/130/515
f 10761/112/522 10763/114/522 10762/130/522
f 10160/132/8 10764/132/8 10161/134/8
f 10764/132/8 10765/134/8 10161/134/8
s 1
f 10162/136/1 10766/136/1 10163/138/525
f 10766/136/1 10767/138/525 10163/138/525
s 0
f 10164/140/8 10768/140/8 10165/138/8
f 10768/140/8 10769/138/8 10165/138/612
s 1
f 10770/135/555 10771/136/1 10772/134/525
f 10771/136/1 10773/134/526 10772/134/525
s 0
f 10168/138/7 10774/138/7 10169/140/7
f 10774/138/7 10775/140/7 10169/140/7
s 1
f 10170/134/527 10776/134/527 10162/136/1
f 10776/134/527 10766/136/1 10162/136/1
f 10171/134/7 10777/134/7 10172/132/7
s 0
f 10777/134/7 10778/132/7 10172/132/613
s 1
f 10779/138/542 10780/138/527 10770/135/555
f 10780/138/527 10771/136/1 10770/135/555
s 0
f 10781/111/510 10782/112/510 10783/113/510
f 10782/112/511 10784/114/511 10783/113/511
f 10785/115/1 10786/116/1 10787/117/1
f 10786/116/1 10788/118/1 10787/117/1
f 10789/119/566 10790/120/566 10791/113/566
f 10790/120/540 10792/121/540 10791/113/540
f 10793/122/522 10794/123/522 10795/124/522
s 1
f 10794/123/572 10796/121/572 10795/124/572
f 10797/122/609 10798/125/609 10799/124/609
s 0
f 10798/125/541 10800/114/541 10799/124/541
f 10801/126/1 10802/127/1 10803/128/1
f 10802/127/1 10804/129/1 10803/128/1
f 10805/119/547 10806/120/547 10807/113/547
f 10806/120/521 10808/121/521 10807/113/521
f 10809/122/554 10810/112/554 10811/130/554
f 10810/112/550 10812/114/550 10811/130/550
f 10764/132/8 10813/132/8 10765/134/8
f 10813/132/8 10814/134/8 10765/134/8
s 1
f 10766/136/1 10815/136/1 10767/138/525
f 10815/136/1 10816/138/525 10767/138/525
f 10768/140/8 10817/140/8 10769/138/8
s 0
f 10817/140/8 10818/138/8 10769/138/8
s 1
f 10771/136/1 10819/136/1 10773/134/526
f 10819/136/1 10820/134/525 10773/134/526
s 0
f 10774/138/7 10821/138/7 10775/140/7
f 10821/138/7 10822/140/7 10775/140/7
s 1
f 10776/134/527 10823/134/542 10766/136/1
f 10823/134/542 10815/136/1 10766/136/1
s 0
f 10777/134/613 10824/134/613 10778/132/613
f 10824/134/7 10825/132/7 10778/132/7
s 1
f 10780/138/527 10826/138/527 10771/136/1
f 10826/138/527 10819/136/1 10771/136/1
f 10827/111/510 10828/112/531 10829/113/530
f 10828/112/531 10830/114/531 10829/113/530
s 0
f 10831/115/1 10832/116/1 10833/117/1
f 10832/116/1 10834/118/1 10833/117/1
f 10835/119/521 10836/120/521 10837/113/521
f 10836/120/512 10838/121/512 10837/113/512
s 1
f 10839/122/545 10840/123/545 10841/124/545
s 0
f 10840/123/545 10842/121/545 10841/124/545
s 1
f 10843/122/541 10844/125/529 10845/124/577
f 10844/125/529 10846/114/577 10845/124/577
s 0
f 10847/126/1 10848/127/1 10849/128/1
f 10848/127/1 10850/129/1 10849/128/1
f 10851/119/571 10852/120/571 10853/113/571
f 10852/120/512 10854/121/512 10853/113/512
f 10855/122/534 10856/112/534 10857/130/534
f 10856/112/522 10858/114/522 10857/130/522
f 10813/132/8 10859/132/8 10814/134/8
f 10859/132/8 10860/134/8 10814/134/8
s 1
f 10815/136/1 10861/136/1 10816/138/525
f 10861/136/1 10862/138/525 10816/138/525
s 0
f 10817/140/8 10863/140/8 10818/138/8
f 10863/140/8 10864/138/8 10818/138/8
s 1
f 10819/136/1 10865/136/1 10820/134/525
f 10865/136/1 10866/134/525 10820/134/525
s 0
f 10821/138/7 10867/138/7 10822/140/7
f 10867/138/7 10868/140/7 10822/140/7
s 1
f 10823/134/542 10869/134/542 10815/136/1
f 10869/134/542 10861/136/1 10815/136/1
s 0
f 10824/134/7 10870/134/7 10825/132/7
f 10870/134/7 10871/132/7 10825/132/7
s 1
f 10826/138/527 10872/138/527 10819/136/1
f 10872/138/527 10865/136/1 10819/136/1
s 0
f 10873/111/96 10874/112/96 10875/113/96
f 10874/112/589 10876/114/589 10875/113/589
f 10877/115/1 10878/116/1 10879/117/1
f 10878/116/1 10880/118/1 10879/117/1
f 10881/119/513 10882/120/513 10883/113/513
f 10882/120/533 10884/121/533 10883/113/533
f 10885/122/545 10886/123/545 10887/124/545
f 10886/123/523 10888/121/523 10887/124/523
s 1
f 10889/122/518 10890/125/518 10891/124/531
f 10890/125/518 10892/114/530 10891/124/531
s 0
f 10893/126/1 10894/127/1 10895/128/1
f 10894/127/1 10896/129/1 10895/128/1
f 10897/119/543 10898/120/543 10899/113/543
f 10898/120/566 10900/121/566 10899/113/566
s 1
f 10901/122/522 10902/112/522 10903/130/522
s 0
f 10902/112/515 10904/114/515 10903/130/515
f 10859/132/8 10905/132/8 10860/134/8
f 10905/132/8 10906/134/8 10860/134/8
s 1
f 10861/136/1 10907/136/1 10862/138/525
f 10907/136/1 10908/138/525 10862/138/525
s 0
f 10863/140/8 10909/140/8 10864/138/8
f 10909/140/8 10910/138/8 10864/138/8
s 1
f 10865/136/1 10911/136/1 10866/134/525
f 10911/136/1 10912/134/525 10866/134/525
s 0
f 10867/138/7 10913/138/7 10868/140/7
f 10913/138/7 10914/140/7 10868/140/7
s 1
f 10869/134/542 10915/134/527 10861/136/1
f 10915/134/527 10907/136/1 10861/136/1
s 0
f 10870/134/7 10916/134/7 10871/132/7
f 10916/134/7 10917/132/7 10871/132/7
s 1
f 10872/138/527 10918/138/542 10865/136/1
f 10918/138/542 10911/136/1 10865/136/1
s 0
f 10919/111/140 10920/112/140 10921/113/140
s 1
f 10920/112/531 10922/114/531 10921/113/531
s 0
f 10923/115/1 10924/116/1 10925/117/1
f 10924/116/1 10926/118/1 10925/117/1
f 10927/119/513 10928/120/513 10929/113/513
f 10928/120/520 10930/121/520 10929/113/520
f 10931/122/523 10932/123/523 10933/124/523
f 10932/123/534 10934/121/534 10933/124/534
s 1
f 10935/122/510 10936/125/531 10937/124/519
f 10936/125/531 10938/114/557 10937/124/519
s 0
f 10939/126/1 10940/127/1 10941/128/1
f 10940/127/1 10942/129/1 10941/128/1
f 10943/119/566 10944/120/566 10945/113/566
f 10944/120/540 10946/121/540 10945/113/540
f 10947/122/535 10948/112/535 10949/130/535
f 10948/112/554 10950/114/554 10949/130/554
f 10905/132/8 10951/132/8 10906/134/8
f 10951/132/8 10952/134/8 10906/134/8
s 1
f 10907/136/1 10953/136/1 10908/138/525
f 10953/136/1 10954/138/525 10908/138/525
s 0
f 10909/140/8 10955/140/8 10910/138/8
f 10955/140/8 10956/138/8 10910/138/8
s 1
f 10911/136/1 10957/136/1 10912/134/525
f 10957/136/1 10958/134/525 10912/134/525
s 0
f 10913/138/7 10959/138/7 10914/140/7
f 10959/138/7 10960/140/7 10914/140/7
s 1
f 10915/134/527 10961/134/527 10907/136/1
f 10961/134/527 10953/136/1 10907/136/1
s 0
f 10916/134/7 10962/134/7 10917/132/7
f 10962/134/7 10963/132/7 10917/132/7
s 1
f 10918/138/542 10964/138/527 10911/136/1
f 10964/138/527 10957/136/1 10911/136/1
s 0
f 10965/111/518 10966/112/518 10967/113/518
s 1
f 10966/112/557 10968/114/557 10967/113/557
s 0
f 10969/115/1 10970/116/1 10971/117/1
f 10970/116/1 10972/118/1 10971/117/1
f 10973/119/547 10974/120/547 10975/113/547
s 1
f 10974/120/547 10976/121/614 10975/113/614
f 10977/122/582 10978/123/582 10979/124/582
s 0
f 10978/123/523 10980/121/523 10979/124/523
f 10981/122/510 10982/125/510 10983/124/510
s 1
f 10982/125/537 10984/114/577 10983/124/537
s 0
f 10985/126/1 10986/127/1 10987/128/1
f 10986/127/1 10988/129/1 10987/128/1
f 10989/119/512 10990/120/512 10991/113/512
f 10990/120/580 10992/121/580 10991/113/580
s 1
f 10993/122/554 10994/112/534 10995/130/515
f 10994/112/534 10996/114/523 10995/130/515
s 0
f 10951/132/8 10997/132/8 10952/134/8
f 10997/132/8 10998/134/8 10952/134/8
s 1
f 10953/136/1 10999/136/581 10954/138/525
f 10999/136/581 11000/138/525 10954/138/525
s 0
f 10955/140/8 11001/140/8 10956/138/8
f 11001/140/8 11002/138/8 10956/138/8
s 1
f 10957/136/1 11003/136/581 10958/134/525
f 11003/136/581 11004/134/525 10958/134/525
s 0
f 10959/138/7 11005/138/7 10960/140/7
f 11005/138/7 11006/140/7 10960/140/7
s 1
f 10961/134/527 11007/134/527 10953/136/1
f 11007/134/527 10999/136/581 10953/136/1
s 0
f 10962/134/7 11008/134/7 10963/132/7
f 11008/134/7 11009/132/7 10963/132/7
s 1
f 10964/138/527 11010/138/552 10957/136/1
f 11010/138/552 11003/136/581 10957/136/1
s 0
f 11011/111/510 11012/112/510 11013/113/510
s 1
f 11012/112/517 11014/114/517 11013/113/517
s 0
f 11015/115/1 11016/116/1 11017/117/1
f 11016/116/1 11018/118/1 11017/117/1
f 11019/119/548 11020/120/548 11021/113/548
f 11020/120/543 11022/121/543 11021/113/543
s 1
f 11023/122/588 11024/123/545 11025/124/561
f 11024/123/545 11026/121/538 11025/124/561
s 0
f 11027/122/518 11028/125/518 11029/124/518
s 1
f 11028/125/531 11030/114/531 11029/124/531
s 0
f 11031/126/1 11032/127/1 11033/128/1
f 11032/127/1 11034/129/1 11033/128/1
f 11035/119/533 11036/120/533 11037/113/533
f 11036/120/547 11038/121/547 11037/113/547
f 11039/122/515 11040/112/515 11041/130/515
f 11040/112/523 11042/114/523 11041/130/523
f 10439/132/8 11043/132/8 10440/134/8
f 11043/132/8 11044/134/8 10440/134/8
s 1
f 10441/136/1 11045/136/1 10442/138/525
f 11045/136/1 11046/138/525 10442/138/525
s 0
f 10443/140/8 11047/140/8 10444/138/8
f 11047/140/8 11048/138/8 10444/138/8
s 1
f 11049/135/555 11050/136/1 11051/134/525
f 11050/136/1 11052/134/525 11051/134/525
f 10447/138/7 11053/138/7 10448/140/7
s 0
f 11053/138/7 11054/140/7 10448/140/7
s 1
f 10449/134/542 11055/134/527 10441/136/1
f 11055/134/527 11045/136/1 10441/136/1
s 0
f 10450/134/7 11056/134/7 10451/132/7
f 11056/134/7 11057/132/7 10451/132/7
s 1
f 11058/138/527 11059/138/527 11049/135/555
f 11059/138/527 11050/136/1 11049/135/555
f 11060/111/529 11061/112/528 11062/113/518
f 11061/112/528 11063/114/518 11062/113/518
s 0
f 11064/115/1 11065/116/1 11066/117/1
f 11065/116/1 11067/118/1 11066/117/1
s 1
f 11068/119/512 11069/120/512 11070/113/512
s 0
f 11069/120/571 11071/121/571 11070/113/571
f 11072/122/515 11073/123/515 11074/124/515
f 11073/123/558 11075/121/558 11074/124/558
s 1
f 11076/122/585 11077/125/560 11078/124/528
f 11077/125/560 11079/114/516 11078/124/528
s 0
f 11080/126/1 11081/127/1 11082/128/1
f 11081/127/1 11083/129/1 11082/128/1
f 11084/119/543 11085/120/543 11086/113/543
f 11085/120/520 11087/121/520 11086/113/520
f 11088/122/535 11089/112/535 11090/130/535
f 11089/112/554 11091/114/554 11090/130/554
f 11043/132/8 11092/132/8 11044/134/8
f 11092/132/8 11093/134/8 11044/134/8
s 1
f 11045/136/1 11094/136/1 11046/138/525
f 11094/136/1 11095/138/525 11046/138/525
f 11047/140/8 11096/140/8 11048/138/8
s 0
f 11096/140/8 11097/138/8 11048/138/8
s 1
f 11050/136/1 11098/136/1 11052/134/525
f 11098/136/1 11099/134/525 11052/134/525
s 0
f 11053/138/7 11100/138/7 11054/140/7
f 11100/138/7 11101/140/7 11054/140/7
s 1
f 11055/134/527 11102/134/527 11045/136/1
f 11102/134/527 11094/136/1 11045/136/1
s 0
f 11056/134/7 11103/134/7 11057/132/7
f 11103/134/7 11104/132/7 11057/132/7
s 1
f 11059/138/527 11105/138/527 11050/136/1
f 11105/138/527 11098/136/1 11050/136/1
f 11106/111/510 11107/112/510 11108/113/510
f 11107/112/510 11109/114/530 11108/113/510
s 0
f 11110/115/1 11111/116/1 11112/117/1
f 11111/116/1 11113/118/1 11112/117/1
f 11114/119/520 11115/120/520 11116/113/520
f 11115/120/512 11117/121/512 11116/113/512
f 11118/122/522 11119/123/522 11120/124/522
f 11119/123/515 11121/121/515 11120/124/515
f 11122/122/536 11123/125/536 11124/124/536
s 1
f 11123/125/531 11125/114/531 11124/124/531
s 0
f 11126/126/1 11127/127/1 11128/128/1
f 11127/127/1 11129/129/1 11128/128/1
f 11130/119/548 11131/120/548 11132/113/548
f 11131/120/566 11133/121/566 11132/113/566
f 11134/122/534 11135/112/554 11136/130/554
f 11135/112/554 11137/114/554 11136/130/554
f 11092/132/8 11138/132/8 11093/134/8
f 11138/132/8 11139/134/8 11093/134/8
s 1
f 11094/136/1 11140/136/1 11095/138/525
f 11140/136/1 11141/138/525 11095/138/525
s 0
f 11096/140/8 11142/140/8 11097/138/8
f 11142/140/8 11143/138/8 11097/138/8
s 1
f 11098/136/1 11144/136/1 11099/134/525
f 11144/136/1 11145/134/525 11099/134/525
s 0
f 11100/138/7 11146/138/7 11101/140/7
f 11146/138/7 11147/140/7 11101/140/7
s 1
f 11102/134/527 11148/134/527 11094/136/1
f 11148/134/527 11140/136/1 11094/136/1
s 0
f 11103/134/7 11149/134/7 11104/132/7
f 11149/134/7 11150/132/7 11104/132/7
s 1
f 11105/138/527 11151/138/527 11098/136/1
f 11151/138/527 11144/136/1 11098/136/1
f 11152/111/529 11153/112/528 11154/113/537
f 11153/112/528 11155/114/589 11154/113/537
s 0
f 11156/115/1 11157/116/1 11158/117/1
f 11157/116/1 11159/118/1 11158/117/1
f 11160/119/543 11161/120/543 11162/113/543
f 11161/120/520 11163/121/520 11162/113/520
f 11164/122/565 11165/123/565 11166/124/565
f 11165/123/554 11167/121/554 11166/124/554
s 1
f 11168/122/528 11169/125/528 11170/124/528
s 0
f 11169/125/541 11171/114/541 11170/124/541
f 11172/126/1 11173/127/1 11174/128/1
f 11173/127/1 11175/129/1 11174/128/1
f 11176/119/512 11177/120/512 11178/113/512
f 11177/120/512 11179/121/512 11178/113/512
s 1
f 11180/122/582 11181/112/582 11182/130/554
s 0
f 11181/112/523 11183/114/523 11182/130/523
f 11138/132/8 11184/132/8 11139/134/8
f 11184/132/8 11185/134/8 11139/134/8
s 1
f 11140/136/1 11186/136/1 11141/138/525
f 11186/136/1 11187/138/525 11141/138/525
s 0
f 11142/140/8 11188/140/8 11143/138/8
f 11188/140/8 11189/138/8 11143/138/8
s 1
f 11144/136/1 11190/136/1 11145/134/525
f 11190/136/1 11191/134/525 11145/134/525
s 0
f 11146/138/7 11192/138/7 11147/140/7
f 11192/138/7 11193/140/7 11147/140/7
s 1
f 11148/134/527 11194/134/527 11140/136/1
f 11194/134/527 11186/136/1 11140/136/1
s 0
f 11149/134/7 11195/134/7 11150/132/7
f 11195/134/7 11196/132/7 11150/132/7
s 1
f 11151/138/527 11197/138/527 11144/136/1
f 11197/138/527 11190/136/1 11144/136/1
s 0
f 11198/111/96 11199/112/96 11200/113/96
s 1
f 11199/112/585 11201/114/585 11200/113/585
s 0
f 11202/115/1 11203/116/1 11204/117/1
f 11203/116/1 11205/118/1 11204/117/1
f 11206/119/512 11207/120/512 11208/113/512
s 1
f 11207/120/520 11209/121/520 11208/113/533
s 0
f 11210/122/523 11211/123/523 11212/124/523
f 11211/123/558 11213/121/558 11212/124/558
s 1
f 11214/122/585 11215/125/585 11216/124/597
f 11215/125/585 11217/114/609 11216/124/597
s 0
f 11218/126/1 11219/127/1 11220/128/1
f 11219/127/1 11221/129/1 11220/128/1
f 11222/119/548 11223/120/548 11224/113/548
f 11223/120/540 11225/121/540 11224/113/540
f 11226/122/523 11227/112/523 11228/130/523
f 11227/112/558 11229/114/558 11228/130/558
f 11184/132/8 11230/132/8 11185/134/8
f 11230/132/8 11231/134/8 11185/134/8
s 1
f 11186/136/1 11232/136/1 11187/138/525
f 11232/136/1 11233/138/525 11187/138/525
s 0
f 11188/140/8 11234/140/8 11189/138/8
f 11234/140/8 11235/138/8 11189/138/8
s 1
f 11190/136/1 11236/136/1 11191/134/525
f 11236/136/1 11237/134/525 11191/134/525
s 0
f 11192/138/7 11238/138/7 11193/140/7
f 11238/138/7 11239/140/7 11193/140/7
s 1
f 11194/134/527 11240/134/527 11186/136/1
f 11240/134/527 11232/136/1 11186/136/1
s 0
f 11195/134/7 11241/134/7 11196/132/7
f 11241/134/7 11242/132/7 11196/132/7
s 1
f 11197/138/527 11243/138/527 11190/136/1
f 11243/138/527 11236/136/1 11190/136/1
s 0
f 11244/111/510 11245/112/510 11246/113/510
f 11245/112/511 11247/114/511 11246/113/511
f 11248/115/1 11249/116/1 11250/117/1
f 11249/116/1 11251/118/1 11250/117/1
f 11252/119/543 11253/120/543 11254/113/543
f 11253/120/547 11255/121/547 11254/113/547
s 1
f 11256/122/534 11257/123/534 11258/124/534
s 0
f 11257/123/523 11259/121/523 11258/124/523
s 1
f 11260/122/528 11261/125/529 11262/124/141
f 11261/125/529 11263/114/141 11262/124/141
s 0
f 11264/126/1 11265/127/1 11266/128/1
f 11265/127/1 11267/129/1 11266/128/1
f 11268/119/533 11269/120/533 11270/113/533
f 11269/120/540 11271/121/540 11270/113/540
s 1
f 11272/122/538 11273/112/539 11274/130/538
s 0
f 11273/112/575 11275/114/575 11274/130/575
f 11230/132/8 11276/132/8 11231/134/8
f 11276/132/8 11277/134/8 11231/134/8
s 1
f 11232/136/1 11278/136/551 11233/138/525
f 11278/136/551 11279/138/525 11233/138/525
s 0
f 11234/140/8 11280/140/8 11235/138/8
f 11280/140/8 11281/138/8 11235/138/8
s 1
f 11236/136/1 11282/136/581 11237/134/525
f 11282/136/581 11283/134/525 11237/134/525
s 0
f 11238/138/7 11284/138/7 11239/140/7
f 11284/138/7 11285/140/7 11239/140/7
s 1
f 11240/134/527 11286/134/527 11232/136/1
f 11286/134/527 11278/136/551 11232/136/1
s 0
f 11241/134/7 11287/134/7 11242/132/7
f 11287/134/7 11288/132/7 11242/132/7
s 1
f 11243/138/527 11289/138/552 11236/136/1
f 11289/138/552 11282/136/581 11236/136/1
s 0
usemtl Material.009
f 11290/141/615 11291/142/615 11292/143/615
s 1
f 11293/144/616 11294/145/616 11295/146/617
f 11296/147/618 11297/148/618 11298/149/618
s 0
f 11299/150/619 11300/151/619 11301/152/619
f 11302/153/620 11303/154/620 11304/155/620
f 11305/156/621 11306/157/621 11307/158/621
f 11308/159/622 11309/160/622 11310/161/622
s 1
f 11311/162/623 11312/163/623 11313/164/624
s 0
f 11314/165/625 11315/166/625 11316/167/625
f 11317/168/626 11318/169/626 11319/170/626
f 11320/171/627 11321/172/627 11322/173/627
f 11323/173/627 11321/172/627 11320/171/627
f 11324/174/628 11323/173/628 11320/171/628
f 11325/171/629 11326/172/629 11327/173/629
f 11328/173/629 11326/172/629 11325/171/629
f 11329/174/630 11328/173/630 11325/171/630
f 11330/175/1 11331/176/1 11332/177/1
f 11333/178/1 11331/176/1 11330/175/1
s 1
f 11334/175/631 11335/179/632 11336/177/633
f 11337/180/632 11335/179/632 11334/175/631
f 11338/175/634 11339/179/635 11340/177/1
f 11341/180/631 11339/179/635 11338/175/634
f 11342/181/636 11343/171/637 11344/182/638
f 11345/174/639 11343/171/637 11342/181/636
f 11346/183/640 11345/174/639 11342/181/636
s 0
f 11347/184/641 11348/185/641 11349/186/641
f 11350/187/642 11348/185/642 11347/184/642
f 11351/186/643 11352/187/643 11353/184/643
s 1
f 11354/185/644 11355/187/644 11351/186/645
f 11356/181/646 11357/171/647 11358/174/648
f 11359/182/649 11357/171/647 11356/181/646
f 11360/188/650 11359/182/649 11356/181/646
s 0
f 11361/189/651 11362/190/651 11363/191/651
f 11364/192/652 11361/189/652 11363/191/652
f 11365/190/653 11361/189/653 11364/192/653
f 11366/191/651 11365/190/651 11364/192/651
f 11367/193/654 11368/194/654 11369/195/654
f 11370/195/655 11368/194/655 11367/193/655
f 11371/196/656 11370/195/656 11367/193/656
s 1
f 11372/197/657 11373/198/657 11374/199/658
s 0
f 11375/200/659 11373/198/659 11372/197/659
s 1
f 11376/198/660 11377/197/660 11378/199/661
s 0
f 11379/200/662 11377/197/663 11376/198/663
f 11380/201/664 11381/202/664 11382/203/664
f 11383/203/664 11381/202/664 11380/201/664
f 11384/204/665 11383/203/665 11380/201/665
f 11385/205/666 11386/206/666 11387/207/666
f 11388/208/667 11385/205/667 11387/207/667
f 11389/209/667 11385/205/667 11388/208/667
f 11390/210/667 11389/209/667 11388/208/667
s 1
f 11391/211/668 11392/212/669 11393/213/670
f 11394/214/671 11392/212/669 11391/211/668
s 0
f 11395/215/672 11396/211/672 11397/216/672
s 1
f 11398/217/673 11399/211/674 11400/215/673
f 11401/218/675 11402/219/676 11403/220/677
f 11404/221/678 11402/219/676 11401/218/675
f 11405/222/679 11406/223/680 11407/224/681
f 11408/225/682 11406/223/680 11405/222/679
f 11409/226/683 11410/227/683 11411/228/684
f 11412/229/685 11410/227/683 11409/226/683
s 0
f 11413/230/686 11414/231/686 11415/232/686
f 11416/233/687 11417/231/687 11418/230/687
s 1
f 11419/234/688 11420/235/688 11421/236/689
f 11422/237/690 11420/235/688 11419/234/688
f 11423/238/691 11424/239/692 11425/240/693
f 11426/241/694 11424/239/692 11423/238/691
s 0
f 11427/166/695 11428/167/695 11429/165/695
s 1
f 11430/242/696 11431/167/696 11432/166/697
s 0
f 11433/243/698 11434/244/698 11435/245/698
f 11436/246/699 11437/244/699 11438/243/699
s 1
f 11439/247/700 11440/248/701 11441/249/702
f 11442/250/703 11440/248/701 11439/247/700
f 11443/243/704 11444/244/704 11445/245/704
s 0
f 11446/246/705 11447/244/705 11448/243/705
s 1
f 11449/247/706 11450/248/706 11451/249/707
f 11452/250/708 11450/248/706 11449/247/706
s 0
f 11453/174/709 11320/171/709 11322/173/709
f 11454/174/710 11325/171/710 11327/173/710
s 1
f 11455/177/711 11456/180/1 11457/179/1
f 11458/175/712 11459/180/712 11455/177/711
f 11460/251/1 11461/180/634 11462/179/1
s 0
f 11463/178/1 11464/180/1 11460/251/1
s 1
f 11465/188/713 11342/181/636 11344/182/638
f 11466/183/714 11356/181/646 11358/174/648
s 0
f 11467/252/1 11468/253/1 11469/254/1
f 11470/255/1 11467/252/1 11469/254/1
f 11471/254/1 11467/252/1 11470/255/1
f 11472/253/1 11471/254/1 11470/255/1
f 11473/201/715 11474/203/715 11475/204/715
f 11476/202/715 11474/203/715 11473/201/715
f 11477/203/715 11476/202/715 11473/201/715
s 1
f 11478/196/654 11367/193/654 11369/195/654
s 0
f 11479/253/1 11470/255/1 11469/254/1
s 1
f 11480/175/632 11481/179/711 11482/177/632
f 11483/180/632 11481/179/711 11480/175/632
s 0
f 11484/256/716 11485/257/716 11486/258/716
f 11487/259/717 11485/257/717 11484/256/717
f 11488/260/717 11487/259/717 11484/256/717
s 1
f 11489/261/718 11490/262/718 11491/263/719
f 11492/264/720 11490/262/718 11489/261/718
s 0
f 11488/260/716 11484/256/716 11493/265/716
f 11494/266/721 11495/267/721 11496/268/721
f 11497/269/722 11495/267/722 11494/266/722
f 11498/269/723 11499/268/723 11500/266/723
f 11501/267/724 11499/268/724 11498/269/724
f 11502/270/725 11503/271/725 11504/272/725
f 11505/273/725 11503/271/725 11502/270/725
f 11506/274/725 11505/273/725 11502/270/725
f 11507/275/726 11502/270/726 11504/272/726
f 11508/276/727 11502/270/727 11507/275/727
f 11509/277/717 11510/278/717 11511/279/717
f 11512/280/716 11510/278/716 11509/277/716
f 11513/281/716 11512/280/716 11509/277/716
f 11514/282/716 11509/277/716 11515/283/716
f 11513/281/716 11509/277/716 11514/282/716
f 11516/266/721 11517/267/721 11518/269/721
s 1
f 11519/268/728 11517/267/728 11516/266/728
s 0
f 11520/269/666 11521/268/666 11522/267/666
f 11523/266/666 11521/268/666 11520/269/666
f 11524/270/716 11525/273/716 11526/274/716
f 11527/271/717 11525/273/717 11524/270/717
f 11528/272/716 11527/271/716 11524/270/716
f 11524/270/729 11529/275/729 11528/272/729
f 11530/276/717 11531/275/717 11524/270/717
f 11532/277/727 11533/280/727 11534/281/727
f 11535/278/727 11533/280/727 11532/277/727
f 11536/279/727 11535/278/727 11532/277/727
f 11532/277/727 11537/282/727 11538/283/727
f 11534/281/727 11537/282/727 11532/277/727
f 11539/256/725 11540/259/725 11541/260/725
f 11542/257/725 11540/259/725 11539/256/725
f 11543/258/727 11542/257/727 11539/256/727
s 1
f 11544/261/730 11545/262/731 11546/264/732
f 11547/263/733 11545/262/731 11544/261/730
s 0
f 11548/265/727 11539/256/727 11541/260/727
s 1
f 11549/264/734 11550/263/735 11551/262/736
f 11552/261/737 11550/263/735 11549/264/734
s 0
f 11553/256/727 11554/257/727 11555/258/727
f 11556/259/725 11554/257/725 11553/256/725
f 11557/260/725 11556/259/725 11553/256/725
f 11557/260/727 11553/256/727 11558/265/727
f 11559/269/666 11560/268/666 11561/266/666
f 11562/267/666 11560/268/666 11559/269/666
f 11563/266/738 11564/267/738 11565/268/738
f 11566/269/738 11564/267/738 11563/266/738
f 11567/270/716 11568/271/716 11569/272/716
f 11570/273/729 11568/271/729 11567/270/729
f 11571/274/717 11572/273/717 11567/270/717
f 11573/275/717 11567/270/717 11569/272/717
f 11574/276/716 11567/270/716 11573/275/716
f 11575/277/727 11576/278/727 11577/279/727
f 11578/280/739 11579/278/739 11575/277/739
f 11580/281/727 11578/280/727 11575/277/727
f 11581/282/727 11575/277/727 11582/283/727
f 11580/281/725 11575/277/725 11581/282/725
f 11583/269/740 11584/268/740 11585/267/740
f 11586/266/740 11584/268/740 11583/269/740
f 11587/266/741 11588/267/741 11589/269/741
f 11590/268/741 11588/267/741 11587/266/741
f 11591/270/727 11592/273/727 11593/274/727
f 11594/271/727 11595/273/727 11591/270/727
f 11596/272/727 11594/271/727 11591/270/727
f 11591/270/725 11597/275/725 11596/272/725
f 11598/276/725 11597/275/725 11591/270/725
f 11599/277/716 11600/280/716 11601/281/716
f 11602/278/716 11600/280/716 11599/277/716
f 11603/279/716 11604/278/716 11599/277/716
f 11599/277/716 11605/282/716 11606/283/716
f 11601/281/716 11605/282/716 11599/277/716
s 1
f 11607/264/742 11608/263/743 11609/261/744
f 11610/262/745 11608/263/743 11607/264/742
s 0
f 11611/256/716 11612/259/716 11613/260/716
f 11614/257/717 11612/259/717 11611/256/717
f 11615/258/717 11614/257/717 11611/256/717
f 11616/265/716 11611/256/716 11613/260/716
f 11617/189/746 11618/284/746 11619/285/746
s 1
f 11620/286/747 11618/284/748 11617/189/749
f 11621/190/750 11620/286/747 11617/189/749
f 11622/287/751 11623/288/751 11624/289/752
f 11625/290/753 11626/288/754 11627/287/755
f 11628/291/756 11625/290/753 11627/287/755
f 11629/292/757 11625/290/753 11628/291/756
f 11630/293/758 11629/292/757 11628/291/756
f 11631/294/759 11629/292/757 11630/293/758
f 11632/295/760 11631/294/759 11630/293/758
f 11633/296/761 11631/294/759 11632/295/760
f 11634/297/762 11633/296/761 11632/295/760
f 11635/298/763 11636/299/763 11637/300/764
s 0
f 11638/301/765 11639/299/765 11640/298/765
s 1
f 11630/293/758 11641/301/766 11642/298/767
f 11643/302/768 11641/301/766 11630/293/758
f 11644/303/769 11643/302/768 11630/293/758
f 11645/304/770 11643/302/768 11644/303/769
f 11624/289/771 11645/304/770 11644/303/769
s 0
f 11646/305/772 11647/306/772 11648/203/772
f 11649/203/772 11647/306/772 11646/305/772
f 11650/204/773 11649/203/773 11646/305/773
f 11380/201/665 11382/203/665 11651/204/665
f 11467/252/1 11652/255/1 11468/253/1
f 11653/253/1 11652/255/1 11467/252/1
f 11471/254/1 11653/253/1 11467/252/1
f 11654/204/715 11477/203/715 11473/201/715
f 11646/305/772 11648/203/772 11655/204/772
s 1
f 11631/294/759 11656/307/774 11629/292/757
f 11657/308/775 11656/307/774 11631/294/759
f 11633/296/761 11657/308/775 11631/294/759
f 11642/298/767 11632/295/760 11630/293/758
f 11634/297/762 11632/295/760 11642/298/767
f 11637/300/776 11658/297/777 11642/298/778
s 0
f 11659/190/779 11617/189/779 11619/285/779
s 1
f 11660/287/780 11630/293/781 11661/291/780
f 11662/303/782 11630/293/758 11663/287/782
f 11624/289/771 11644/303/769 11664/287/783
s 0
f 11665/201/784 11666/202/784 11667/203/784
f 11668/203/784 11666/202/784 11665/201/784
f 11669/204/785 11668/203/785 11665/201/785
s 1
f 11670/309/786 11671/310/787 11672/311/787
f 11673/311/787 11671/310/787 11670/309/786
f 11674/312/786 11673/311/787 11670/309/786
f 11675/309/788 11676/310/789 11677/311/789
f 11678/311/789 11676/310/789 11675/309/788
f 11679/312/790 11678/311/789 11675/309/788
f 11680/313/791 11681/314/792 11682/315/793
f 11683/316/794 11680/313/791 11682/315/793
f 11684/315/795 11680/313/791 11683/316/794
f 11685/317/794 11684/315/795 11683/316/794
f 11686/318/796 11687/319/797 11688/320/797
f 11689/321/798 11687/319/797 11686/318/796
f 11690/322/799 11689/321/798 11686/318/796
f 11691/323/800 11689/321/798 11690/322/799
f 11692/324/801 11691/323/800 11690/322/799
f 11693/325/802 11691/323/800 11692/324/801
f 11694/326/803 11693/325/802 11692/324/801
f 11695/327/804 11693/325/802 11694/326/803
f 11696/328/805 11695/327/804 11694/326/803
f 11697/329/806 11695/327/804 11696/328/805
f 11698/330/807 11697/329/806 11696/328/805
f 11699/331/808 11697/329/806 11698/330/807
f 11700/332/809 11699/331/808 11698/330/807
f 11701/333/810 11699/331/808 11700/332/809
f 11702/334/811 11701/333/810 11700/332/809
s 0
f 11703/252/1 11704/253/1 11705/254/1
f 11706/255/1 11703/252/1 11705/254/1
f 11707/254/1 11703/252/1 11706/255/1
f 11708/253/1 11707/254/1 11706/255/1
f 11709/201/812 11710/203/812 11711/204/812
f 11712/202/812 11710/203/812 11709/201/812
f 11713/203/812 11712/202/812 11709/201/812
s 1
f 11714/312/786 11670/309/786 11672/311/787
f 11715/312/790 11675/309/788 11677/311/789
f 11716/335/813 11699/331/808 11701/333/810
f 11697/329/806 11699/331/808 11716/335/813
f 11717/336/805 11697/329/806 11716/335/813
f 11695/327/804 11697/329/806 11717/336/805
f 11718/337/803 11695/327/804 11717/336/805
f 11693/325/802 11695/327/804 11718/337/803
f 11719/338/801 11693/325/802 11718/337/803
f 11691/323/800 11693/325/802 11719/338/801
f 11720/339/799 11691/323/800 11719/338/801
f 11689/321/798 11691/323/800 11720/339/799
f 11721/340/796 11689/321/798 11720/339/799
f 11687/319/797 11689/321/798 11721/340/796
f 11722/334/797 11687/319/797 11721/340/796
f 11723/341/814 11700/332/809 11698/330/807
f 11724/319/815 11700/332/809 11723/341/814
f 11725/320/816 11724/319/815 11723/341/814
f 11726/317/794 11683/316/794 11682/315/793
s 0
f 11727/253/1 11706/255/1 11705/254/1
f 11728/256/817 11729/257/817 11730/258/817
f 11731/259/817 11729/257/817 11728/256/817
f 11732/260/817 11731/259/817 11728/256/817
s 1
f 11733/261/818 11734/262/819 11735/263/820
f 11736/264/821 11734/262/819 11733/261/818
s 0
f 11732/260/817 11728/256/817 11737/265/817
s 1
f 11738/266/822 11739/267/822 11740/268/822
s 0
f 11741/269/823 11739/267/823 11738/266/823
f 11742/269/824 11743/268/824 11744/266/824
f 11745/267/824 11743/268/824 11742/269/824
f 11746/270/825 11747/271/825 11748/272/825
f 11749/273/825 11747/271/825 11746/270/825
f 11750/274/825 11749/273/825 11746/270/825
f 11751/275/825 11746/270/825 11748/272/825
f 11752/276/825 11746/270/825 11751/275/825
f 11753/277/826 11754/278/826 11755/279/826
f 11756/280/817 11754/278/817 11753/277/817
f 11757/281/817 11756/280/817 11753/277/817
f 11758/282/817 11753/277/817 11759/283/817
f 11757/281/817 11753/277/817 11758/282/817
f 11760/266/827 11761/267/827 11762/269/827
f 11763/268/822 11761/267/822 11760/266/822
f 11764/269/828 11765/268/828 11766/267/828
f 11767/266/829 11765/268/829 11764/269/829
f 11768/270/817 11769/273/817 11770/274/817
f 11771/271/817 11769/273/817 11768/270/817
f 11772/272/817 11771/271/817 11768/270/817
f 11768/270/817 11773/275/817 11772/272/817
f 11774/276/826 11775/275/826 11768/270/826
f 11776/277/825 11777/280/825 11778/281/825
f 11779/278/830 11777/280/830 11776/277/830
f 11780/279/830 11779/278/830 11776/277/830
f 11776/277/825 11781/282/825 11782/283/825
f 11778/281/825 11781/282/825 11776/277/825
f 11783/256/825 11784/259/825 11785/260/825
f 11786/257/825 11784/259/825 11783/256/825
f 11787/258/825 11786/257/825 11783/256/825
s 1
f 11788/261/831 11789/262/832 11790/264/833
f 11791/263/834 11789/262/832 11788/261/831
s 0
f 11792/265/825 11783/256/825 11785/260/825
s 1
f 11793/264/835 11794/263/835 11795/262/836
f 11796/261/837 11794/263/835 11793/264/835
s 0
f 11797/256/825 11798/257/825 11799/258/825
f 11800/259/825 11798/257/825 11797/256/825
f 11801/260/825 11800/259/825 11797/256/825
f 11801/260/825 11797/256/825 11802/265/825
s 1
f 11803/269/838 11804/268/838 11805/266/838
s 0
f 11806/267/839 11804/268/839 11803/269/839
f 11807/266/840 11808/267/840 11809/268/840
f 11810/269/841 11808/267/841 11807/266/841
f 11811/270/817 11812/271/817 11813/272/817
f 11814/273/826 11812/271/826 11811/270/826
f 11815/274/826 11816/273/826 11811/270/826
f 11817/275/842 11811/270/842 11813/272/842
f 11818/276/817 11811/270/817 11817/275/817
f 11819/277/825 11820/278/825 11821/279/825
f 11822/280/825 11823/278/825 11819/277/825
f 11824/281/825 11822/280/825 11819/277/825
f 11825/282/830 11819/277/830 11826/283/830
f 11824/281/825 11819/277/825 11825/282/825
f 11827/269/824 11828/268/824 11829/267/824
f 11830/266/838 11828/268/838 11827/269/838
f 11831/266/843 11832/267/843 11833/269/843
s 1
f 11834/268/844 11832/267/844 11831/266/844
s 0
f 11835/270/825 11836/273/825 11837/274/825
f 11838/271/825 11839/273/825 11835/270/825
f 11840/272/825 11838/271/825 11835/270/825
f 11835/270/845 11841/275/845 11840/272/845
f 11842/276/825 11841/275/825 11835/270/825
f 11843/277/817 11844/280/817 11845/281/817
f 11846/278/826 11844/280/826 11843/277/826
f 11847/279/826 11848/278/826 11843/277/826
f 11843/277/817 11849/282/817 11850/283/817
f 11845/281/817 11849/282/817 11843/277/817
s 1
f 11851/264/846 11852/263/847 11853/261/848
f 11854/262/849 11852/263/847 11851/264/846
s 0
f 11855/256/817 11856/259/817 11857/260/817
f 11858/257/817 11856/259/817 11855/256/817
f 11859/258/817 11858/257/817 11855/256/817
f 11860/265/817 11855/256/817 11857/260/817
s 1
f 11861/305/850 11862/306/850 11863/203/850
s 0
f 11864/203/851 11862/306/851 11861/305/851
f 11865/204/852 11864/203/852 11861/305/852
f 11665/201/784 11667/203/784 11866/204/784
f 11703/252/1 11867/255/1 11704/253/1
f 11868/253/1 11867/255/1 11703/252/1
f 11707/254/1 11868/253/1 11703/252/1
f 11869/204/812 11713/203/812 11709/201/812
f 11861/305/853 11863/203/853 11870/204/853
s 1
f 11680/313/854 11871/342/855 11872/343/856
f 11873/314/857 11874/342/857 11680/313/858
f 11684/315/795 11875/314/859 11680/313/791
f 11724/319/815 11876/334/816 11700/332/809
f 11680/313/860 11877/343/861 11878/342/862
f 11879/344/863 11880/343/863 11680/313/864
f 11872/343/856 11881/344/865 11680/313/854
f 11878/342/862 11882/314/866 11680/313/860
s 0
f 11883/201/784 11884/202/784 11885/203/784
f 11886/203/784 11884/202/784 11883/201/784
f 11887/204/784 11886/203/784 11883/201/784
s 1
f 11888/309/867 11889/310/787 11890/311/787
f 11891/311/787 11889/310/787 11888/309/867
f 11892/312/786 11891/311/787 11888/309/867
f 11893/309/788 11894/310/789 11895/311/789
f 11896/311/789 11894/310/789 11893/309/788
f 11897/312/790 11896/311/789 11893/309/788
f 11898/313/791 11899/314/868 11900/315/869
f 11901/316/794 11898/313/791 11900/315/869
f 11902/315/870 11898/313/791 11901/316/794
f 11903/317/794 11902/315/870 11901/316/794
f 11904/318/796 11905/319/797 11906/320/871
f 11907/321/872 11905/319/797 11904/318/796
f 11908/322/799 11907/321/872 11904/318/796
f 11909/323/800 11907/321/872 11908/322/799
f 11910/324/801 11909/323/800 11908/322/799
f 11911/325/802 11909/323/800 11910/324/801
f 11912/326/803 11911/325/802 11910/324/801
f 11913/327/804 11911/325/802 11912/326/803
f 11914/328/805 11913/327/804 11912/326/803
f 11915/329/806 11913/327/804 11914/328/805
f 11916/330/807 11915/329/806 11914/328/805
f 11917/331/808 11915/329/806 11916/330/807
f 11918/332/809 11917/331/808 11916/330/807
f 11919/333/810 11917/331/808 11918/332/809
f 11920/334/811 11919/333/810 11918/332/809
s 0
f 11921/252/1 11922/253/1 11923/254/1
f 11924/255/1 11921/252/1 11923/254/1
f 11925/254/1 11921/252/1 11924/255/1
f 11926/253/1 11925/254/1 11924/255/1
f 11927/201/812 11928/203/812 11929/204/812
f 11930/202/812 11928/203/812 11927/201/812
f 11931/203/812 11930/202/812 11927/201/812
s 1
f 11932/312/786 11888/309/867 11890/311/787
f 11933/312/790 11893/309/788 11895/311/789
f 11934/335/813 11917/331/808 11919/333/810
f 11915/329/806 11917/331/808 11934/335/813
f 11935/336/805 11915/329/806 11934/335/813
f 11913/327/804 11915/329/806 11935/336/805
f 11936/337/803 11913/327/804 11935/336/805
f 11911/325/802 11913/327/804 11936/337/803
f 11937/338/801 11911/325/802 11936/337/803
f 11909/323/800 11911/325/802 11937/338/801
f 11938/339/799 11909/323/800 11937/338/801
f 11907/321/872 11909/323/800 11938/339/799
f 11939/340/873 11907/321/872 11938/339/799
f 11905/319/797 11907/321/872 11939/340/873
f 11940/334/797 11905/319/797 11939/340/873
f 11941/341/874 11918/332/809 11916/330/807
f 11942/319/815 11918/332/809 11941/341/874
f 11943/320/816 11942/319/815 11941/341/874
f 11944/317/794 11901/316/794 11900/315/869
s 0
f 11945/253/1 11924/255/1 11923/254/1
f 11946/256/817 11947/257/817 11948/258/817
f 11949/259/817 11947/257/817 11946/256/817
f 11950/260/817 11949/259/817 11946/256/817
s 1
f 11951/261/875 11952/262/876 11953/263/877
f 11954/264/878 11952/262/876 11951/261/875
s 0
f 11950/260/817 11946/256/817 11955/265/817
f 11956/266/879 11957/267/879 11958/268/879
s 1
f 11959/269/880 11957/267/880 11956/266/880
s 0
f 11960/269/839 11961/268/839 11962/266/839
f 11963/267/839 11961/268/839 11960/269/839
f 11964/270/825 11965/271/825 11966/272/825
f 11967/273/845 11965/271/845 11964/270/845
f 11968/274/825 11967/273/825 11964/270/825
f 11969/275/825 11964/270/825 11966/272/825
f 11970/276/825 11964/270/825 11969/275/825
f 11971/277/826 11972/278/826 11973/279/826
f 11974/280/826 11972/278/826 11971/277/826
f 11975/281/817 11974/280/817 11971/277/817
f 11976/282/817 11971/277/817 11977/283/817
f 11975/281/817 11971/277/817 11976/282/817
f 11978/266/822 11979/267/822 11980/269/822
s 1
f 11981/268/841 11979/267/841 11978/266/841
s 0
f 11982/269/838 11983/268/838 11984/267/838
f 11985/266/881 11983/268/881 11982/269/881
f 11986/270/817 11987/273/817 11988/274/817
f 11989/271/817 11987/273/817 11986/270/817
f 11990/272/817 11989/271/817 11986/270/817
f 11986/270/826 11991/275/826 11990/272/826
f 11992/276/826 11993/275/826 11986/270/826
f 11994/277/825 11995/280/825 11996/281/825
f 11997/278/830 11995/280/830 11994/277/830
f 11998/279/830 11997/278/830 11994/277/830
f 11994/277/825 11999/282/825 12000/283/825
f 11996/281/825 11999/282/825 11994/277/825
f 12001/256/825 12002/259/825 12003/260/825
f 12004/257/825 12002/259/825 12001/256/825
f 12005/258/825 12004/257/825 12001/256/825
s 1
f 12006/261/882 12007/262/883 12008/264/884
f 12009/263/885 12007/262/883 12006/261/882
s 0
f 12010/265/825 12001/256/825 12003/260/825
s 1
f 12011/264/835 12012/263/886 12013/262/887
f 12014/261/888 12012/263/886 12011/264/835
s 0
f 12015/256/825 12016/257/825 12017/258/825
f 12018/259/825 12016/257/825 12015/256/825
f 12019/260/825 12018/259/825 12015/256/825
f 12019/260/825 12015/256/825 12020/265/825
s 1
f 12021/269/838 12022/268/838 12023/266/838
s 0
f 12024/267/839 12022/268/839 12021/269/839
f 12025/266/889 12026/267/889 12027/268/889
f 12028/269/841 12026/267/841 12025/266/841
f 12029/270/817 12030/271/817 12031/272/817
f 12032/273/890 12030/271/890 12029/270/890
f 12033/274/817 12034/273/817 12029/270/817
f 12035/275/826 12029/270/826 12031/272/826
f 12036/276/826 12029/270/826 12035/275/826
f 12037/277/825 12038/278/825 12039/279/825
f 12040/280/825 12041/278/825 12037/277/825
f 12042/281/825 12040/280/825 12037/277/825
f 12043/282/830 12037/277/830 12044/283/830
f 12042/281/830 12037/277/830 12043/282/830
f 12045/269/829 12046/268/829 12047/267/829
f 12048/266/829 12046/268/829 12045/269/829
f 12049/266/891 12050/267/891 12051/269/891
f 12052/268/892 12050/267/892 12049/266/892
f 12053/270/825 12054/273/825 12055/274/825
f 12056/271/825 12057/273/825 12053/270/825
f 12058/272/825 12056/271/825 12053/270/825
f 12053/270/825 12059/275/825 12058/272/825
f 12060/276/825 12059/275/825 12053/270/825
f 12061/277/817 12062/280/817 12063/281/817
f 12064/278/817 12062/280/817 12061/277/817
f 12065/279/826 12066/278/826 12061/277/826
f 12061/277/817 12067/282/817 12068/283/817
f 12063/281/817 12067/282/817 12061/277/817
s 1
f 12069/264/847 12070/263/847 12071/261/893
f 12072/262/894 12070/263/847 12069/264/847
s 0
f 12073/256/817 12074/259/817 12075/260/817
f 12076/257/817 12074/259/817 12073/256/817
f 12077/258/817 12076/257/817 12073/256/817
f 12078/265/842 12073/256/842 12075/260/842
f 12079/305/853 12080/306/853 12081/203/853
f 12082/203/852 12080/306/852 12079/305/852
f 12083/204/852 12082/203/852 12079/305/852
f 11883/201/785 11885/203/785 12084/204/785
f 11921/252/1 12085/255/1 11922/253/1
f 12086/253/1 12085/255/1 11921/252/1
f 11925/254/1 12086/253/1 11921/252/1
f 12087/204/812 11931/203/812 11927/201/812
f 12079/305/853 12081/203/853 12088/204/853
s 1
f 11898/313/791 12089/342/895 12090/343/896
f 12091/314/897 12092/342/897 11898/313/898
f 11902/315/870 12093/314/899 11898/313/791
f 11942/319/815 12094/334/816 11918/332/809
f 11898/313/900 12095/343/901 12096/342/902
f 12097/344/903 12098/343/903 11898/313/898
f 12090/343/896 12099/344/904 11898/313/791
f 12096/342/902 12100/314/905 11898/313/900
s 0
f 12101/201/785 12102/202/785 12103/203/785
f 12104/203/785 12102/202/785 12101/201/785
f 12105/204/785 12104/203/785 12101/201/785
s 1
f 12106/309/867 12107/310/787 12108/311/787
f 12109/311/787 12107/310/787 12106/309/867
f 12110/312/786 12109/311/787 12106/309/867
f 12111/309/788 12112/310/789 12113/311/789
f 12114/311/789 12112/310/789 12111/309/788
f 12115/312/790 12114/311/789 12111/309/788
f 12116/313/791 12117/314/792 12118/315/793
f 12119/316/906 12116/313/791 12118/315/793
f 12120/315/907 12116/313/791 12119/316/906
f 12121/317/908 12120/315/907 12119/316/906
f 12122/318/796 12123/319/797 12124/320/797
f 12125/321/872 12123/319/797 12122/318/796
f 12126/322/799 12125/321/872 12122/318/796
f 12127/323/800 12125/321/872 12126/322/799
f 12128/324/801 12127/323/800 12126/322/799
f 12129/325/802 12127/323/800 12128/324/801
f 12130/326/909 12129/325/802 12128/324/801
f 12131/327/910 12129/325/802 12130/326/909
f 12132/328/805 12131/327/910 12130/326/909
f 12133/329/806 12131/327/910 12132/328/805
f 12134/330/807 12133/329/806 12132/328/805
f 12135/331/808 12133/329/806 12134/330/807
f 12136/332/809 12135/331/808 12134/330/807
f 12137/333/810 12135/331/808 12136/332/809
f 12138/334/811 12137/333/810 12136/332/809
s 0
f 12139/252/1 12140/253/1 12141/254/1
f 12142/255/1 12139/252/1 12141/254/1
f 12143/254/1 12139/252/1 12142/255/1
f 12144/253/1 12143/254/1 12142/255/1
f 12145/201/812 12146/203/812 12147/204/812
f 12148/202/812 12146/203/812 12145/201/812
f 12149/203/812 12148/202/812 12145/201/812
s 1
f 12150/312/786 12106/309/867 12108/311/787
f 12151/312/790 12111/309/788 12113/311/789
f 12152/335/813 12135/331/808 12137/333/810
f 12133/329/806 12135/331/808 12152/335/813
f 12153/336/805 12133/329/806 12152/335/813
f 12131/327/910 12133/329/806 12153/336/805
f 12154/337/803 12131/327/910 12153/336/805
f 12129/325/802 12131/327/910 12154/337/803
f 12155/338/801 12129/325/802 12154/337/803
f 12127/323/800 12129/325/802 12155/338/801
f 12156/339/799 12127/323/800 12155/338/801
f 12125/321/872 12127/323/800 12156/339/799
f 12157/340/873 12125/321/872 12156/339/799
f 12123/319/797 12125/321/872 12157/340/873
f 12158/334/797 12123/319/797 12157/340/873
f 12159/341/874 12136/332/809 12134/330/807
f 12160/319/815 12136/332/809 12159/341/874
f 12161/320/816 12160/319/815 12159/341/874
f 12162/317/911 12119/316/906 12118/315/793
s 0
f 12163/253/1 12142/255/1 12141/254/1
f 12164/256/817 12165/257/817 12166/258/817
f 12167/259/817 12165/257/817 12164/256/817
f 12168/260/817 12167/259/817 12164/256/817
s 1
f 12169/261/819 12170/262/818 12171/263/912
f 12172/264/878 12170/262/818 12169/261/819
s 0
f 12168/260/817 12164/256/817 12173/265/817
f 12174/266/891 12175/267/891 12176/268/891
s 1
f 12177/269/841 12175/267/841 12174/266/841
s 0
f 12178/269/839 12179/268/839 12180/266/839
f 12181/267/839 12179/268/839 12178/269/839
f 12182/270/825 12183/271/825 12184/272/825
f 12185/273/825 12183/271/825 12182/270/825
f 12186/274/825 12185/273/825 12182/270/825
f 12187/275/825 12182/270/825 12184/272/825
f 12188/276/825 12182/270/825 12187/275/825
f 12189/277/826 12190/278/826 12191/279/826
f 12192/280/826 12190/278/826 12189/277/826
f 12193/281/817 12192/280/817 12189/277/817
f 12194/282/817 12189/277/817 12195/283/817
f 12193/281/817 12189/277/817 12194/282/817
f 12196/266/891 12197/267/891 12198/269/891
f 12199/268/913 12197/267/913 12196/266/913
f 12200/269/914 12201/268/914 12202/267/914
f 12203/266/838 12201/268/838 12200/269/838
f 12204/270/826 12205/273/826 12206/274/826
f 12207/271/826 12205/273/826 12204/270/826
f 12208/272/817 12207/271/817 12204/270/817
f 12204/270/817 12209/275/817 12208/272/817
f 12210/276/826 12211/275/826 12204/270/826
f 12212/277/825 12213/280/825 12214/281/825
f 12215/278/825 12213/280/825 12212/277/825
f 12216/279/825 12215/278/825 12212/277/825
f 12212/277/825 12217/282/825 12218/283/825
f 12214/281/825 12217/282/825 12212/277/825
f 12219/256/825 12220/259/825 12221/260/825
f 12222/257/825 12220/259/825 12219/256/825
f 12223/258/825 12222/257/825 12219/256/825
s 1
f 12224/261/832 12225/262/915 12226/264/916
f 12227/263/885 12225/262/915 12224/261/832
s 0
f 12228/265/825 12219/256/825 12221/260/825
s 1
f 12229/264/917 12230/263/918 12231/262/919
f 12232/261/920 12230/263/918 12229/264/917
s 0
f 12233/256/921 12234/257/921 12235/258/921
f 12236/259/825 12234/257/825 12233/256/825
f 12237/260/825 12236/259/825 12233/256/825
f 12237/260/825 12233/256/825 12238/265/825
f 12239/269/922 12240/268/922 12241/266/922
f 12242/267/914 12240/268/914 12239/269/914
f 12243/266/822 12244/267/822 12245/268/822
f 12246/269/840 12244/267/840 12243/266/840
f 12247/270/817 12248/271/817 12249/272/817
f 12250/273/817 12248/271/817 12247/270/817
f 12251/274/817 12252/273/817 12247/270/817
f 12253/275/826 12247/270/826 12249/272/826
f 12254/276/826 12247/270/826 12253/275/826
f 12255/277/825 12256/278/825 12257/279/825
f 12258/280/825 12259/278/825 12255/277/825
f 12260/281/825 12258/280/825 12255/277/825
f 12261/282/825 12255/277/825 12262/283/825
f 12260/281/825 12255/277/825 12261/282/825
f 12263/269/829 12264/268/829 12265/267/829
f 12266/266/829 12264/268/829 12263/269/829
f 12267/266/843 12268/267/843 12269/269/843
f 12270/268/822 12268/267/822 12267/266/822
f 12271/270/825 12272/273/825 12273/274/825
f 12274/271/825 12275/273/825 12271/270/825
f 12276/272/825 12274/271/825 12271/270/825
f 12271/270/825 12277/275/825 12276/272/825
f 12278/276/825 12277/275/825 12271/270/825
f 12279/277/817 12280/280/817 12281/281/817
f 12282/278/826 12280/280/826 12279/277/826
f 12283/279/826 12284/278/826 12279/277/826
f 12279/277/817 12285/282/817 12286/283/817
f 12281/281/817 12285/282/817 12279/277/817
s 1
f 12287/264/846 12288/263/846 12289/261/923
f 12290/262/924 12288/263/846 12287/264/846
s 0
f 12291/256/817 12292/259/817 12293/260/817
f 12294/257/817 12292/259/817 12291/256/817
f 12295/258/817 12294/257/817 12291/256/817
f 12296/265/817 12291/256/817 12293/260/817
f 12297/305/925 12298/306/925 12299/203/925
f 12300/203/926 12298/306/926 12297/305/926
f 12301/204/852 12300/203/852 12297/305/852
f 12101/201/785 12103/203/785 12302/204/785
f 12139/252/1 12303/255/1 12140/253/1
f 12304/253/1 12303/255/1 12139/252/1
f 12143/254/1 12304/253/1 12139/252/1
f 12305/204/812 12149/203/812 12145/201/812
f 12297/305/853 12299/203/853 12306/204/853
s 1
f 12116/313/854 12307/342/927 12308/343/856
f 12309/314/928 12310/342/928 12116/313/791
f 12120/315/907 12311/314/929 12116/313/791
f 12160/319/815 12312/334/816 12136/332/809
f 12116/313/898 12313/343/930 12314/342/931
f 12315/344/932 12316/343/932 12116/313/900
f 12308/343/856 12317/344/933 12116/313/854
f 12314/342/931 12318/314/934 12116/313/898
s 0
f 12319/141/615 12320/142/615 12321/143/615
s 1
f 12322/144/673 12323/145/673 12324/146/935
f 12325/147/936 12326/148/936 12327/149/936
s 0
f 12328/150/937 12329/151/937 12330/152/937
f 12331/153/938 12332/154/938 12333/155/938
f 12334/156/939 12335/157/939 12336/158/939
s 1
f 12337/159/940 12338/160/940 12339/161/940
f 12340/162/696 12341/163/623 12342/164/941
f 12343/165/942 12344/166/942 12345/167/942
s 0
f 12346/168/626 12347/169/626 12348/170/626
f 12349/171/627 12350/172/627 12351/173/627
f 12352/173/627 12350/172/627 12349/171/627
f 12353/174/943 12352/173/943 12349/171/943
f 12354/171/629 12355/172/629 12356/173/629
f 12357/173/629 12355/172/629 12354/171/629
f 12358/174/630 12357/173/630 12354/171/944
f 12359/175/1 12360/176/1 12361/177/1
f 12362/178/1 12360/176/1 12359/175/1
s 1
f 12363/175/631 12364/179/632 12365/177/633
f 12366/180/632 12364/179/632 12363/175/631
f 12367/175/634 12368/179/635 12369/177/1
f 12370/180/631 12368/179/635 12367/175/634
f 12371/181/945 12372/171/637 12373/182/638
f 12374/174/639 12372/171/637 12371/181/945
f 12375/183/946 12374/174/639 12371/181/945
s 0
f 12376/184/947 12377/185/947 12378/186/947
f 12379/187/948 12377/185/948 12376/184/948
f 12380/186/949 12381/187/949 12382/184/949
f 12383/185/950 12384/187/950 12380/186/950
s 1
f 12385/181/646 12386/171/647 12387/174/648
f 12388/182/951 12386/171/647 12385/181/646
f 12389/188/650 12388/182/951 12385/181/646
s 0
f 12390/189/652 12391/190/652 12392/191/652
f 12393/192/652 12390/189/652 12392/191/652
f 12394/190/653 12390/189/653 12393/192/653
f 12395/191/651 12394/190/651 12393/192/651
f 12396/193/952 12397/194/952 12398/195/952
f 12399/195/953 12397/194/953 12396/193/953
f 12400/196/953 12399/195/953 12396/193/953
s 1
f 12401/197/954 12402/198/657 12403/199/955
f 12404/200/956 12402/198/657 12401/197/954
f 12405/198/957 12406/197/663 12407/199/958
f 12408/200/959 12406/197/663 12405/198/957
s 0
f 12409/201/665 12410/202/665 12411/203/665
f 12412/203/665 12410/202/665 12409/201/665
f 12413/204/665 12412/203/665 12409/201/665
f 12414/205/666 12415/206/666 12416/207/666
f 12417/208/666 12414/205/666 12416/207/666
f 12418/209/667 12414/205/667 12417/208/667
f 12419/210/667 12418/209/667 12417/208/667
s 1
f 12420/211/668 12421/212/668 12422/213/960
f 12423/214/671 12421/212/668 12420/211/668
s 0
f 12424/215/961 12425/211/961 12426/216/961
s 1
f 12427/217/962 12428/211/963 12429/215/962
f 12430/218/964 12431/219/965 12432/220/966
f 12433/221/967 12431/219/965 12430/218/964
f 12434/222/968 12435/223/969 12436/224/970
f 12437/225/971 12435/223/969 12434/222/968
f 12438/226/683 12439/227/683 12440/228/972
f 12441/229/973 12439/227/683 12438/226/683
s 0
f 12442/230/974 12443/231/974 12444/232/974
f 12445/233/975 12446/231/975 12447/230/975
s 1
f 12448/234/976 12449/235/688 12450/236/977
f 12451/237/978 12449/235/688 12448/234/976
f 12452/238/692 12453/239/979 12454/240/980
f 12455/241/981 12453/239/979 12452/238/692
s 0
f 12456/166/695 12457/167/695 12458/165/695
s 1
f 12459/242/982 12460/167/983 12461/166/984
s 0
f 12462/243/698 12463/244/698 12464/245/698
f 12465/246/985 12466/244/985 12467/243/985
s 1
f 12468/247/986 12469/248/986 12470/249/987
f 12471/250/988 12469/248/986 12468/247/986
s 0
f 12472/243/989 12473/244/989 12474/245/989
f 12475/246/990 12476/244/990 12477/243/990
s 1
f 12478/247/991 12479/248/991 12480/249/992
f 12481/250/993 12479/248/991 12478/247/991
s 0
f 12482/174/709 12349/171/709 12351/173/709
f 12483/174/710 12354/171/994 12356/173/710
s 1
f 12484/177/711 12485/180/1 12486/179/1
f 12487/175/712 12488/180/712 12484/177/711
f 12489/251/1 12490/180/634 12491/179/1
s 0
f 12492/178/1 12493/180/1 12489/251/1
s 1
f 12494/188/713 12371/181/945 12373/182/638
f 12495/183/714 12385/181/646 12387/174/648
s 0
f 12496/252/1 12497/253/1 12498/254/1
f 12499/255/1 12496/252/1 12498/254/1
f 12500/254/1 12496/252/1 12499/255/1
f 12501/253/1 12500/254/1 12499/255/1
s 1
f 12502/201/715 12503/203/715 12504/204/715
s 0
f 12505/202/715 12503/203/715 12502/201/715
f 12506/203/715 12505/202/715 12502/201/715
f 12507/196/995 12396/193/995 12398/195/995
f 12508/253/1 12499/255/1 12498/254/1
s 1
f 12509/175/632 12510/179/711 12511/177/632
f 12512/180/632 12510/179/711 12509/175/632
s 0
f 12513/256/716 12514/257/716 12515/258/716
f 12516/259/717 12514/257/717 12513/256/717
f 12517/260/717 12516/259/717 12513/256/717
s 1
f 12518/261/996 12519/262/997 12520/263/998
f 12521/264/999 12519/262/997 12518/261/996
s 0
f 12517/260/716 12513/256/716 12522/265/716
s 1
f 12523/266/738 12524/267/738 12525/268/738
s 0
f 12526/269/741 12524/267/741 12523/266/741
f 12527/269/740 12528/268/740 12529/266/740
f 12530/267/740 12528/268/740 12527/269/740
f 12531/270/727 12532/271/727 12533/272/727
f 12534/273/727 12532/271/727 12531/270/727
f 12535/274/727 12534/273/727 12531/270/727
f 12536/275/727 12531/270/727 12533/272/727
f 12537/276/727 12531/270/727 12536/275/727
f 12538/277/716 12539/278/716 12540/279/716
f 12541/280/717 12539/278/717 12538/277/717
f 12542/281/716 12541/280/716 12538/277/716
f 12543/282/716 12538/277/716 12544/283/716
f 12542/281/717 12538/277/717 12543/282/717
s 1
f 12545/266/1000 12546/267/1000 12547/269/1000
s 0
f 12548/268/738 12546/267/738 12545/266/738
s 1
f 12549/269/723 12550/268/723 12551/267/723
f 12552/266/723 12550/268/723 12549/269/723
s 0
f 12553/270/716 12554/273/716 12555/274/716
f 12556/271/716 12554/273/716 12553/270/716
f 12557/272/716 12556/271/716 12553/270/716
f 12553/270/717 12558/275/717 12557/272/717
f 12559/276/717 12560/275/717 12553/270/717
f 12561/277/727 12562/280/727 12563/281/727
f 12564/278/727 12562/280/727 12561/277/727
f 12565/279/727 12564/278/727 12561/277/727
f 12561/277/727 12566/282/727 12567/283/727
f 12563/281/725 12566/282/725 12561/277/725
f 12568/256/725 12569/259/725 12570/260/725
f 12571/257/727 12569/259/727 12568/256/727
f 12572/258/727 12571/257/727 12568/256/727
s 1
f 12573/261/1001 12574/262/730 12575/264/1002
f 12576/263/1003 12574/262/730 12573/261/1001
s 0
f 12577/265/727 12568/256/727 12570/260/727
s 1
f 12578/264/1004 12579/263/1005 12580/262/1006
f 12581/261/1007 12579/263/1005 12578/264/1004
s 0
f 12582/256/727 12583/257/727 12584/258/727
f 12585/259/725 12583/257/725 12582/256/725
f 12586/260/727 12585/259/727 12582/256/727
f 12586/260/727 12582/256/727 12587/265/727
f 12588/269/666 12589/268/666 12590/266/666
f 12591/267/666 12589/268/666 12588/269/666
s 1
f 12592/266/738 12593/267/738 12594/268/738
s 0
f 12595/269/722 12593/267/722 12592/266/722
f 12596/270/716 12597/271/716 12598/272/716
f 12599/273/717 12597/271/717 12596/270/717
f 12600/274/716 12601/273/716 12596/270/716
f 12602/275/1008 12596/270/1008 12598/272/1008
f 12603/276/1009 12596/270/1009 12602/275/1009
f 12604/277/727 12605/278/727 12606/279/727
f 12607/280/727 12608/278/727 12604/277/727
f 12609/281/727 12607/280/727 12604/277/727
f 12610/282/725 12604/277/725 12611/283/725
f 12609/281/725 12604/277/725 12610/282/725
s 1
f 12612/269/666 12613/268/666 12614/267/1010
f 12615/266/1010 12613/268/666 12612/269/666
s 0
f 12616/266/1011 12617/267/1011 12618/269/1011
s 1
f 12619/268/1012 12617/267/1012 12616/266/1012
s 0
f 12620/270/727 12621/273/727 12622/274/727
f 12623/271/726 12624/273/726 12620/270/726
f 12625/272/725 12623/271/725 12620/270/725
f 12620/270/1013 12626/275/1013 12625/272/1013
f 12627/276/725 12626/275/725 12620/270/725
f 12628/277/716 12629/280/716 12630/281/716
f 12631/278/1014 12629/280/1014 12628/277/1014
f 12632/279/716 12633/278/716 12628/277/716
f 12628/277/716 12634/282/716 12635/283/716
f 12630/281/1014 12634/282/1014 12628/277/1014
s 1
f 12636/264/1015 12637/263/1016 12638/261/1017
f 12639/262/1018 12637/263/1016 12636/264/1015
s 0
f 12640/256/717 12641/259/717 12642/260/717
f 12643/257/717 12641/259/717 12640/256/717
f 12644/258/717 12643/257/717 12640/256/717
f 12645/265/716 12640/256/716 12642/260/716
s 1
f 12646/189/750 12647/284/1019 12648/285/750
s 0
f 12649/286/1020 12647/284/1020 12646/189/1020
f 12650/190/746 12649/286/746 12646/189/746
s 1
f 12651/287/1021 12652/288/1021 12653/289/752
f 12654/290/1022 12655/288/1023 12656/287/755
f 12657/291/756 12654/290/1022 12656/287/755
f 12658/292/757 12654/290/1022 12657/291/756
f 12659/293/1024 12658/292/757 12657/291/756
f 12660/294/759 12658/292/757 12659/293/1024
f 12661/295/760 12660/294/759 12659/293/1024
f 12662/296/761 12660/294/759 12661/295/760
f 12663/297/762 12662/296/761 12661/295/760
f 12664/298/1025 12665/299/1025 12666/300/1026
s 0
f 12667/301/765 12668/299/765 12669/298/765
s 1
f 12659/293/1024 12670/301/766 12671/298/767
f 12672/302/1027 12670/301/766 12659/293/1024
f 12673/303/769 12672/302/1027 12659/293/1024
f 12674/304/770 12672/302/1027 12673/303/769
f 12653/289/752 12674/304/770 12673/303/769
s 0
f 12675/305/1028 12676/306/1028 12677/203/1028
f 12678/203/1028 12676/306/1028 12675/305/1028
f 12679/204/773 12678/203/773 12675/305/773
f 12409/201/665 12411/203/665 12680/204/665
f 12496/252/1 12681/255/1 12497/253/1
f 12682/253/1 12681/255/1 12496/252/1
f 12500/254/1 12682/253/1 12496/252/1
s 1
f 12683/204/715 12506/203/715 12502/201/715
s 0
f 12675/305/1029 12677/203/1029 12684/204/1029
s 1
f 12660/294/759 12685/307/774 12658/292/757
f 12686/308/775 12685/307/774 12660/294/759
f 12662/296/761 12686/308/775 12660/294/759
f 12671/298/767 12661/295/760 12659/293/1024
f 12663/297/762 12661/295/760 12671/298/767
f 12666/300/776 12687/297/1030 12671/298/778
f 12688/190/750 12646/189/750 12648/285/750
f 12689/287/780 12659/293/758 12690/291/780
f 12691/303/1031 12659/293/758 12692/287/1031
f 12653/289/752 12673/303/769 12693/287/1032
f 12694/201/1033 12695/202/1033 12696/203/1034
s 0
f 12697/203/1033 12695/202/1033 12694/201/1033
f 12698/204/1034 12697/203/1034 12694/201/1034
s 1
f 12699/345/1035 12700/346/1036 12701/347/1036
f 12702/347/1036 12700/346/1036 12699/345/1035
f 12703/348/1035 12702/347/1036 12699/345/1035
f 12704/345/1037 12705/346/1038 12706/347/1038
f 12707/347/1038 12705/346/1038 12704/345/1037
f 12708/348/1039 12707/347/1038 12704/345/1037
s 0
f 12709/349/1040 12710/350/1040 12711/351/1040
f 12712/352/723 12709/349/1041 12711/351/949
f 12713/351/723 12709/349/1042 12712/352/949
f 12714/353/723 12713/351/723 12712/352/723
s 1
f 12715/354/1043 12716/355/1044 12717/356/1045
f 12718/357/1046 12716/355/1044 12715/354/1043
f 12719/358/1047 12718/357/1046 12715/354/1043
f 12720/359/1048 12718/357/1046 12719/358/1047
f 12721/360/1049 12720/359/1048 12719/358/1047
f 12722/361/1050 12720/359/1048 12721/360/1049
f 12723/362/1051 12722/361/1050 12721/360/1049
f 12724/363/1052 12722/361/1050 12723/362/1051
f 12725/360/1053 12724/363/1052 12723/362/1051
f 12726/361/1054 12724/363/1052 12725/360/1053
f 12727/364/1055 12726/361/1054 12725/360/1053
f 12728/365/1056 12726/361/1054 12727/364/1055
f 12729/366/1057 12728/365/1056 12727/364/1055
f 12730/367/1058 12728/365/1056 12729/366/1057
f 12731/368/1059 12730/367/1058 12729/366/1057
s 0
f 12732/254/1 12733/255/1 12734/253/1
f 12735/252/1 12733/255/1 12732/254/1
f 12736/255/1 12735/252/1 12732/254/1
f 12737/254/1 12735/252/1 12736/255/1
f 12738/253/1 12737/254/1 12736/255/1
f 12739/201/1060 12740/203/1060 12741/204/1060
s 1
f 12742/202/1061 12740/203/1061 12739/201/1061
s 0
f 12743/203/1061 12742/202/1061 12739/201/1061
s 1
f 12744/348/1035 12699/345/1035 12701/347/1036
f 12745/348/1039 12704/345/1037 12706/347/1038
f 12746/369/1062 12728/365/1056 12730/367/1058
f 12726/361/1054 12728/365/1056 12746/369/1062
f 12747/370/1053 12726/361/1054 12746/369/1062
f 12724/363/1052 12726/361/1054 12747/370/1053
f 12748/371/1051 12724/363/1052 12747/370/1053
f 12722/361/1050 12724/363/1052 12748/371/1051
f 12749/370/1063 12722/361/1050 12748/371/1051
f 12720/359/1048 12722/361/1050 12749/370/1063
f 12750/372/1047 12720/359/1048 12749/370/1063
f 12718/357/1046 12720/359/1048 12750/372/1047
f 12751/373/1064 12718/357/1046 12750/372/1047
f 12716/355/1044 12718/357/1046 12751/373/1064
f 12752/374/1044 12716/355/1044 12751/373/1064
f 12753/375/1065 12729/366/1057 12727/364/1055
f 12754/376/1066 12729/366/1057 12753/375/1065
f 12755/377/1067 12754/376/1066 12753/375/1065
s 0
f 12756/353/1068 12712/352/1069 12711/351/1068
f 12757/253/1 12736/255/1 12732/254/1
f 12758/256/1070 12759/257/1070 12760/258/1070
f 12761/259/1070 12759/257/1070 12758/256/1070
f 12762/260/1070 12761/259/1070 12758/256/1070
s 1
f 12763/261/1071 12764/262/1072 12765/263/1073
f 12766/264/1074 12764/262/1072 12763/261/1071
s 0
f 12762/260/1070 12758/256/1070 12767/265/1070
f 12768/266/1075 12769/267/1075 12770/268/1075
f 12771/269/1075 12769/267/1075 12768/266/1075
f 12772/269/724 12773/268/724 12774/266/724
f 12775/267/723 12773/268/723 12772/269/723
f 12776/270/1076 12777/271/1076 12778/272/1076
f 12779/273/1077 12777/271/1077 12776/270/1077
f 12780/274/1077 12779/273/1077 12776/270/1077
f 12781/275/1078 12776/270/1078 12778/272/1078
f 12782/276/1076 12776/270/1076 12781/275/1076
f 12783/277/1079 12784/278/1079 12785/279/1079
f 12786/280/1070 12784/278/1070 12783/277/1070
f 12787/281/1080 12786/280/1080 12783/277/1080
f 12788/282/1081 12783/277/1081 12789/283/1081
f 12787/281/1081 12783/277/1081 12788/282/1081
f 12790/266/1082 12791/267/1082 12792/269/1082
f 12793/268/1083 12791/267/1083 12790/266/1083
f 12794/269/724 12795/268/724 12796/267/724
f 12797/266/724 12795/268/724 12794/269/724
f 12798/270/1081 12799/273/1081 12800/274/1081
f 12801/271/1070 12799/273/1070 12798/270/1070
f 12802/272/1084 12801/271/1084 12798/270/1084
f 12798/270/1085 12803/275/1085 12802/272/1085
f 12804/276/1070 12805/275/1070 12798/270/1070
f 12806/277/1076 12807/280/1076 12808/281/1076
f 12809/278/1076 12807/280/1076 12806/277/1076
f 12810/279/1076 12809/278/1076 12806/277/1076
s 1
f 12806/277/1077 12811/282/1077 12812/283/1077
s 0
f 12808/281/1077 12811/282/1077 12806/277/1077
f 12813/256/1077 12814/259/1077 12815/260/1077
f 12816/257/1076 12814/259/1076 12813/256/1076
f 12817/258/1076 12816/257/1076 12813/256/1076
s 1
f 12818/261/1086 12819/262/1086 12820/264/1087
f 12821/263/1088 12819/262/1086 12818/261/1086
s 0
f 12822/265/1076 12813/256/1076 12815/260/1076
s 1
f 12823/264/1089 12824/263/1090 12825/262/1091
f 12826/261/1092 12824/263/1090 12823/264/1089
s 0
f 12827/256/1076 12828/257/1076 12829/258/1076
f 12830/259/1076 12828/257/1076 12827/256/1076
f 12831/260/1076 12830/259/1076 12827/256/1076
f 12831/260/1076 12827/256/1076 12832/265/1076
f 12833/269/950 12834/268/950 12835/266/950
f 12836/267/1068 12834/268/1068 12833/269/1068
f 12837/266/1083 12838/267/1083 12839/268/1083
f 12840/269/1093 12838/267/1093 12837/266/1093
f 12841/270/1081 12842/271/1081 12843/272/1081
f 12844/273/1080 12842/271/1080 12841/270/1080
f 12845/274/1070 12846/273/1070 12841/270/1070
f 12847/275/1070 12841/270/1070 12843/272/1070
f 12848/276/1070 12841/270/1070 12847/275/1070
f 12849/277/1077 12850/278/1077 12851/279/1077
f 12852/280/1077 12853/278/1077 12849/277/1077
f 12854/281/1077 12852/280/1077 12849/277/1077
f 12855/282/1077 12849/277/1077 12856/283/1077
f 12854/281/1076 12849/277/1076 12855/282/1076
s 1
f 12857/269/949 12858/268/949 12859/267/949
f 12860/266/949 12858/268/949 12857/269/949
s 0
f 12861/266/1094 12862/267/1094 12863/269/1094
f 12864/268/1095 12862/267/1095 12861/266/1095
f 12865/270/1077 12866/273/1077 12867/274/1077
f 12868/271/1077 12869/273/1077 12865/270/1077
f 12870/272/1076 12868/271/1076 12865/270/1076
f 12865/270/1077 12871/275/1077 12870/272/1077
f 12872/276/1077 12871/275/1077 12865/270/1077
f 12873/277/1070 12874/280/1070 12875/281/1070
f 12876/278/1070 12874/280/1070 12873/277/1070
f 12877/279/1070 12878/278/1070 12873/277/1070
f 12873/277/1081 12879/282/1081 12880/283/1081
f 12875/281/1081 12879/282/1081 12873/277/1081
s 1
f 12881/264/1096 12882/263/1097 12883/261/1098
f 12884/262/1099 12882/263/1097 12881/264/1096
s 0
f 12885/256/1081 12886/259/1081 12887/260/1081
f 12888/257/1070 12886/259/1070 12885/256/1070
f 12889/258/1070 12888/257/1070 12885/256/1070
f 12890/265/1084 12885/256/1084 12887/260/1084
f 12891/305/1100 12892/306/1100 12893/203/1100
f 12894/203/1101 12892/306/1101 12891/305/1101
f 12895/204/1102 12894/203/1102 12891/305/1102
s 1
f 12694/201/1033 12696/203/1034 12896/204/1034
s 0
f 12735/252/1 12897/253/1 12733/255/1
f 12737/254/1 12897/253/1 12735/252/1
f 12898/204/1060 12743/203/1060 12739/201/1060
f 12891/305/1103 12893/203/1103 12899/204/1103
f 12709/349/1104 12900/378/1104 12901/379/1104
f 12902/350/1069 12903/378/1069 12709/349/1105
s 1
f 12713/351/1106 12904/350/723 12709/349/1107
f 12754/376/1066 12905/368/1067 12729/366/1057
s 0
f 12709/349/1108 12906/379/1108 12907/378/1108
f 12908/380/1109 12909/379/1109 12709/349/950
f 12901/379/1110 12910/380/1110 12709/349/1110
s 1
f 12907/378/1111 12911/350/1112 12709/349/644
s 0
f 12912/201/1033 12913/202/1033 12914/203/1033
f 12915/203/1033 12913/202/1033 12912/201/1033
f 12916/204/1034 12915/203/1034 12912/201/1034
s 1
f 12917/345/1035 12918/346/1036 12919/347/1036
f 12920/347/1036 12918/346/1036 12917/345/1035
f 12921/348/1035 12920/347/1036 12917/345/1035
f 12922/345/1037 12923/346/1038 12924/347/1038
f 12925/347/1038 12923/346/1038 12922/345/1037
f 12926/348/1039 12925/347/1038 12922/345/1037
s 0
f 12927/349/1042 12928/350/1042 12929/351/1042
f 12930/352/1068 12927/349/1068 12929/351/1068
f 12931/351/723 12927/349/723 12930/352/723
f 12932/353/950 12931/351/950 12930/352/950
s 1
f 12933/354/1064 12934/355/1044 12935/356/1044
f 12936/357/1113 12934/355/1044 12933/354/1064
f 12937/358/1047 12936/357/1113 12933/354/1064
f 12938/359/1048 12936/357/1113 12937/358/1047
f 12939/360/1063 12938/359/1048 12937/358/1047
f 12940/361/1050 12938/359/1048 12939/360/1063
f 12941/362/1051 12940/361/1050 12939/360/1063
f 12942/363/1052 12940/361/1050 12941/362/1051
f 12943/360/1053 12942/363/1052 12941/362/1051
f 12944/361/1054 12942/363/1052 12943/360/1053
f 12945/364/1055 12944/361/1054 12943/360/1053
f 12946/365/1056 12944/361/1054 12945/364/1055
f 12947/366/1057 12946/365/1056 12945/364/1055
f 12948/367/1114 12946/365/1056 12947/366/1057
f 12949/368/1059 12948/367/1114 12947/366/1057
s 0
f 12950/254/1 12951/255/1 12952/253/1
f 12953/252/1 12951/255/1 12950/254/1
f 12954/255/1 12953/252/1 12950/254/1
f 12955/254/1 12953/252/1 12954/255/1
f 12956/253/1 12955/254/1 12954/255/1
f 12957/201/1060 12958/203/1060 12959/204/1060
f 12960/202/1060 12958/203/1060 12957/201/1060
f 12961/203/1060 12960/202/1060 12957/201/1060
s 1
f 12962/348/1035 12917/345/1035 12919/347/1036
f 12963/348/1039 12922/345/1037 12924/347/1038
f 12964/369/1062 12946/365/1056 12948/367/1114
f 12944/361/1054 12946/365/1056 12964/369/1062
f 12965/370/1053 12944/361/1054 12964/369/1062
f 12942/363/1052 12944/361/1054 12965/370/1053
f 12966/371/1051 12942/363/1052 12965/370/1053
f 12940/361/1050 12942/363/1052 12966/371/1051
f 12967/370/1063 12940/361/1050 12966/371/1051
f 12938/359/1048 12940/361/1050 12967/370/1063
f 12968/372/1047 12938/359/1048 12967/370/1063
f 12936/357/1113 12938/359/1048 12968/372/1047
f 12969/373/1064 12936/357/1113 12968/372/1047
f 12934/355/1044 12936/357/1113 12969/373/1064
f 12970/374/1044 12934/355/1044 12969/373/1064
f 12971/375/1065 12947/366/1057 12945/364/1055
f 12972/376/1066 12947/366/1057 12971/375/1065
f 12973/377/1067 12972/376/1066 12971/375/1065
s 0
f 12974/353/950 12930/352/950 12929/351/950
f 12975/253/1 12954/255/1 12950/254/1
f 12976/256/1070 12977/257/1070 12978/258/1070
f 12979/259/1070 12977/257/1070 12976/256/1070
f 12980/260/1070 12979/259/1070 12976/256/1070
s 1
f 12981/261/1115 12982/262/1116 12983/263/1117
f 12984/264/1118 12982/262/1116 12981/261/1115
s 0
f 12980/260/1070 12976/256/1070 12985/265/1070
f 12986/266/1119 12987/267/1119 12988/268/1119
s 1
f 12989/269/1120 12987/267/1120 12986/266/1120
f 12990/269/1068 12991/268/1068 12992/266/723
f 12993/267/950 12991/268/1068 12990/269/1068
s 0
f 12994/270/1076 12995/271/1076 12996/272/1076
f 12997/273/1076 12995/271/1076 12994/270/1076
f 12998/274/1076 12997/273/1076 12994/270/1076
f 12999/275/1076 12994/270/1076 12996/272/1076
f 13000/276/1076 12994/270/1076 12999/275/1076
f 13001/277/1070 13002/278/1070 13003/279/1070
f 13004/280/1070 13002/278/1070 13001/277/1070
f 13005/281/1070 13004/280/1070 13001/277/1070
f 13006/282/1081 13001/277/1081 13007/283/1081
f 13005/281/1081 13001/277/1081 13006/282/1081
f 13008/266/1082 13009/267/1082 13010/269/1082
f 13011/268/1121 13009/267/1121 13008/266/1121
f 13012/269/949 13013/268/949 13014/267/949
f 13015/266/724 13013/268/724 13012/269/724
f 13016/270/1070 13017/273/1070 13018/274/1070
f 13019/271/1070 13017/273/1070 13016/270/1070
f 13020/272/1070 13019/271/1070 13016/270/1070
f 13016/270/1081 13021/275/1081 13020/272/1081
f 13022/276/1081 13023/275/1081 13016/270/1081
f 13024/277/1076 13025/280/1076 13026/281/1076
f 13027/278/1076 13025/280/1076 13024/277/1076
f 13028/279/1076 13027/278/1076 13024/277/1076
f 13024/277/1077 13029/282/1077 13030/283/1077
f 13026/281/1077 13029/282/1077 13024/277/1077
f 13031/256/1076 13032/259/1076 13033/260/1076
f 13034/257/1077 13032/259/1077 13031/256/1077
f 13035/258/1122 13034/257/1122 13031/256/1122
s 1
f 13036/261/1123 13037/262/1123 13038/264/1124
f 13039/263/1125 13037/262/1123 13036/261/1123
s 0
f 13040/265/1076 13031/256/1076 13033/260/1076
s 1
f 13041/264/1126 13042/263/1127 13043/262/1128
f 13044/261/1129 13042/263/1127 13041/264/1126
s 0
f 13045/256/1076 13046/257/1076 13047/258/1076
f 13048/259/1076 13046/257/1076 13045/256/1076
f 13049/260/1076 13048/259/1076 13045/256/1076
f 13049/260/1076 13045/256/1076 13050/265/1076
f 13051/269/724 13052/268/724 13053/266/724
f 13054/267/724 13052/268/724 13051/269/724
f 13055/266/1130 13056/267/1130 13057/268/1130
f 13058/269/1130 13056/267/1130 13055/266/1130
f 13059/270/1080 13060/271/1080 13061/272/1080
f 13062/273/1081 13060/271/1081 13059/270/1081
f 13063/274/1081 13064/273/1081 13059/270/1081
f 13065/275/1070 13059/270/1070 13061/272/1070
f 13066/276/1079 13059/270/1079 13065/275/1079
f 13067/277/1076 13068/278/1076 13069/279/1076
f 13070/280/1078 13071/278/1078 13067/277/1078
f 13072/281/1076 13070/280/1076 13067/277/1076
f 13073/282/1077 13067/277/1077 13074/283/1077
f 13072/281/1077 13067/277/1077 13073/282/1077
f 13075/269/950 13076/268/950 13077/267/950
f 13078/266/1068 13076/268/1068 13075/269/1068
s 1
f 13079/266/1131 13080/267/1131 13081/269/1131
s 0
f 13082/268/1132 13080/267/1132 13079/266/1132
f 13083/270/1077 13084/273/1077 13085/274/1077
f 13086/271/1077 13087/273/1077 13083/270/1077
f 13088/272/1076 13086/271/1076 13083/270/1076
f 13083/270/1077 13089/275/1077 13088/272/1077
f 13090/276/1076 13089/275/1076 13083/270/1076
f 13091/277/1070 13092/280/1070 13093/281/1070
f 13094/278/1070 13092/280/1070 13091/277/1070
f 13095/279/1070 13096/278/1070 13091/277/1070
f 13091/277/1070 13097/282/1070 13098/283/1070
f 13093/281/1070 13097/282/1070 13091/277/1070
s 1
f 13099/264/1133 13100/263/1134 13101/261/1135
f 13102/262/1136 13100/263/1134 13099/264/1133
s 0
f 13103/256/1070 13104/259/1070 13105/260/1070
f 13106/257/1081 13104/259/1081 13103/256/1081
f 13107/258/1070 13106/257/1070 13103/256/1070
f 13108/265/1070 13103/256/1070 13105/260/1070
f 13109/305/1101 13110/306/1101 13111/203/1101
f 13112/203/1101 13110/306/1101 13109/305/1101
f 13113/204/1102 13112/203/1102 13109/305/1102
f 12912/201/1034 12914/203/1034 13114/204/1034
f 12953/252/1 13115/253/1 12951/255/1
f 12955/254/1 13115/253/1 12953/252/1
f 13116/204/1060 12961/203/1060 12957/201/1060
f 13109/305/1137 13111/203/1137 13117/204/1137
f 12927/349/667 13118/378/667 13119/379/667
f 13120/350/1138 13121/378/1138 12927/349/645
s 1
f 12931/351/1139 13122/350/1041 12927/349/1111
f 12972/376/1066 13123/368/1067 12947/366/1057
s 0
f 12927/349/643 13124/379/1111 13125/378/643
f 13126/380/1110 13127/379/1110 12927/349/1110
f 13119/379/1109 13128/380/1109 12927/349/1109
s 1
f 13125/378/1042 13129/350/1140 12927/349/1141
s 0
f 13130/201/1034 13131/202/1034 13132/203/1034
f 13133/203/1034 13131/202/1034 13130/201/1034
f 13134/204/1034 13133/203/1034 13130/201/1034
s 1
f 13135/345/1035 13136/346/1036 13137/347/1036
f 13138/347/1036 13136/346/1036 13135/345/1035
f 13139/348/1035 13138/347/1036 13135/345/1035
f 13140/345/1037 13141/346/1038 13142/347/1038
f 13143/347/1038 13141/346/1038 13140/345/1037
f 13144/348/1039 13143/347/1038 13140/345/1037
s 0
f 13145/349/1142 13146/350/643 13147/351/643
f 13148/352/949 13145/349/949 13147/351/949
f 13149/351/723 13145/349/723 13148/352/723
f 13150/353/723 13149/351/723 13148/352/723
s 1
f 13151/354/1043 13152/355/1044 13153/356/1044
f 13154/357/1113 13152/355/1044 13151/354/1043
f 13155/358/1047 13154/357/1113 13151/354/1043
f 13156/359/1048 13154/357/1113 13155/358/1047
f 13157/360/1049 13156/359/1048 13155/358/1047
f 13158/361/1050 13156/359/1048 13157/360/1049
f 13159/362/1051 13158/361/1050 13157/360/1049
f 13160/363/1052 13158/361/1050 13159/362/1051
f 13161/360/1053 13160/363/1052 13159/362/1051
f 13162/361/1054 13160/363/1052 13161/360/1053
f 13163/364/1055 13162/361/1054 13161/360/1053
f 13164/365/1143 13162/361/1054 13163/364/1055
f 13165/366/1057 13164/365/1143 13163/364/1055
f 13166/367/1058 13164/365/1143 13165/366/1057
f 13167/368/1059 13166/367/1058 13165/366/1057
s 0
f 13168/254/1 13169/255/1 13170/253/1
f 13171/252/1 13169/255/1 13168/254/1
f 13172/255/1 13171/252/1 13168/254/1
f 13173/254/1 13171/252/1 13172/255/1
f 13174/253/1 13173/254/1 13172/255/1
f 13175/201/1060 13176/203/1060 13177/204/1060
f 13178/202/1144 13176/203/1144 13175/201/1144
f 13179/203/1144 13178/202/1144 13175/201/1144
s 1
f 13180/348/1035 13135/345/1035 13137/347/1036
f 13181/348/1039 13140/345/1037 13142/347/1038
f 13182/369/1062 13164/365/1143 13166/367/1058
f 13162/361/1054 13164/365/1143 13182/369/1062
f 13183/370/1053 13162/361/1054 13182/369/1062
f 13160/363/1052 13162/361/1054 13183/370/1053
f 13184/371/1051 13160/363/1052 13183/370/1053
f 13158/361/1050 13160/363/1052 13184/371/1051
f 13185/370/1063 13158/361/1050 13184/371/1051
f 13156/359/1048 13158/361/1050 13185/370/1063
f 13186/372/1047 13156/359/1048 13185/370/1063
f 13154/357/1113 13156/359/1048 13186/372/1047
f 13187/373/1043 13154/357/1113 13186/372/1047
f 13152/355/1044 13154/357/1113 13187/373/1043
f 13188/374/1044 13152/355/1044 13187/373/1043
f 13189/375/1145 13165/366/1057 13163/364/1055
f 13190/376/1066 13165/366/1057 13189/375/1145
f 13191/377/1067 13190/376/1066 13189/375/1145
s 0
f 13192/353/1068 13148/352/1068 13147/351/1068
f 13193/253/1 13172/255/1 13168/254/1
f 13194/256/1070 13195/257/1070 13196/258/1070
f 13197/259/1070 13195/257/1070 13194/256/1070
f 13198/260/1081 13197/259/1081 13194/256/1081
s 1
f 13199/261/1071 13200/262/1115 13201/263/1146
f 13202/264/1147 13200/262/1115 13199/261/1071
s 0
f 13198/260/1081 13194/256/1081 13203/265/1081
f 13204/266/1148 13205/267/1148 13206/268/1148
f 13207/269/1149 13205/267/1149 13204/266/1149
s 1
f 13208/269/1068 13209/268/1068 13210/266/1068
f 13211/267/950 13209/268/1068 13208/269/1068
s 0
f 13212/270/1076 13213/271/1076 13214/272/1076
f 13215/273/1077 13213/271/1077 13212/270/1077
f 13216/274/1077 13215/273/1077 13212/270/1077
f 13217/275/1076 13212/270/1076 13214/272/1076
f 13218/276/1076 13212/270/1076 13217/275/1076
f 13219/277/1070 13220/278/1070 13221/279/1070
f 13222/280/1070 13220/278/1070 13219/277/1070
f 13223/281/1081 13222/280/1081 13219/277/1081
f 13224/282/1070 13219/277/1070 13225/283/1070
f 13223/281/1080 13219/277/1080 13224/282/1080
f 13226/266/1131 13227/267/1131 13228/269/1131
f 13229/268/1150 13227/267/1150 13226/266/1150
f 13230/269/724 13231/268/724 13232/267/724
f 13233/266/724 13231/268/724 13230/269/724
f 13234/270/1070 13235/273/1070 13236/274/1070
f 13237/271/1084 13235/273/1084 13234/270/1084
f 13238/272/1081 13237/271/1081 13234/270/1081
f 13234/270/1081 13239/275/1081 13238/272/1081
f 13240/276/1081 13241/275/1081 13234/270/1081
f 13242/277/1077 13243/280/1077 13244/281/1077
f 13245/278/1076 13243/280/1076 13242/277/1076
f 13246/279/1076 13245/278/1076 13242/277/1076
f 13242/277/1076 13247/282/1076 13248/283/1076
f 13244/281/1151 13247/282/1151 13242/277/1151
f 13249/256/1076 13250/259/1076 13251/260/1076
f 13252/257/1076 13250/259/1076 13249/256/1076
f 13253/258/1076 13252/257/1076 13249/256/1076
s 1
f 13254/261/1152 13255/262/1086 13256/264/1153
f 13257/263/1154 13255/262/1086 13254/261/1152
s 0
f 13258/265/1076 13249/256/1076 13251/260/1076
s 1
f 13259/264/1155 13260/263/1156 13261/262/1157
f 13262/261/1158 13260/263/1156 13259/264/1155
s 0
f 13263/256/1077 13264/257/1077 13265/258/1077
f 13266/259/1077 13264/257/1077 13263/256/1077
f 13267/260/1076 13266/259/1076 13263/256/1076
f 13267/260/1076 13263/256/1076 13268/265/1076
f 13269/269/950 13270/268/950 13271/266/950
f 13272/267/950 13270/268/950 13269/269/950
f 13273/266/1159 13274/267/1159 13275/268/1159
f 13276/269/1160 13274/267/1160 13273/266/1160
f 13277/270/1070 13278/271/1070 13279/272/1070
f 13280/273/1070 13278/271/1070 13277/270/1070
f 13281/274/1081 13282/273/1081 13277/270/1081
f 13283/275/1070 13277/270/1070 13279/272/1070
f 13284/276/1070 13277/270/1070 13283/275/1070
f 13285/277/1076 13286/278/1076 13287/279/1076
f 13288/280/1076 13289/278/1076 13285/277/1076
f 13290/281/1076 13288/280/1076 13285/277/1076
f 13291/282/1077 13285/277/1077 13292/283/1077
f 13290/281/1076 13285/277/1076 13291/282/1076
s 1
f 13293/269/950 13294/268/950 13295/267/950
f 13296/266/950 13294/268/950 13293/269/950
s 0
f 13297/266/1121 13298/267/1121 13299/269/1121
f 13300/268/1161 13298/267/1161 13297/266/1161
f 13301/270/1077 13302/273/1077 13303/274/1077
f 13304/271/1076 13305/273/1076 13301/270/1076
f 13306/272/1076 13304/271/1076 13301/270/1076
s 1
f 13301/270/1162 13307/275/1162 13306/272/1162
s 0
f 13308/276/1077 13307/275/1077 13301/270/1077
f 13309/277/1081 13310/280/1081 13311/281/1081
f 13312/278/1070 13310/280/1070 13309/277/1070
f 13313/279/1070 13314/278/1070 13309/277/1070
f 13309/277/1081 13315/282/1081 13316/283/1081
f 13311/281/1081 13315/282/1081 13309/277/1081
s 1
f 13317/264/1096 13318/263/1163 13319/261/1164
f 13320/262/1165 13318/263/1163 13317/264/1096
s 0
f 13321/256/1070 13322/259/1070 13323/260/1070
f 13324/257/1070 13322/259/1070 13321/256/1070
f 13325/258/1070 13324/257/1070 13321/256/1070
f 13326/265/1070 13321/256/1070 13323/260/1070
f 13327/305/1102 13328/306/1102 13329/203/1102
f 13330/203/1102 13328/306/1102 13327/305/1102
f 13331/204/1102 13330/203/1102 13327/305/1102
f 13130/201/1166 13132/203/1166 13332/204/1166
f 13171/252/1 13333/253/1 13169/255/1
f 13173/254/1 13333/253/1 13171/252/1
f 13334/204/1060 13179/203/1060 13175/201/1060
f 13327/305/1137 13329/203/1137 13335/204/1137
f 13145/349/1111 13336/378/1111 13337/379/1111
f 13338/350/724 13339/378/724 13145/349/1042
f 13149/351/1167 13340/350/1167 13145/349/1167
s 1
f 13190/376/1066 13341/368/1067 13165/366/1057
s 0
f 13145/349/1042 13342/379/1168 13343/378/1169
f 13344/380/1109 13345/379/1109 13145/349/644
f 13337/379/1110 13346/380/1110 13145/349/1110
f 13343/378/1170 13347/350/1170 13145/349/1106
s 1
f 13348/201/1166 13349/202/1166 13350/203/1166
s 0
f 13351/203/1166 13349/202/1166 13348/201/1166
f 13352/204/1034 13351/203/1034 13348/201/1034
s 1
f 13353/345/1035 13354/346/1036 13355/347/1036
f 13356/347/1036 13354/346/1036 13353/345/1035
f 13357/348/1035 13356/347/1036 13353/345/1035
f 13358/345/1037 13359/346/1038 13360/347/1038
f 13361/347/1038 13359/346/1038 13358/345/1037
f 13362/348/1039 13361/347/1038 13358/345/1037
f 13363/349/950 13364/350/949 13365/351/1140
s 0
f 13366/352/1068 13363/349/1068 13365/351/1068
f 13367/351/950 13363/349/950 13366/352/950
f 13368/353/1068 13367/351/1068 13366/352/1068
s 1
f 13369/354/1064 13370/355/1044 13371/356/1044
f 13372/357/1046 13370/355/1044 13369/354/1064
f 13373/358/1047 13372/357/1046 13369/354/1064
f 13374/359/1048 13372/357/1046 13373/358/1047
f 13375/360/1063 13374/359/1048 13373/358/1047
f 13376/361/1050 13374/359/1048 13375/360/1063
f 13377/362/1051 13376/361/1050 13375/360/1063
f 13378/363/1052 13376/361/1050 13377/362/1051
f 13379/360/1053 13378/363/1052 13377/362/1051
f 13380/361/1054 13378/363/1052 13379/360/1053
f 13381/364/1055 13380/361/1054 13379/360/1053
f 13382/365/1143 13380/361/1054 13381/364/1055
f 13383/366/1171 13382/365/1143 13381/364/1055
f 13384/367/1114 13382/365/1143 13383/366/1171
f 13385/368/1172 13384/367/1114 13383/366/1171
s 0
f 13386/254/1 13387/255/1 13388/253/1
f 13389/252/1 13387/255/1 13386/254/1
f 13390/255/1 13389/252/1 13386/254/1
f 13391/254/1 13389/252/1 13390/255/1
f 13392/253/1 13391/254/1 13390/255/1
s 1
f 13393/201/1061 13394/203/1060 13395/204/1060
f 13396/202/1061 13394/203/1060 13393/201/1061
s 0
f 13397/203/1061 13396/202/1061 13393/201/1061
s 1
f 13398/348/1035 13353/345/1035 13355/347/1036
f 13399/348/1039 13358/345/1037 13360/347/1038
f 13400/369/1062 13382/365/1143 13384/367/1114
f 13380/361/1054 13382/365/1143 13400/369/1062
f 13401/370/1053 13380/361/1054 13400/369/1062
f 13378/363/1052 13380/361/1054 13401/370/1053
f 13402/371/1051 13378/363/1052 13401/370/1053
f 13376/361/1050 13378/363/1052 13402/371/1051
f 13403/370/1049 13376/361/1050 13402/371/1051
f 13374/359/1048 13376/361/1050 13403/370/1049
f 13404/372/1047 13374/359/1048 13403/370/1049
f 13372/357/1046 13374/359/1048 13404/372/1047
f 13405/373/1064 13372/357/1046 13404/372/1047
f 13370/355/1044 13372/357/1046 13405/373/1064
f 13406/374/1044 13370/355/1044 13405/373/1064
f 13407/375/1145 13383/366/1171 13381/364/1055
f 13408/376/1066 13383/366/1171 13407/375/1145
f 13409/377/1067 13408/376/1066 13407/375/1145
s 0
f 13410/353/950 13366/352/950 13365/351/950
f 13411/253/1 13390/255/1 13386/254/1
f 13412/256/1070 13413/257/1070 13414/258/1070
f 13415/259/1081 13413/257/1081 13412/256/1081
f 13416/260/1070 13415/259/1070 13412/256/1070
s 1
f 13417/261/1115 13418/262/1173 13419/263/1174
f 13420/264/1175 13418/262/1173 13417/261/1115
s 0
f 13416/260/1070 13412/256/1070 13421/265/1070
f 13422/266/1094 13423/267/1094 13424/268/1094
f 13425/269/1094 13423/267/1094 13422/266/1094
s 1
f 13426/269/950 13427/268/950 13428/266/950
s 0
f 13429/267/724 13427/268/724 13426/269/724
f 13430/270/1076 13431/271/1076 13432/272/1076
f 13433/273/1076 13431/271/1076 13430/270/1076
f 13434/274/1077 13433/273/1077 13430/270/1077
f 13435/275/1076 13430/270/1076 13432/272/1076
f 13436/276/1076 13430/270/1076 13435/275/1076
f 13437/277/1070 13438/278/1070 13439/279/1070
f 13440/280/1070 13438/278/1070 13437/277/1070
f 13441/281/1070 13440/280/1070 13437/277/1070
f 13442/282/1070 13437/277/1070 13443/283/1070
f 13441/281/1070 13437/277/1070 13442/282/1070
s 1
f 13444/266/1176 13445/267/1176 13446/269/1176
s 0
f 13447/268/1177 13445/267/1177 13444/266/1177
s 1
f 13448/269/950 13449/268/950 13450/267/950
f 13451/266/1068 13449/268/950 13448/269/950
s 0
f 13452/270/1070 13453/273/1070 13454/274/1070
f 13455/271/1070 13453/273/1070 13452/270/1070
f 13456/272/1070 13455/271/1070 13452/270/1070
f 13452/270/1081 13457/275/1081 13456/272/1081
f 13458/276/1081 13459/275/1081 13452/270/1081
f 13460/277/1076 13461/280/1076 13462/281/1076
f 13463/278/1076 13461/280/1076 13460/277/1076
f 13464/279/1076 13463/278/1076 13460/277/1076
f 13460/277/1076 13465/282/1076 13466/283/1076
f 13462/281/1076 13465/282/1076 13460/277/1076
f 13467/256/1076 13468/259/1076 13469/260/1076
f 13470/257/1076 13468/259/1076 13467/256/1076
f 13471/258/1076 13470/257/1076 13467/256/1076
s 1
f 13472/261/1086 13473/262/1123 13474/264/1178
f 13475/263/1179 13473/262/1123 13472/261/1086
s 0
f 13476/265/1076 13467/256/1076 13469/260/1076
s 1
f 13477/264/1126 13478/263/1089 13479/262/1180
f 13480/261/1181 13478/263/1089 13477/264/1126
s 0
f 13481/256/1076 13482/257/1076 13483/258/1076
f 13484/259/1077 13482/257/1077 13481/256/1077
f 13485/260/1076 13484/259/1076 13481/256/1076
f 13485/260/1076 13481/256/1076 13486/265/1076
f 13487/269/950 13488/268/950 13489/266/950
f 13490/267/950 13488/268/950 13487/269/950
f 13491/266/1160 13492/267/1160 13493/268/1160
f 13494/269/1075 13492/267/1075 13491/266/1075
f 13495/270/1081 13496/271/1081 13497/272/1081
f 13498/273/1081 13496/271/1081 13495/270/1081
f 13499/274/1081 13500/273/1081 13495/270/1081
f 13501/275/1070 13495/270/1070 13497/272/1070
f 13502/276/1070 13495/270/1070 13501/275/1070
f 13503/277/1076 13504/278/1076 13505/279/1076
f 13506/280/1076 13507/278/1076 13503/277/1076
f 13508/281/1076 13506/280/1076 13503/277/1076
f 13509/282/1076 13503/277/1076 13510/283/1076
f 13508/281/1076 13503/277/1076 13509/282/1076
f 13511/269/950 13512/268/950 13513/267/950
f 13514/266/950 13512/268/950 13511/269/950
s 1
f 13515/266/1177 13516/267/1083 13517/269/1130
f 13518/268/1130 13516/267/1083 13515/266/1177
s 0
f 13519/270/1077 13520/273/1077 13521/274/1077
f 13522/271/1078 13523/273/1078 13519/270/1078
f 13524/272/1076 13522/271/1076 13519/270/1076
f 13519/270/1076 13525/275/1076 13524/272/1076
f 13526/276/1076 13525/275/1076 13519/270/1076
f 13527/277/1070 13528/280/1070 13529/281/1070
f 13530/278/1070 13528/280/1070 13527/277/1070
f 13531/279/1070 13532/278/1070 13527/277/1070
f 13527/277/1070 13533/282/1070 13534/283/1070
f 13529/281/1070 13533/282/1070 13527/277/1070
s 1
f 13535/264/1133 13536/263/1134 13537/261/1182
f 13538/262/1183 13536/263/1134 13535/264/1133
s 0
f 13539/256/1070 13540/259/1070 13541/260/1070
f 13542/257/1070 13540/259/1070 13539/256/1070
f 13543/258/1070 13542/257/1070 13539/256/1070
f 13544/265/1070 13539/256/1070 13541/260/1070
f 13545/305/1184 13546/306/1184 13547/203/1184
f 13548/203/1102 13546/306/1102 13545/305/1102
f 13549/204/1137 13548/203/1137 13545/305/1137
f 13348/201/1034 13350/203/1034 13550/204/1034
f 13389/252/1 13551/253/1 13387/255/1
f 13391/254/1 13551/253/1 13389/252/1
f 13552/204/1061 13397/203/1061 13393/201/1061
f 13545/305/1185 13547/203/1185 13553/204/1185
f 13363/349/1042 13554/378/1042 13555/379/1042
f 13556/350/644 13557/378/644 13363/349/1186
f 13367/351/1112 13558/350/1112 13363/349/1112
s 1
f 13408/376/1066 13559/368/1067 13383/366/1171
s 0
f 13363/349/643 13560/379/643 13561/378/643
f 13562/380/1187 13563/379/1187 13363/349/644
f 13555/379/1188 13564/380/1188 13363/349/1188
s 1
f 13561/378/1104 13565/350/1138 13363/349/1108
s 0
f 13566/201/1034 13567/202/1034 13568/203/1034
f 13569/203/1034 13567/202/1034 13566/201/1034
f 13570/204/1034 13569/203/1034 13566/201/1034
s 1
f 13571/345/1035 13572/346/1036 13573/347/1036
f 13574/347/1036 13572/346/1036 13571/345/1035
f 13575/348/1035 13574/347/1036 13571/345/1035
f 13576/345/1037 13577/346/1038 13578/347/1038
f 13579/347/1038 13577/346/1038 13576/345/1037
f 13580/348/1039 13579/347/1038 13576/345/1037
s 0
f 13581/349/1111 13582/350/1111 13583/351/1111
f 13584/352/950 13581/349/950 13583/351/950
f 13585/351/723 13581/349/723 13584/352/723
f 13586/353/644 13585/351/644 13584/352/644
s 1
f 13587/354/1189 13588/355/1044 13589/356/1044
f 13590/357/1046 13588/355/1044 13587/354/1189
f 13591/358/1047 13590/357/1046 13587/354/1189
f 13592/359/1048 13590/357/1046 13591/358/1047
f 13593/360/1049 13592/359/1048 13591/358/1047
f 13594/361/1050 13592/359/1048 13593/360/1049
f 13595/362/1051 13594/361/1050 13593/360/1049
f 13596/363/1052 13594/361/1050 13595/362/1051
f 13597/360/1053 13596/363/1052 13595/362/1051
f 13598/361/1190 13596/363/1052 13597/360/1053
f 13599/364/1055 13598/361/1190 13597/360/1053
f 13600/365/1056 13598/361/1190 13599/364/1055
f 13601/366/1057 13600/365/1056 13599/364/1055
f 13602/367/1114 13600/365/1056 13601/366/1057
f 13603/368/1059 13602/367/1114 13601/366/1057
s 0
f 13604/254/1 13605/255/1 13606/253/1
f 13607/252/1 13605/255/1 13604/254/1
f 13608/255/1 13607/252/1 13604/254/1
f 13609/254/1 13607/252/1 13608/255/1
f 13610/253/1 13609/254/1 13608/255/1
f 13611/201/1060 13612/203/1060 13613/204/1060
s 1
f 13614/202/1061 13612/203/1061 13611/201/1061
s 0
f 13615/203/1061 13614/202/1061 13611/201/1061
s 1
f 13616/348/1035 13571/345/1035 13573/347/1036
f 13617/348/1039 13576/345/1037 13578/347/1038
f 13618/369/1062 13600/365/1056 13602/367/1114
f 13598/361/1190 13600/365/1056 13618/369/1062
f 13619/370/1053 13598/361/1190 13618/369/1062
f 13596/363/1052 13598/361/1190 13619/370/1053
f 13620/371/1051 13596/363/1052 13619/370/1053
f 13594/361/1050 13596/363/1052 13620/371/1051
f 13621/370/1063 13594/361/1050 13620/371/1051
f 13592/359/1048 13594/361/1050 13621/370/1063
f 13622/372/1047 13592/359/1048 13621/370/1063
f 13590/357/1046 13592/359/1048 13622/372/1047
f 13623/373/1043 13590/357/1046 13622/372/1047
f 13588/355/1044 13590/357/1046 13623/373/1043
f 13624/374/1044 13588/355/1044 13623/373/1043
f 13625/375/1191 13601/366/1057 13599/364/1055
f 13626/376/1066 13601/366/1057 13625/375/1191
f 13627/377/1067 13626/376/1066 13625/375/1191
s 0
f 13628/353/1068 13584/352/1068 13583/351/1068
f 13629/253/1 13608/255/1 13604/254/1
f 13630/256/1070 13631/257/1070 13632/258/1070
f 13633/259/1070 13631/257/1070 13630/256/1070
f 13634/260/1070 13633/259/1070 13630/256/1070
s 1
f 13635/261/1173 13636/262/1115 13637/263/1192
f 13638/264/1074 13636/262/1115 13635/261/1173
s 0
f 13634/260/1084 13630/256/1084 13639/265/1084
s 1
f 13640/266/1148 13641/267/1193 13642/268/722
f 13643/269/1075 13641/267/1193 13640/266/1148
s 0
f 13644/269/950 13645/268/950 13646/266/950
f 13647/267/1068 13645/268/1068 13644/269/1068
f 13648/270/1076 13649/271/1076 13650/272/1076
f 13651/273/1076 13649/271/1076 13648/270/1076
f 13652/274/1076 13651/273/1076 13648/270/1076
f 13653/275/1076 13648/270/1076 13650/272/1076
f 13654/276/1076 13648/270/1076 13653/275/1076
f 13655/277/1070 13656/278/1070 13657/279/1070
f 13658/280/1070 13656/278/1070 13655/277/1070
f 13659/281/1070 13658/280/1070 13655/277/1070
f 13660/282/1081 13655/277/1081 13661/283/1081
f 13659/281/1070 13655/277/1070 13660/282/1070
f 13662/266/1121 13663/267/1121 13664/269/1121
f 13665/268/1082 13663/267/1082 13662/266/1082
s 1
f 13666/269/1068 13667/268/1068 13668/267/1068
f 13669/266/950 13667/268/1068 13666/269/1068
s 0
f 13670/270/1070 13671/273/1070 13672/274/1070
f 13673/271/1070 13671/273/1070 13670/270/1070
f 13674/272/1070 13673/271/1070 13670/270/1070
f 13670/270/1070 13675/275/1070 13674/272/1070
f 13676/276/1070 13677/275/1070 13670/270/1070
f 13678/277/1076 13679/280/1076 13680/281/1076
f 13681/278/1076 13679/280/1076 13678/277/1076
f 13682/279/1076 13681/278/1076 13678/277/1076
f 13678/277/1076 13683/282/1076 13684/283/1076
f 13680/281/1076 13683/282/1076 13678/277/1076
f 13685/256/1076 13686/259/1076 13687/260/1076
f 13688/257/1076 13686/259/1076 13685/256/1076
f 13689/258/1076 13688/257/1076 13685/256/1076
s 1
f 13690/261/1123 13691/262/1086 13692/264/1194
f 13693/263/1195 13691/262/1086 13690/261/1123
s 0
f 13694/265/1076 13685/256/1076 13687/260/1076
s 1
f 13695/264/1126 13696/263/1156 13697/262/1196
f 13698/261/1197 13696/263/1156 13695/264/1126
s 0
f 13699/256/1076 13700/257/1076 13701/258/1076
f 13702/259/1076 13700/257/1076 13699/256/1076
f 13703/260/1076 13702/259/1076 13699/256/1076
f 13703/260/1076 13699/256/1076 13704/265/1076
f 13705/269/950 13706/268/950 13707/266/950
f 13708/267/1068 13706/268/1068 13705/269/1068
f 13709/266/1083 13710/267/1083 13711/268/1083
f 13712/269/1093 13710/267/1093 13709/266/1093
f 13713/270/1070 13714/271/1070 13715/272/1070
f 13716/273/1070 13714/271/1070 13713/270/1070
f 13717/274/1081 13718/273/1081 13713/270/1081
f 13719/275/1079 13713/270/1079 13715/272/1079
f 13720/276/1079 13713/270/1079 13719/275/1079
f 13721/277/1076 13722/278/1076 13723/279/1076
f 13724/280/1122 13725/278/1122 13721/277/1122
s 1
f 13726/281/1122 13724/280/1122 13721/277/1122
s 0
f 13727/282/1077 13721/277/1077 13728/283/1077
f 13726/281/1078 13721/277/1078 13727/282/1078
f 13729/269/724 13730/268/724 13731/267/724
f 13732/266/724 13730/268/724 13729/269/724
f 13733/266/1083 13734/267/1083 13735/269/1083
f 13736/268/1082 13734/267/1082 13733/266/1082
f 13737/270/1076 13738/273/1076 13739/274/1076
f 13740/271/1076 13741/273/1076 13737/270/1076
f 13742/272/1076 13740/271/1076 13737/270/1076
f 13737/270/1162 13743/275/1162 13742/272/1162
f 13744/276/1077 13743/275/1077 13737/270/1077
f 13745/277/1070 13746/280/1070 13747/281/1070
f 13748/278/1070 13746/280/1070 13745/277/1070
f 13749/279/1070 13750/278/1070 13745/277/1070
f 13745/277/1070 13751/282/1070 13752/283/1070
f 13747/281/1070 13751/282/1070 13745/277/1070
s 1
f 13753/264/1198 13754/263/1199 13755/261/1200
f 13756/262/1099 13754/263/1199 13753/264/1198
s 0
f 13757/256/1070 13758/259/1070 13759/260/1070
f 13760/257/1070 13758/259/1070 13757/256/1070
f 13761/258/1070 13760/257/1070 13757/256/1070
f 13762/265/1070 13757/256/1070 13759/260/1070
f 13763/305/1102 13764/306/1102 13765/203/1102
f 13766/203/1102 13764/306/1102 13763/305/1102
f 13767/204/1137 13766/203/1137 13763/305/1137
f 13566/201/1034 13568/203/1034 13768/204/1034
f 13607/252/1 13769/253/1 13605/255/1
f 13609/254/1 13769/253/1 13607/252/1
f 13770/204/1060 13615/203/1060 13611/201/1060
s 1
f 13763/305/1101 13765/203/1101 13771/204/1101
s 0
f 13581/349/1106 13772/378/644 13773/379/644
f 13774/350/644 13775/378/644 13581/349/1104
f 13585/351/1106 13776/350/1106 13581/349/1106
s 1
f 13626/376/1066 13777/368/1067 13601/366/1057
s 0
f 13581/349/1106 13778/379/1106 13779/378/949
f 13780/380/1201 13781/379/1201 13581/349/1201
f 13773/379/1142 13782/380/1142 13581/349/950
f 13779/378/645 13783/350/645 13581/349/1106
