# Blender 4.5.3 LTS
# www.blender.org
mtllib 03.mtl
o 03
v -518.658203 -0.000117 -6.403145
v -525.874207 -0.000117 -6.480137
v -518.683960 -0.000116 -3.998878
v -525.899902 -0.000116 -4.075825
v -504.232483 -0.000117 -6.249203
v -511.457214 -0.000117 -6.326328
v -504.258179 -0.000116 -3.844959
v -511.482666 -0.000116 -3.922043
v -504.258179 -0.000116 -3.844959
v -511.482666 -0.000116 -3.922043
v -504.283936 -0.000115 -1.440674
v -511.508423 -0.000115 -1.517735
v -518.683960 -0.000116 -3.998878
v -525.899902 -0.000116 -4.075825
v -518.709656 -0.000115 -1.594612
v -525.925415 -0.000115 -1.671608
v -511.420776 -0.483642 -9.730305
v -511.426331 -0.000119 -9.214512
v -504.196289 -0.483642 -9.653225
v -504.201843 -0.000119 -9.137409
v -525.837769 -0.483642 -9.884083
v -525.843384 -0.000119 -9.368275
v -518.622009 -0.483642 -9.807117
v -518.627380 -0.000119 -9.291328
v -511.426331 -0.000119 -9.214512
v -511.457214 -0.000117 -6.326328
v -504.201843 -0.000119 -9.137409
v -504.232483 -0.000117 -6.249203
v -518.627380 -0.000119 -9.291328
v -525.843384 -0.000119 -9.368275
v -518.658203 -0.000117 -6.403145
v -525.874207 -0.000117 -6.480137
v -511.508423 -0.000115 -1.517735
v -518.709656 -0.000115 -1.594612
v -518.627380 -0.000119 -9.291328
v -511.426331 -0.000119 -9.214512
v -518.622009 -0.483642 -9.807117
v -518.627380 -0.000119 -9.291328
v -511.420776 -0.483642 -9.730305
v -511.426331 -0.000119 -9.214512
v -533.109680 -0.000116 -4.152840
v -525.925415 -0.000115 -1.671608
v -533.135315 -0.000115 -1.748463
v -533.083923 -0.000117 -6.557034
v -533.109680 -0.000116 -4.152840
v -533.053101 -0.000119 -9.445267
v -533.083923 -0.000117 -6.557034
v -525.843384 -0.000119 -9.368275
v -533.047729 -0.483642 -9.960987
v -533.053101 -0.000119 -9.445267
v -525.837769 -0.483642 -9.884083
v -525.843384 -0.000119 -9.368275
v -525.951050 -0.000115 0.732700
v -525.976746 -0.000114 3.136986
v -518.735291 -0.000115 0.809673
v -518.760986 -0.000114 3.214000
v -511.534058 -0.000115 0.886482
v -511.559753 -0.000114 3.290794
v -504.309631 -0.000115 0.963634
v -504.335266 -0.000114 3.367851
v -511.534058 -0.000115 0.886482
v -504.283936 -0.000115 -1.440674
v -504.309631 -0.000115 0.963634
v -525.951050 -0.000115 0.732700
v -518.735291 -0.000115 0.809673
v -504.366150 -0.000113 6.255856
v -511.590576 -0.000113 6.178799
v -504.371460 -0.483635 6.771820
v -511.596008 -0.483635 6.694717
v -518.791809 -0.000113 6.101963
v -526.007568 -0.000113 6.024994
v -518.797241 -0.483635 6.617908
v -526.013000 -0.483635 6.540936
v -504.335266 -0.000114 3.367851
v -511.559753 -0.000114 3.290794
v -504.366150 -0.000113 6.255856
v -511.590576 -0.000113 6.178799
v -525.976746 -0.000114 3.136986
v -526.007568 -0.000113 6.024994
v -518.760986 -0.000114 3.214000
v -518.791809 -0.000113 6.101963
v -511.590576 -0.000113 6.178799
v -518.791809 -0.000113 6.101963
v -511.590576 -0.000113 6.178799
v -518.791809 -0.000113 6.101963
v -511.596008 -0.483635 6.694717
v -518.797241 -0.483635 6.617908
v -533.135315 -0.000115 -1.748463
v -533.161011 -0.000115 0.655800
v -533.161011 -0.000115 0.655800
v -533.186523 -0.000114 3.060062
v -533.186523 -0.000114 3.060062
v -526.007568 -0.000113 6.024994
v -533.217529 -0.000113 5.947979
v -526.007568 -0.000113 6.024994
v -533.217529 -0.000113 5.947979
v -526.013000 -0.483635 6.540936
v -533.222961 -0.483636 6.463970
v -505.011353 -0.381090 -9.445686
v -505.011353 0.183955 -9.445686
v -511.411377 -0.381090 -9.513920
v -511.411377 0.183955 -9.513920
v -505.000366 0.183955 -10.472347
v -505.000366 -0.408053 -10.472347
v -511.400452 0.183955 -10.540646
v -511.400452 -0.408053 -10.540646
v -505.011353 0.183955 -9.445686
v -505.000366 0.183955 -10.472347
v -511.411377 0.183955 -9.513920
v -511.400452 0.183955 -10.540646
v -518.624268 0.183955 -9.590885
v -518.624268 -0.381090 -9.590885
v -518.613281 -0.408053 -10.617619
v -518.613281 0.183955 -10.617619
v -518.613281 0.183955 -10.617619
v -518.624268 0.183955 -9.590885
v -519.426147 17.327690 -10.626279
v -519.426147 16.443144 -10.626279
v -533.039001 17.327690 -10.771497
v -533.039001 16.443144 -10.771497
v -519.437073 17.327690 -9.599545
v -533.049988 17.327690 -9.744748
v -519.437073 16.443144 -9.599545
v -533.049988 16.443144 -9.744748
v -519.437073 16.443144 -9.599545
v -533.049988 16.443144 -9.744748
v -519.426147 16.443144 -10.626279
v -533.039001 16.443144 -10.771497
v -511.581909 0.183961 6.478607
v -505.181885 0.183961 6.546906
v -511.581909 -0.381084 6.478607
v -505.181885 -0.381083 6.546906
v -511.593079 -0.408045 7.505333
v -505.192810 -0.408045 7.573677
v -511.593079 0.183962 7.505333
v -505.192810 0.183962 7.573677
v -511.593079 0.183962 7.505333
v -505.192810 0.183962 7.573677
v -511.581909 0.183961 6.478607
v -505.181885 0.183961 6.546906
v -518.794983 -0.381084 6.401684
v -518.794983 0.183961 6.401684
v -518.805969 0.183962 7.428410
v -518.805969 -0.408045 7.428410
v -518.794983 0.183961 6.401684
v -518.805969 0.183962 7.428410
v -533.231384 17.327694 7.274511
v -533.231384 16.443148 7.274511
v -519.618530 17.327696 7.419734
v -519.618530 16.443150 7.419734
v -533.220703 16.443148 6.247741
v -533.220703 17.327694 6.247741
v -519.607605 16.443148 6.393008
v -519.607605 17.327694 6.393008
v -533.231384 16.443148 7.274511
v -533.220703 16.443148 6.247741
v -519.618530 16.443150 7.419734
v -519.607605 16.443148 6.393008
v -526.007568 0.183961 6.324711
v -526.007568 -0.381084 6.324711
v -526.018555 -0.408045 7.351463
v -526.018555 0.183962 7.351463
v -526.018555 0.183962 7.351463
v -526.007568 0.183961 6.324711
v -532.407837 -0.381084 6.256393
v -532.407837 0.183961 6.256393
v -532.418823 0.183962 7.283165
v -532.418823 -0.408045 7.283165
v -532.407837 0.183961 6.256393
v -532.418823 0.183962 7.283165
v -525.837097 -0.381090 -9.667858
v -525.837097 0.183955 -9.667858
v -525.826172 0.183955 -10.694546
v -525.826172 -0.408053 -10.694546
v -525.837097 0.183955 -9.667858
v -525.826172 0.183955 -10.694546
v -532.237122 0.183955 -9.736088
v -532.237122 -0.381090 -9.736088
v -532.226135 -0.408053 -10.762859
v -532.226135 0.183955 -10.762859
v -532.226135 0.183955 -10.762859
v -532.237122 0.183955 -9.736088
v -518.196289 17.327692 -1.589147
v -518.282104 17.327694 6.465170
v -518.196289 16.443146 -1.589147
v -518.282104 16.443148 6.465170
v -518.196289 16.443146 -1.589147
v -518.282104 16.443148 6.465170
v -519.222961 16.443146 -1.600076
v -519.308838 16.443148 6.454200
v -518.110413 16.443144 -9.643414
v -518.110413 17.327690 -9.643414
v -519.136963 16.443144 -9.654416
v -518.110413 16.443144 -9.643414
v -431.642212 17.327692 -0.665647
v -431.728210 17.327696 7.388667
v -431.642212 16.443146 -0.665647
v -431.728210 16.443150 7.388667
v -431.642212 16.443146 -0.665647
v -431.728210 16.443150 7.388667
v -432.668823 16.443146 -0.676599
v -432.754700 16.443150 7.377650
v -431.556335 16.443144 -8.719960
v -431.556335 17.327690 -8.719960
v -432.582825 16.443144 -8.730912
v -431.556335 16.443144 -8.719960
v -417.631897 0.725964 -9.687412
v -417.635315 -1.350657 -9.375469
v -417.605286 0.725963 -12.180515
v -417.614014 -1.350658 -11.371334
v -419.730896 11.037967 -16.221630
v -419.773804 0.725963 -12.203648
v -417.562683 11.037967 -16.198475
v -417.605286 0.725963 -12.180515
v -419.730896 12.952319 -16.221640
v -417.562683 12.952319 -16.198484
v -419.773804 0.725963 -12.203648
v -419.800415 0.725964 -9.710522
v -417.605286 0.725963 -12.180515
v -417.631897 0.725964 -9.687412
v -417.845581 -1.350649 10.336929
v -417.824341 -1.350650 8.341022
v -417.854309 0.725972 11.146091
v -417.827698 0.725971 8.652988
v -417.854309 0.725972 11.146091
v -420.022827 0.725972 11.122940
v -417.897217 11.037977 15.164050
v -420.065430 11.037977 15.140965
v -417.897217 12.952330 15.164050
v -420.065430 12.952330 15.140965
v -417.827698 0.725971 8.652988
v -419.995972 0.725971 8.629837
v -417.854309 0.725972 11.146091
v -420.022827 0.725972 11.122940
v -446.529846 -0.000117 -5.633606
v -453.746704 -0.000117 -5.710575
v -446.555542 -0.000116 -3.229343
v -453.772217 -0.000116 -3.306377
v -432.104126 -0.000117 -5.479691
v -439.320068 -0.000117 -5.556660
v -432.129822 -0.000116 -3.075424
v -439.345825 -0.000116 -3.152374
v -417.678589 -0.000117 -5.325798
v -424.903076 -0.000117 -5.402832
v -417.704102 -0.000116 -2.921486
v -424.928833 -0.000116 -2.998569
v -417.704102 -0.000116 -2.921486
v -424.928833 -0.000116 -2.998569
v -417.729797 -0.000115 -0.517223
v -424.954224 -0.000115 -0.594330
v -432.129822 -0.000116 -3.075424
v -439.345825 -0.000116 -3.152374
v -432.155579 -0.000115 -0.671097
v -439.371338 -0.000115 -0.748131
v -446.555542 -0.000116 -3.229343
v -453.772217 -0.000116 -3.306377
v -446.581238 -0.000115 -0.825012
v -453.797913 -0.000115 -0.902027
v -424.866699 -0.483642 -8.806782
v -424.872253 -0.000119 -8.290997
v -417.642151 -0.483642 -8.729748
v -417.647583 -0.000119 -8.230026
v -439.283875 -0.483642 -8.960609
v -439.289246 -0.000119 -8.444843
v -432.067932 -0.483642 -8.883617
v -432.073303 -0.000119 -8.367874
v -453.710266 -0.483642 -9.114548
v -453.715881 -0.000119 -8.598736
v -446.493652 -0.483642 -9.037556
v -446.499023 -0.000119 -8.521770
v -424.872253 -0.000119 -8.290997
v -424.903076 -0.000117 -5.402832
v -417.647583 -0.000119 -8.230026
v -417.678589 -0.000117 -5.325798
v -432.073303 -0.000119 -8.367874
v -439.289246 -0.000119 -8.444843
v -432.104126 -0.000117 -5.479691
v -439.320068 -0.000117 -5.556660
v -446.499023 -0.000119 -8.521770
v -453.715881 -0.000119 -8.598736
v -446.529846 -0.000117 -5.633606
v -453.746704 -0.000117 -5.710575
v -424.954224 -0.000115 -0.594330
v -432.155579 -0.000115 -0.671097
v -432.073303 -0.000119 -8.367874
v -424.872253 -0.000119 -8.290997
v -432.067932 -0.483642 -8.883617
v -432.073303 -0.000119 -8.367874
v -424.866699 -0.483642 -8.806782
v -424.872253 -0.000119 -8.290997
v -439.371338 -0.000115 -0.748131
v -446.581238 -0.000115 -0.825012
v -446.499023 -0.000119 -8.521770
v -439.289246 -0.000119 -8.444843
v -446.493652 -0.483642 -9.037556
v -446.499023 -0.000119 -8.521770
v -439.283875 -0.483642 -8.960609
v -439.289246 -0.000119 -8.444843
v -460.981201 -0.000116 -3.383190
v -453.797913 -0.000115 -0.902027
v -461.006958 -0.000115 -0.978973
v -460.955566 -0.000117 -5.787498
v -460.981201 -0.000116 -3.383190
v -460.924683 -0.000119 -8.675663
v -460.955566 -0.000117 -5.787498
v -453.715881 -0.000119 -8.598736
v -460.919189 -0.483642 -9.191448
v -460.924683 -0.000119 -8.675663
v -453.710266 -0.483642 -9.114548
v -453.715881 -0.000119 -8.598736
v -453.823547 -0.000114 1.502258
v -453.849304 -0.000114 3.906524
v -446.606934 -0.000114 1.579231
v -446.632446 -0.000114 3.983539
v -439.396973 -0.000114 1.656155
v -439.422668 -0.000114 4.060421
v -432.181213 -0.000114 1.733170
v -432.206909 -0.000114 4.137386
v -424.979980 -0.000114 1.810028
v -425.005676 -0.000114 4.214272
v -417.755493 -0.000114 1.887062
v -417.781189 -0.000114 4.291374
v -424.979980 -0.000114 1.810028
v -417.729797 -0.000115 -0.517223
v -417.755493 -0.000114 1.887062
v -439.396973 -0.000114 1.656155
v -432.181213 -0.000114 1.733170
v -453.823547 -0.000114 1.502258
v -446.606934 -0.000114 1.579231
v -417.812073 -0.000112 7.195602
v -425.036499 -0.000112 7.102249
v -417.817383 -0.483635 7.695324
v -425.041870 -0.483635 7.618217
v -432.237732 -0.000112 7.025459
v -439.453491 -0.000112 6.948467
v -432.243103 -0.483635 7.541428
v -439.458862 -0.483635 7.464348
v -446.663452 -0.000112 6.871502
v -453.880127 -0.000112 6.794529
v -446.668823 -0.483635 7.387489
v -453.885498 -0.483635 7.310410
v -417.781189 -0.000114 4.291374
v -425.005676 -0.000114 4.214272
v -417.812073 -0.000112 7.195602
v -425.036499 -0.000112 7.102249
v -439.422668 -0.000114 4.060421
v -439.453491 -0.000112 6.948467
v -432.206909 -0.000114 4.137386
v -432.237732 -0.000112 7.025459
v -453.849304 -0.000114 3.906524
v -453.880127 -0.000112 6.794529
v -446.632446 -0.000114 3.983539
v -446.663452 -0.000112 6.871502
v -425.036499 -0.000112 7.102249
v -432.237732 -0.000112 7.025459
v -425.036499 -0.000112 7.102249
v -432.237732 -0.000112 7.025459
v -425.041870 -0.483635 7.618217
v -432.243103 -0.483635 7.541428
v -439.453491 -0.000112 6.948467
v -446.663452 -0.000112 6.871502
v -439.453491 -0.000112 6.948467
v -446.663452 -0.000112 6.871502
v -439.458862 -0.483635 7.464348
v -446.668823 -0.483635 7.387489
v -461.006958 -0.000115 -0.978973
v -461.032471 -0.000114 1.425335
v -461.032471 -0.000114 1.425335
v -461.058167 -0.000114 3.829624
v -461.058167 -0.000114 3.829624
v -453.880127 -0.000112 6.794529
v -461.088989 -0.000112 6.717625
v -453.880127 -0.000112 6.794529
v -461.088989 -0.000112 6.717625
v -453.885498 -0.483635 7.310410
v -461.094604 -0.483635 7.233616
v -418.457275 -0.381090 -8.522171
v -418.457275 0.183956 -8.522171
v -424.857544 -0.381090 -8.590488
v -424.857544 0.183956 -8.590488
v -418.446289 0.183955 -9.548893
v -418.446289 -0.408052 -9.548893
v -424.846375 0.183955 -9.617168
v -424.846375 -0.408052 -9.617168
v -418.457275 0.183956 -8.522171
v -418.446289 0.183955 -9.548893
v -424.857544 0.183956 -8.590488
v -424.846375 0.183955 -9.617168
v -432.070129 0.183956 -8.667370
v -432.070129 -0.381090 -8.667370
v -432.059204 -0.408052 -9.694141
v -432.059204 0.183955 -9.694141
v -432.059204 0.183955 -9.694141
v -432.070129 0.183956 -8.667370
v -432.872009 17.327690 -9.702825
v -432.872009 16.443144 -9.702825
v -446.484924 17.327690 -9.848020
v -446.484924 16.443144 -9.848020
v -432.882996 17.327690 -8.676091
v -446.495911 17.327690 -8.821355
v -432.882996 16.443144 -8.676091
v -446.495911 16.443144 -8.821355
v -432.882996 16.443144 -8.676091
v -446.495911 16.443144 -8.821355
v -432.872009 16.443144 -9.702825
v -446.484924 16.443144 -9.848020
v -425.028015 0.183962 7.402084
v -418.627991 0.183962 7.470379
v -425.028015 -0.381083 7.402084
v -418.627991 -0.381083 7.470379
v -425.038940 -0.408045 8.428856
v -418.638672 -0.408045 8.497108
v -425.038940 0.183963 8.428856
v -418.638672 0.183963 8.497108
v -425.038940 0.183963 8.428856
v -418.638672 0.183963 8.497108
v -425.028015 0.183962 7.402084
v -418.627991 0.183962 7.470379
v -432.240845 -0.381083 7.325138
v -432.240845 0.183962 7.325138
v -432.251831 0.183963 8.351887
v -432.251831 -0.408045 8.351887
v -432.240845 0.183962 7.325138
v -432.251831 0.183963 8.351887
v -446.677551 17.327696 8.198008
v -446.677551 16.443150 8.198008
v -433.064453 17.327696 8.343188
v -433.064453 16.443150 8.343188
v -446.666626 16.443148 7.171214
v -446.666626 17.327694 7.171214
v -433.053528 16.443150 7.316435
v -433.053528 17.327696 7.316435
v -446.677551 16.443150 8.198008
v -446.666626 16.443148 7.171214
v -433.064453 16.443150 8.343188
v -433.053528 16.443150 7.316435
v -460.493591 17.327692 -0.973477
v -460.579468 17.327694 7.080810
v -460.493591 16.443146 -0.973477
v -460.579468 16.443148 7.080810
v -460.493591 16.443146 -0.973477
v -460.579468 16.443148 7.080810
v -461.520325 16.443146 -0.984429
v -461.606079 16.443148 7.069860
v -460.407593 16.443144 -9.027795
v -460.407593 17.327690 -9.027795
v -461.434326 16.443144 -9.038789
v -460.407593 16.443144 -9.027795
v -439.453491 0.183962 7.248211
v -439.453491 -0.381083 7.248211
v -439.464661 -0.408045 8.274940
v -439.464661 0.183963 8.274940
v -439.464661 0.183963 8.274940
v -439.453491 0.183962 7.248211
v -445.853760 -0.381083 7.179913
v -445.853760 0.183962 7.179913
v -445.864746 0.183963 8.206665
v -445.864746 -0.408045 8.206665
v -445.853760 0.183962 7.179913
v -445.864746 0.183963 8.206665
v -460.290283 17.327696 8.052699
v -460.290283 16.443150 8.052699
v -460.279480 16.443148 7.025991
v -460.279480 17.327694 7.025991
v -460.290283 16.443150 8.052699
v -460.279480 16.443148 7.025991
v -439.282959 -0.381090 -8.744339
v -439.282959 0.183956 -8.744339
v -439.272095 0.183955 -9.771069
v -439.272095 -0.408052 -9.771069
v -439.282959 0.183956 -8.744339
v -439.272095 0.183955 -9.771069
v -445.683044 0.183956 -8.812683
v -445.683044 -0.381090 -8.812683
v -445.672058 -0.408052 -9.839344
v -445.672058 0.183955 -9.839344
v -445.672058 0.183955 -9.839344
v -445.683044 0.183956 -8.812683
v -460.097778 17.327690 -9.993291
v -460.097778 16.443144 -9.993291
v -460.108765 17.327690 -8.966558
v -460.108765 16.443144 -8.966558
v -460.108765 16.443144 -8.966558
v -460.097778 16.443144 -9.993291
v -453.879517 0.183962 7.094273
v -447.479248 0.183962 7.162548
v -453.879517 -0.381083 7.094273
v -447.479248 -0.381083 7.162548
v -453.890198 -0.408045 8.120998
v -447.490173 -0.408045 8.189278
v -453.890198 0.183963 8.120998
v -447.490173 0.183963 8.189278
v -453.890198 0.183963 8.120998
v -447.490173 0.183963 8.189278
v -453.879517 0.183962 7.094273
v -447.479248 0.183962 7.162548
v -461.092346 -0.381083 7.017349
v -461.092346 0.183962 7.017349
v -461.103333 0.183962 8.044056
v -461.103333 -0.408045 8.044056
v -461.092346 0.183962 7.017349
v -461.103333 0.183962 8.044056
v -475.528748 17.327696 7.890131
v -475.528748 16.443150 7.890131
v -461.915894 17.327696 8.035378
v -461.915894 16.443150 8.035378
v -475.517822 16.443148 6.863406
v -475.517822 17.327694 6.863406
v -461.904907 16.443148 7.008605
v -461.904907 17.327694 7.008605
v -475.528748 16.443150 7.890131
v -475.517822 16.443148 6.863406
v -461.915894 16.443150 8.035378
v -461.904907 16.443148 7.008605
v -447.308655 -0.381090 -8.830002
v -447.308655 0.183956 -8.830002
v -453.708740 -0.381090 -8.898254
v -453.708740 0.183956 -8.898254
v -447.297546 0.183955 -9.856724
v -447.297546 -0.408052 -9.856724
v -453.697815 0.183955 -9.924999
v -453.697815 -0.408052 -9.924999
v -447.308655 0.183956 -8.830002
v -447.297546 0.183955 -9.856724
v -453.708740 0.183956 -8.898254
v -453.697815 0.183955 -9.924999
v -460.921631 0.183956 -8.975227
v -460.921631 -0.381090 -8.975227
v -460.910645 -0.408052 -10.001972
v -460.910645 0.183955 -10.001972
v -460.910645 0.183955 -10.001972
v -460.921631 0.183956 -8.975227
v -461.723206 17.327690 -10.010610
v -461.723206 16.443144 -10.010610
v -475.336365 17.327690 -10.155850
v -475.336365 16.443144 -10.155850
v -461.734375 17.327690 -8.983880
v -475.347290 17.327690 -9.129193
v -461.734375 16.443144 -8.983880
v -475.347290 16.443144 -9.129193
v -461.734375 16.443144 -8.983880
v -475.347290 16.443144 -9.129193
v -461.723206 16.443144 -10.010610
v -475.336365 16.443144 -10.155850
v -489.806946 -0.000117 -6.095333
v -497.023682 -0.000117 -6.172413
v -489.832703 -0.000116 -3.691025
v -497.049316 -0.000116 -3.768036
v -475.381287 -0.000117 -5.941463
v -482.597046 -0.000117 -6.018410
v -475.406982 -0.000116 -3.537178
v -482.622742 -0.000116 -3.614143
v -468.179993 -0.000117 -5.864601
v -468.205688 -0.000116 -3.460342
v -468.205688 -0.000116 -3.460342
v -468.231445 -0.000115 -1.056030
v -475.406982 -0.000116 -3.537178
v -482.622742 -0.000116 -3.614143
v -475.432678 -0.000115 -1.132843
v -482.648438 -0.000115 -1.209816
v -489.832703 -0.000116 -3.691025
v -497.049316 -0.000116 -3.768036
v -489.858215 -0.000115 -1.286804
v -497.075012 -0.000115 -1.363728
v -468.143860 -0.483642 -9.268532
v -468.149475 -0.000119 -8.752743
v -460.919189 -0.483642 -9.191448
v -460.924683 -0.000119 -8.675663
v -482.560608 -0.483642 -9.422379
v -482.566162 -0.000119 -8.906567
v -475.344849 -0.483642 -9.345413
v -475.350403 -0.000119 -8.829601
v -496.987183 -0.483642 -9.576298
v -496.992798 -0.000119 -9.060505
v -489.770569 -0.483642 -9.499287
v -489.776123 -0.000119 -8.983471
v -468.149475 -0.000119 -8.752743
v -468.179993 -0.000117 -5.864601
v -460.924683 -0.000119 -8.675663
v -475.350403 -0.000119 -8.829601
v -482.566162 -0.000119 -8.906567
v -475.381287 -0.000117 -5.941463
v -482.597046 -0.000117 -6.018410
v -489.776123 -0.000119 -8.983471
v -496.992798 -0.000119 -9.060505
v -489.806946 -0.000117 -6.095333
v -497.023682 -0.000117 -6.172413
v -468.231445 -0.000115 -1.056030
v -475.432678 -0.000115 -1.132843
v -475.350403 -0.000119 -8.829601
v -468.149475 -0.000119 -8.752743
v -475.344849 -0.483642 -9.345413
v -475.350403 -0.000119 -8.829601
v -468.143860 -0.483642 -9.268532
v -468.149475 -0.000119 -8.752743
v -482.648438 -0.000115 -1.209816
v -489.858215 -0.000115 -1.286804
v -489.776123 -0.000119 -8.983471
v -482.566162 -0.000119 -8.906567
v -489.770569 -0.483642 -9.499287
v -489.776123 -0.000119 -8.983471
v -482.560608 -0.483642 -9.422379
v -482.566162 -0.000119 -8.906567
v -497.075012 -0.000115 -1.363728
v -504.201843 -0.000119 -9.137409
v -496.992798 -0.000119 -9.060505
v -504.196289 -0.483642 -9.653225
v -504.201843 -0.000119 -9.137409
v -496.987183 -0.483642 -9.576298
v -496.992798 -0.000119 -9.060505
v -497.100769 -0.000115 1.040489
v -497.126282 -0.000114 3.444797
v -489.883911 -0.000115 1.117504
v -489.909546 -0.000114 3.521835
v -482.674133 -0.000115 1.194427
v -482.699646 -0.000114 3.598736
v -475.458191 -0.000115 1.271355
v -475.483887 -0.000114 3.675686
v -468.257141 -0.000114 1.348255
v -468.282654 -0.000114 3.752495
v -468.257141 -0.000114 1.348255
v -482.674133 -0.000115 1.194427
v -475.458191 -0.000115 1.271355
v -497.100769 -0.000115 1.040489
v -489.883911 -0.000115 1.117504
v -461.088989 -0.000112 6.717625
v -468.313477 -0.000112 6.640549
v -461.094604 -0.483635 7.233616
v -468.319092 -0.483635 7.156471
v -475.514709 -0.000113 6.563667
v -482.730469 -0.000113 6.486698
v -475.520020 -0.483635 7.079609
v -482.736084 -0.483635 7.002644
v -489.940430 -0.000113 6.409794
v -497.157104 -0.000113 6.332779
v -489.945740 -0.483635 6.925739
v -497.162659 -0.483635 6.848747
v -468.282654 -0.000114 3.752495
v -461.088989 -0.000112 6.717625
v -468.313477 -0.000112 6.640549
v -482.699646 -0.000114 3.598736
v -482.730469 -0.000113 6.486698
v -475.483887 -0.000114 3.675686
v -475.514709 -0.000113 6.563667
v -497.126282 -0.000114 3.444797
v -497.157104 -0.000113 6.332779
v -489.909546 -0.000114 3.521835
v -489.940430 -0.000113 6.409794
v -468.313477 -0.000112 6.640549
v -475.514709 -0.000113 6.563667
v -468.313477 -0.000112 6.640549
v -475.514709 -0.000113 6.563667
v -468.319092 -0.483635 7.156471
v -475.520020 -0.483635 7.079609
v -482.730469 -0.000113 6.486698
v -489.940430 -0.000113 6.409794
v -482.730469 -0.000113 6.486698
v -489.940430 -0.000113 6.409794
v -482.736084 -0.483635 7.002644
v -489.945740 -0.483635 6.925739
v -497.157104 -0.000113 6.332779
v -504.366150 -0.000113 6.255856
v -497.157104 -0.000113 6.332779
v -504.366150 -0.000113 6.255856
v -497.162659 -0.483635 6.848747
v -504.371460 -0.483635 6.771820
v -468.134460 -0.381090 -9.052216
v -468.134460 0.183956 -9.052216
v -468.123474 0.183955 -10.078945
v -468.123474 -0.408052 -10.078945
v -468.134460 0.183956 -9.052216
v -468.123474 0.183955 -10.078945
v -474.534485 0.183956 -9.120449
v -474.534485 -0.381090 -9.120449
v -474.523499 -0.408052 -10.147221
v -474.523499 0.183955 -10.147221
v -474.523499 0.183955 -10.147221
v -474.534485 0.183956 -9.120449
v -488.949219 17.327690 -10.301167
v -488.949219 16.443144 -10.301167
v -488.960205 17.327690 -9.274434
v -488.960205 16.443144 -9.274434
v -488.960205 16.443144 -9.274434
v -488.949219 16.443144 -10.301167
v -468.304932 0.183962 6.940376
v -468.304932 -0.381083 6.940376
v -468.315918 -0.408045 7.967083
v -468.315918 0.183962 7.967083
v -468.315918 0.183962 7.967083
v -468.304932 0.183962 6.940376
v -474.705017 -0.381083 6.872082
v -474.705017 0.183962 6.872082
v -474.715942 0.183962 7.898808
v -474.715942 -0.408045 7.898808
v -474.705017 0.183962 6.872082
v -474.715942 0.183962 7.898808
v -489.141663 17.327696 7.744864
v -489.141663 16.443150 7.744864
v -489.130737 16.443148 6.718203
v -489.130737 17.327694 6.718203
v -489.141663 16.443150 7.744864
v -489.130737 16.443148 6.718203
v -482.730652 0.183962 6.786438
v -476.330627 0.183962 6.854736
v -482.730652 -0.381083 6.786438
v -476.330627 -0.381083 6.854736
v -482.741638 -0.408045 7.813213
v -476.341614 -0.408045 7.881508
v -482.741638 0.183962 7.813213
v -476.341614 0.183962 7.881508
v -482.741638 0.183962 7.813213
v -476.341614 0.183962 7.881508
v -482.730652 0.183962 6.786438
v -476.330627 0.183962 6.854736
v -489.943604 -0.381083 6.709515
v -489.943604 0.183962 6.709515
v -489.954468 0.183962 7.736198
v -489.954468 -0.408045 7.736198
v -489.943604 0.183962 6.709515
v -489.954468 0.183962 7.736198
v -504.380249 17.327696 7.582343
v -504.380249 16.443150 7.582343
v -490.767151 17.327696 7.727546
v -490.767151 16.443150 7.727546
v -504.369263 16.443148 6.555572
v -504.369263 17.327694 6.555572
v -490.756348 16.443148 6.700816
v -490.756348 17.327694 6.700816
v -504.380249 16.443150 7.582343
v -504.369263 16.443148 6.555572
v -490.767151 16.443150 7.727546
v -490.756348 16.443148 6.700816
v -476.159912 -0.381090 -9.137814
v -476.159912 0.183955 -9.137814
v -482.559998 -0.381090 -9.206089
v -482.559998 0.183956 -9.206089
v -476.148926 0.183955 -10.164516
v -476.148926 -0.408052 -10.164516
v -482.549194 0.183955 -10.232815
v -482.549194 -0.408052 -10.232815
v -476.159912 0.183955 -9.137814
v -476.148926 0.183955 -10.164516
v -482.559998 0.183956 -9.206089
v -482.549194 0.183955 -10.232815
v -489.773010 0.183956 -9.283058
v -489.773010 -0.381090 -9.283058
v -489.762085 -0.408053 -10.309803
v -489.762085 0.183955 -10.309803
v -489.762085 0.183955 -10.309803
v -489.773010 0.183956 -9.283058
v -482.559998 0.183956 -9.206089
v -490.574646 17.327690 -10.318486
v -490.574646 16.443144 -10.318486
v -504.187561 17.327690 -10.463689
v -504.187561 16.443144 -10.463689
v -490.585632 17.327690 -9.291753
v -504.198547 17.327690 -9.436954
v -490.585632 16.443144 -9.291753
v -504.198547 16.443144 -9.436954
v -490.585632 16.443144 -9.291753
v -504.198547 16.443144 -9.436954
v -490.574646 16.443144 -10.318486
v -504.187561 16.443144 -10.463689
v -497.156433 0.183962 6.632545
v -497.156433 -0.381083 6.632545
v -497.167419 -0.408045 7.659317
v -497.167419 0.183962 7.659317
v -497.167419 0.183962 7.659317
v -497.156433 0.183962 6.632545
v -503.556458 -0.381083 6.564201
v -503.556458 0.183961 6.564201
v -503.567383 0.183962 7.590996
v -503.567383 -0.408045 7.590996
v -503.556458 0.183961 6.564201
v -503.567383 0.183962 7.590996
v -517.993103 17.327696 7.437095
v -517.993103 16.443150 7.437095
v -517.982178 16.443148 6.410326
v -517.982178 17.327694 6.410326
v -517.993103 16.443150 7.437095
v -517.982178 16.443148 6.410326
v -496.985718 -0.381090 -9.360023
v -496.985718 0.183955 -9.360023
v -496.974731 0.183955 -10.386707
v -496.974731 -0.408053 -10.386707
v -496.985718 0.183955 -9.360023
v -496.974731 0.183955 -10.386707
v -503.385925 0.183955 -9.428280
v -503.385925 -0.381090 -9.428280
v -503.375000 -0.408053 -10.455029
v -503.375000 0.183955 -10.455029
v -503.375000 0.183955 -10.455029
v -503.385925 0.183955 -9.428280
v -496.985718 0.183955 -9.360023
v -517.800476 17.327690 -10.608891
v -517.800476 16.443144 -10.608891
v -517.811584 17.327690 -9.582227
v -517.811584 16.443144 -9.582227
v -517.811584 16.443144 -9.582227
v -517.800476 16.443144 -10.608891
v -501.283142 -0.460298 -10.623249
v -502.833435 2.070793 -10.639790
v -501.298096 -0.460297 -9.226379
v -502.848267 2.070793 -9.242920
v -502.833435 2.070793 -10.639790
v -504.185547 2.070793 -10.654202
v -502.848267 2.070793 -9.242920
v -504.200500 2.070793 -9.257378
v -504.185547 -0.460298 -10.654202
v -504.185547 2.070793 -10.654202
v -501.283142 -0.460298 -10.623249
v -502.833435 2.070793 -10.639790
v -501.298096 -0.460297 -9.226379
v -502.848267 2.070793 -9.242920
v -504.200500 -0.460297 -9.257378
v -504.200500 2.070793 -9.257378
v -503.015137 2.070800 6.390415
v -503.030151 2.070801 7.787266
v -501.465027 -0.460291 6.406887
v -501.479797 -0.460290 7.803802
v -504.367249 2.070800 6.375935
v -504.382202 2.070801 7.772827
v -503.015137 2.070800 6.390415
v -503.030151 2.070801 7.787266
v -503.030151 2.070801 7.787266
v -504.382202 2.070801 7.772827
v -501.479797 -0.460290 7.803802
v -504.382202 -0.460290 7.772827
v -504.367249 2.070800 6.375935
v -503.015137 2.070800 6.390415
v -504.367249 -0.460291 6.375935
v -501.465027 -0.460291 6.406887
v -505.537903 2.070793 -10.668636
v -505.552612 2.070793 -9.271770
v -507.102966 -0.460297 -9.288311
v -505.552612 2.070793 -9.271770
v -507.088013 -0.460298 -10.685200
v -505.537903 2.070793 -10.668636
v -504.185547 2.070793 -10.654202
v -505.719604 2.070800 6.361500
v -505.734314 2.070801 7.758369
v -505.734314 2.070801 7.758369
v -507.284668 -0.460290 7.741875
v -505.719604 2.070800 6.361500
v -504.367249 2.070800 6.375935
v -507.269714 -0.460291 6.344959
v -443.580444 -0.460297 -10.007565
v -445.130798 2.070793 -10.024097
v -443.595398 -0.460297 -8.610737
v -445.145508 2.070794 -8.627232
v -445.130798 2.070793 -10.024097
v -446.482910 2.070793 -10.038563
v -445.145508 2.070794 -8.627232
v -446.497681 2.070794 -8.641693
v -446.482910 -0.460297 -10.038563
v -446.482910 2.070793 -10.038563
v -443.580444 -0.460297 -10.007565
v -445.130798 2.070793 -10.024097
v -443.595398 -0.460297 -8.610737
v -445.145508 2.070794 -8.627232
v -446.497681 -0.460297 -8.641693
v -446.497681 2.070794 -8.641693
v -445.312500 2.070800 7.006020
v -445.327209 2.070801 8.402931
v -443.762146 -0.460290 7.022552
v -443.777100 -0.460289 8.419403
v -446.664612 2.070800 6.991604
v -446.679565 2.070801 8.388424
v -445.312500 2.070800 7.006020
v -445.327209 2.070801 8.402931
v -445.327209 2.070801 8.402931
v -446.679565 2.070801 8.388424
v -443.777100 -0.460289 8.419403
v -446.679565 -0.460289 8.388424
v -446.664612 2.070800 6.991604
v -445.312500 2.070800 7.006020
v -446.664612 -0.460290 6.991604
v -443.762146 -0.460290 7.022552
v -447.835266 2.070793 -10.052952
v -447.849976 2.070794 -8.656082
v -449.400330 -0.460297 -8.672665
v -447.849976 2.070794 -8.656082
v -449.385315 -0.460297 -10.069492
v -447.835266 2.070793 -10.052952
v -446.482910 2.070793 -10.038563
v -448.016968 2.070800 6.977165
v -448.031677 2.070801 8.374035
v -448.031677 2.070801 8.374035
v -449.582031 -0.460289 8.357475
v -448.016968 2.070800 6.977165
v -449.567017 -0.460290 6.960606
v -472.431946 -0.460297 -10.315418
v -473.981995 2.070793 -10.331974
v -472.446655 -0.460297 -8.918549
v -473.997009 2.070793 -8.935112
v -473.981995 2.070793 -10.331974
v -475.334290 2.070793 -10.346371
v -473.997009 2.070793 -8.935112
v -475.349121 2.070793 -8.949501
v -475.334290 -0.460297 -10.346371
v -475.334290 2.070793 -10.346371
v -472.431946 -0.460297 -10.315418
v -473.981995 2.070793 -10.331974
v -472.446655 -0.460297 -8.918549
v -473.997009 2.070793 -8.935112
v -475.349121 -0.460297 -8.949501
v -475.349121 2.070793 -8.949501
v -474.163757 2.070800 6.698231
v -474.178711 2.070801 8.095097
v -472.613647 -0.460290 6.714722
v -472.628357 -0.460290 8.111656
v -475.515808 2.070800 6.683765
v -475.530823 2.070801 8.080658
v -474.163757 2.070800 6.698231
v -474.178711 2.070801 8.095097
v -474.178711 2.070801 8.095097
v -475.530823 2.070801 8.080658
v -472.628357 -0.460290 8.111656
v -475.530823 -0.460290 8.080658
v -475.515808 2.070800 6.683765
v -474.163757 2.070800 6.698231
v -475.515808 -0.460290 6.683765
v -472.613647 -0.460290 6.714722
v -476.686462 2.070793 -10.360760
v -476.701477 2.070793 -8.963959
v -478.251526 -0.460297 -8.980453
v -476.701477 2.070793 -8.963959
v -478.236755 -0.460297 -10.377346
v -476.686462 2.070793 -10.360760
v -475.334290 2.070793 -10.346371
v -476.868164 2.070800 6.669334
v -476.883118 2.070801 8.066177
v -476.883118 2.070801 8.066177
v -478.433289 -0.460290 8.049706
v -476.868164 2.070800 6.669334
v -475.515808 2.070800 6.683765
v -478.418457 -0.460290 6.652794
v -429.154724 16.047642 -9.853673
v -430.705078 17.946554 -9.870214
v -429.169678 16.047642 -8.456803
v -430.719788 17.946554 -8.473390
v -432.057190 16.047642 -9.884656
v -429.154724 16.047642 -9.853673
v -432.072144 16.047642 -8.487802
v -429.169678 16.047642 -8.456803
v -432.057190 16.047642 -9.884656
v -432.057190 17.946554 -9.884656
v -429.154724 16.047642 -9.853673
v -430.705078 17.946554 -9.870214
v -429.169678 16.047642 -8.456803
v -430.719788 17.946554 -8.473390
v -432.072144 16.047642 -8.487802
v -432.072144 17.946554 -8.487802
v -458.804932 16.447971 -8.981980
v -460.748169 16.447971 -9.002744
v -446.564026 0.067198 -8.851391
v -448.507446 0.067198 -8.872150
v -458.801819 16.447971 -9.242429
v -458.804932 16.447971 -8.981980
v -446.560913 0.067197 -9.111820
v -446.564026 0.067198 -8.851391
v -459.400574 16.447971 -9.611279
v -459.403687 16.447971 -9.316991
v -447.159668 0.067197 -9.480671
v -447.162964 0.067197 -9.186375
v -458.797363 16.447971 -9.673009
v -459.400574 16.447971 -9.611279
v -446.556458 0.067197 -9.542393
v -447.159668 0.067197 -9.480671
v -458.794922 16.447971 -9.933370
v -458.797363 16.447971 -9.673009
v -446.554016 0.067197 -9.802799
v -446.556458 0.067197 -9.542393
v -473.335022 0.067197 -9.137051
v -461.094360 16.447971 -9.006452
v -475.278442 0.067197 -9.157726
v -463.037537 16.447971 -9.027127
v -473.324951 0.067197 -10.088421
v -461.084045 16.447971 -9.957822
v -473.327454 0.067197 -9.827991
v -461.086548 16.447971 -9.697438
v -473.327454 0.067197 -9.827991
v -461.086548 16.447971 -9.697438
v -473.930847 0.067197 -9.766262
v -461.689941 16.447971 -9.635663
v -473.930847 0.067197 -9.766262
v -461.689941 16.447971 -9.635663
v -473.933960 0.067197 -9.472080
v -461.693054 16.447971 -9.341462
v -473.331848 0.067197 -9.397461
v -461.091248 16.447971 -9.266858
v -473.335022 0.067197 -9.137051
v -461.094360 16.447971 -9.006452
v -487.656128 16.447971 -9.289834
v -489.599609 16.447971 -9.310575
v -475.415466 0.067197 -9.159222
v -477.358704 0.067197 -9.179966
v -487.653015 16.447971 -9.550267
v -487.656128 16.447971 -9.289834
v -475.412109 0.067197 -9.419632
v -475.415466 0.067197 -9.159222
v -488.251953 16.447971 -9.919087
v -488.255066 16.447971 -9.624784
v -476.011108 0.067197 -9.788479
v -476.014160 0.067197 -9.494213
v -487.648560 16.447971 -9.980840
v -488.251953 16.447971 -9.919087
v -475.407654 0.067197 -9.850224
v -476.011108 0.067197 -9.788479
v -487.646301 16.447971 -10.241208
v -487.648560 16.447971 -9.980840
v -475.405151 0.067197 -10.110592
v -475.407654 0.067197 -9.850224
v -502.186462 0.067197 -9.444931
v -489.945740 16.447971 -9.314328
v -504.129700 0.067197 -9.465603
v -491.888977 16.447971 -9.335000
v -502.176392 0.067197 -10.396252
v -489.935547 16.447971 -10.265653
v -502.178894 0.067197 -10.135822
v -489.937988 16.447971 -10.005223
v -502.178894 0.067197 -10.135822
v -489.937988 16.447971 -10.005223
v -502.782104 0.067197 -10.074093
v -490.541199 16.447971 -9.943494
v -502.782104 0.067197 -10.074093
v -490.541199 16.447971 -9.943494
v -502.785156 0.067197 -9.779804
v -490.544312 16.447971 -9.649205
v -502.183350 0.067197 -9.705273
v -489.942444 16.447971 -9.574651
v -502.186462 0.067197 -9.444931
v -489.945740 16.447971 -9.314328
v -444.483826 0.067198 -8.829262
v -432.242920 16.447971 -8.698594
v -446.427002 0.067198 -8.849979
v -434.186340 16.447971 -8.719357
v -444.473755 0.067197 -9.780590
v -432.232849 16.447971 -9.649968
v -444.475952 0.067197 -9.520161
v -432.235291 16.447971 -9.389623
v -444.475952 0.067197 -9.520161
v -432.235291 16.447971 -9.389623
v -445.079346 0.067197 -9.458427
v -432.838440 16.447971 -9.327825
v -445.079346 0.067197 -9.458427
v -432.838440 16.447971 -9.327825
v -445.082520 0.067197 -9.164230
v -432.841614 16.447971 -9.033605
v -444.480713 0.067197 -9.089581
v -432.239807 16.447971 -8.959050
v -444.483826 0.067198 -8.829262
v -432.242920 16.447971 -8.698594
v -429.953491 16.447971 -8.674169
v -431.896912 16.447971 -8.694909
v -417.712830 0.067198 -8.543583
v -419.656006 0.067198 -8.564320
v -429.950317 16.447971 -8.934598
v -429.953491 16.447971 -8.674169
v -417.709412 0.067198 -8.803963
v -417.712830 0.067198 -8.543583
v -430.549316 16.447971 -9.303422
v -430.552429 16.447971 -9.009175
v -418.308411 0.067197 -9.172791
v -418.311523 0.067198 -8.878567
v -429.945923 16.447971 -9.365170
v -430.549316 16.447971 -9.303422
v -417.705017 0.067197 -9.234581
v -418.308411 0.067197 -9.172791
v -429.943420 16.447971 -9.625539
v -429.945923 16.447971 -9.365170
v -417.702515 0.067197 -9.494946
v -417.705017 0.067197 -9.234581
v -458.801819 16.447971 -9.242429
v -446.560913 0.067197 -9.111820
v -459.403687 16.447971 -9.316991
v -447.162964 0.067197 -9.186375
v -458.794922 16.447971 -9.933370
v -446.554016 0.067197 -9.802799
v -460.738098 16.447971 -9.954114
v -448.497192 0.067197 -9.823521
v -461.084045 16.447971 -9.957822
v -473.324951 0.067197 -10.088421
v -463.027527 16.447971 -9.978498
v -475.268188 0.067197 -10.109142
v -461.091248 16.447971 -9.266858
v -473.331848 0.067197 -9.397461
v -461.693054 16.447971 -9.341462
v -473.933960 0.067197 -9.472080
v -487.653015 16.447971 -9.550267
v -475.412109 0.067197 -9.419632
v -488.255066 16.447971 -9.624784
v -476.014160 0.067197 -9.494213
v -487.646301 16.447971 -10.241208
v -475.405151 0.067197 -10.110592
v -489.589539 16.447971 -10.261945
v -477.348450 0.067197 -10.131351
v -489.935547 16.447971 -10.265653
v -502.176392 0.067197 -10.396252
v -491.878723 16.447971 -10.286374
v -504.119629 0.067197 -10.416973
v -489.942444 16.447971 -9.574651
v -502.183350 0.067197 -9.705273
v -490.544312 16.447971 -9.649205
v -502.785156 0.067197 -9.779804
v -432.232849 16.447971 -9.649968
v -444.473755 0.067197 -9.780590
v -434.176086 16.447971 -9.670751
v -446.416992 0.067197 -9.801350
v -432.239807 16.447971 -8.959050
v -444.480713 0.067197 -9.089581
v -432.841614 16.447971 -9.033605
v -445.082520 0.067197 -9.164230
v -429.950317 16.447971 -8.934598
v -417.709412 0.067198 -8.803963
v -430.552429 16.447971 -9.009175
v -418.311523 0.067198 -8.878567
v -429.943420 16.447971 -9.625539
v -417.702515 0.067197 -9.494946
v -431.886719 16.447971 -9.646276
v -419.645996 0.067197 -9.515682
v -430.886780 17.946558 7.159883
v -430.901489 17.946560 8.556796
v -429.336426 16.047646 7.176536
v -429.351440 16.047647 8.573337
v -429.336426 16.047646 7.176536
v -429.351440 16.047647 8.573337
v -432.238892 16.047646 7.145536
v -432.253845 16.047647 8.542407
v -430.901489 17.946560 8.556796
v -432.253845 17.946560 8.542407
v -429.351440 16.047647 8.573337
v -432.253845 16.047647 8.542407
v -432.238892 17.946558 7.145536
v -430.886780 17.946558 7.159883
v -432.238892 16.047646 7.145536
v -429.336426 16.047646 7.176536
v -448.678650 0.067204 7.179131
v -460.919556 16.447975 7.048586
v -446.735413 0.067204 7.199894
v -458.976135 16.447975 7.069282
v -446.735413 0.067204 7.199894
v -458.976135 16.447975 7.069282
v -446.737671 0.067204 7.460323
v -458.978577 16.447977 7.329646
v -447.341125 0.067204 7.521984
v -459.581970 16.447977 7.391395
v -447.344177 0.067204 7.816273
v -459.585083 16.447977 7.685664
v -447.344177 0.067204 7.816273
v -459.585083 16.447977 7.685664
v -446.742371 0.067204 7.890896
v -458.983093 16.447977 7.760286
v -446.742371 0.067204 7.890896
v -458.983093 16.447977 7.760286
v -446.745483 0.067204 8.151260
v -458.986389 16.447977 8.020648
v -463.208740 16.447975 7.024137
v -461.265564 16.447975 7.044898
v -475.449646 0.067204 6.893555
v -473.506409 0.067204 6.914299
v -461.272461 16.447977 7.735793
v -461.275574 16.447977 7.996264
v -473.513367 0.067204 7.605186
v -473.516479 0.067204 7.865665
v -461.874329 16.447977 7.661258
v -461.272461 16.447977 7.735793
v -474.115479 0.067204 7.530632
v -473.513367 0.067204 7.605186
v -461.871399 16.447977 7.366992
v -461.874329 16.447977 7.661258
v -474.112122 0.067204 7.236389
v -474.115479 0.067204 7.530632
v -461.265564 16.447975 7.044898
v -461.268005 16.447975 7.305217
v -473.506409 0.067204 6.914299
v -473.508850 0.067204 7.174618
v -477.530090 0.067204 6.871323
v -489.770813 16.447975 6.740705
v -475.586670 0.067204 6.892059
v -487.827576 16.447975 6.761451
v -475.586670 0.067204 6.892059
v -487.827576 16.447975 6.761451
v -475.589111 0.067204 7.152447
v -487.829834 16.447975 7.021880
v -476.192505 0.067204 7.214149
v -488.433228 16.447975 7.083560
v -476.195679 0.067204 7.508484
v -488.436584 16.447977 7.377830
v -476.195679 0.067204 7.508484
v -488.436584 16.447977 7.377830
v -475.593567 0.067204 7.583019
v -487.834473 16.447977 7.452448
v -475.593567 0.067204 7.583019
v -487.834473 16.447977 7.452448
v -475.596985 0.067204 7.843426
v -487.837585 16.447977 7.712817
v -490.123901 16.447977 7.428004
v -490.127075 16.447977 7.688387
v -502.364807 0.067204 7.297379
v -502.367981 0.067204 7.557835
v -490.725708 16.447977 7.353381
v -490.123901 16.447977 7.428004
v -502.966614 0.067204 7.222847
v -502.364807 0.067204 7.297379
v -490.722595 16.447975 7.059156
v -490.725708 16.447977 7.353381
v -502.963501 0.067204 6.928532
v -502.966614 0.067204 7.222847
v -490.116943 16.447975 6.737020
v -490.119385 16.447975 6.997386
v -502.357666 0.067203 6.606464
v -502.360107 0.067204 6.866829
v -434.357544 16.447977 7.331969
v -432.414124 16.447977 7.352686
v -446.598206 0.067204 7.201370
v -444.655029 0.067204 7.222019
v -432.421265 16.447977 8.043666
v -432.424377 16.447977 8.304030
v -444.662170 0.067204 7.913025
v -444.665222 0.067204 8.173386
v -433.023071 16.447977 7.969089
v -432.421265 16.447977 8.043666
v -445.263977 0.067204 7.838512
v -444.662170 0.067204 7.913025
v -433.019958 16.447977 7.674777
v -433.023071 16.447977 7.969089
v -445.260864 0.067204 7.544224
v -445.263977 0.067204 7.838512
v -432.414124 16.447977 7.352686
v -432.416565 16.447977 7.613092
v -444.655029 0.067204 7.222019
v -444.657471 0.067204 7.482449
v -419.827209 0.067204 7.486961
v -432.068115 16.447977 7.356371
v -417.884033 0.067204 7.507725
v -430.124939 16.447977 7.377116
v -417.884033 0.067204 7.507725
v -430.124939 16.447977 7.377116
v -417.886475 0.067204 7.768093
v -430.127380 16.447977 7.637434
v -418.489868 0.067204 7.829815
v -430.730591 16.447977 7.699224
v -418.493042 0.067204 8.124107
v -430.733704 16.447977 7.993472
v -418.493042 0.067204 8.124107
v -430.733704 16.447977 7.993472
v -417.890930 0.067204 8.198662
v -430.131836 16.447977 8.068007
v -417.890930 0.067204 8.198662
v -430.131836 16.447977 8.068007
v -417.894043 0.067205 8.459049
v -430.134949 16.447977 8.328437
v -447.341125 0.067204 7.521984
v -446.737671 0.067204 7.460323
v -459.581970 16.447977 7.391395
v -458.978577 16.447977 7.329646
v -448.688782 0.067204 8.130520
v -446.745483 0.067204 8.151260
v -460.929688 16.447977 7.999862
v -458.986389 16.447977 8.020648
v -475.459717 0.067204 7.844925
v -473.516479 0.067204 7.865665
v -463.219055 16.447977 7.975478
v -461.275574 16.447977 7.996264
v -474.112122 0.067204 7.236389
v -473.508850 0.067204 7.174618
v -461.871399 16.447977 7.366992
v -461.268005 16.447975 7.305217
v -476.192505 0.067204 7.214149
v -475.589111 0.067204 7.152447
v -488.433228 16.447975 7.083560
v -487.829834 16.447975 7.021880
v -477.540161 0.067204 7.822689
v -475.596985 0.067204 7.843426
v -489.781067 16.447977 7.692072
v -487.837585 16.447977 7.712817
v -504.311157 0.067204 7.537048
v -502.367981 0.067204 7.557835
v -492.070312 16.447977 7.667646
v -490.127075 16.447977 7.688387
v -502.963501 0.067204 6.928532
v -502.360107 0.067204 6.866829
v -490.722595 16.447975 7.059156
v -490.119385 16.447975 6.997386
v -446.608521 0.067204 8.152710
v -444.665222 0.067204 8.173386
v -434.367554 16.447977 8.283336
v -432.424377 16.447977 8.304030
v -445.260864 0.067204 7.544224
v -444.657471 0.067204 7.482449
v -433.019958 16.447977 7.674777
v -432.416565 16.447977 7.613092
v -418.489868 0.067204 7.829815
v -417.886475 0.067204 7.768093
v -430.730591 16.447977 7.699224
v -430.127380 16.447977 7.637434
v -419.837524 0.067205 8.438354
v -417.894043 0.067205 8.459049
v -432.078186 16.447977 8.307738
v -430.134949 16.447977 8.328437
v -434.974609 16.047642 -8.518800
v -433.424255 17.946554 -8.502236
v -434.959656 16.047642 -9.915601
v -434.974609 16.047642 -8.518800
v -434.959656 16.047642 -9.915601
v -433.409241 17.946554 -9.899068
v -433.605957 17.946560 8.527968
v -435.156311 16.047647 8.511409
v -435.141357 16.047646 7.114539
v -435.156311 16.047647 8.511409
v -433.590942 17.946558 7.131099
v -435.141357 16.047646 7.114539
v -458.006226 16.047642 -10.161550
v -459.556519 17.946554 -10.178020
v -458.021118 16.047642 -8.764615
v -459.571289 17.946554 -8.781152
v -460.908630 16.047642 -10.192510
v -458.006226 16.047642 -10.161550
v -460.923401 16.047642 -8.795568
v -458.021118 16.047642 -8.764615
v -460.908630 16.047642 -10.192510
v -460.908630 17.946554 -10.192510
v -458.006226 16.047642 -10.161550
v -459.556519 17.946554 -10.178020
v -458.021118 16.047642 -8.764615
v -459.571289 17.946554 -8.781152
v -460.923401 16.047642 -8.795568
v -460.923401 17.946554 -8.795568
v -459.738037 17.946558 6.852076
v -459.752930 17.946560 8.248965
v -458.187866 16.047646 6.868655
v -458.202820 16.047647 8.265525
v -458.187866 16.047646 6.868655
v -458.202820 16.047647 8.265525
v -461.090332 16.047646 6.837703
v -461.105286 16.047647 8.234572
v -459.752930 17.946560 8.248965
v -461.105286 17.946560 8.234572
v -458.202820 16.047647 8.265525
v -461.105286 16.047647 8.234572
v -461.090332 17.946558 6.837703
v -459.738037 17.946558 6.852076
v -461.090332 16.047646 6.837703
v -458.187866 16.047646 6.868655
v -463.825867 16.047642 -8.826543
v -462.275696 17.946554 -8.810075
v -463.811035 16.047642 -10.223439
v -463.825867 16.047642 -8.826543
v -463.811035 16.047642 -10.223439
v -462.260742 17.946554 -10.206899
v -462.457397 17.946560 8.220181
v -464.007507 16.047647 8.203597
v -463.992737 16.047646 6.806726
v -464.007507 16.047647 8.203597
v -462.442383 17.946558 6.823309
v -463.992737 16.047646 6.806726
v -486.857605 16.047642 -10.469342
v -488.407715 17.946554 -10.485860
v -486.872375 16.047642 -9.072446
v -488.422729 17.946554 -9.088986
v -489.759827 16.047642 -10.500249
v -486.857605 16.047642 -10.469342
v -489.774841 16.047642 -9.103374
v -486.872375 16.047642 -9.072446
v -489.759827 16.047642 -10.500249
v -489.759827 17.946554 -10.500249
v -486.857605 16.047642 -10.469342
v -488.407715 17.946554 -10.485860
v -486.872375 16.047642 -9.072446
v -488.422729 17.946554 -9.088986
v -489.774841 16.047642 -9.103374
v -489.774841 17.946554 -9.103374
v -488.589417 17.946558 6.544288
v -488.604431 17.946560 7.941153
v -487.039368 16.047646 6.560821
v -487.054077 16.047647 7.957648
v -487.039368 16.047646 6.560821
v -487.054077 16.047647 7.957648
v -489.941528 16.047646 6.529891
v -489.956543 16.047647 7.926692
v -488.604431 17.946560 7.941153
v -489.956543 17.946560 7.926692
v -487.054077 16.047647 7.957648
v -489.956543 16.047647 7.926692
v -489.941528 17.946558 6.529891
v -488.589417 17.946558 6.544288
v -489.941528 16.047646 6.529891
v -487.039368 16.047646 6.560821
v -492.677246 16.047642 -9.134374
v -491.127136 17.946554 -9.117837
v -492.662476 16.047642 -10.531270
v -492.677246 16.047642 -9.134374
v -492.662476 16.047642 -10.531270
v -491.112183 17.946554 -10.514729
v -491.308899 17.946560 7.912302
v -492.858948 16.047647 7.895720
v -492.844177 16.047646 6.498919
v -492.858948 16.047647 7.895720
v -491.293884 17.946558 6.515479
v -492.844177 16.047646 6.498919
v -530.134583 -0.460298 -10.931080
v -531.684875 2.070793 -10.947620
v -530.149475 -0.460297 -9.534214
v -531.699646 2.070793 -9.550770
v -531.684875 2.070793 -10.947620
v -533.037048 2.070793 -10.962040
v -531.699646 2.070793 -9.550770
v -533.051758 2.070793 -9.565166
v -533.037048 -0.460298 -10.962040
v -533.037048 2.070793 -10.962040
v -530.134583 -0.460298 -10.931080
v -531.684875 2.070793 -10.947620
v -530.149475 -0.460297 -9.534214
v -531.699646 2.070793 -9.550770
v -533.051758 -0.460297 -9.565166
v -533.051758 2.070793 -9.565166
v -531.866394 2.070800 6.082542
v -531.881348 2.070800 7.479431
v -530.316284 -0.460291 6.099125
v -530.331177 -0.460290 7.495991
v -533.218689 2.070800 6.068169
v -533.233643 2.070800 7.465038
v -531.866394 2.070800 6.082542
v -531.881348 2.070800 7.479431
v -531.881348 2.070800 7.479431
v -533.233643 2.070800 7.465038
v -530.331177 -0.460290 7.495991
v -533.233643 -0.460290 7.465038
v -533.218689 2.070800 6.068169
v -531.866394 2.070800 6.082542
v -533.218689 -0.460291 6.068169
v -530.316284 -0.460291 6.099125
v -515.708862 16.047642 -10.777150
v -517.259155 17.946554 -10.793645
v -515.723816 16.047642 -9.380280
v -517.273926 17.946554 -9.396775
v -518.611267 16.047642 -10.808110
v -515.708862 16.047642 -10.777150
v -518.626221 16.047642 -9.411233
v -515.723816 16.047642 -9.380280
v -518.611267 16.047642 -10.808110
v -518.611267 17.946554 -10.808110
v -515.708862 16.047642 -10.777150
v -517.259155 17.946554 -10.793645
v -515.708862 16.047642 -10.777150
v -515.723816 16.047642 -9.380280
v -517.273926 17.946554 -9.396775
v -518.626221 16.047642 -9.411233
v -518.626221 17.946554 -9.411233
v -531.037903 0.067197 -9.752651
v -518.796997 16.447971 -9.622052
v -532.981079 0.067197 -9.773388
v -520.740234 16.447971 -9.642835
v -531.027649 0.067197 -10.704021
v -518.786926 16.447971 -10.573421
v -531.030090 0.067197 -10.443653
v -518.789368 16.447971 -10.313100
v -531.030090 0.067197 -10.443653
v -518.789368 16.447971 -10.313100
v -531.633484 0.067197 -10.381908
v -519.392578 16.447971 -10.251332
v -531.633484 0.067197 -10.381908
v -519.392578 16.447971 -10.251332
v -531.636597 0.067197 -10.087681
v -519.395691 16.447971 -9.957082
v -531.034790 0.067197 -10.013103
v -518.793884 16.447971 -9.882527
v -531.037903 0.067197 -9.752651
v -518.796997 16.447971 -9.622052
v -516.507568 16.447971 -9.597646
v -518.450989 16.447971 -9.618405
v -504.266907 0.067197 -9.467030
v -506.210083 0.067197 -9.487797
v -516.504456 16.447971 -9.858037
v -516.507568 16.447971 -9.597646
v -504.263550 0.067197 -9.727421
v -504.266907 0.067197 -9.467030
v -517.103394 16.447971 -10.226926
v -517.106323 16.447971 -9.932660
v -504.862488 0.067197 -10.096333
v -504.865601 0.067197 -9.802044
v -516.499817 16.447971 -10.288678
v -517.103394 16.447971 -10.226926
v -504.259094 0.067197 -10.157993
v -504.862488 0.067197 -10.096333
v -516.497559 16.447971 -10.549039
v -516.499817 16.447971 -10.288678
v -504.256653 0.067197 -10.418423
v -504.259094 0.067197 -10.157993
v -518.786926 16.447971 -10.573421
v -531.027649 0.067197 -10.704021
v -520.730164 16.447971 -10.594159
v -532.971069 0.067197 -10.724758
v -518.793884 16.447971 -9.882527
v -531.034790 0.067197 -10.013103
v -519.395691 16.447971 -9.957082
v -531.636597 0.067197 -10.087681
v -516.504456 16.447971 -9.858037
v -504.263550 0.067197 -9.727421
v -517.106323 16.447971 -9.932660
v -504.865601 0.067197 -9.802044
v -516.497559 16.447971 -10.549039
v -504.256653 0.067197 -10.418423
v -518.440796 16.447971 -10.569753
v -506.199890 0.067197 -10.439159
v -517.440857 17.946558 6.236453
v -517.455872 17.946560 7.633273
v -515.890503 16.047646 6.252990
v -515.905518 16.047647 7.649858
v -515.890503 16.047646 6.252990
v -515.905518 16.047647 7.649858
v -518.792969 16.047646 6.222013
v -518.807922 16.047647 7.618884
v -517.455872 17.946560 7.633273
v -518.807922 17.946560 7.618884
v -515.905518 16.047647 7.649858
v -518.807922 16.047647 7.618884
v -515.905518 16.047647 7.649858
v -518.792969 17.946558 6.222013
v -517.440857 17.946558 6.236453
v -518.792969 16.047646 6.222013
v -515.890503 16.047646 6.252990
v -520.911438 16.447975 6.408495
v -518.968201 16.447975 6.429191
v -533.152283 0.067203 6.277893
v -531.209106 0.067203 6.298611
v -518.975342 16.447975 7.120147
v -518.978516 16.447977 7.380599
v -531.216248 0.067204 6.989521
v -531.219360 0.067204 7.249977
v -519.577209 16.447975 7.045566
v -518.975342 16.447975 7.120147
v -531.818115 0.067204 6.915012
v -531.216248 0.067204 6.989521
v -519.574036 16.447975 6.751346
v -519.577209 16.447975 7.045566
v -531.814941 0.067203 6.620701
v -531.818115 0.067204 6.915012
v -518.968201 16.447975 6.429191
v -518.970642 16.447975 6.689550
v -531.209106 0.067203 6.298611
v -531.211548 0.067203 6.558952
v -506.381287 0.067203 6.563442
v -518.622192 16.447975 6.432876
v -504.438110 0.067203 6.584229
v -516.679016 16.447975 6.453639
v -504.438110 0.067203 6.584229
v -516.679016 16.447975 6.453639
v -504.440552 0.067204 6.844612
v -516.681458 16.447975 6.714048
v -505.043945 0.067204 6.906319
v -517.284668 16.447975 6.775682
v -505.046875 0.067204 7.200607
v -517.287842 16.447975 7.069999
v -505.046875 0.067204 7.200607
v -517.287842 16.447975 7.069999
v -504.445007 0.067204 7.275230
v -516.685913 16.447975 7.144598
v -504.445007 0.067204 7.275230
v -516.685913 16.447975 7.144598
v -504.448120 0.067204 7.535618
v -516.689026 16.447977 7.405005
v -533.162598 0.067204 7.229259
v -531.219360 0.067204 7.249977
v -520.921692 16.447977 7.359817
v -518.978516 16.447977 7.380599
v -531.814941 0.067203 6.620701
v -531.211548 0.067203 6.558952
v -519.574036 16.447975 6.751346
v -518.970642 16.447975 6.689550
v -505.043945 0.067204 6.906319
v -504.440552 0.067204 6.844612
v -517.284668 16.447975 6.775682
v -516.681458 16.447975 6.714048
v -506.391602 0.067204 7.514854
v -504.448120 0.067204 7.535618
v -518.632324 16.447977 7.384242
v -516.689026 16.447977 7.405005
v -521.528687 16.047642 -9.442208
v -519.978333 17.946554 -9.425626
v -521.513733 16.047642 -10.839078
v -521.528687 16.047642 -9.442208
v -521.513733 16.047642 -10.839078
v -519.963623 17.946554 -10.822568
v -520.160034 17.946560 7.604491
v -521.710388 16.047647 7.587932
v -521.695435 16.047646 6.191084
v -521.710388 16.047647 7.587932
v -520.145020 17.946558 6.207622
v -521.695435 16.047646 6.191084
v -417.117432 -1.278865 -9.725254
v -417.580750 2.070793 -9.730190
v -417.132446 -1.278864 -8.328335
v -417.595764 2.070794 -8.333344
v -417.580750 2.070793 -9.730190
v -420.019897 2.070793 -9.756207
v -417.595764 2.070794 -8.333344
v -420.034912 2.070794 -8.359314
v -420.019897 -1.278865 -9.756207
v -420.019897 2.070793 -9.756207
v -417.117432 -1.278865 -9.725254
v -417.580750 2.070793 -9.730190
v -417.132446 -1.278864 -8.328335
v -417.595764 2.070794 -8.333344
v -420.034912 -1.278864 -8.359314
v -420.034912 2.070794 -8.359314
v -417.762451 2.070800 7.299969
v -417.777405 2.070801 8.696819
v -417.299133 -1.278858 7.304932
v -417.314148 -1.278857 8.701756
v -420.201599 2.070800 7.273933
v -420.216553 2.070801 8.670803
v -417.762451 2.070800 7.299969
v -417.777405 2.070801 8.696819
v -417.777405 2.070801 8.696819
v -420.216553 2.070801 8.670803
v -417.314148 -1.278857 8.701756
v -420.216553 -1.278858 8.670803
v -420.201599 2.070800 7.273933
v -417.762451 2.070800 7.299969
v -420.201599 -1.278858 7.273933
v -417.299133 -1.278858 7.304932
v -421.849792 2.070793 -9.775761
v -421.864807 2.070794 -8.378845
v -423.414917 -1.278864 -8.395432
v -421.864807 2.070794 -8.378845
v -423.400146 -1.278865 -9.792294
v -421.849792 2.070793 -9.775761
v -420.019897 2.070793 -9.756207
v -422.031494 2.070800 7.254425
v -422.046448 2.070801 8.651295
v -422.046448 2.070801 8.651295
v -423.596619 -1.278858 8.634754
v -422.031494 2.070800 7.254425
v -420.201599 2.070800 7.273933
v -423.581848 -1.278858 7.237843
v -489.344849 17.327692 -1.281358
v -489.430908 17.327694 6.772960
v -489.344849 16.443146 -1.281358
v -489.430908 16.443148 6.772960
v -489.344849 16.443146 -1.281358
v -489.430908 16.443148 6.772960
v -490.371582 16.443146 -1.292260
v -490.457581 16.443148 6.762050
v -489.258728 16.443144 -9.335649
v -489.258728 17.327690 -9.335649
v -490.285706 16.443144 -9.346578
v -489.258728 16.443144 -9.335649
v -554.744202 -0.000116 -4.383636
v -554.718689 -0.000118 -6.787945
v -561.961060 -0.000116 -4.460651
v -561.935425 -0.000118 -6.864872
v -569.170837 -0.000116 -4.537579
v -569.145325 -0.000118 -6.941837
v -576.386780 -0.000116 -4.614502
v -576.361084 -0.000118 -7.018810
v -583.587830 -0.000116 -4.691311
v -583.562073 -0.000118 -7.095646
v -590.812317 -0.000116 -4.768440
v -590.786560 -0.000118 -7.172703
v -583.613525 -0.000116 -2.287071
v -583.587830 -0.000116 -4.691311
v -590.838013 -0.000116 -2.364155
v -590.812317 -0.000116 -4.768440
v -569.196533 -0.000116 -2.133244
v -569.170837 -0.000116 -4.537579
v -576.412292 -0.000116 -2.210217
v -576.386780 -0.000116 -4.614502
v -554.769897 -0.000116 -1.979305
v -554.744202 -0.000116 -4.383636
v -561.986572 -0.000116 -2.056339
v -561.961060 -0.000116 -4.460651
v -590.755981 -0.000119 -10.060863
v -583.531250 -0.000119 -9.983799
v -590.750366 -0.483643 -10.576626
v -583.525879 -0.483643 -10.499546
v -576.330261 -0.000119 -9.906971
v -569.114258 -0.000119 -9.829998
v -576.324890 -0.483643 -10.422756
v -569.108887 -0.483643 -10.345837
v -561.904480 -0.000119 -9.753010
v -554.687866 -0.000119 -9.676060
v -561.898926 -0.483643 -10.268818
v -554.682251 -0.483643 -10.191898
v -590.786560 -0.000118 -7.172703
v -583.562073 -0.000118 -7.095646
v -590.755981 -0.000119 -10.060863
v -583.531250 -0.000119 -9.983799
v -569.145325 -0.000118 -6.941837
v -569.114258 -0.000119 -9.829998
v -576.361084 -0.000118 -7.018810
v -576.330261 -0.000119 -9.906971
v -554.718689 -0.000118 -6.787945
v -554.687866 -0.000119 -9.676060
v -561.935425 -0.000118 -6.864872
v -561.904480 -0.000119 -9.753010
v -576.412292 -0.000116 -2.210217
v -583.613525 -0.000116 -2.287071
v -583.531250 -0.000119 -9.983799
v -576.330261 -0.000119 -9.906971
v -583.531250 -0.000119 -9.983799
v -576.330261 -0.000119 -9.906971
v -583.525879 -0.483643 -10.499546
v -576.324890 -0.483643 -10.422756
v -561.986572 -0.000116 -2.056339
v -569.196533 -0.000116 -2.133244
v -569.114258 -0.000119 -9.829998
v -561.904480 -0.000119 -9.753010
v -569.114258 -0.000119 -9.829998
v -561.904480 -0.000119 -9.753010
v -569.108887 -0.483643 -10.345837
v -561.898926 -0.483643 -10.268818
v -547.561035 -0.000116 -1.902401
v -547.535400 -0.000116 -4.306713
v -554.769897 -0.000116 -1.979305
v -547.535400 -0.000116 -4.306713
v -547.509705 -0.000118 -6.710999
v -547.509705 -0.000118 -6.710999
v -554.687866 -0.000119 -9.676060
v -547.478760 -0.000119 -9.599140
v -554.687866 -0.000119 -9.676060
v -547.478760 -0.000119 -9.599140
v -554.682251 -0.483643 -10.191898
v -547.473267 -0.483643 -10.114948
v -562.037964 -0.000114 2.752186
v -554.821045 -0.000114 2.829220
v -562.012268 -0.000115 0.347965
v -554.795593 -0.000115 0.424961
v -576.463684 -0.000114 2.598316
v -569.247681 -0.000114 2.675327
v -576.437988 -0.000115 0.194027
v -569.222229 -0.000115 0.270996
v -590.889343 -0.000114 2.444397
v -583.664917 -0.000114 2.521522
v -590.863708 -0.000115 0.040157
v -583.639221 -0.000115 0.117237
v -590.863708 -0.000115 0.040157
v -583.639221 -0.000115 0.117237
v -590.838013 -0.000116 -2.364155
v -576.437988 -0.000115 0.194027
v -569.222229 -0.000115 0.270996
v -562.012268 -0.000115 0.347965
v -554.795593 -0.000115 0.424961
v -583.701111 -0.483636 5.925449
v -583.695496 -0.000113 5.409527
v -590.925598 -0.483636 5.848373
v -590.920288 -0.000113 5.332424
v -569.284119 -0.483636 6.079235
v -569.278503 -0.000113 5.563244
v -576.499878 -0.483636 6.002285
v -576.494263 -0.000113 5.486320
v -554.857483 -0.483636 6.233173
v -554.851868 -0.000113 5.717251
v -562.074158 -0.483636 6.156136
v -562.068787 -0.000113 5.640259
v -583.695496 -0.000113 5.409527
v -583.664917 -0.000114 2.521522
v -590.920288 -0.000113 5.332424
v -590.889343 -0.000114 2.444397
v -576.494263 -0.000113 5.486320
v -569.278503 -0.000113 5.563244
v -576.463684 -0.000114 2.598316
v -569.247681 -0.000114 2.675327
v -562.068787 -0.000113 5.640259
v -554.851868 -0.000113 5.717251
v -562.037964 -0.000114 2.752186
v -554.821045 -0.000114 2.829220
v -576.494263 -0.000113 5.486320
v -583.695496 -0.000113 5.409527
v -576.499878 -0.483636 6.002285
v -576.494263 -0.000113 5.486320
v -583.701111 -0.483636 5.925449
v -583.695496 -0.000113 5.409527
v -562.068787 -0.000113 5.640259
v -569.278503 -0.000113 5.563244
v -562.074158 -0.483636 6.156136
v -562.068787 -0.000113 5.640259
v -569.284119 -0.483636 6.079235
v -569.278503 -0.000113 5.563244
v -547.586548 -0.000115 0.501816
v -547.561035 -0.000116 -1.902401
v -547.612244 -0.000114 2.906147
v -547.586548 -0.000115 0.501816
v -547.643066 -0.000113 5.794128
v -547.612244 -0.000114 2.906147
v -554.851868 -0.000113 5.717251
v -547.648499 -0.483636 6.310074
v -547.643066 -0.000113 5.794128
v -554.857483 -0.483636 6.233173
v -554.851868 -0.000113 5.717251
v -583.539795 0.183955 -10.283459
v -589.940063 0.183955 -10.351757
v -583.539795 -0.381090 -10.283459
v -589.940063 -0.381091 -10.351757
v -583.528992 -0.408053 -11.310207
v -589.929077 -0.408053 -11.378529
v -583.528992 0.183955 -11.310207
v -589.929077 0.183955 -11.378529
v -583.528992 0.183955 -11.310207
v -589.929077 0.183955 -11.378529
v -583.539795 0.183955 -10.283459
v -589.940063 0.183955 -10.351757
v -576.327087 -0.381090 -10.206554
v -576.327087 0.183955 -10.206554
v -576.316162 0.183955 -11.233219
v -576.316162 -0.408053 -11.233219
v -576.327087 0.183955 -10.206554
v -576.316162 0.183955 -11.233219
v -561.890442 16.443144 -11.079351
v -575.503357 16.443144 -11.224553
v -561.890442 17.327690 -11.079351
v -575.503357 17.327690 -11.224553
v -561.901367 16.443144 -10.052625
v -561.901367 17.327690 -10.052625
v -575.514343 16.443144 -10.197896
v -575.514343 17.327690 -10.197896
v -561.890442 16.443144 -11.079351
v -561.901367 16.443144 -10.052625
v -575.503357 16.443144 -11.224553
v -575.514343 16.443144 -10.197896
v -590.110535 -0.381084 5.640797
v -590.110535 0.183961 5.640797
v -583.710510 -0.381084 5.709072
v -583.710510 0.183961 5.709072
v -590.121460 0.183962 6.667522
v -590.121460 -0.408046 6.667522
v -583.721497 0.183962 6.735798
v -583.721497 -0.408046 6.735798
v -590.110535 0.183961 5.640797
v -590.121460 0.183962 6.667522
v -583.710510 0.183961 5.709072
v -583.721497 0.183962 6.735798
v -576.497681 0.183961 5.785995
v -576.497681 -0.381084 5.785995
v -576.508606 -0.408046 6.812813
v -576.508606 0.183962 6.812813
v -576.508606 0.183962 6.812813
v -576.497681 0.183961 5.785995
v -575.695740 16.443148 6.821455
v -562.082886 16.443148 6.966655
v -575.695740 17.327694 6.821455
v -562.082886 17.327694 6.966655
v -575.684814 17.327694 5.794703
v -562.071960 17.327694 5.939929
v -575.684814 16.443148 5.794703
v -562.071960 16.443148 5.939929
v -575.684814 16.443148 5.794703
v -562.071960 16.443148 5.939929
v -575.695740 16.443148 6.821455
v -562.082886 16.443148 6.966655
v -547.133545 17.327694 6.157294
v -547.133545 16.443148 6.157294
v -547.047729 17.327692 -1.896913
v -547.047729 16.443146 -1.896913
v -547.133545 16.443148 6.157294
v -548.160217 16.443148 6.146384
v -547.047729 16.443146 -1.896913
v -548.074402 16.443146 -1.907926
v -546.961670 16.443144 -9.951207
v -546.961670 17.327690 -9.951207
v -547.988403 16.443144 -9.962178
v -546.961670 16.443144 -9.951207
v -569.284790 -0.381084 5.863010
v -569.284790 0.183961 5.863010
v -569.295776 0.183962 6.889713
v -569.295776 -0.408046 6.889713
v -569.284790 0.183961 5.863010
v -569.295776 0.183962 6.889713
v -562.884705 0.183961 5.931240
v -562.884705 -0.381084 5.931240
v -562.895691 -0.408046 6.958012
v -562.895691 0.183962 6.958012
v -562.895691 0.183962 6.958012
v -562.884705 0.183961 5.931240
v -548.469971 16.443148 7.111876
v -548.469971 17.327694 7.111876
v -548.459045 17.327694 6.085193
v -548.459045 16.443148 6.085193
v -548.459045 16.443148 6.085193
v -548.469971 16.443148 7.111876
v -569.114075 0.183955 -10.129566
v -569.114075 -0.381090 -10.129566
v -569.103271 -0.408053 -11.156292
v -569.103271 0.183955 -11.156292
v -569.103271 0.183955 -11.156292
v -569.114075 0.183955 -10.129566
v -562.714233 -0.381090 -10.061245
v -562.714233 0.183955 -10.061245
v -562.703003 0.183955 -11.088017
v -562.703003 -0.408053 -11.088017
v -562.714233 0.183955 -10.061245
v -562.703003 0.183955 -11.088017
v -548.277588 16.443144 -10.934133
v -548.277588 17.327690 -10.934133
v -548.288513 16.443144 -9.907384
v -548.288513 17.327690 -9.907384
v -548.277588 16.443144 -10.934133
v -548.288513 16.443144 -9.907384
v -561.259094 -0.381084 5.948627
v -561.259094 0.183961 5.948627
v -554.859070 -0.381084 6.016880
v -554.859070 0.183961 6.016880
v -561.270264 0.183962 6.975330
v -561.270264 -0.408045 6.975330
v -554.870056 0.183962 7.043674
v -554.870056 -0.408045 7.043674
v -561.259094 0.183961 5.948627
v -561.270264 0.183962 6.975330
v -554.859070 0.183961 6.016880
v -554.870056 0.183962 7.043674
v -547.646240 0.183961 6.093872
v -547.646240 -0.381084 6.093872
v -547.657104 -0.408045 7.120533
v -547.657104 0.183962 7.120533
v -547.657104 0.183962 7.120533
v -547.646240 0.183961 6.093872
v -554.688538 0.183955 -9.975689
v -561.088562 0.183955 -10.043964
v -554.688538 -0.381090 -9.975689
v -561.088562 -0.381090 -10.043964
v -554.677551 -0.408053 -11.002354
v -561.077637 -0.408053 -11.070690
v -554.677551 0.183955 -11.002354
v -561.077637 0.183955 -11.070690
v -554.677551 0.183955 -11.002354
v -561.077637 0.183955 -11.070690
v -554.688538 0.183955 -9.975689
v -561.088562 0.183955 -10.043964
v -547.475708 -0.381090 -9.898724
v -547.475708 0.183955 -9.898724
v -547.464722 0.183955 -10.925495
v -547.464722 -0.408053 -10.925495
v -547.475708 0.183955 -9.898724
v -547.464722 0.183955 -10.925495
v -575.984985 17.327694 5.849574
v -575.984985 16.443148 5.849574
v -575.898926 17.327692 -2.204763
v -575.898926 16.443146 -2.204763
v -575.984985 16.443148 5.849574
v -577.011475 16.443148 5.838552
v -575.898926 16.443146 -2.204763
v -576.925659 16.443146 -2.215695
v -575.813110 16.443144 -10.259084
v -575.813110 17.327690 -10.259084
v -576.839783 16.443144 -10.270032
v -575.813110 16.443144 -10.259084
v -662.539062 17.327694 4.926096
v -662.539062 16.443148 4.926096
v -662.453003 17.327692 -3.128217
v -662.453003 16.443146 -3.128217
v -662.539062 16.443148 4.926096
v -663.565735 16.443148 4.915122
v -662.453003 16.443146 -3.128217
v -663.479736 16.443146 -3.139215
v -662.367188 16.443144 -11.182561
v -662.367188 17.327690 -11.182561
v -663.393677 16.443144 -11.193532
v -662.367188 16.443144 -11.182561
v -677.267639 0.725962 -14.950893
v -675.099304 0.725962 -14.927807
v -677.224670 11.037965 -18.968884
v -675.056396 11.037966 -18.945728
v -677.224670 12.952317 -18.968893
v -675.056396 12.952318 -18.945738
v -677.294250 0.725963 -12.457798
v -675.125732 0.725963 -12.434689
v -677.267639 0.725962 -14.950893
v -675.099304 0.725962 -14.927807
v -675.125732 0.725963 -12.434689
v -675.129272 -1.350688 -12.122723
v -675.099304 0.725962 -14.927807
v -675.099304 -1.350718 -14.927807
v -675.056396 11.037966 -18.945728
v -675.390930 11.037977 12.416705
v -675.348083 0.725971 8.398796
v -677.559448 11.037977 12.393596
v -677.516357 0.725971 8.375618
v -675.390930 12.952330 12.416705
v -677.559448 12.952330 12.393596
v -675.348083 0.725971 8.398796
v -675.321472 0.725970 5.905697
v -677.516357 0.725971 8.375618
v -677.489990 0.725970 5.882584
v -675.348083 -1.350708 8.398796
v -675.318115 -1.350680 5.593746
v -675.348083 0.725971 8.398796
v -675.321472 0.725970 5.905697
v -675.390930 11.037977 12.416705
v -641.298279 -0.000117 -5.307114
v -641.272766 -0.000118 -7.711330
v -648.515137 -0.000117 -5.384083
v -648.489502 -0.000118 -7.788414
v -655.724915 -0.000117 -5.461052
v -655.699219 -0.000118 -7.865273
v -662.940674 -0.000117 -5.538021
v -662.915161 -0.000118 -7.942284
v -670.141907 -0.000117 -5.614834
v -670.116211 -0.000118 -8.019142
v -677.366394 -0.000117 -5.691917
v -677.340881 -0.000118 -8.096203
v -670.167603 -0.000116 -3.210548
v -670.141907 -0.000117 -5.614834
v -677.392090 -0.000116 -3.287674
v -677.366394 -0.000117 -5.691917
v -655.750610 -0.000116 -3.056740
v -655.724915 -0.000117 -5.461052
v -662.966370 -0.000116 -3.133755
v -662.940674 -0.000117 -5.538021
v -641.323975 -0.000116 -2.902802
v -641.298279 -0.000117 -5.307114
v -648.540833 -0.000116 -2.979816
v -648.515137 -0.000117 -5.384083
v -677.309875 -0.000119 -11.000431
v -670.085388 -0.000119 -10.907284
v -677.304443 -0.483643 -11.500172
v -670.079956 -0.483643 -11.423069
v -662.884338 -0.000119 -10.830471
v -655.668579 -0.000119 -10.753475
v -662.878723 -0.483643 -11.346188
v -655.662781 -0.483643 -11.269222
v -648.458618 -0.000119 -10.676510
v -641.241943 -0.000119 -10.599537
v -648.453003 -0.483643 -11.192295
v -641.236389 -0.483643 -11.115299
v -677.340881 -0.000118 -8.096203
v -670.116211 -0.000118 -8.019142
v -677.309875 -0.000119 -11.000431
v -670.085388 -0.000119 -10.907284
v -655.699219 -0.000118 -7.865273
v -655.668579 -0.000119 -10.753475
v -662.915161 -0.000118 -7.942284
v -662.884338 -0.000119 -10.830471
v -641.272766 -0.000118 -7.711330
v -641.241943 -0.000119 -10.599537
v -648.489502 -0.000118 -7.788414
v -648.458618 -0.000119 -10.676510
v -662.966370 -0.000116 -3.133755
v -670.167603 -0.000116 -3.210548
v -670.085388 -0.000119 -10.907284
v -662.884338 -0.000119 -10.830471
v -670.085388 -0.000119 -10.907284
v -662.884338 -0.000119 -10.830471
v -670.079956 -0.483643 -11.423069
v -662.878723 -0.483643 -11.346188
v -648.540833 -0.000116 -2.979816
v -655.750610 -0.000116 -3.056740
v -655.668579 -0.000119 -10.753475
v -648.458618 -0.000119 -10.676510
v -655.668579 -0.000119 -10.753475
v -648.458618 -0.000119 -10.676510
v -655.662781 -0.483643 -11.269222
v -648.453003 -0.483643 -11.192295
v -634.115112 -0.000116 -2.825878
v -634.089478 -0.000117 -5.230164
v -641.323975 -0.000116 -2.902802
v -634.089478 -0.000117 -5.230164
v -634.063782 -0.000118 -7.634407
v -634.063782 -0.000118 -7.634407
v -641.241943 -0.000119 -10.599537
v -634.032959 -0.000119 -10.522633
v -641.241943 -0.000119 -10.599537
v -634.032959 -0.000119 -10.522633
v -641.236389 -0.483643 -11.115299
v -634.027527 -0.483643 -11.038425
v -648.592102 -0.000114 1.828777
v -641.375427 -0.000114 1.905724
v -648.566345 -0.000115 -0.575508
v -641.349731 -0.000115 -0.498516
v -663.017822 -0.000114 1.674862
v -655.802063 -0.000114 1.751808
v -662.992065 -0.000115 -0.729404
v -655.776306 -0.000115 -0.652454
v -677.443237 -0.000114 1.520920
v -670.218750 -0.000114 1.597984
v -677.417847 -0.000115 -0.883385
v -670.193054 -0.000115 -0.806305
v -677.417847 -0.000115 -0.883385
v -670.193054 -0.000115 -0.806305
v -677.392090 -0.000116 -3.287674
v -662.992065 -0.000115 -0.729404
v -655.776306 -0.000115 -0.652454
v -648.566345 -0.000115 -0.575508
v -641.349731 -0.000115 -0.498516
v -670.255005 -0.483637 5.001930
v -670.249634 -0.000114 4.486050
v -677.479675 -0.483637 4.924870
v -677.474365 -0.000114 4.425156
v -655.838196 -0.483637 5.155735
v -655.832581 -0.000113 4.639858
v -663.053955 -0.483637 5.078808
v -663.048645 -0.000113 4.562843
v -641.411560 -0.483637 5.309673
v -641.406006 -0.000113 4.793709
v -648.628296 -0.483637 5.232750
v -648.622925 -0.000113 4.716736
v -670.249634 -0.000114 4.486050
v -670.218750 -0.000114 1.597984
v -677.474365 -0.000114 4.425156
v -677.443237 -0.000114 1.520920
v -663.048645 -0.000113 4.562843
v -655.832581 -0.000113 4.639858
v -663.017822 -0.000114 1.674862
v -655.802063 -0.000114 1.751808
v -648.622925 -0.000113 4.716736
v -641.406006 -0.000113 4.793709
v -648.592102 -0.000114 1.828777
v -641.375427 -0.000114 1.905724
v -663.048645 -0.000113 4.562843
v -670.249634 -0.000114 4.486050
v -663.053955 -0.483637 5.078808
v -663.048645 -0.000113 4.562843
v -670.255005 -0.483637 5.001930
v -670.249634 -0.000114 4.486050
v -648.622925 -0.000113 4.716736
v -655.832581 -0.000113 4.639858
v -648.628296 -0.483637 5.232750
v -648.622925 -0.000113 4.716736
v -655.838196 -0.483637 5.155735
v -655.832581 -0.000113 4.639858
v -634.140625 -0.000115 -0.421638
v -634.115112 -0.000116 -2.825878
v -634.166321 -0.000114 1.982647
v -634.140625 -0.000115 -0.421638
v -634.197205 -0.000113 4.870655
v -634.166321 -0.000114 1.982647
v -641.406006 -0.000113 4.793709
v -634.202759 -0.483637 5.386597
v -634.197205 -0.000113 4.870655
v -641.411560 -0.483637 5.309673
v -641.406006 -0.000113 4.793709
v -670.093872 0.183955 -11.206951
v -676.494141 0.183955 -11.275227
v -670.093872 -0.381091 -11.206951
v -676.494141 -0.381091 -11.275227
v -670.082886 -0.408053 -12.233685
v -676.483154 -0.408053 -12.301960
v -670.082886 0.183955 -12.233685
v -676.483154 0.183955 -12.301960
v -670.082886 0.183955 -12.233685
v -676.483154 0.183955 -12.301960
v -670.093872 0.183955 -11.206951
v -676.494141 0.183955 -11.275227
v -662.880981 -0.381091 -11.129963
v -662.880981 0.183955 -11.129963
v -662.870056 0.183955 -12.156712
v -662.870056 -0.408053 -12.156712
v -662.880981 0.183955 -11.129963
v -662.870056 0.183955 -12.156712
v -648.444580 16.443142 -12.002828
v -662.057434 16.443142 -12.148030
v -648.444580 17.327688 -12.002828
v -662.057434 17.327688 -12.148030
v -648.455505 16.443144 -10.976102
v -648.455505 17.327690 -10.976102
v -662.068420 16.443144 -11.121297
v -662.068420 17.327690 -11.121297
v -648.444580 16.443142 -12.002828
v -648.455505 16.443144 -10.976102
v -662.057434 16.443142 -12.148030
v -662.068420 16.443144 -11.121297
v -676.664856 -0.381085 4.717319
v -676.664856 0.183960 4.717319
v -670.264587 -0.381085 4.785526
v -670.264587 0.183960 4.785526
v -676.675842 0.183961 5.744068
v -676.675842 -0.408047 5.744068
v -670.275574 0.183961 5.812321
v -670.275574 -0.408047 5.812321
v -676.664856 0.183960 4.717319
v -676.675842 0.183961 5.744068
v -670.264587 0.183960 4.785526
v -670.275574 0.183961 5.812321
v -663.051758 0.183960 4.862541
v -663.051758 -0.381085 4.862541
v -663.062683 -0.408047 5.889267
v -663.062683 0.183961 5.889267
v -663.062683 0.183961 5.889267
v -663.051758 0.183960 4.862541
v -662.250122 16.443148 5.897979
v -648.636963 16.443148 6.043200
v -662.250122 17.327694 5.897979
v -648.636963 17.327694 6.043200
v -662.239136 17.327694 4.871183
v -648.626038 17.327694 5.016456
v -662.239136 16.443148 4.871183
v -648.626038 16.443148 5.016456
v -662.239136 16.443148 4.871183
v -648.626038 16.443148 5.016456
v -662.250122 16.443148 5.897979
v -648.636963 16.443148 6.043200
v -633.687622 17.327694 5.233886
v -633.687622 16.443148 5.233886
v -633.601807 17.327692 -2.820432
v -633.601807 16.443146 -2.820432
v -633.687622 16.443148 5.233886
v -634.714539 16.443148 5.222957
v -633.601807 16.443146 -2.820432
v -634.628479 16.443146 -2.831380
v -633.515747 16.443144 -10.874700
v -633.515747 17.327690 -10.874700
v -634.542480 16.443144 -10.885655
v -633.515747 16.443144 -10.874700
v -655.838867 -0.381085 4.939533
v -655.838867 0.183961 4.939533
v -655.849854 0.183961 5.966259
v -655.849854 -0.408047 5.966259
v -655.838867 0.183961 4.939533
v -655.849854 0.183961 5.966259
v -649.438843 0.183961 5.007809
v -649.438843 -0.381085 5.007809
v -649.449768 -0.408047 6.034515
v -649.449768 0.183961 6.034515
v -649.449768 0.183961 6.034515
v -649.438843 0.183961 5.007809
v -635.024048 16.443148 6.188472
v -635.024048 17.327694 6.188472
v -635.013184 17.327694 5.161695
v -635.013184 16.443148 5.161695
v -635.013184 16.443148 5.161695
v -635.024048 16.443148 6.188472
v -655.668152 0.183955 -11.053066
v -655.668152 -0.381091 -11.053066
v -655.657410 -0.408053 -12.079723
v -655.657410 0.183955 -12.079723
v -655.657410 0.183955 -12.079723
v -655.668152 0.183955 -11.053066
v -649.268127 -0.381091 -10.984768
v -649.268127 0.183955 -10.984768
v -649.257141 0.183955 -12.011517
v -649.257141 -0.408053 -12.011517
v -649.268127 0.183955 -10.984768
v -649.257141 0.183955 -12.011517
v -634.831665 16.443142 -11.857564
v -634.831665 17.327688 -11.857564
v -634.842590 16.443144 -10.830899
v -634.842590 17.327690 -10.830899
v -634.831665 16.443142 -11.857564
v -634.842590 16.443144 -10.830899
v -647.813416 -0.381085 5.025127
v -647.813416 0.183961 5.025127
v -641.413391 -0.381085 5.093407
v -641.413391 0.183961 5.093407
v -647.824402 0.183961 6.051857
v -647.824402 -0.408047 6.051857
v -641.424316 0.183961 6.120132
v -641.424316 -0.408047 6.120132
v -647.813416 0.183961 5.025127
v -647.824402 0.183961 6.051857
v -641.413391 0.183961 5.093407
v -641.424316 0.183961 6.120132
v -634.200500 0.183961 5.170372
v -634.200500 -0.381085 5.170372
v -634.211243 -0.408047 6.197124
v -634.211243 0.183961 6.197124
v -634.211243 0.183961 6.197124
v -634.200500 0.183961 5.170372
v -633.398682 16.443148 6.205790
v -619.785767 16.443148 6.350988
v -633.398682 17.327694 6.205790
v -619.785767 17.327694 6.350988
v -633.387695 17.327694 5.179015
v -619.774597 17.327694 5.324332
v -633.387695 16.443148 5.179015
v -619.774597 16.443148 5.324332
v -633.387695 16.443148 5.179015
v -619.774597 16.443148 5.324332
v -633.398682 16.443148 6.205790
v -619.785767 16.443148 6.350988
v -641.242615 0.183955 -10.899075
v -647.642700 0.183955 -10.967419
v -641.242615 -0.381091 -10.899075
v -647.642700 -0.381091 -10.967419
v -641.231750 -0.408053 -11.925854
v -647.631714 -0.408053 -11.994175
v -641.231750 0.183955 -11.925854
v -647.631714 0.183955 -11.994175
v -641.231750 0.183955 -11.925854
v -647.631714 0.183955 -11.994175
v -641.242615 0.183955 -10.899075
v -647.642700 0.183955 -10.967419
v -634.029785 -0.381091 -10.822224
v -634.029785 0.183955 -10.822224
v -634.018799 0.183955 -11.848881
v -634.018799 -0.408053 -11.848881
v -634.029785 0.183955 -10.822224
v -634.018799 0.183955 -11.848881
v -619.593079 16.443142 -11.695043
v -633.205994 16.443142 -11.840245
v -619.593079 17.327688 -11.695043
v -633.205994 17.327688 -11.840245
v -619.604065 16.443144 -10.668286
v -619.604065 17.327690 -10.668286
v -633.216980 16.443144 -10.813512
v -633.216980 17.327690 -10.813512
v -619.593079 16.443142 -11.695043
v -619.604065 16.443144 -10.668286
v -633.205994 16.443142 -11.840245
v -633.216980 16.443144 -10.813512
v -598.021362 -0.000116 -4.845341
v -597.995667 -0.000118 -7.249603
v -605.238037 -0.000116 -4.922375
v -605.212341 -0.000118 -7.326641
v -612.447998 -0.000117 -4.999237
v -612.422058 -0.000118 -7.403545
v -619.663757 -0.000117 -5.076252
v -619.638062 -0.000118 -7.480537
v -626.864746 -0.000117 -5.153107
v -626.839294 -0.000118 -7.557350
v -626.890686 -0.000116 -2.748798
v -626.864746 -0.000117 -5.153107
v -612.473633 -0.000116 -2.595013
v -612.447998 -0.000117 -4.999237
v -619.689453 -0.000116 -2.672005
v -619.663757 -0.000117 -5.076252
v -598.046814 -0.000116 -2.441074
v -598.021362 -0.000116 -4.845341
v -605.263733 -0.000116 -2.518047
v -605.238037 -0.000116 -4.922375
v -634.032959 -0.000119 -10.522633
v -626.808472 -0.000119 -10.445530
v -634.027527 -0.483643 -11.038425
v -626.803040 -0.483643 -10.961300
v -619.607239 -0.000119 -10.368671
v -612.391479 -0.000119 -10.291706
v -619.601807 -0.483643 -10.884487
v -612.385864 -0.483643 -10.807491
v -605.181458 -0.000119 -10.214802
v -597.964844 -0.000119 -10.137768
v -605.176086 -0.483643 -10.730633
v -597.959473 -0.483643 -10.653599
v -626.839294 -0.000118 -7.557350
v -634.032959 -0.000119 -10.522633
v -626.808472 -0.000119 -10.445530
v -612.422058 -0.000118 -7.403545
v -612.391479 -0.000119 -10.291706
v -619.638062 -0.000118 -7.480537
v -619.607239 -0.000119 -10.368671
v -597.995667 -0.000118 -7.249603
v -597.964844 -0.000119 -10.137768
v -605.212341 -0.000118 -7.326641
v -605.181458 -0.000119 -10.214802
v -619.689453 -0.000116 -2.672005
v -626.890686 -0.000116 -2.748798
v -626.808472 -0.000119 -10.445530
v -619.607239 -0.000119 -10.368671
v -626.808472 -0.000119 -10.445530
v -619.607239 -0.000119 -10.368671
v -626.803040 -0.483643 -10.961300
v -619.601807 -0.483643 -10.884487
v -605.263733 -0.000116 -2.518047
v -612.473633 -0.000116 -2.595013
v -612.391479 -0.000119 -10.291706
v -605.181458 -0.000119 -10.214802
v -612.391479 -0.000119 -10.291706
v -605.181458 -0.000119 -10.214802
v -612.385864 -0.483643 -10.807491
v -605.176086 -0.483643 -10.730633
v -598.046814 -0.000116 -2.441074
v -597.964844 -0.000119 -10.137768
v -590.755981 -0.000119 -10.060863
v -597.964844 -0.000119 -10.137768
v -590.755981 -0.000119 -10.060863
v -597.959473 -0.483643 -10.653599
v -590.750366 -0.483643 -10.576626
v -605.315125 -0.000114 2.290527
v -598.098267 -0.000114 2.367519
v -605.289368 -0.000115 -0.113850
v -598.072510 -0.000115 -0.036766
v -619.740601 -0.000114 2.136589
v -612.524841 -0.000114 2.213581
v -619.714905 -0.000115 -0.267719
v -612.499146 -0.000115 -0.190704
v -626.941833 -0.000114 2.059731
v -626.916138 -0.000115 -0.344513
v -626.916138 -0.000115 -0.344513
v -619.714905 -0.000115 -0.267719
v -612.499146 -0.000115 -0.190704
v -605.289368 -0.000115 -0.113850
v -598.072510 -0.000115 -0.036766
v -626.978088 -0.483637 5.463680
v -626.972656 -0.000113 4.947716
v -634.202759 -0.483637 5.386597
v -634.197205 -0.000113 4.870655
v -612.561096 -0.483637 5.617550
v -612.555481 -0.000113 5.101585
v -619.777039 -0.483637 5.540535
v -619.771423 -0.000113 5.024593
v -598.134460 -0.483636 5.771469
v -598.129089 -0.000113 5.255478
v -605.351318 -0.483636 5.694408
v -605.345947 -0.000113 5.178440
v -626.972656 -0.000113 4.947716
v -626.941833 -0.000114 2.059731
v -634.197205 -0.000113 4.870655
v -619.771423 -0.000113 5.024593
v -612.555481 -0.000113 5.101585
v -619.740601 -0.000114 2.136589
v -612.524841 -0.000114 2.213581
v -605.345947 -0.000113 5.178440
v -598.129089 -0.000113 5.255478
v -605.315125 -0.000114 2.290527
v -598.098267 -0.000114 2.367519
v -619.771423 -0.000113 5.024593
v -626.972656 -0.000113 4.947716
v -619.777039 -0.483637 5.540535
v -619.771423 -0.000113 5.024593
v -626.978088 -0.483637 5.463680
v -626.972656 -0.000113 4.947716
v -605.345947 -0.000113 5.178440
v -612.555481 -0.000113 5.101585
v -605.351318 -0.483636 5.694408
v -605.345947 -0.000113 5.178440
v -612.561096 -0.483637 5.617550
v -612.555481 -0.000113 5.101585
v -590.920288 -0.000113 5.332424
v -598.129089 -0.000113 5.255478
v -590.925598 -0.483636 5.848373
v -590.920288 -0.000113 5.332424
v -598.134460 -0.483636 5.771469
v -598.129089 -0.000113 5.255478
v -626.817139 0.183955 -10.745228
v -626.817139 -0.381091 -10.745228
v -626.805969 -0.408053 -11.771893
v -626.805969 0.183955 -11.771893
v -626.805969 0.183955 -11.771893
v -626.817139 0.183955 -10.745228
v -620.416870 -0.381091 -10.676907
v -620.416870 0.183955 -10.676907
v -620.405945 0.183955 -11.703686
v -620.405945 -0.408053 -11.703686
v -620.416870 0.183955 -10.676907
v -620.405945 0.183955 -11.703686
v -605.980225 16.443144 -11.549726
v -605.980225 17.327690 -11.549726
v -605.991211 16.443144 -10.523068
v -605.991211 17.327690 -10.523068
v -605.980225 16.443144 -11.549726
v -605.991211 16.443144 -10.523068
v -626.987427 -0.381085 5.247345
v -626.987427 0.183961 5.247345
v -626.998413 0.183961 6.274071
v -626.998413 -0.408047 6.274071
v -626.987427 0.183961 5.247345
v -626.998413 0.183961 6.274071
v -620.587402 0.183961 5.315598
v -620.587402 -0.381085 5.315598
v -620.598328 -0.408047 6.342346
v -620.598328 0.183961 6.342346
v -620.598328 0.183961 6.342346
v -620.587402 0.183961 5.315598
v -606.172913 16.443148 6.496261
v -606.172913 17.327694 6.496261
v -606.161682 17.327694 5.469531
v -606.161682 16.443148 5.469531
v -606.161682 16.443148 5.469531
v -606.172913 16.443148 6.496261
v -618.962036 -0.381085 5.332958
v -618.962036 0.183961 5.332958
v -612.561951 -0.381084 5.401192
v -612.561951 0.183961 5.401192
v -618.972900 0.183961 6.359665
v -618.972900 -0.408047 6.359665
v -612.572876 0.183961 6.428009
v -612.572876 -0.408047 6.428009
v -618.962036 0.183961 5.332958
v -618.972900 0.183961 6.359665
v -612.561951 0.183961 5.401192
v -612.572876 0.183961 6.428009
v -605.349060 0.183961 5.478207
v -605.349060 -0.381084 5.478207
v -605.360046 -0.408047 6.504978
v -605.360046 0.183961 6.504978
v -605.360046 0.183961 6.504978
v -605.349060 0.183961 5.478207
v -604.547180 16.443148 6.513597
v -590.934326 16.443148 6.658820
v -604.547180 17.327694 6.513597
v -590.934326 17.327694 6.658820
v -604.536255 17.327694 5.486850
v -590.923340 17.327694 5.632071
v -604.536255 16.443148 5.486850
v -590.923340 16.443148 5.632071
v -604.536255 16.443148 5.486850
v -590.923340 16.443148 5.632071
v -604.547180 16.443148 6.513597
v -590.934326 16.443148 6.658820
v -612.391174 0.183955 -10.591290
v -618.791260 0.183955 -10.659588
v -612.391174 -0.381091 -10.591290
v -618.791260 -0.381091 -10.659588
v -612.380249 -0.408053 -11.618023
v -618.780273 -0.408053 -11.686359
v -612.380249 0.183955 -11.618023
v -618.780273 0.183955 -11.686359
v -612.380249 0.183955 -11.618023
v -618.780273 0.183955 -11.686359
v -612.391174 0.183955 -10.591290
v -618.791260 0.183955 -10.659588
v -605.178345 -0.381091 -10.514362
v -605.178345 0.183955 -10.514362
v -605.167358 0.183955 -11.541050
v -605.167358 -0.408053 -11.541050
v -605.178345 0.183955 -10.514362
v -605.167358 0.183955 -11.541050
v -590.741638 16.443144 -11.387166
v -604.354797 16.443144 -11.532407
v -590.741638 17.327690 -11.387166
v -604.354797 17.327690 -11.532407
v -590.752808 16.443144 -10.360440
v -590.752808 17.327690 -10.360440
v -604.365723 16.443144 -10.505658
v -604.365723 17.327690 -10.505658
v -590.741638 16.443144 -11.387166
v -590.752808 16.443144 -10.360440
v -604.354797 16.443144 -11.532407
v -604.365723 16.443144 -10.505658
v -598.136230 -0.381084 5.555199
v -598.136230 0.183961 5.555199
v -598.147156 0.183961 6.581860
v -598.147156 -0.408046 6.581860
v -598.136230 0.183961 5.555199
v -598.147156 0.183961 6.581860
v -591.735962 0.183961 5.623409
v -591.735962 -0.381084 5.623409
v -591.746887 -0.408046 6.650204
v -591.746887 0.183962 6.650204
v -591.746887 0.183962 6.650204
v -591.735962 0.183961 5.623409
v -577.321411 16.443148 6.804069
v -577.321411 17.327694 6.804069
v -577.310425 17.327694 5.777361
v -577.310425 16.443148 5.777361
v -577.310425 16.443148 5.777361
v -577.321411 16.443148 6.804069
v -597.965454 0.183955 -10.437420
v -597.965454 -0.381091 -10.437420
v -597.954529 -0.408053 -11.464146
v -597.954529 0.183955 -11.464146
v -597.954529 0.183955 -11.464146
v -597.965454 0.183955 -10.437420
v -591.565491 -0.381091 -10.369076
v -591.565491 0.183955 -10.369076
v -591.554504 0.183955 -11.395802
v -591.554504 -0.408053 -11.395802
v -591.565491 0.183955 -10.369076
v -591.554504 0.183955 -11.395802
v -577.128784 16.443144 -11.241963
v -577.128784 17.327690 -11.241963
v -577.139709 16.443144 -10.215238
v -577.139709 17.327690 -10.215238
v -577.128784 16.443144 -11.241963
v -577.139709 16.443144 -10.215238
v -540.319580 -0.000116 -4.229698
v -540.293884 -0.000118 -6.634007
v -540.345093 -0.000116 -1.825413
v -540.319580 -0.000116 -4.229698
v -547.478760 -0.000119 -9.599140
v -540.263000 -0.000119 -9.522144
v -547.473267 -0.483643 -10.114948
v -540.257507 -0.483642 -10.037952
v -540.293884 -0.000118 -6.634007
v -540.263000 -0.000119 -9.522144
v -547.478760 -0.000119 -9.599140
v -540.345093 -0.000116 -1.825413
v -540.263000 -0.000119 -9.522144
v -540.263000 -0.000119 -9.522144
v -540.257507 -0.483642 -10.037952
v -540.396484 -0.000114 2.983116
v -540.370789 -0.000115 0.578831
v -540.370789 -0.000115 0.578831
v -540.432678 -0.483636 6.387089
v -540.427307 -0.000113 5.871120
v -547.648499 -0.483636 6.310074
v -547.643066 -0.000113 5.794128
v -547.643066 -0.000113 5.794128
v -540.427307 -0.000113 5.871120
v -540.396484 -0.000114 2.983116
v -540.427307 -0.000113 5.871120
v -540.432678 -0.483636 6.387089
v -540.427307 -0.000113 5.871120
v -546.651855 16.443144 -10.916768
v -546.651855 17.327690 -10.916768
v -546.663086 16.443144 -9.890065
v -546.663086 17.327690 -9.890065
v -546.651855 16.443144 -10.916768
v -546.663086 16.443144 -9.890065
v -546.844360 16.443148 7.129263
v -546.844360 17.327694 7.129263
v -546.833557 17.327694 6.102538
v -546.833557 16.443148 6.102538
v -546.833557 16.443148 6.102538
v -546.844360 16.443148 7.129263
v -540.433350 -0.381084 6.170841
v -540.433350 0.183961 6.170841
v -540.444275 0.183962 7.197544
v -540.444275 -0.408045 7.197544
v -540.433350 0.183961 6.170841
v -540.444275 0.183962 7.197544
v -534.033325 0.183961 6.239075
v -534.033325 -0.381084 6.239075
v -534.044250 -0.408045 7.265842
v -534.044250 0.183962 7.265842
v -534.044250 0.183962 7.265842
v -534.033325 0.183961 6.239075
v -540.262817 0.183955 -9.821751
v -540.262817 -0.381090 -9.821751
v -540.251892 -0.408053 -10.848484
v -540.251892 0.183955 -10.848484
v -540.251892 0.183955 -10.848484
v -540.262817 0.183955 -9.821751
v -533.862732 -0.381090 -9.753475
v -533.862732 0.183955 -9.753475
v -533.851868 0.183955 -10.780178
v -533.851868 -0.408053 -10.780178
v -533.862732 0.183955 -9.753475
v -533.851868 0.183955 -10.780178
v -590.754578 2.070793 -10.180767
v -590.739685 2.070793 -11.577702
v -592.106750 2.070793 -10.195271
v -592.091797 2.070793 -11.592091
v -587.852234 -0.460297 -10.149815
v -587.837219 -0.460298 -11.546749
v -589.402344 2.070793 -10.166348
v -589.387512 2.070793 -11.563175
v -592.091797 2.070793 -11.592091
v -590.739685 2.070793 -11.577702
v -593.642090 -0.460298 -11.608677
v -590.739685 -0.460298 -11.577702
v -590.754578 2.070793 -10.180767
v -592.106750 2.070793 -10.195271
v -590.754578 -0.460297 -10.180767
v -593.657043 -0.460297 -10.211742
v -592.288391 2.070800 6.834892
v -590.936340 2.070800 6.849350
v -592.273499 2.070800 5.438091
v -590.921326 2.070800 5.452480
v -589.584045 2.070800 6.863743
v -588.033875 -0.460290 6.880329
v -589.569214 2.070800 5.466919
v -588.018921 -0.460291 5.483459
v -590.936340 -0.460290 6.849350
v -590.936340 2.070800 6.849350
v -593.838745 -0.460290 6.818401
v -592.288391 2.070800 6.834892
v -593.823792 -0.460291 5.421532
v -592.273499 2.070800 5.438091
v -590.921326 -0.460291 5.452480
v -590.921326 2.070800 5.452480
v -589.402344 2.070793 -10.166348
v -589.387512 2.070793 -11.563175
v -589.402344 2.070793 -10.166348
v -590.754578 2.070793 -10.180767
v -587.852234 -0.460297 -10.149815
v -589.387512 2.070793 -11.563175
v -587.837219 -0.460298 -11.546749
v -590.739685 2.070793 -11.577702
v -589.584045 2.070800 6.863743
v -589.569214 2.070800 5.466919
v -588.033875 -0.460290 6.880329
v -589.584045 2.070800 6.863743
v -590.936340 2.070800 6.849350
v -588.018921 -0.460291 5.483459
v -589.569214 2.070800 5.466919
v -648.457520 2.070793 -10.796452
v -648.442505 2.070792 -12.193325
v -649.809387 2.070793 -10.810848
v -649.794617 2.070792 -12.207783
v -645.554871 -0.460298 -10.765476
v -645.539856 -0.460298 -12.162327
v -647.105164 2.070793 -10.781994
v -647.090210 2.070792 -12.178860
v -649.794617 2.070792 -12.207783
v -648.442505 2.070792 -12.193325
v -651.344971 -0.460298 -12.224255
v -648.442505 -0.460298 -12.193325
v -648.457520 2.070793 -10.796452
v -649.809387 2.070793 -10.810848
v -648.457520 -0.460298 -10.796452
v -651.359741 -0.460298 -10.827404
v -649.991333 2.070800 6.219269
v -648.639221 2.070800 6.233685
v -649.976318 2.070800 4.822426
v -648.624268 2.070800 4.836815
v -647.286865 2.070800 6.248123
v -645.736572 -0.460291 6.264664
v -647.271912 2.070800 4.851280
v -645.721802 -0.460292 4.867794
v -648.639221 -0.460291 6.233685
v -648.639221 2.070800 6.233685
v -651.541443 -0.460291 6.202736
v -649.991333 2.070800 6.219269
v -651.526672 -0.460292 4.805866
v -649.976318 2.070800 4.822426
v -648.624268 -0.460292 4.836815
v -648.624268 2.070800 4.836815
v -647.105164 2.070793 -10.781994
v -647.090210 2.070792 -12.178860
v -647.105164 2.070793 -10.781994
v -645.554871 -0.460298 -10.765476
v -647.090210 2.070792 -12.178860
v -645.539856 -0.460298 -12.162327
v -647.286865 2.070800 6.248123
v -647.271912 2.070800 4.851280
v -645.736572 -0.460291 6.264664
v -647.286865 2.070800 6.248123
v -645.721802 -0.460292 4.867794
v -647.271912 2.070800 4.851280
v -619.605835 2.070793 -10.488598
v -619.591125 2.070793 -11.885509
v -620.958191 2.070793 -10.503101
v -620.943176 2.070793 -11.899975
v -616.703369 -0.460297 -10.457600
v -616.688660 -0.460298 -11.854557
v -618.253723 2.070793 -10.474186
v -618.238770 2.070793 -11.871052
v -620.943176 2.070793 -11.899975
v -619.591125 2.070793 -11.885509
v -622.493591 -0.460298 -11.916485
v -619.591125 -0.460298 -11.885509
v -619.605835 2.070793 -10.488598
v -620.958191 2.070793 -10.503101
v -619.605835 -0.460297 -10.488598
v -622.508484 -0.460297 -10.519527
v -621.139893 2.070800 6.527103
v -619.787720 2.070800 6.541519
v -621.124878 2.070800 5.130257
v -619.772827 2.070800 5.144650
v -618.435425 2.070800 6.555954
v -616.885071 -0.460290 6.572495
v -618.420471 2.070800 5.159088
v -616.870361 -0.460292 5.175648
v -619.787720 -0.460290 6.541519
v -619.787720 2.070800 6.541519
v -622.690186 -0.460291 6.510521
v -621.139893 2.070800 6.527103
v -622.675293 -0.460292 5.113697
v -621.124878 2.070800 5.130257
v -619.772827 -0.460292 5.144650
v -619.772827 2.070800 5.144650
v -618.253723 2.070793 -10.474186
v -618.238770 2.070793 -11.871052
v -618.253723 2.070793 -10.474186
v -616.703369 -0.460297 -10.457600
v -618.238770 2.070793 -11.871052
v -616.688660 -0.460298 -11.854557
v -619.591125 2.070793 -11.885509
v -618.435425 2.070800 6.555954
v -618.420471 2.070800 5.159088
v -616.885071 -0.460290 6.572495
v -618.435425 2.070800 6.555954
v -619.787720 2.070800 6.541519
v -616.870361 -0.460292 5.175648
v -618.420471 2.070800 5.159088
v -659.980591 16.047642 -10.919423
v -659.965576 16.047640 -12.316289
v -661.530884 17.946554 -10.935964
v -661.515930 17.946552 -12.332784
v -665.785400 16.047642 -10.981351
v -665.770691 16.047640 -12.378224
v -662.883057 16.047642 -10.950376
v -662.868042 16.047640 -12.347249
v -664.220337 17.946552 -12.361638
v -662.868042 17.946552 -12.347249
v -665.770691 16.047640 -12.378224
v -662.868042 16.047640 -12.347249
v -662.883057 17.946554 -10.950376
v -664.235107 17.946554 -10.964818
v -662.883057 16.047642 -10.950376
v -665.785400 16.047642 -10.981351
v -646.443481 0.067197 -10.984005
v -634.202576 16.447971 -10.853406
v -648.386658 0.067197 -11.004742
v -636.145752 16.447971 -10.874143
v -646.433167 0.067197 -11.935375
v -634.192261 16.447969 -11.804776
v -646.435608 0.067197 -11.674938
v -634.194702 16.447971 -11.544362
v -646.435608 0.067197 -11.674938
v -634.194702 16.447971 -11.544362
v -647.039001 0.067197 -11.613239
v -634.798096 16.447971 -11.482633
v -647.039001 0.067197 -11.613239
v -634.798096 16.447971 -11.482633
v -647.042175 0.067197 -11.318943
v -634.801270 16.447971 -11.188352
v -646.440308 0.067197 -11.244320
v -634.199402 16.447971 -11.113774
v -646.443481 0.067197 -10.984005
v -634.202576 16.447971 -10.853406
v -631.913147 16.447971 -10.828977
v -633.856384 16.447971 -10.849721
v -619.672241 0.067197 -10.698414
v -621.615479 0.067197 -10.719105
v -631.909973 16.447971 -11.089391
v -631.913147 16.447971 -10.828977
v -619.669067 0.067197 -10.958775
v -619.672241 0.067197 -10.698414
v -632.508728 16.447971 -11.458165
v -632.511902 16.447971 -11.164014
v -620.267822 0.067197 -11.327572
v -620.270996 0.067197 -11.033375
v -631.905273 16.447971 -11.519910
v -632.508728 16.447971 -11.458165
v -619.664368 0.067197 -11.389339
v -620.267822 0.067197 -11.327572
v -631.903076 16.447969 -11.780347
v -631.905273 16.447971 -11.519910
v -619.662170 0.067197 -11.649731
v -619.664368 0.067197 -11.389339
v -617.592041 0.067197 -10.676174
v -605.351135 16.447971 -10.545529
v -619.535278 0.067197 -10.696934
v -607.294373 16.447971 -10.566289
v -617.581726 0.067197 -11.627499
v -605.341003 16.447971 -11.496945
v -617.584167 0.067197 -11.367176
v -605.343445 16.447971 -11.236577
v -617.584167 0.067197 -11.367176
v -605.343445 16.447971 -11.236577
v -618.187561 0.067197 -11.305401
v -605.946716 16.447971 -11.174848
v -618.187561 0.067197 -11.305401
v -605.946716 16.447971 -11.174848
v -618.190674 0.067197 -11.011158
v -605.949768 16.447971 -10.880536
v -617.588684 0.067197 -10.936535
v -605.347961 16.447971 -10.805936
v -617.592041 0.067197 -10.676174
v -605.351135 16.447971 -10.545529
v -603.061646 16.447971 -10.521146
v -605.005127 16.447971 -10.541913
v -590.820740 0.067197 -10.390575
v -592.764221 0.067197 -10.411289
v -603.058533 16.447971 -10.781552
v -603.061646 16.447971 -10.521146
v -590.817688 0.067197 -10.650890
v -590.820740 0.067197 -10.390575
v -603.657288 16.447971 -11.150357
v -603.660400 16.447971 -10.856137
v -591.416565 0.067197 -11.019741
v -591.419739 0.067197 -10.725536
v -603.053894 16.447971 -11.212079
v -603.657288 16.447971 -11.150357
v -590.813171 0.067197 -11.081470
v -591.416565 0.067197 -11.019741
v -603.051636 16.447971 -11.472562
v -603.053894 16.447971 -11.212079
v -590.810730 0.067197 -11.341938
v -590.813171 0.067197 -11.081470
v -660.764587 16.447971 -11.136792
v -662.707825 16.447971 -11.157483
v -648.523682 0.067197 -11.006245
v -650.466919 0.067197 -11.026890
v -660.761230 16.447971 -11.397176
v -660.764587 16.447971 -11.136792
v -648.520508 0.067197 -11.266560
v -648.523682 0.067197 -11.006245
v -661.360168 16.447969 -11.765996
v -661.363281 16.447971 -11.471799
v -649.119263 0.067197 -11.635410
v -649.122437 0.067197 -11.341114
v -660.756714 16.447969 -11.827748
v -661.360168 16.447969 -11.765996
v -648.515808 0.067197 -11.697132
v -649.119263 0.067197 -11.635410
v -660.754456 16.447969 -12.088178
v -660.756714 16.447969 -11.827748
v -648.513367 0.067197 -11.957607
v -648.515808 0.067197 -11.697132
v -675.294678 0.067197 -11.291813
v -663.053955 16.447971 -11.161191
v -677.237915 0.067197 -11.312534
v -664.997009 16.447971 -11.181981
v -675.284363 0.067196 -12.243160
v -663.043701 16.447969 -12.112561
v -675.287109 0.067197 -11.982777
v -663.045898 16.447969 -11.852178
v -675.287109 0.067197 -11.982777
v -663.045898 16.447969 -11.852178
v -675.890015 0.067197 -11.921047
v -663.649597 16.447969 -11.790471
v -675.890015 0.067197 -11.921047
v -663.649597 16.447969 -11.790471
v -675.893433 0.067197 -11.626759
v -663.652710 16.447971 -11.496228
v -675.291748 0.067197 -11.552197
v -663.050598 16.447971 -11.421605
v -675.294678 0.067197 -11.291813
v -663.053955 16.447971 -11.161191
v -646.433167 0.067197 -11.935375
v -648.376404 0.067197 -11.956112
v -634.192261 16.447969 -11.804776
v -636.135742 16.447969 -11.825513
v -646.440308 0.067197 -11.244320
v -647.042175 0.067197 -11.318943
v -634.199402 16.447971 -11.113774
v -634.801270 16.447971 -11.188352
v -619.669067 0.067197 -10.958775
v -620.270996 0.067197 -11.033375
v -631.909973 16.447971 -11.089391
v -632.511902 16.447971 -11.164014
v -619.662170 0.067197 -11.649731
v -621.605408 0.067197 -11.670422
v -631.903076 16.447969 -11.780347
v -633.846252 16.447969 -11.801084
v -617.581726 0.067197 -11.627499
v -619.525146 0.067197 -11.648235
v -605.341003 16.447971 -11.496945
v -607.284241 16.447971 -11.517659
v -617.588684 0.067197 -10.936535
v -618.190674 0.067197 -11.011158
v -605.347961 16.447971 -10.805936
v -605.949768 16.447971 -10.880536
v -590.817688 0.067197 -10.650890
v -591.419739 0.067197 -10.725536
v -603.058533 16.447971 -10.781552
v -603.660400 16.447971 -10.856137
v -590.810730 0.067197 -11.341938
v -592.753967 0.067197 -11.362659
v -603.051636 16.447971 -11.472562
v -604.994873 16.447971 -11.493276
v -648.520508 0.067197 -11.266560
v -649.122437 0.067197 -11.341114
v -660.761230 16.447971 -11.397176
v -661.363281 16.447971 -11.471799
v -648.513367 0.067197 -11.957607
v -650.456604 0.067197 -11.978260
v -660.754456 16.447969 -12.088178
v -662.697754 16.447969 -12.108891
v -675.284363 0.067196 -12.243160
v -677.227783 0.067196 -12.263897
v -663.043701 16.447969 -12.112561
v -664.986877 16.447969 -12.133298
v -675.291748 0.067197 -11.552197
v -675.893433 0.067197 -11.626759
v -663.050598 16.447971 -11.421605
v -663.652710 16.447971 -11.496228
v -661.712585 17.946558 6.094199
v -660.162292 16.047646 6.110785
v -661.697571 17.946558 4.697337
v -660.147522 16.047646 4.713915
v -663.064697 16.047646 6.079810
v -665.967102 16.047646 6.048853
v -663.049744 16.047646 4.682940
v -665.952148 16.047646 4.651988
v -663.064697 16.047646 6.079810
v -663.064697 17.946558 6.079810
v -665.967102 16.047646 6.048853
v -664.416809 17.946558 6.065413
v -665.952148 16.047646 4.651988
v -664.402039 17.946558 4.668414
v -663.049744 16.047646 4.682940
v -663.049744 17.946558 4.682940
v -636.316956 16.447975 5.177142
v -634.373779 16.447975 5.197878
v -648.557861 0.067203 5.046539
v -646.614685 0.067203 5.067280
v -634.380615 16.447975 5.888884
v -634.383789 16.447975 6.149249
v -646.621521 0.067203 5.758236
v -646.624695 0.067203 6.018646
v -634.982544 16.447975 5.814239
v -634.380615 16.447975 5.888884
v -647.223450 0.067203 5.683704
v -646.621521 0.067203 5.758236
v -634.979614 16.447975 5.520082
v -634.982544 16.447975 5.814239
v -647.220276 0.067203 5.389393
v -647.223450 0.067203 5.683704
v -634.373779 16.447975 5.197878
v -634.376221 16.447975 5.458312
v -646.614685 0.067203 5.067280
v -646.617126 0.067203 5.327709
v -621.786865 0.067203 5.332222
v -634.027527 16.447975 5.201632
v -619.843628 0.067203 5.352917
v -632.084290 16.447975 5.222308
v -619.843628 0.067203 5.352917
v -632.084290 16.447975 5.222308
v -619.845886 0.067203 5.613304
v -632.086792 16.447975 5.482696
v -620.449341 0.067203 5.675076
v -632.689941 16.447975 5.544466
v -620.452393 0.067203 5.969341
v -632.693298 16.447975 5.838714
v -620.452393 0.067203 5.969341
v -632.693298 16.447975 5.838714
v -619.850586 0.067203 6.043877
v -632.091492 16.447975 5.913268
v -619.850586 0.067203 6.043877
v -632.091492 16.447975 5.913268
v -619.853699 0.067203 6.304283
v -632.094604 16.447975 6.173675
v -607.465759 16.447975 5.484972
v -605.522278 16.447975 5.505693
v -619.706421 0.067203 5.354370
v -617.763184 0.067203 5.375111
v -605.529480 16.447975 6.196714
v -605.532593 16.447975 6.457079
v -617.770386 0.067203 6.066116
v -617.773438 0.067203 6.326523
v -606.131287 16.447975 6.122092
v -605.529480 16.447975 6.196714
v -618.372192 0.067203 5.991493
v -617.770386 0.067203 6.066116
v -606.128174 16.447975 5.827848
v -606.131287 16.447975 6.122092
v -618.368835 0.067203 5.697205
v -618.372192 0.067203 5.991493
v -605.522278 16.447975 5.505693
v -605.524780 16.447975 5.766142
v -617.763184 0.067203 5.375111
v -617.765686 0.067203 5.635544
v -592.935425 0.067203 5.640057
v -605.176331 16.447975 5.509444
v -590.992249 0.067203 5.660706
v -603.233154 16.447975 5.530138
v -590.992249 0.067203 5.660706
v -603.233154 16.447975 5.530138
v -590.994385 0.067203 5.921135
v -603.235291 16.447975 5.790525
v -591.597839 0.067203 5.982910
v -603.838745 16.447975 5.852298
v -591.601013 0.067203 6.277111
v -603.841919 16.447975 6.146522
v -591.601013 0.067203 6.277111
v -603.841919 16.447975 6.146522
v -590.999084 0.067203 6.351711
v -603.239990 16.447975 6.221145
v -590.999084 0.067203 6.351711
v -603.239990 16.447975 6.221145
v -591.002258 0.067203 6.612072
v -603.243164 16.447975 6.481462
v -650.638306 0.067203 5.024372
v -662.879028 16.447975 4.893755
v -648.694885 0.067203 5.045155
v -660.935791 16.447975 4.914561
v -648.694885 0.067203 5.045155
v -660.935791 16.447975 4.914561
v -648.697327 0.067203 5.305515
v -660.937988 16.447975 5.174838
v -649.300720 0.067203 5.367245
v -661.541626 16.447975 5.236631
v -649.303650 0.067203 5.661533
v -661.544739 16.447975 5.530925
v -649.303650 0.067203 5.661533
v -661.544739 16.447975 5.530925
v -648.702026 0.067203 5.736088
v -660.942627 16.447975 5.605455
v -648.702026 0.067203 5.736088
v -660.942627 16.447975 5.605455
v -648.704895 0.067203 5.996475
v -660.945801 16.447975 5.865867
v -665.168152 16.447975 4.869352
v -663.225159 16.447975 4.890090
v -677.409302 0.067203 4.738686
v -675.465820 0.067203 4.759399
v -663.232117 16.447975 5.581054
v -663.235229 16.447975 5.841460
v -675.473022 0.067203 5.450447
v -675.475891 0.067203 5.710835
v -663.833923 16.447975 5.506431
v -663.232117 16.447975 5.581054
v -676.074829 0.067203 5.375824
v -675.473022 0.067203 5.450447
v -663.830872 16.447975 5.212206
v -663.833923 16.447975 5.506431
v -676.071472 0.067203 5.081604
v -676.074829 0.067203 5.375824
v -663.225159 16.447975 4.890090
v -663.227417 16.447975 5.150476
v -675.465820 0.067203 4.759399
v -675.468506 0.067203 5.019878
v -636.327209 16.447975 6.128509
v -648.567932 0.067203 5.997906
v -634.383789 16.447975 6.149249
v -646.624695 0.067203 6.018646
v -634.979614 16.447975 5.520082
v -647.220276 0.067203 5.389393
v -634.376221 16.447975 5.458312
v -646.617126 0.067203 5.327709
v -632.689941 16.447975 5.544466
v -620.449341 0.067203 5.675076
v -632.086792 16.447975 5.482696
v -619.845886 0.067203 5.613304
v -634.037842 16.447975 6.152998
v -621.796936 0.067203 6.283615
v -632.094604 16.447975 6.173675
v -619.853699 0.067203 6.304283
v -607.475769 16.447975 6.436316
v -619.716675 0.067203 6.305737
v -605.532593 16.447975 6.457079
v -617.773438 0.067203 6.326523
v -606.128174 16.447975 5.827848
v -618.368835 0.067203 5.697205
v -605.524780 16.447975 5.766142
v -617.765686 0.067203 5.635544
v -603.838745 16.447975 5.852298
v -591.597839 0.067203 5.982910
v -603.235291 16.447975 5.790525
v -590.994385 0.067203 5.921135
v -605.186401 16.447975 6.460727
v -592.945679 0.067203 6.591423
v -603.243164 16.447975 6.481462
v -591.002258 0.067203 6.612072
v -661.541626 16.447975 5.236631
v -649.300720 0.067203 5.367245
v -660.937988 16.447975 5.174838
v -648.697327 0.067203 5.305515
v -662.889038 16.447975 5.845121
v -650.648315 0.067203 5.975780
v -660.945801 16.447975 5.865867
v -648.704895 0.067203 5.996475
v -665.178467 16.447975 5.820720
v -677.419373 0.067203 5.690052
v -663.235229 16.447975 5.841460
v -675.475891 0.067203 5.710835
v -663.830872 16.447975 5.212206
v -676.071472 0.067203 5.081604
v -663.227417 16.447975 5.150476
v -675.468506 0.067203 5.019878
v -661.530884 17.946554 -10.935964
v -659.980591 16.047642 -10.919423
v -659.980591 16.047642 -10.919423
v -659.965576 16.047640 -12.316289
v -661.515930 17.946552 -12.332784
v -659.965576 16.047640 -12.316289
v -662.868042 16.047640 -12.347249
v -660.162292 16.047646 6.110785
v -661.712585 17.946558 6.094199
v -660.162292 16.047646 6.110785
v -660.147522 16.047646 4.713915
v -663.049744 16.047646 4.682940
v -660.147522 16.047646 4.713915
v -661.697571 17.946558 4.697337
v -631.129333 16.047642 -10.611592
v -631.114380 16.047640 -12.008458
v -632.679443 17.946554 -10.628133
v -632.664490 17.946552 -12.024999
v -636.934021 16.047642 -10.673543
v -636.919250 16.047640 -12.070394
v -634.031799 16.047642 -10.642545
v -634.016846 16.047640 -12.039395
v -635.368896 17.946552 -12.053853
v -634.016846 17.946552 -12.039395
v -636.919250 16.047640 -12.070394
v -634.016846 16.047640 -12.039395
v -634.031799 17.946554 -10.642545
v -635.383728 17.946554 -10.656980
v -634.031799 16.047642 -10.642545
v -636.934021 16.047642 -10.673543
v -632.861145 17.946558 6.402038
v -631.310791 16.047646 6.418570
v -632.846191 17.946558 5.005209
v -631.296082 16.047646 5.021636
v -634.213257 16.047646 6.387618
v -637.115723 16.047646 6.356643
v -634.198547 16.047646 4.990705
v -637.100952 16.047646 4.959708
v -634.213257 16.047646 6.387618
v -634.213257 17.946558 6.387618
v -637.115723 16.047646 6.356643
v -635.565430 17.946558 6.373159
v -637.100952 16.047646 4.959708
v -635.550598 17.946558 4.976291
v -634.198547 16.047646 4.990705
v -634.198547 17.946558 4.990705
v -632.679443 17.946554 -10.628133
v -631.129333 16.047642 -10.611592
v -631.129333 16.047642 -10.611592
v -631.114380 16.047640 -12.008458
v -632.664490 17.946552 -12.024999
v -631.114380 16.047640 -12.008458
v -634.016846 16.047640 -12.039395
v -631.310791 16.047646 6.418570
v -632.861145 17.946558 6.402038
v -631.310791 16.047646 6.418570
v -631.296082 16.047646 5.021636
v -634.198547 16.047646 4.990705
v -631.296082 16.047646 5.021636
v -632.846191 17.946558 5.005209
v -631.296082 16.047646 5.021636
v -602.277954 16.047642 -10.303761
v -602.262939 16.047640 -11.700627
v -603.828003 17.946554 -10.320294
v -603.813232 17.946552 -11.717168
v -608.082764 16.047642 -10.365689
v -608.067871 16.047640 -11.762555
v -605.180298 16.047642 -10.334714
v -605.165405 16.047640 -11.731580
v -606.517456 17.946552 -11.746022
v -605.165405 17.946552 -11.731580
v -608.067871 16.047640 -11.762555
v -605.165405 16.047640 -11.731580
v -605.180298 17.946554 -10.334714
v -606.532471 17.946554 -10.349149
v -605.180298 16.047642 -10.334714
v -608.082764 16.047642 -10.365689
v -604.009705 17.946558 6.709887
v -602.459656 16.047646 6.726428
v -603.994934 17.946558 5.312999
v -602.444641 16.047646 5.329515
v -605.362000 16.047646 6.695498
v -608.264465 16.047646 6.664432
v -605.347107 16.047646 5.298563
v -608.249512 16.047646 5.267589
v -605.362000 16.047646 6.695498
v -605.362000 17.946558 6.695498
v -608.264465 16.047646 6.664432
v -606.714172 17.946558 6.680968
v -608.249512 16.047646 5.267589
v -606.699219 17.946558 5.284166
v -605.347107 16.047646 5.298563
v -605.347107 17.946558 5.298563
v -603.828003 17.946554 -10.320294
v -602.277954 16.047642 -10.303761
v -602.277954 16.047642 -10.303761
v -602.262939 16.047640 -11.700627
v -603.813232 17.946552 -11.717168
v -602.262939 16.047640 -11.700627
v -602.459656 16.047646 6.726428
v -604.009705 17.946558 6.709887
v -602.459656 16.047646 6.726428
v -602.444641 16.047646 5.329515
v -602.444641 16.047646 5.329515
v -603.994934 17.946558 5.312999
v -561.903198 2.070793 -9.872997
v -561.888428 2.070793 -11.269871
v -563.255554 2.070793 -9.887432
v -563.240540 2.070793 -11.284306
v -559.000732 -0.460297 -9.842045
v -558.985779 -0.460298 -11.238873
v -560.551086 2.070793 -9.858517
v -560.536133 2.070793 -11.255451
v -563.240540 2.070793 -11.284306
v -561.888428 2.070793 -11.269871
v -564.790649 -0.460298 -11.300800
v -561.888428 -0.460298 -11.269871
v -561.903198 2.070793 -9.872997
v -563.255554 2.070793 -9.887432
v -561.903198 -0.460297 -9.872997
v -564.805664 -0.460297 -9.903973
v -563.437256 2.070800 7.142769
v -562.084900 2.070800 7.157162
v -563.422241 2.070800 5.745899
v -562.070129 2.070800 5.760319
v -560.732788 2.070800 7.171619
v -559.182434 -0.460290 7.188160
v -560.717834 2.070800 5.774754
v -559.167419 -0.460291 5.791290
v -562.084900 -0.460290 7.157162
v -562.084900 2.070800 7.157162
v -564.987366 -0.460290 7.126190
v -563.437256 2.070800 7.142769
v -564.972351 -0.460291 5.729362
v -563.422241 2.070800 5.745899
v -562.070129 -0.460291 5.760319
v -562.070129 2.070800 5.760319
v -560.551086 2.070793 -9.858517
v -560.536133 2.070793 -11.255451
v -560.551086 2.070793 -9.858517
v -561.903198 2.070793 -9.872997
v -559.000732 -0.460297 -9.842045
v -560.536133 2.070793 -11.255451
v -558.985779 -0.460298 -11.238873
v -561.888428 2.070793 -11.269871
v -560.732788 2.070800 7.171619
v -560.717834 2.070800 5.774754
v -559.182434 -0.460290 7.188160
v -560.732788 2.070800 7.171619
v -559.167419 -0.460291 5.791290
v -560.717834 2.070800 5.774754
v -573.426453 16.047642 -9.995946
v -573.411499 16.047642 -11.392797
v -574.976807 17.946554 -10.012464
v -574.961792 17.946554 -11.409337
v -579.231323 16.047642 -10.057874
v -579.216370 16.047642 -11.454724
v -576.328918 16.047642 -10.026921
v -576.314148 16.047642 -11.423749
v -577.666260 17.946554 -11.438184
v -576.314148 17.946554 -11.423749
v -579.216370 16.047642 -11.454724
v -576.314148 16.047642 -11.423749
v -576.328918 17.946554 -10.026921
v -577.681274 17.946554 -10.041318
v -576.328918 16.047642 -10.026921
v -579.231323 16.047642 -10.057874
v -559.889282 0.067197 -10.060505
v -547.648499 16.447971 -9.929883
v -561.832581 0.067197 -10.081272
v -549.591675 16.447971 -9.950666
v -559.879089 0.067197 -11.011829
v -547.638367 16.447971 -10.881253
v -559.881531 0.067197 -10.751484
v -547.640625 16.447971 -10.620893
v -559.881531 0.067197 -10.751484
v -547.640625 16.447971 -10.620893
v -560.484924 0.067197 -10.689785
v -548.244019 16.447971 -10.559178
v -560.484924 0.067197 -10.689785
v -548.244019 16.447971 -10.559178
v -560.488037 0.067197 -10.395466
v -548.247131 16.447971 -10.264875
v -559.886230 0.067197 -10.320934
v -547.645325 16.447971 -10.190335
v -559.889282 0.067197 -10.060505
v -547.648499 16.447971 -9.929883
v -574.210266 16.447971 -10.213315
v -576.153748 16.447971 -10.234052
v -561.969543 0.067197 -10.082699
v -563.912842 0.067197 -10.103458
v -574.207153 16.447971 -10.473722
v -574.210266 16.447971 -10.213315
v -561.966431 0.067197 -10.343105
v -561.969543 0.067197 -10.082699
v -574.806030 16.447971 -10.842588
v -574.809143 16.447971 -10.548322
v -562.565186 0.067197 -10.711971
v -562.568237 0.067197 -10.417706
v -574.202637 16.447971 -10.904271
v -574.806030 16.447971 -10.842588
v -561.961731 0.067197 -10.773655
v -562.565186 0.067197 -10.711971
v -574.200195 16.447971 -11.164678
v -574.202637 16.447971 -10.904271
v -561.959290 0.067197 -11.034092
v -561.961731 0.067197 -10.773655
v -588.740540 0.067197 -10.368336
v -576.499634 16.447971 -10.237737
v -590.683777 0.067197 -10.389057
v -578.443115 16.447971 -10.258458
v -588.730530 0.067197 -11.319706
v -576.489624 16.447971 -11.189107
v -588.732971 0.067197 -11.059299
v -576.492065 16.447971 -10.928769
v -588.732971 0.067197 -11.059299
v -576.492065 16.447971 -10.928769
v -589.336182 0.067197 -10.997570
v -577.095276 16.447971 -10.866971
v -589.336182 0.067197 -10.997570
v -577.095276 16.447971 -10.866971
v -589.339294 0.067197 -10.703304
v -577.098389 16.447971 -10.572705
v -588.737427 0.067197 -10.628773
v -576.496521 16.447971 -10.498174
v -588.740540 0.067197 -10.368336
v -576.499634 16.447971 -10.237737
v -559.879089 0.067197 -11.011829
v -561.822327 0.067197 -11.032589
v -547.638367 16.447971 -10.881253
v -549.581604 16.447971 -10.902036
v -559.886230 0.067197 -10.320934
v -560.488037 0.067197 -10.395466
v -547.645325 16.447971 -10.190335
v -548.247131 16.447971 -10.264875
v -561.966431 0.067197 -10.343105
v -562.568237 0.067197 -10.417706
v -574.207153 16.447971 -10.473722
v -574.809143 16.447971 -10.548322
v -561.959290 0.067197 -11.034092
v -563.902710 0.067197 -11.054874
v -574.200195 16.447971 -11.164678
v -576.143433 16.447971 -11.185437
v -588.730530 0.067197 -11.319706
v -590.673706 0.067197 -11.340427
v -576.489624 16.447971 -11.189107
v -578.432800 16.447971 -11.209821
v -588.737427 0.067197 -10.628773
v -589.339294 0.067197 -10.703304
v -576.496521 16.447971 -10.498174
v -577.098389 16.447971 -10.572705
v -575.158508 17.946558 7.017722
v -573.608154 16.047646 7.034194
v -575.143494 17.946558 5.620784
v -573.593201 16.047646 5.637323
v -576.510620 16.047646 7.003219
v -579.413025 16.047646 6.972266
v -576.495850 16.047646 5.606349
v -579.398071 16.047646 5.575418
v -576.510620 16.047646 7.003219
v -576.510620 17.946558 7.003219
v -579.413025 16.047646 6.972266
v -577.862976 17.946558 6.988826
v -579.398071 16.047646 5.575418
v -577.847961 17.946558 5.591956
v -576.495850 16.047646 5.606349
v -576.495850 17.946558 5.606349
v -549.762817 16.447975 6.100615
v -547.819641 16.447975 6.121356
v -562.003723 0.067203 5.970058
v -560.060486 0.067203 5.990776
v -547.826721 16.447975 6.812381
v -547.829895 16.447975 7.072726
v -560.067444 0.067204 6.681782
v -560.070618 0.067204 6.942142
v -548.428467 16.447975 6.737735
v -547.826721 16.447975 6.812381
v -560.669250 0.067203 6.607178
v -560.067444 0.067204 6.681782
v -548.425293 16.447975 6.443469
v -548.428467 16.447975 6.737735
v -560.666199 0.067203 6.312870
v -560.669250 0.067203 6.607178
v -547.819641 16.447975 6.121356
v -547.822144 16.447975 6.381762
v -560.060486 0.067203 5.990776
v -560.063049 0.067203 6.251141
v -564.083984 0.067203 5.947819
v -576.324890 16.447975 5.817210
v -562.140747 0.067203 5.968582
v -574.381470 16.447975 5.837974
v -562.140747 0.067203 5.968582
v -574.381470 16.447975 5.837974
v -562.143188 0.067203 6.228992
v -574.383911 16.447975 6.098357
v -562.746582 0.067203 6.290699
v -574.987305 16.447975 6.160131
v -562.749756 0.067203 6.584942
v -574.990479 16.447975 6.454329
v -562.749756 0.067203 6.584942
v -574.990479 16.447975 6.454329
v -562.147705 0.067203 6.659542
v -574.388550 16.447975 6.528933
v -562.147705 0.067203 6.659542
v -574.388550 16.447975 6.528933
v -562.150818 0.067204 6.919949
v -574.391724 16.447975 6.789340
v -578.614319 16.447975 5.792827
v -576.671021 16.447975 5.813544
v -590.855225 0.067203 5.662201
v -588.911743 0.067203 5.682945
v -576.677979 16.447975 6.504527
v -576.681152 16.447975 6.764911
v -588.918884 0.067203 6.373924
v -588.922058 0.067203 6.634312
v -577.279846 16.447975 6.429904
v -576.677979 16.447975 6.504527
v -589.520752 0.067203 6.299324
v -588.918884 0.067203 6.373924
v -577.276733 16.447975 6.135680
v -577.279846 16.447975 6.429904
v -589.517578 0.067203 6.005081
v -589.520752 0.067203 6.299324
v -576.671021 16.447975 5.813544
v -576.673279 16.447975 6.073955
v -588.911743 0.067203 5.682945
v -588.914185 0.067203 5.943375
v -549.773132 16.447975 7.051981
v -562.013855 0.067204 6.921383
v -547.829895 16.447975 7.072726
v -560.070618 0.067204 6.942142
v -548.425293 16.447975 6.443469
v -560.666199 0.067203 6.312870
v -547.822144 16.447975 6.381762
v -560.063049 0.067203 6.251141
v -574.987305 16.447975 6.160131
v -562.746582 0.067203 6.290699
v -574.383911 16.447975 6.098357
v -562.143188 0.067203 6.228992
v -576.334961 16.447975 6.768577
v -564.094238 0.067204 6.899212
v -574.391724 16.447975 6.789340
v -562.150818 0.067204 6.919949
v -578.624390 16.447975 6.744193
v -590.865234 0.067203 6.613575
v -576.681152 16.447975 6.764911
v -588.922058 0.067203 6.634312
v -577.276733 16.447975 6.135680
v -589.517578 0.067203 6.005081
v -576.673279 16.447975 6.073955
v -588.914185 0.067203 5.943375
v -574.976807 17.946554 -10.012464
v -573.426453 16.047642 -9.995946
v -573.426453 16.047642 -9.995946
v -573.411499 16.047642 -11.392797
v -574.961792 17.946554 -11.409337
v -573.411499 16.047642 -11.392797
v -573.608154 16.047646 7.034194
v -575.158508 17.946558 7.017722
v -573.608154 16.047646 7.034194
v -573.593201 16.047646 5.637323
v -573.593201 16.047646 5.637323
v -575.143494 17.946558 5.620784
v -550.379944 16.047642 -9.749997
v -550.365112 16.047642 -11.146886
v -547.477478 16.047642 -9.719045
v -547.462769 16.047642 -11.115918
v -548.814819 17.946554 -11.130330
v -547.462769 17.946554 -11.115918
v -550.365112 16.047642 -11.146886
v -547.462769 16.047642 -11.115918
v -547.477478 17.946554 -9.719045
v -548.829529 17.946554 -9.733502
v -547.477478 16.047642 -9.719045
v -550.379944 16.047642 -9.749997
v -547.659363 16.047646 7.311053
v -550.561829 16.047646 7.280097
v -547.644470 16.047646 5.914184
v -550.546814 16.047646 5.883254
v -547.659363 16.047646 7.311053
v -547.659363 17.946558 7.311053
v -550.561829 16.047646 7.280097
v -549.011536 17.946558 7.296637
v -550.546814 16.047646 5.883254
v -548.996521 17.946558 5.899786
v -547.644470 16.047646 5.914184
v -547.644470 17.946558 5.914184
v -674.920288 2.070793 -11.078808
v -674.905334 2.070792 -12.475674
v -677.359436 2.070793 -11.104801
v -677.344482 2.070792 -12.501736
v -671.540039 -1.278865 -11.042713
v -671.525269 -1.278866 -12.439602
v -673.090393 2.070793 -11.059299
v -673.075378 2.070792 -12.456142
v -677.344482 2.070792 -12.501736
v -674.905334 2.070792 -12.475674
v -677.807800 -1.278866 -12.506634
v -674.905334 -1.278866 -12.475674
v -674.920288 2.070793 -11.078808
v -677.359436 2.070793 -11.104801
v -674.920288 -1.278865 -11.078808
v -677.822754 -1.278865 -11.109760
v -677.541138 2.070800 5.925339
v -675.101990 2.070800 5.951332
v -677.526184 2.070798 4.528469
v -675.087036 2.070798 4.554531
v -673.272095 2.070800 5.970905
v -671.721741 -1.278859 5.987404
v -673.257080 2.070799 4.574043
v -671.707031 -1.278860 4.590603
v -675.101990 -1.278859 5.951332
v -675.101990 2.070800 5.951332
v -678.004456 -1.278859 5.920357
v -677.541138 2.070800 5.925339
v -677.989502 -1.278860 4.523556
v -677.526184 2.070798 4.528469
v -675.087036 -1.278860 4.554531
v -675.087036 2.070798 4.554531
v -673.090393 2.070793 -11.059299
v -673.075378 2.070792 -12.456142
v -673.090393 2.070793 -11.059299
v -674.920288 2.070793 -11.078808
v -671.540039 -1.278865 -11.042713
v -673.075378 2.070792 -12.456142
v -671.525269 -1.278866 -12.439602
v -674.905334 2.070792 -12.475674
v -673.272095 2.070800 5.970905
v -673.257080 2.070799 4.574043
v -671.721741 -1.278859 5.987404
v -673.272095 2.070800 5.970905
v -675.101990 2.070800 5.951332
v -671.707031 -1.278860 4.590603
v -673.257080 2.070799 4.574043
v -534.389099 2.070793 -10.976467
v -534.404114 2.070793 -9.579624
v -535.954407 -0.460297 -9.596142
v -534.404114 2.070793 -9.579624
v -535.939392 -0.460298 -10.993008
v -534.389099 2.070793 -10.976467
v -534.570801 2.070800 6.053711
v -534.585754 2.070800 7.450600
v -534.585754 2.070800 7.450600
v -536.136108 -0.460290 7.434040
v -534.570801 2.070800 6.053711
v -536.121155 -0.460291 6.037197
v -545.359009 16.447971 -9.905500
v -547.302246 16.447971 -9.926244
v -533.118347 0.067197 -9.774891
v -535.061584 0.067197 -9.795628
v -545.355896 16.447971 -10.165845
v -545.359009 16.447971 -9.905500
v -533.114990 0.067197 -10.035252
v -533.118347 0.067197 -9.774891
v -545.954651 16.447971 -10.534757
v -545.957764 16.447971 -10.240491
v -533.713745 0.067197 -10.404140
v -533.716858 0.067197 -10.109921
v -545.351196 16.447971 -10.596417
v -545.954651 16.447971 -10.534757
v -533.110291 0.067197 -10.465824
v -533.713745 0.067197 -10.404140
v -545.348999 16.447971 -10.856870
v -545.351196 16.447971 -10.596417
v -533.108093 0.067197 -10.726254
v -533.110291 0.067197 -10.465824
v -545.355896 16.447971 -10.165845
v -533.114990 0.067197 -10.035252
v -545.957764 16.447971 -10.240491
v -533.716858 0.067197 -10.109921
v -545.348999 16.447971 -10.856870
v -533.108093 0.067197 -10.726254
v -547.292175 16.447971 -10.877606
v -535.051270 0.067197 -10.746998
v -535.232727 0.067203 6.255657
v -547.473694 16.447975 6.125041
v -533.289490 0.067203 6.276394
v -545.530212 16.447975 6.145761
v -533.289490 0.067203 6.276394
v -545.530212 16.447975 6.145761
v -533.291748 0.067203 6.536781
v -545.532654 16.447975 6.406234
v -533.895203 0.067203 6.598507
v -546.136047 16.447975 6.467895
v -533.898315 0.067204 6.892776
v -546.139221 16.447975 6.762159
v -533.898315 0.067204 6.892776
v -546.139221 16.447975 6.762159
v -533.296448 0.067204 6.967377
v -545.537354 16.447975 6.836763
v -533.296448 0.067204 6.967377
v -545.537354 16.447975 6.836763
v -533.299622 0.067204 7.227760
v -545.540527 16.447975 7.097170
v -533.895203 0.067203 6.598507
v -533.291748 0.067203 6.536781
v -546.136047 16.447975 6.467895
v -545.532654 16.447975 6.406234
v -535.242859 0.067204 7.207024
v -533.299622 0.067204 7.227760
v -547.483765 16.447975 7.076411
v -545.540527 16.447975 7.097170
v -544.560303 16.047642 -11.084958
v -546.110596 17.946554 -11.101499
v -544.575256 16.047642 -9.688069
v -546.125366 17.946554 -9.704656
v -544.560303 16.047642 -11.084958
v -544.575256 16.047642 -9.688069
v -547.462769 16.047642 -11.115918
v -544.560303 16.047642 -11.084958
v -546.110596 17.946554 -11.101499
v -544.575256 16.047642 -9.688069
v -546.125366 17.946554 -9.704656
v -547.477478 16.047642 -9.719045
v -546.292114 17.946558 5.928622
v -546.307068 17.946560 7.325491
v -544.742004 16.047646 5.945181
v -544.756897 16.047647 7.342025
v -544.742004 16.047646 5.945181
v -544.756897 16.047647 7.342025
v -546.307068 17.946560 7.325491
v -544.756897 16.047647 7.342025
v -546.292114 17.946558 5.928622
v -544.742004 16.047646 5.945181
v -547.644470 16.047646 5.914184
v -604.836182 17.327694 5.541739
v -604.836182 16.443148 5.541739
v -604.750366 17.327692 -2.512601
v -604.750366 16.443146 -2.512601
v -604.836182 16.443148 5.541739
v -605.863098 16.443148 5.530723
v -604.750366 16.443146 -2.512601
v -605.777039 16.443146 -2.523526
v -604.664551 16.443144 -10.566869
v -604.664551 17.327690 -10.566869
v -605.691223 16.443144 -10.577863
v -604.664551 16.443144 -10.566869
v -432.253845 17.946560 8.542407
v -432.238892 17.946558 7.145536
v -433.605957 17.946560 8.527968
v -433.590942 17.946558 7.131099
v -430.901489 17.946560 8.556796
v -430.886780 17.946558 7.159883
v -432.253845 17.946560 8.542407
v -432.238892 17.946558 7.145536
v -433.064453 17.327696 8.343188
v -433.053528 17.327696 7.316435
v -446.677551 17.327696 8.198008
v -446.666626 17.327694 7.171214
v -460.279480 17.327694 7.025991
v -460.290283 17.327696 8.052699
v -446.666626 17.327694 7.171214
v -446.677551 17.327696 8.198008
v -459.752930 17.946560 8.248965
v -459.738037 17.946558 6.852076
v -461.105286 17.946560 8.234572
v -461.090332 17.946558 6.837703
v -461.105286 17.946560 8.234572
v -461.090332 17.946558 6.837703
v -462.457397 17.946560 8.220181
v -462.442383 17.946558 6.823309
v -461.915894 17.327696 8.035378
v -461.904907 17.327694 7.008605
v -475.528748 17.327696 7.890131
v -475.517822 17.327694 6.863406
v -489.130737 17.327694 6.718203
v -489.141663 17.327696 7.744864
v -475.517822 17.327694 6.863406
v -475.528748 17.327696 7.890131
v -489.956543 17.946560 7.926692
v -489.941528 17.946558 6.529891
v -491.308899 17.946560 7.912302
v -491.293884 17.946558 6.515479
v -488.604431 17.946560 7.941153
v -488.589417 17.946558 6.544288
v -489.956543 17.946560 7.926692
v -489.941528 17.946558 6.529891
v -490.767151 17.327696 7.727546
v -490.756348 17.327694 6.700816
v -504.380249 17.327696 7.582343
v -504.369263 17.327694 6.555572
v -517.993103 17.327696 7.437095
v -517.982178 17.327694 6.410326
v -490.457581 17.327694 6.762050
v -489.430908 17.327694 6.772960
v -490.371582 17.327692 -1.292260
v -489.344849 17.327692 -1.281358
v -432.754700 17.327696 7.377650
v -431.728210 17.327696 7.388667
v -432.668823 17.327692 -0.676599
v -431.642212 17.327692 -0.665647
v -461.606079 17.327694 7.069860
v -460.579468 17.327694 7.080810
v -461.520325 17.327692 -0.984429
v -460.493591 17.327692 -0.973477
v -519.308838 17.327694 6.454200
v -518.282104 17.327694 6.465170
v -519.222961 17.327692 -1.600076
v -518.196289 17.327692 -1.589147
v -517.455872 17.946560 7.633273
v -517.440857 17.946558 6.236453
v -518.807922 17.946560 7.618884
v -518.792969 17.946558 6.222013
v -518.807922 17.946560 7.618884
v -518.792969 17.946558 6.222013
v -520.160034 17.946560 7.604491
v -520.145020 17.946558 6.207622
v -519.618530 17.327696 7.419734
v -519.607605 17.327694 6.393008
v -533.231384 17.327694 7.274511
v -533.220703 17.327694 6.247741
v -546.844360 17.327694 7.129263
v -546.833557 17.327694 6.102538
v -546.307068 17.946560 7.325491
v -546.292114 17.946558 5.928622
v -547.659363 17.946558 7.311053
v -547.644470 17.946558 5.914184
v -548.160217 17.327694 6.146384
v -547.133545 17.327694 6.157294
v -548.074402 17.327692 -1.907926
v -547.047729 17.327692 -1.896913
v -548.996521 17.946558 5.899786
v -549.011536 17.946558 7.296637
v -547.644470 17.946558 5.914184
v -547.659363 17.946558 7.311053
v -562.071960 17.327694 5.939929
v -562.082886 17.327694 6.966655
v -548.459045 17.327694 6.085193
v -548.469971 17.327694 7.111876
v -562.082886 17.327694 6.966655
v -562.071960 17.327694 5.939929
v -575.695740 17.327694 6.821455
v -575.684814 17.327694 5.794703
v -576.510620 17.946558 7.003219
v -576.495850 17.946558 5.606349
v -577.862976 17.946558 6.988826
v -577.847961 17.946558 5.591956
v -576.495850 17.946558 5.606349
v -576.510620 17.946558 7.003219
v -575.143494 17.946558 5.620784
v -575.158508 17.946558 7.017722
v -575.898926 17.327692 -2.204763
v -576.925659 17.327692 -2.215695
v -575.984985 17.327694 5.849574
v -577.011475 17.327694 5.838552
v -590.923340 17.327694 5.632071
v -590.934326 17.327694 6.658820
v -577.310425 17.327694 5.777361
v -577.321411 17.327694 6.804069
v -590.934326 17.327694 6.658820
v -590.923340 17.327694 5.632071
v -604.547180 17.327694 6.513597
v -604.536255 17.327694 5.486850
v -605.863098 17.327694 5.530723
v -604.836182 17.327694 5.541739
v -605.777039 17.327692 -2.523526
v -604.750366 17.327692 -2.512601
v -605.347107 17.946558 5.298563
v -605.362000 17.946558 6.695498
v -603.994934 17.946558 5.312999
v -604.009705 17.946558 6.709887
v -605.362000 17.946558 6.695498
v -605.347107 17.946558 5.298563
v -606.714172 17.946558 6.680968
v -606.699219 17.946558 5.284166
v -619.774597 17.327694 5.324332
v -619.785767 17.327694 6.350988
v -606.161682 17.327694 5.469531
v -606.172913 17.327694 6.496261
v -619.785767 17.327694 6.350988
v -619.774597 17.327694 5.324332
v -633.398682 17.327694 6.205790
v -633.387695 17.327694 5.179015
v -634.714539 17.327694 5.222957
v -633.687622 17.327694 5.233886
v -634.628479 17.327692 -2.831380
v -633.601807 17.327692 -2.820432
v -632.861145 17.946558 6.402038
v -632.846191 17.946558 5.005209
v -634.213257 17.946558 6.387618
v -634.198547 17.946558 4.990705
v -635.550598 17.946558 4.976291
v -635.565430 17.946558 6.373159
v -634.198547 17.946558 4.990705
v -634.213257 17.946558 6.387618
v -635.024048 17.327694 6.188472
v -635.013184 17.327694 5.161695
v -648.636963 17.327694 6.043200
v -648.626038 17.327694 5.016456
v -662.250122 17.327694 5.897979
v -662.239136 17.327694 4.871183
v -661.712585 17.946558 6.094199
v -661.697571 17.946558 4.697337
v -663.064697 17.946558 6.079810
v -663.049744 17.946558 4.682940
v -664.402039 17.946558 4.668414
v -664.416809 17.946558 6.065413
v -663.049744 17.946558 4.682940
v -663.064697 17.946558 6.079810
v -663.565735 17.327694 4.915122
v -662.539062 17.327694 4.926096
v -663.479736 17.327692 -3.139215
v -662.453003 17.327692 -3.128217
v -662.367188 17.327690 -11.182561
v -663.393677 17.327690 -11.193532
v -661.530884 17.946554 -10.935964
v -661.515930 17.946552 -12.332784
v -662.883057 17.946554 -10.950376
v -662.868042 17.946552 -12.347249
v -662.868042 17.946552 -12.347249
v -664.220337 17.946552 -12.361638
v -662.883057 17.946554 -10.950376
v -664.235107 17.946554 -10.964818
v -648.455505 17.327690 -10.976102
v -648.444580 17.327688 -12.002828
v -662.068420 17.327690 -11.121297
v -662.057434 17.327688 -12.148030
v -648.444580 17.327688 -12.002828
v -648.455505 17.327690 -10.976102
v -634.831665 17.327688 -11.857564
v -634.842590 17.327690 -10.830899
v -633.515747 17.327690 -10.874700
v -634.542480 17.327690 -10.885655
v -632.679443 17.946554 -10.628133
v -632.664490 17.946552 -12.024999
v -634.031799 17.946554 -10.642545
v -634.016846 17.946552 -12.039395
v -635.383728 17.946554 -10.656980
v -634.031799 17.946554 -10.642545
v -635.368896 17.946552 -12.053853
v -633.205994 17.327688 -11.840245
v -633.216980 17.327690 -10.813512
v -619.593079 17.327688 -11.695043
v -619.604065 17.327690 -10.668286
v -605.991211 17.327690 -10.523068
v -605.980225 17.327690 -11.549726
v -619.604065 17.327690 -10.668286
v -619.593079 17.327688 -11.695043
v -604.664551 17.327690 -10.566869
v -605.691223 17.327690 -10.577863
v -606.517456 17.946552 -11.746022
v -606.532471 17.946554 -10.349149
v -605.165405 17.946552 -11.731580
v -605.180298 17.946554 -10.334714
v -603.828003 17.946554 -10.320294
v -603.813232 17.946552 -11.717168
v -605.180298 17.946554 -10.334714
v -605.165405 17.946552 -11.731580
v -590.752808 17.327690 -10.360440
v -590.741638 17.327690 -11.387166
v -604.365723 17.327690 -10.505658
v -604.354797 17.327690 -11.532407
v -590.741638 17.327690 -11.387166
v -590.752808 17.327690 -10.360440
v -577.128784 17.327690 -11.241963
v -577.139709 17.327690 -10.215238
v -575.813110 17.327690 -10.259084
v -576.839783 17.327690 -10.270032
v -577.666260 17.946554 -11.438184
v -577.681274 17.946554 -10.041318
v -576.314148 17.946554 -11.423749
v -576.328918 17.946554 -10.026921
v -576.314148 17.946554 -11.423749
v -576.328918 17.946554 -10.026921
v -574.961792 17.946554 -11.409337
v -574.976807 17.946554 -10.012464
v -561.901367 17.327690 -10.052625
v -561.890442 17.327690 -11.079351
v -575.514343 17.327690 -10.197896
v -575.503357 17.327690 -11.224553
v -561.890442 17.327690 -11.079351
v -561.901367 17.327690 -10.052625
v -548.277588 17.327690 -10.934133
v -548.288513 17.327690 -9.907384
v -546.961670 17.327690 -9.951207
v -547.988403 17.327690 -9.962178
v -547.462769 17.946554 -11.115918
v -547.477478 17.946554 -9.719045
v -546.110596 17.946554 -11.101499
v -546.125366 17.946554 -9.704656
v -548.814819 17.946554 -11.130330
v -548.829529 17.946554 -9.733502
v -547.462769 17.946554 -11.115918
v -547.477478 17.946554 -9.719045
v -533.049988 17.327690 -9.744748
v -533.039001 17.327690 -10.771497
v -546.663086 17.327690 -9.890065
v -546.651855 17.327690 -10.916768
v -533.039001 17.327690 -10.771497
v -533.049988 17.327690 -9.744748
v -519.426147 17.327690 -10.626279
v -519.437073 17.327690 -9.599545
v -518.110413 17.327690 -9.643414
v -519.136963 17.327690 -9.654416
v -518.626221 17.946554 -9.411233
v -518.611267 17.946554 -10.808110
v -519.978333 17.946554 -9.425626
v -519.963623 17.946554 -10.822568
v -517.273926 17.946554 -9.396775
v -517.259155 17.946554 -10.793645
v -518.626221 17.946554 -9.411233
v -518.611267 17.946554 -10.808110
v -517.800476 17.327690 -10.608891
v -517.811584 17.327690 -9.582227
v -504.187561 17.327690 -10.463689
v -504.198547 17.327690 -9.436954
v -490.574646 17.327690 -10.318486
v -490.585632 17.327690 -9.291753
v -489.258728 17.327690 -9.335649
v -490.285706 17.327690 -9.346578
v -489.759827 17.946554 -10.500249
v -489.774841 17.946554 -9.103374
v -488.407715 17.946554 -10.485860
v -488.422729 17.946554 -9.088986
v -491.112183 17.946554 -10.514729
v -491.127136 17.946554 -9.117837
v -489.759827 17.946554 -10.500249
v -489.774841 17.946554 -9.103374
v -488.949219 17.327690 -10.301167
v -488.960205 17.327690 -9.274434
v -475.336365 17.327690 -10.155850
v -475.347290 17.327690 -9.129193
v -461.723206 17.327690 -10.010610
v -461.734375 17.327690 -8.983880
v -460.407593 17.327690 -9.027795
v -461.434326 17.327690 -9.038789
v -462.260742 17.946554 -10.206899
v -462.275696 17.946554 -8.810075
v -460.908630 17.946554 -10.192510
v -460.923401 17.946554 -8.795568
v -459.571289 17.946554 -8.781152
v -459.556519 17.946554 -10.178020
v -460.923401 17.946554 -8.795568
v -460.908630 17.946554 -10.192510
v -460.097778 17.327690 -9.993291
v -460.108765 17.327690 -8.966558
v -446.484924 17.327690 -9.848020
v -446.495911 17.327690 -8.821355
v -432.872009 17.327690 -9.702825
v -432.882996 17.327690 -8.676091
v -431.556335 17.327690 -8.719960
v -432.582825 17.327690 -8.730912
v -433.409241 17.946554 -9.899068
v -433.424255 17.946554 -8.502236
v -432.057190 17.946554 -9.884656
v -432.072144 17.946554 -8.487802
v -430.719788 17.946554 -8.473390
v -430.705078 17.946554 -9.870214
v -432.072144 17.946554 -8.487802
v -432.057190 17.946554 -9.884656
v -504.283936 -0.317531 -1.440674
v -511.508423 -0.317531 -1.517735
v -504.197449 -0.317534 -9.546619
v -511.421875 -0.317534 -9.623699
v -525.925415 -0.317531 -1.671608
v -525.838867 -0.317534 -9.777454
v -518.709656 -0.317531 -1.594612
v -518.623108 -0.317534 -9.700489
v -518.623108 -0.317534 -9.700489
v -511.421875 -0.317534 -9.623699
v -518.709656 -0.317531 -1.594612
v -511.508423 -0.317531 -1.517735
v -533.048828 -0.317534 -9.854359
v -525.838867 -0.317534 -9.777454
v -533.135315 -0.317531 -1.748463
v -525.925415 -0.317531 -1.671608
v -526.011902 -0.317529 6.434334
v -518.796143 -0.317529 6.511303
v -504.370422 -0.317528 6.665218
v -511.594910 -0.317528 6.588116
v -504.283936 -0.317531 -1.440674
v -511.594910 -0.317528 6.588116
v -518.796143 -0.317529 6.511303
v -533.135315 -0.317531 -1.748463
v -533.221863 -0.317529 6.357342
v -526.011902 -0.317529 6.434334
v -424.954224 -0.317531 -0.594330
v -424.868042 -0.317534 -8.700153
v -417.729797 -0.317531 -0.517223
v -417.643311 -0.317534 -8.623119
v -439.371338 -0.317531 -0.748131
v -439.284790 -0.317534 -8.853935
v -432.155579 -0.317531 -0.671097
v -432.068970 -0.317534 -8.777012
v -453.797913 -0.317531 -0.902027
v -453.711365 -0.317534 -9.007874
v -446.581238 -0.317531 -0.825012
v -446.494751 -0.317534 -8.930950
v -432.068970 -0.317534 -8.777012
v -424.868042 -0.317534 -8.700153
v -432.155579 -0.317531 -0.671097
v -424.954224 -0.317531 -0.594330
v -446.494751 -0.317534 -8.930950
v -439.284790 -0.317534 -8.853935
v -446.581238 -0.317531 -0.825012
v -439.371338 -0.317531 -0.748131
v -460.920471 -0.317534 -9.084824
v -453.711365 -0.317534 -9.007874
v -461.006958 -0.317531 -0.978973
v -453.797913 -0.317531 -0.902027
v -453.884399 -0.317527 7.203804
v -446.667786 -0.317527 7.280888
v -439.458008 -0.317527 7.357742
v -432.242004 -0.317527 7.434757
v -425.040771 -0.317527 7.511543
v -417.816284 -0.317527 7.588673
v -417.729797 -0.317531 -0.517223
v -425.040771 -0.317527 7.511543
v -432.242004 -0.317527 7.434757
v -439.458008 -0.317527 7.357742
v -446.667786 -0.317527 7.280888
v -461.006958 -0.317531 -0.978973
v -461.093445 -0.317527 7.126945
v -453.884399 -0.317527 7.203804
v -468.231445 -0.317531 -1.056030
v -468.144958 -0.317534 -9.161880
v -460.920471 -0.317534 -9.084824
v -482.648438 -0.317531 -1.209816
v -482.561951 -0.317534 -9.315754
v -475.432678 -0.317531 -1.132843
v -475.346008 -0.317534 -9.238785
v -497.075012 -0.317531 -1.363728
v -496.988586 -0.317534 -9.469692
v -489.858215 -0.317531 -1.286804
v -489.771729 -0.317534 -9.392654
v -475.346008 -0.317534 -9.238785
v -468.144958 -0.317534 -9.161880
v -475.432678 -0.317531 -1.132843
v -468.231445 -0.317531 -1.056030
v -489.771729 -0.317534 -9.392654
v -482.561951 -0.317534 -9.315754
v -489.858215 -0.317531 -1.286804
v -482.648438 -0.317531 -1.209816
v -496.988586 -0.317534 -9.469692
v -497.075012 -0.317531 -1.363728
v -504.197449 -0.317534 -9.546619
v -497.161499 -0.317528 6.742077
v -489.944641 -0.317528 6.819138
v -482.734924 -0.317528 6.896015
v -475.518921 -0.317527 6.973007
v -468.317932 -0.317527 7.049824
v -461.093445 -0.317527 7.126945
v -468.317932 -0.317527 7.049824
v -475.518921 -0.317527 6.973007
v -482.734924 -0.317528 6.896015
v -489.944641 -0.317528 6.819138
v -497.161499 -0.317528 6.742077
v -504.370422 -0.317528 6.665218
v -554.683411 -0.317534 -10.085224
v -554.769897 -0.317531 -1.979305
v -561.900269 -0.317534 -10.162189
v -561.986572 -0.317531 -2.056339
v -569.110046 -0.317534 -10.239162
v -569.196533 -0.317531 -2.133244
v -576.325806 -0.317534 -10.316151
v -576.412292 -0.317531 -2.210217
v -590.751526 -0.317534 -10.470028
v -583.527039 -0.317534 -10.392948
v -590.838013 -0.317531 -2.364155
v -583.613525 -0.317531 -2.287071
v -583.613525 -0.317531 -2.287071
v -583.527039 -0.317534 -10.392948
v -576.412292 -0.317531 -2.210217
v -576.325806 -0.317534 -10.316151
v -569.196533 -0.317531 -2.133244
v -569.110046 -0.317534 -10.239162
v -561.986572 -0.317531 -2.056339
v -561.900269 -0.317534 -10.162189
v -547.561035 -0.317531 -1.902401
v -554.769897 -0.317531 -1.979305
v -547.474548 -0.317534 -10.008320
v -554.683411 -0.317534 -10.085224
v -590.838013 -0.317531 -2.364155
v -590.924500 -0.317529 5.741745
v -583.700012 -0.317529 5.818848
v -569.283020 -0.317529 5.972607
v -576.498779 -0.317529 5.895638
v -554.856384 -0.317529 6.126549
v -562.073059 -0.317529 6.049534
v -576.498779 -0.317529 5.895638
v -583.700012 -0.317529 5.818848
v -562.073059 -0.317529 6.049534
v -569.283020 -0.317529 5.972607
v -547.647339 -0.317529 6.203472
v -554.856384 -0.317529 6.126549
v -547.561035 -0.317531 -1.902401
v -641.237549 -0.317535 -11.008656
v -641.323975 -0.317532 -2.902802
v -648.454346 -0.317535 -11.085690
v -648.540833 -0.317532 -2.979816
v -655.664124 -0.317535 -11.162594
v -655.750610 -0.317532 -3.056740
v -662.879883 -0.317535 -11.239567
v -662.966370 -0.317532 -3.133755
v -670.080933 -0.317535 -11.316463
v -670.167603 -0.317532 -3.210548
v -677.305603 -0.317535 -11.393566
v -677.392090 -0.317532 -3.287674
v -670.167603 -0.317532 -3.210548
v -670.080933 -0.317535 -11.316463
v -662.966370 -0.317532 -3.133755
v -662.879883 -0.317535 -11.239567
v -655.750610 -0.317532 -3.056740
v -655.664124 -0.317535 -11.162594
v -648.540833 -0.317532 -2.979816
v -648.454346 -0.317535 -11.085690
v -634.115112 -0.317532 -2.825878
v -641.323975 -0.317532 -2.902802
v -634.028625 -0.317535 -10.931820
v -641.237549 -0.317535 -11.008656
v -670.253906 -0.317529 4.895348
v -677.392090 -0.317532 -3.287674
v -677.478577 -0.317529 4.818268
v -655.837097 -0.317529 5.049133
v -663.052856 -0.317529 4.972141
v -641.410461 -0.317529 5.203072
v -648.627136 -0.317529 5.126080
v -663.052856 -0.317529 4.972141
v -670.253906 -0.317529 4.895348
v -648.627136 -0.317529 5.126080
v -655.837097 -0.317529 5.049133
v -634.201660 -0.317529 5.279972
v -641.410461 -0.317529 5.203072
v -634.115112 -0.317532 -2.825878
v -597.960327 -0.317535 -10.546955
v -598.046814 -0.317531 -2.441074
v -605.177185 -0.317535 -10.623966
v -605.263733 -0.317531 -2.518047
v -612.387146 -0.317535 -10.700893
v -612.473633 -0.317531 -2.595013
v -619.602905 -0.317535 -10.777813
v -619.689453 -0.317531 -2.672005
v -626.804138 -0.317535 -10.854694
v -626.890686 -0.317531 -2.748798
v -634.028625 -0.317535 -10.931820
v -626.890686 -0.317531 -2.748798
v -626.804138 -0.317535 -10.854694
v -619.689453 -0.317531 -2.672005
v -619.602905 -0.317535 -10.777813
v -612.473633 -0.317531 -2.595013
v -612.387146 -0.317535 -10.700893
v -605.263733 -0.317531 -2.518047
v -605.177185 -0.317535 -10.623966
v -598.046814 -0.317531 -2.441074
v -597.960327 -0.317535 -10.546955
v -590.751526 -0.317534 -10.470028
v -626.976929 -0.317529 5.357033
v -634.201660 -0.317529 5.279972
v -612.559937 -0.317529 5.510948
v -619.775940 -0.317529 5.433933
v -598.133545 -0.317529 5.664841
v -605.350220 -0.317529 5.587807
v -619.775940 -0.317529 5.433933
v -626.976929 -0.317529 5.357033
v -605.350220 -0.317529 5.587807
v -612.559937 -0.317529 5.510948
v -598.133545 -0.317529 5.664841
v -590.924500 -0.317529 5.741745
v -540.258606 -0.317534 -9.931347
v -540.345093 -0.317531 -1.825413
v -547.474548 -0.317534 -10.008320
v -540.345093 -0.317531 -1.825413
v -540.258606 -0.317534 -9.931347
v -540.431519 -0.317529 6.280437
v -547.647339 -0.317529 6.203472
v -540.431519 -0.317529 6.280437
v -417.500244 21.040035 -22.306417
v -417.732971 21.040043 -0.517275
v -417.504272 20.512600 -21.948530
v -417.732971 20.512608 -0.517275
v -417.874817 21.040035 -22.310423
v -418.107239 21.040043 -0.521280
v -417.500244 21.040035 -22.306417
v -417.732971 21.040043 -0.517275
v -417.504272 20.512600 -21.948530
v -417.732971 20.512608 -0.517275
v -417.878662 20.512600 -21.952597
v -418.107239 20.512608 -0.521280
v -417.980530 20.512617 22.698660
v -417.981018 21.040052 22.749638
v -417.981018 21.040052 22.749638
v -418.355591 21.040052 22.745682
v -418.355103 20.512617 22.694660
v -417.980530 20.512617 22.698660
v -439.363281 16.673975 -1.522386
v -446.585205 16.710167 -1.599446
v -439.363281 16.796442 -1.522386
v -446.585205 16.832632 -1.599446
v -439.364136 16.735201 -1.416322
v -446.586609 16.771389 -1.493402
v -439.363281 16.673975 -1.522386
v -446.585205 16.710167 -1.599446
v -439.363281 16.796442 -1.522386
v -446.585205 16.832632 -1.599446
v -439.364136 16.735201 -1.416322
v -446.586609 16.771389 -1.493402
v -453.791199 16.801359 -1.676393
v -453.791199 16.678905 -1.676393
v -453.791199 16.678905 -1.676393
v -446.585205 16.710167 -1.599446
v -453.792358 16.740135 -1.570325
v -453.792358 16.740135 -1.570325
v -446.586609 16.771389 -1.493402
v -453.791199 16.801359 -1.676393
v -432.155762 16.859091 -1.445508
v -432.155762 16.736639 -1.445508
v -432.155762 16.736639 -1.445508
v -432.156860 16.797865 -1.339463
v -439.363281 16.673975 -1.522386
v -432.156860 16.797865 -1.339463
v -432.155762 16.859091 -1.445508
v -439.364136 16.735201 -1.416322
v -439.363281 16.796442 -1.522386
v -424.957886 17.934011 -1.368718
v -418.060120 20.107811 -1.295171
v -424.957886 17.811556 -1.368718
v -418.060120 19.985346 -1.295171
v -424.957886 17.811556 -1.368718
v -418.060120 19.985346 -1.295171
v -424.958923 17.872784 -1.262673
v -418.061401 20.046570 -1.189104
v -424.958923 17.872784 -1.262673
v -418.061401 20.046570 -1.189104
v -424.957886 17.934011 -1.368718
v -418.060120 20.107811 -1.295171
v -424.957886 17.811556 -1.368718
v -432.155762 16.859091 -1.445508
v -424.957886 17.934011 -1.368718
v -424.958923 17.872784 -1.262673
v -461.001587 16.779816 -1.753251
v -461.001587 16.902283 -1.753251
v -461.002686 16.841040 -1.647187
v -461.001587 16.779816 -1.753251
v -453.791199 16.678905 -1.676393
v -461.001587 16.902283 -1.753251
v -461.002686 16.841040 -1.647187
v -453.792358 16.740135 -1.570325
v -439.379578 16.673975 0.026206
v -446.601990 16.710167 -0.050897
v -439.379578 16.796442 0.026206
v -446.601990 16.832632 -0.050897
v -439.380676 16.735201 0.132228
v -446.603149 16.771389 0.055148
v -439.379578 16.673975 0.026206
v -446.601990 16.710167 -0.050897
v -439.379578 16.796442 0.026206
v -446.601990 16.832632 -0.050897
v -439.380676 16.735201 0.132228
v -446.603149 16.771389 0.055148
v -453.807739 16.801359 -0.127755
v -453.807739 16.678905 -0.127755
v -453.807739 16.678905 -0.127755
v -446.601990 16.710167 -0.050897
v -453.808838 16.740135 -0.021710
v -453.808838 16.740135 -0.021710
v -446.603149 16.771389 0.055148
v -453.807739 16.801359 -0.127755
v -432.172241 16.859091 0.103110
v -432.172241 16.736639 0.103110
v -432.172241 16.736639 0.103110
v -432.173401 16.797865 0.209151
v -439.379578 16.673975 0.026206
v -432.173401 16.797865 0.209151
v -432.172241 16.859091 0.103110
v -439.380676 16.735201 0.132228
v -439.379578 16.796442 0.026206
v -424.974365 17.934011 0.179831
v -418.076660 20.107811 0.253446
v -424.974365 17.811556 0.179831
v -418.076660 19.985346 0.253446
v -424.974365 17.811556 0.179831
v -418.076660 19.985346 0.253446
v -424.975525 17.872784 0.285899
v -418.077820 20.046570 0.359514
v -424.975525 17.872784 0.285899
v -418.077820 20.046570 0.359514
v -424.974365 17.934011 0.179831
v -418.076660 20.107811 0.253446
v -424.974365 17.811556 0.179831
v -432.172241 16.859091 0.103110
v -424.974365 17.934011 0.179831
v -424.975525 17.872784 0.285899
v -461.018127 16.779816 -0.204701
v -461.018127 16.902283 -0.204701
v -461.019287 16.841040 -0.098638
v -461.018127 16.779816 -0.204701
v -453.807739 16.678905 -0.127755
v -461.018127 16.902283 -0.204701
v -461.019287 16.841040 -0.098638
v -453.808838 16.740135 -0.021710
v -439.414429 16.673977 3.286116
v -446.636658 16.710169 3.209082
v -439.414429 16.796444 3.286116
v -446.636658 16.832634 3.209082
v -439.415527 16.735203 3.392138
v -446.637756 16.771391 3.315123
v -439.414429 16.673977 3.286116
v -446.636658 16.710169 3.209082
v -439.414429 16.796444 3.286116
v -446.636658 16.832634 3.209082
v -439.415527 16.735203 3.392138
v -446.637756 16.771391 3.315123
v -453.842590 16.801361 3.132178
v -453.842590 16.678907 3.132178
v -453.842590 16.678907 3.132178
v -446.636658 16.710169 3.209082
v -453.843689 16.740137 3.238269
v -453.843689 16.740137 3.238269
v -446.637756 16.771391 3.315123
v -453.842590 16.801361 3.132178
v -432.206909 16.859093 3.363085
v -432.206909 16.736641 3.363085
v -432.206909 16.736641 3.363085
v -432.208069 16.797867 3.469134
v -439.414429 16.673977 3.286116
v -432.208069 16.797867 3.469134
v -432.206909 16.859093 3.363085
v -439.415527 16.735203 3.392138
v -439.414429 16.796444 3.286116
v -425.009277 17.934013 3.439830
v -418.111511 20.107813 3.513422
v -425.009277 17.811558 3.439830
v -418.111511 19.985348 3.513422
v -425.009277 17.811558 3.439830
v -418.111511 19.985348 3.513422
v -425.010376 17.872786 3.545901
v -418.112671 20.046572 3.619490
v -425.010376 17.872786 3.545901
v -418.112671 20.046572 3.619490
v -425.009277 17.934013 3.439830
v -418.111511 20.107813 3.513422
v -425.009277 17.811558 3.439830
v -432.206909 16.859093 3.363085
v -425.009277 17.934013 3.439830
v -425.010376 17.872786 3.545901
v -461.052979 16.779818 3.055274
v -461.052979 16.902285 3.055274
v -461.054138 16.841042 3.161345
v -461.052979 16.779818 3.055274
v -453.842590 16.678907 3.132178
v -461.052979 16.902285 3.055274
v -461.054138 16.841042 3.161345
v -453.843689 16.740137 3.238269
v -439.430908 16.673977 4.834776
v -446.653259 16.710169 4.757700
v -439.430908 16.796444 4.834776
v -446.653259 16.832634 4.757700
v -439.432068 16.735203 4.940825
v -446.654297 16.771391 4.863765
v -439.430908 16.673977 4.834776
v -446.653259 16.710169 4.757700
v -439.430908 16.796444 4.834776
v -446.653259 16.832634 4.757700
v -439.432068 16.735203 4.940825
v -446.654297 16.771391 4.863765
v -453.859131 16.801361 4.680797
v -453.859131 16.678907 4.680797
v -453.859131 16.678907 4.680797
v -446.653259 16.710169 4.757700
v -453.860291 16.740137 4.786818
v -453.860291 16.740137 4.786818
v -446.654297 16.771391 4.863765
v -453.859131 16.801361 4.680797
v -432.223450 16.859093 4.911639
v -432.223450 16.736641 4.911639
v -432.223450 16.736641 4.911639
v -432.224548 16.797867 5.017680
v -439.430908 16.673977 4.834776
v -432.224548 16.797867 5.017680
v -432.223450 16.859093 4.911639
v -439.432068 16.735203 4.940825
v -439.430908 16.796444 4.834776
v -425.025818 17.934013 4.988425
v -418.128052 20.107813 5.062017
v -425.025818 17.811558 4.988425
v -418.128052 19.985348 5.062017
v -425.025818 17.811558 4.988425
v -418.128052 19.985348 5.062017
v -425.026855 17.872786 5.094447
v -418.129150 20.046572 5.168086
v -425.026855 17.872786 5.094447
v -418.129150 20.046572 5.168086
v -425.025818 17.934013 4.988425
v -418.128052 20.107813 5.062017
v -425.025818 17.811558 4.988425
v -432.223450 16.859093 4.911639
v -425.025818 17.934013 4.988425
v -425.026855 17.872786 5.094447
v -461.069519 16.779818 4.603824
v -461.069519 16.902285 4.603824
v -461.070618 16.841042 4.709895
v -461.069519 16.779818 4.603824
v -453.859131 16.678907 4.680797
v -461.069519 16.902285 4.603824
v -461.070618 16.841042 4.709895
v -453.860291 16.740137 4.786818
v -439.311829 16.673973 -6.330984
v -446.534058 16.710165 -6.408041
v -439.311829 16.796440 -6.330984
v -446.534058 16.832630 -6.408041
v -439.312927 16.735199 -6.224916
v -446.535156 16.771387 -6.302000
v -439.311829 16.673973 -6.330984
v -446.534058 16.710165 -6.408041
v -439.311829 16.796440 -6.330984
v -446.534058 16.832630 -6.408041
v -439.312927 16.735199 -6.224916
v -446.535156 16.771387 -6.302000
v -453.739807 16.801357 -6.484925
v -453.739807 16.678904 -6.484925
v -453.739807 16.678904 -6.484925
v -446.534058 16.710165 -6.408041
v -453.741089 16.740133 -6.378854
v -453.741089 16.740133 -6.378854
v -446.535156 16.771387 -6.302000
v -453.739807 16.801357 -6.484925
v -432.104309 16.859089 -6.254034
v -432.104309 16.736637 -6.254034
v -432.104309 16.736637 -6.254034
v -432.105469 16.797863 -6.147993
v -439.311829 16.673973 -6.330984
v -432.105469 16.797863 -6.147993
v -432.104309 16.859089 -6.254034
v -439.312927 16.735199 -6.224916
v -439.311829 16.796440 -6.330984
v -417.858093 20.416874 -6.342519
v -417.650940 20.416874 -6.220094
v -417.858093 19.836872 -6.342519
v -417.650940 19.836872 -6.220094
v -417.650940 20.416874 -6.220094
v -417.653564 20.416874 -5.979665
v -417.650940 19.836872 -6.220094
v -417.653564 19.836872 -5.979665
v -417.653564 20.416874 -5.979665
v -417.863037 20.416874 -5.861684
v -417.653564 19.836872 -5.979665
v -417.863037 19.836872 -5.861684
v -417.860596 19.700331 -6.102090
v -417.858093 19.836872 -6.342519
v -417.650940 19.836872 -6.220094
v -417.860596 19.700331 -6.102090
v -417.653564 19.836872 -5.979665
v -417.863037 19.836872 -5.861684
v -417.860596 20.529612 -6.102090
v -417.650940 20.416874 -6.220094
v -417.858093 20.416874 -6.342519
v -417.653564 20.416874 -5.979665
v -417.650940 20.416874 -6.220094
v -417.863037 20.416874 -5.861684
v -417.653564 20.416874 -5.979665
v -424.906738 17.934010 -6.177289
v -418.008911 20.107809 -6.103701
v -424.906738 17.811554 -6.177289
v -418.008911 19.985344 -6.103701
v -424.906738 17.811554 -6.177289
v -418.008911 19.985344 -6.103701
v -424.907776 17.872782 -6.071199
v -418.010071 20.046568 -5.997633
v -424.907776 17.872782 -6.071199
v -418.010071 20.046568 -5.997633
v -424.906738 17.934010 -6.177289
v -418.008911 20.107809 -6.103701
v -424.906738 17.811554 -6.177289
v -432.104309 16.859089 -6.254034
v -424.906738 17.934010 -6.177289
v -424.907776 17.872782 -6.071199
v -460.950378 16.779814 -6.561850
v -460.950378 16.902281 -6.561850
v -460.951538 16.841038 -6.455801
v -460.950378 16.779814 -6.561850
v -453.739807 16.678904 -6.484925
v -460.950378 16.902281 -6.561850
v -460.951538 16.841038 -6.455801
v -453.741089 16.740133 -6.378854
v -439.328369 16.673975 -4.782437
v -446.550598 16.710167 -4.859426
v -439.328369 16.796442 -4.782437
v -446.550598 16.832632 -4.859426
v -439.329529 16.735201 -4.676366
v -446.551758 16.771389 -4.753381
v -439.328369 16.673975 -4.782437
v -446.550598 16.710167 -4.859426
v -439.328369 16.796442 -4.782437
v -446.550598 16.832632 -4.859426
v -439.329529 16.735201 -4.676366
v -446.551758 16.771389 -4.753381
v -453.756348 16.801359 -4.936377
v -453.756348 16.678905 -4.936377
v -453.756348 16.678905 -4.936377
v -446.550598 16.710167 -4.859426
v -453.757385 16.740135 -4.830305
v -453.757385 16.740135 -4.830305
v -446.551758 16.771389 -4.753381
v -453.756348 16.801359 -4.936377
v -432.120911 16.859091 -4.705483
v -432.120911 16.736639 -4.705483
v -432.120911 16.736639 -4.705483
v -432.122009 16.797865 -4.599443
v -439.328369 16.673975 -4.782437
v -432.122009 16.797865 -4.599443
v -432.120911 16.859091 -4.705483
v -439.329529 16.735201 -4.676366
v -439.328369 16.796442 -4.782437
v -424.923218 17.934011 -4.628675
v -418.025513 20.107811 -4.555086
v -424.923218 17.811556 -4.628675
v -418.025513 19.985346 -4.555086
v -424.923218 17.811556 -4.628675
v -418.025513 19.985346 -4.555086
v -424.924316 17.872784 -4.522649
v -418.026550 20.046570 -4.449063
v -424.924316 17.872784 -4.522649
v -418.026550 20.046570 -4.449063
v -424.923218 17.934011 -4.628675
v -418.025513 20.107811 -4.555086
v -424.923218 17.811556 -4.628675
v -432.120911 16.859091 -4.705483
v -424.923218 17.934011 -4.628675
v -424.924316 17.872784 -4.522649
v -460.966980 16.779816 -5.013230
v -460.966980 16.902283 -5.013230
v -460.968079 16.841040 -4.907208
v -460.966980 16.779816 -5.013230
v -453.756348 16.678905 -4.936377
v -460.966980 16.902283 -5.013230
v -460.968079 16.841040 -4.907208
v -453.757385 16.740135 -4.830305
v -417.909241 20.416876 -1.533991
v -417.702332 20.416876 -1.411524
v -417.909241 19.836874 -1.533991
v -417.702332 19.836874 -1.411524
v -417.702332 20.416876 -1.411524
v -417.704773 20.416876 -1.171113
v -417.702332 19.836874 -1.411524
v -417.704773 19.836874 -1.171113
v -417.704773 20.416876 -1.171113
v -417.914368 20.416876 -1.053091
v -417.704773 19.836874 -1.171113
v -417.914368 19.836874 -1.053091
v -417.911926 19.700333 -1.293538
v -417.909241 19.836874 -1.533991
v -417.702332 19.836874 -1.411524
v -417.911926 19.700333 -1.293538
v -417.704773 19.836874 -1.171113
v -417.914368 19.836874 -1.053091
v -417.911926 20.529613 -1.293539
v -417.702332 20.416876 -1.411524
v -417.909241 20.416876 -1.533991
v -417.704773 20.416876 -1.171113
v -417.702332 20.416876 -1.411524
v -417.914368 20.416876 -1.053091
v -417.704773 20.416876 -1.171113
v -461.001587 16.779816 -1.753251
v -461.001587 16.902283 -1.753251
v -461.002686 16.841040 -1.647187
v -461.001587 16.902283 -1.753251
v -417.925781 20.416876 0.014601
v -417.718811 20.416876 0.137072
v -417.925781 19.836874 0.014602
v -417.718811 19.836874 0.137072
v -417.718811 20.416876 0.137072
v -417.721497 20.416876 0.377458
v -417.718811 19.836874 0.137072
v -417.721497 19.836874 0.377459
v -417.721497 20.416876 0.377458
v -417.930969 20.416876 0.495439
v -417.721497 19.836874 0.377459
v -417.930969 19.836874 0.495439
v -417.928223 19.700333 0.255031
v -417.925781 19.836874 0.014602
v -417.718811 19.836874 0.137072
v -417.928223 19.700333 0.255031
v -417.721497 19.836874 0.377459
v -417.930969 19.836874 0.495439
v -417.928223 20.529613 0.255030
v -417.718811 20.416876 0.137072
v -417.925781 20.416876 0.014601
v -417.721497 20.416876 0.377458
v -417.718811 20.416876 0.137072
v -417.930969 20.416876 0.495439
v -417.721497 20.416876 0.377458
v -461.018127 16.779816 -0.204701
v -461.018127 16.902283 -0.204701
v -461.019287 16.841040 -0.098638
v -461.018127 16.902283 -0.204701
v -417.960693 20.416878 3.274584
v -417.753723 20.416878 3.397055
v -417.960693 19.836876 3.274584
v -417.753723 19.836876 3.397055
v -417.753723 20.416878 3.397055
v -417.756165 20.416878 3.637480
v -417.753723 19.836876 3.397055
v -417.756165 19.836876 3.637480
v -417.756165 20.416878 3.637480
v -417.965576 20.416878 3.755439
v -417.756165 19.836876 3.637480
v -417.965576 19.836876 3.755439
v -417.963135 19.700335 3.515032
v -417.960693 19.836876 3.274584
v -417.753723 19.836876 3.397055
v -417.963135 19.700335 3.515032
v -417.756165 19.836876 3.637480
v -417.965576 19.836876 3.755439
v -417.963135 20.529615 3.515031
v -417.753723 20.416878 3.397055
v -417.960693 20.416878 3.274584
v -417.756165 20.416878 3.637480
v -417.753723 20.416878 3.397055
v -417.965576 20.416878 3.755439
v -417.756165 20.416878 3.637480
v -461.052979 16.779818 3.055274
v -461.052979 16.902285 3.055274
v -461.054138 16.841042 3.161345
v -461.052979 16.902285 3.055274
v -417.977173 20.416878 4.823195
v -417.770020 20.416878 4.945605
v -417.977173 19.836876 4.823195
v -417.770020 19.836876 4.945605
v -417.770020 20.416878 4.945605
v -417.772705 20.416878 5.186053
v -417.770020 19.836876 4.945605
v -417.772705 19.836876 5.186053
v -417.772705 20.416878 5.186053
v -417.982300 20.416878 5.304080
v -417.772705 19.836876 5.186053
v -417.982300 19.836876 5.304080
v -417.979675 19.700335 5.063581
v -417.977173 19.836876 4.823195
v -417.770020 19.836876 4.945605
v -417.979675 19.700335 5.063581
v -417.772705 19.836876 5.186053
v -417.982300 19.836876 5.304080
v -417.979675 20.529615 5.063581
v -417.770020 20.416878 4.945605
v -417.977173 20.416878 4.823195
v -417.772705 20.416878 5.186053
v -417.770020 20.416878 4.945605
v -417.982300 20.416878 5.304080
v -417.772705 20.416878 5.186053
v -461.069519 16.779818 4.603824
v -461.069519 16.902285 4.603824
v -461.070618 16.841042 4.709895
v -461.069519 16.902285 4.603824
v -460.950378 16.779814 -6.561850
v -460.950378 16.902281 -6.561850
v -460.951538 16.841038 -6.455801
v -460.950378 16.902281 -6.561850
v -417.874390 20.416876 -4.793951
v -417.667419 20.416876 -4.671540
v -417.874390 19.836874 -4.793951
v -417.667419 19.836874 -4.671540
v -417.667419 20.416876 -4.671540
v -417.670166 20.416876 -4.431047
v -417.667419 19.836874 -4.671540
v -417.670166 19.836874 -4.431047
v -417.670166 20.416876 -4.431047
v -417.879517 20.416876 -4.313134
v -417.670166 19.836874 -4.431047
v -417.879517 19.836874 -4.313134
v -417.877075 19.700333 -4.553540
v -417.874390 19.836874 -4.793951
v -417.667419 19.836874 -4.671540
v -417.877075 19.700333 -4.553540
v -417.670166 19.836874 -4.431047
v -417.879517 19.836874 -4.313134
v -417.877075 20.529613 -4.553540
v -417.667419 20.416876 -4.671540
v -417.874390 20.416876 -4.793951
v -417.670166 20.416876 -4.431047
v -417.667419 20.416876 -4.671540
v -417.879517 20.416876 -4.313134
v -417.670166 20.416876 -4.431047
v -460.966980 16.779816 -5.013230
v -460.966980 16.902283 -5.013230
v -460.968079 16.841040 -4.907208
v -460.966980 16.902283 -5.013230
v -475.417725 16.832632 -1.907125
v -475.417725 16.710167 -1.907125
v -482.640198 16.796442 -1.984181
v -482.640198 16.673975 -1.984181
v -475.417725 16.710167 -1.907125
v -475.419006 16.771389 -1.801057
v -482.640198 16.673975 -1.984181
v -482.641296 16.735201 -1.878140
v -475.419006 16.771389 -1.801057
v -475.417725 16.832632 -1.907125
v -482.641296 16.735201 -1.878140
v -482.640198 16.796442 -1.984181
v -468.212219 16.678905 -1.830174
v -468.212219 16.801359 -1.830174
v -468.213074 16.740135 -1.724134
v -468.212219 16.678905 -1.830174
v -475.417725 16.832632 -1.907125
v -468.212219 16.801359 -1.830174
v -468.213074 16.740135 -1.724134
v -489.847656 16.736639 -2.061063
v -489.847656 16.859091 -2.061063
v -489.848755 16.797865 -1.954995
v -489.847656 16.736639 -2.061063
v -482.640198 16.673975 -1.984181
v -489.847656 16.859091 -2.061063
v -489.848755 16.797865 -1.954995
v -482.641296 16.735201 -1.878140
v -461.001587 16.779816 -1.753251
v -468.212219 16.678905 -1.830174
v -461.002686 16.841040 -1.647187
v -468.213074 16.740135 -1.724134
v -468.212219 16.801359 -1.830174
v -475.434448 16.832632 -0.358483
v -475.434448 16.710167 -0.358483
v -482.656677 16.796442 -0.435563
v -482.656677 16.673975 -0.435563
v -475.434448 16.710167 -0.358483
v -475.435608 16.771389 -0.252484
v -482.656677 16.673975 -0.435563
v -482.657837 16.735201 -0.329495
v -475.435608 16.771389 -0.252484
v -475.434448 16.832632 -0.358483
v -482.657837 16.735201 -0.329495
v -482.656677 16.796442 -0.435563
v -468.228577 16.678905 -0.281674
v -468.228577 16.801359 -0.281674
v -468.229675 16.740135 -0.175603
v -468.228577 16.678905 -0.281674
v -475.434448 16.832632 -0.358483
v -468.228577 16.801359 -0.281674
v -468.229675 16.740135 -0.175603
v -489.864014 16.736639 -0.512422
v -489.864014 16.859091 -0.512422
v -489.865051 16.797865 -0.406377
v -489.864014 16.736639 -0.512422
v -482.656677 16.673975 -0.435563
v -489.864014 16.859091 -0.512422
v -489.865051 16.797865 -0.406377
v -482.657837 16.735201 -0.329495
v -461.018127 16.779816 -0.204701
v -468.228577 16.678905 -0.281674
v -461.019287 16.841040 -0.098638
v -468.229675 16.740135 -0.175603
v -468.228577 16.801359 -0.281674
v -475.469360 16.832634 2.901473
v -475.469360 16.710169 2.901473
v -482.691345 16.796444 2.824431
v -482.691345 16.673977 2.824431
v -475.469360 16.710169 2.901473
v -475.470459 16.771391 3.007537
v -482.691345 16.673977 2.824431
v -482.692505 16.735203 2.930461
v -475.470459 16.771391 3.007537
v -475.469360 16.832634 2.901473
v -482.692505 16.735203 2.930461
v -482.691345 16.796444 2.824431
v -468.263123 16.678907 2.978350
v -468.263123 16.801361 2.978350
v -468.264526 16.740137 3.084399
v -468.263123 16.678907 2.978350
v -475.469360 16.832634 2.901473
v -468.263123 16.801361 2.978350
v -468.264526 16.740137 3.084399
v -489.898865 16.736641 2.747489
v -489.898865 16.859093 2.747489
v -489.900024 16.797867 2.853533
v -489.898865 16.736641 2.747489
v -482.691345 16.673977 2.824431
v -489.898865 16.859093 2.747489
v -489.900024 16.797867 2.853533
v -482.692505 16.735203 2.930461
v -461.052979 16.779818 3.055274
v -468.263123 16.678907 2.978350
v -461.054138 16.841042 3.161345
v -468.264526 16.740137 3.084399
v -468.263123 16.801361 2.978350
v -475.485657 16.832634 4.450042
v -475.485657 16.710169 4.450042
v -482.707886 16.796444 4.373008
v -482.707886 16.673977 4.373008
v -475.485657 16.710169 4.450042
v -475.486755 16.771391 4.556089
v -482.707886 16.673977 4.373008
v -482.708984 16.735203 4.479030
v -475.486755 16.771391 4.556089
v -475.485657 16.832634 4.450042
v -482.708984 16.735203 4.479030
v -482.707886 16.796444 4.373008
v -468.279907 16.678907 4.526927
v -468.279907 16.801361 4.526927
v -468.281067 16.740137 4.632990
v -468.279907 16.678907 4.526927
v -475.485657 16.832634 4.450042
v -468.279907 16.801361 4.526927
v -468.281067 16.740137 4.632990
v -489.915405 16.736641 4.296103
v -489.915405 16.859093 4.296103
v -489.916504 16.797867 4.402152
v -489.915405 16.736641 4.296103
v -482.707886 16.673977 4.373008
v -489.915405 16.859093 4.296103
v -489.916504 16.797867 4.402152
v -482.708984 16.735203 4.479030
v -461.069519 16.779818 4.603824
v -468.279907 16.678907 4.526927
v -461.070618 16.841042 4.709895
v -468.281067 16.740137 4.632990
v -468.279907 16.801361 4.526927
v -475.366516 16.832630 -6.715651
v -475.366516 16.710165 -6.715651
v -482.589050 16.796440 -6.792710
v -482.589050 16.673973 -6.792710
v -475.366516 16.710165 -6.715651
v -475.367676 16.771387 -6.609582
v -482.589050 16.673973 -6.792710
v -482.589905 16.735199 -6.686666
v -475.367676 16.771387 -6.609582
v -475.366516 16.832630 -6.715651
v -482.589905 16.735199 -6.686666
v -482.589050 16.796440 -6.792710
v -468.160828 16.678904 -6.638703
v -468.160828 16.801357 -6.638703
v -468.161926 16.740133 -6.532660
v -468.160828 16.678904 -6.638703
v -475.366516 16.832630 -6.715651
v -468.160828 16.801357 -6.638703
v -468.161926 16.740133 -6.532660
v -489.796265 16.736637 -6.869593
v -489.796265 16.859089 -6.869593
v -489.797424 16.797863 -6.763520
v -489.796265 16.736637 -6.869593
v -482.589050 16.673973 -6.792710
v -489.796265 16.859089 -6.869593
v -489.797424 16.797863 -6.763520
v -482.589905 16.735199 -6.686666
v -460.950378 16.779814 -6.561850
v -468.160828 16.678904 -6.638703
v -460.951538 16.841038 -6.455801
v -468.161926 16.740133 -6.532660
v -468.160828 16.801357 -6.638703
v -475.383057 16.832632 -5.167036
v -475.383057 16.710167 -5.167036
v -482.605347 16.796442 -5.244096
v -482.605347 16.673975 -5.244096
v -475.383057 16.710167 -5.167036
v -475.384155 16.771389 -5.061013
v -482.605347 16.673975 -5.244096
v -482.606384 16.735201 -5.138047
v -475.384155 16.771389 -5.061013
v -475.383057 16.832632 -5.167036
v -482.606384 16.735201 -5.138047
v -482.605347 16.796442 -5.244096
v -468.177368 16.678905 -5.090222
v -468.177368 16.801359 -5.090222
v -468.178528 16.740135 -4.984179
v -468.177368 16.678905 -5.090222
v -475.383057 16.832632 -5.167036
v -468.177368 16.801359 -5.090222
v -468.178528 16.740135 -4.984179
v -489.812805 16.736637 -5.321020
v -489.812805 16.859089 -5.321020
v -489.813904 16.797865 -5.214997
v -489.812805 16.736637 -5.321020
v -482.605347 16.673975 -5.244096
v -489.812805 16.859089 -5.321020
v -489.813904 16.797865 -5.214997
v -482.606384 16.735201 -5.138047
v -460.966980 16.779816 -5.013230
v -468.177368 16.678905 -5.090222
v -460.968079 16.841040 -4.907208
v -468.178528 16.740135 -4.984179
v -468.177368 16.801359 -5.090222
v -497.054932 16.673975 -2.137921
v -504.277466 16.710167 -2.214978
v -497.054932 16.796442 -2.137921
v -504.277466 16.832632 -2.214978
v -497.056091 16.735201 -2.031854
v -504.278503 16.771389 -2.108933
v -497.054932 16.673975 -2.137921
v -504.277466 16.710167 -2.214978
v -497.054932 16.796442 -2.137921
v -504.277466 16.832632 -2.214978
v -497.056091 16.735201 -2.031854
v -504.278503 16.771389 -2.108933
v -511.483093 16.801359 -2.291883
v -511.483093 16.678905 -2.291883
v -511.483093 16.678905 -2.291883
v -504.277466 16.710167 -2.214978
v -511.484253 16.740135 -2.185861
v -511.484253 16.740135 -2.185861
v -504.278503 16.771389 -2.108933
v -511.483093 16.801359 -2.291883
v -489.847656 16.736639 -2.061063
v -497.054932 16.673975 -2.137921
v -489.848755 16.797865 -1.954995
v -497.056091 16.735201 -2.031854
v -497.054932 16.796442 -2.137921
v -518.693542 16.779816 -2.368783
v -518.693542 16.902283 -2.368783
v -518.694641 16.841040 -2.262738
v -518.693542 16.779816 -2.368783
v -511.483093 16.678905 -2.291883
v -518.693542 16.902283 -2.368783
v -518.694641 16.841040 -2.262738
v -511.484253 16.740135 -2.185861
v -497.071716 16.673975 -0.589391
v -504.293762 16.710167 -0.666474
v -497.071716 16.796442 -0.589391
v -504.293762 16.832632 -0.666474
v -497.072815 16.735201 -0.483304
v -504.295105 16.771389 -0.560384
v -497.071716 16.673975 -0.589391
v -504.293762 16.710167 -0.666474
v -497.071716 16.796442 -0.589391
v -504.293762 16.832632 -0.666474
v -497.072815 16.735201 -0.483304
v -504.295105 16.771389 -0.560384
v -511.499695 16.801359 -0.743283
v -511.499695 16.678905 -0.743283
v -511.499695 16.678905 -0.743283
v -504.293762 16.710167 -0.666474
v -511.500793 16.740135 -0.637242
v -511.500793 16.740135 -0.637242
v -504.295105 16.771389 -0.560384
v -511.499695 16.801359 -0.743283
v -489.864014 16.736639 -0.512422
v -497.071716 16.673975 -0.589391
v -489.865051 16.797865 -0.406377
v -497.072815 16.735201 -0.483304
v -497.071716 16.796442 -0.589391
v -518.710083 16.779816 -0.820233
v -518.710083 16.902283 -0.820233
v -518.711243 16.841040 -0.714166
v -518.710083 16.779816 -0.820233
v -511.499695 16.678905 -0.743283
v -518.710083 16.902283 -0.820233
v -518.711243 16.841040 -0.714166
v -511.500793 16.740135 -0.637242
v -497.106323 16.673977 2.670607
v -504.328613 16.710169 2.593547
v -497.106323 16.796444 2.670607
v -504.328613 16.832634 2.593547
v -497.107422 16.735203 2.776675
v -504.329651 16.771391 2.699595
v -497.106323 16.673977 2.670607
v -504.328613 16.710169 2.593547
v -497.106323 16.796444 2.670607
v -504.328613 16.832634 2.593547
v -497.107422 16.735203 2.776675
v -504.329651 16.771391 2.699595
v -511.534546 16.801361 2.516715
v -511.534546 16.678907 2.516715
v -511.534546 16.678907 2.516715
v -504.328613 16.710169 2.593547
v -511.535645 16.740137 2.622737
v -511.535645 16.740137 2.622737
v -504.329651 16.771391 2.699595
v -511.534546 16.801361 2.516715
v -489.898865 16.736641 2.747489
v -497.106323 16.673977 2.670607
v -489.900024 16.797867 2.853533
v -497.107422 16.735203 2.776675
v -497.106323 16.796444 2.670607
v -518.744934 16.779818 2.439746
v -518.744934 16.902285 2.439746
v -518.746094 16.841042 2.545813
v -518.744934 16.779818 2.439746
v -511.534546 16.678907 2.516715
v -518.744934 16.902285 2.439746
v -518.746094 16.841042 2.545813
v -511.535645 16.740137 2.622737
v -497.122864 16.673977 4.219203
v -504.345154 16.710169 4.142165
v -497.122864 16.796444 4.219203
v -504.345154 16.832634 4.142165
v -497.124023 16.735203 4.325290
v -504.346252 16.771391 4.248214
v -497.122864 16.673977 4.219203
v -504.345154 16.710169 4.142165
v -497.122864 16.796444 4.219203
v -504.345154 16.832634 4.142165
v -497.124023 16.735203 4.325290
v -504.346252 16.771391 4.248214
v -511.551025 16.801361 4.065260
v -511.551025 16.678907 4.065260
v -511.551025 16.678907 4.065260
v -504.345154 16.710169 4.142165
v -511.552185 16.740137 4.171289
v -511.552185 16.740137 4.171289
v -504.346252 16.771391 4.248214
v -511.551025 16.801361 4.065260
v -489.915405 16.736641 4.296103
v -497.122864 16.673977 4.219203
v -489.916504 16.797867 4.402152
v -497.124023 16.735203 4.325290
v -497.122864 16.796444 4.219203
v -518.761292 16.779818 3.988364
v -518.761292 16.902285 3.988364
v -518.762573 16.841042 4.094428
v -518.761292 16.779818 3.988364
v -511.551025 16.678907 4.065260
v -518.761292 16.902285 3.988364
v -518.762573 16.841042 4.094428
v -511.552185 16.740137 4.171289
v -497.003784 16.673973 -6.946446
v -504.226013 16.710165 -7.023576
v -497.003784 16.796440 -6.946446
v -504.226013 16.832630 -7.023576
v -497.004883 16.735199 -6.840384
v -504.227112 16.771387 -6.917527
v -497.003784 16.673973 -6.946446
v -504.226013 16.710165 -7.023576
v -497.003784 16.796440 -6.946446
v -504.226013 16.832630 -7.023576
v -497.004883 16.735199 -6.840384
v -504.227112 16.771387 -6.917527
v -511.431763 16.801357 -7.100453
v -511.431763 16.678904 -7.100453
v -511.431763 16.678904 -7.100453
v -504.226013 16.710165 -7.023576
v -511.433044 16.740133 -6.994386
v -511.433044 16.740133 -6.994386
v -504.227112 16.771387 -6.917527
v -511.431763 16.801357 -7.100453
v -489.796265 16.736637 -6.869593
v -497.003784 16.673973 -6.946446
v -489.797424 16.797863 -6.763520
v -497.004883 16.735199 -6.840384
v -497.003784 16.796440 -6.946446
v -518.642334 16.779814 -7.177377
v -518.642334 16.902281 -7.177377
v -518.643494 16.841038 -7.071336
v -518.642334 16.779814 -7.177377
v -511.431763 16.678904 -7.100453
v -518.642334 16.902281 -7.177377
v -518.643494 16.841038 -7.071336
v -511.433044 16.740133 -6.994386
v -497.020264 16.673973 -5.397965
v -504.242493 16.710165 -5.474999
v -497.020264 16.796440 -5.397965
v -504.242493 16.832630 -5.474999
v -497.021423 16.735199 -5.291898
v -504.243652 16.771387 -5.368932
v -497.020264 16.673973 -5.397965
v -504.242493 16.710165 -5.474999
v -497.020264 16.796440 -5.397965
v -504.242493 16.832630 -5.474999
v -497.021423 16.735199 -5.291898
v -504.243652 16.771387 -5.368932
v -511.448242 16.801357 -5.551836
v -511.448242 16.678904 -5.551836
v -511.448242 16.678904 -5.551836
v -504.242493 16.710165 -5.474999
v -511.449646 16.740133 -5.445767
v -511.449646 16.740133 -5.445767
v -504.243652 16.771387 -5.368932
v -511.448242 16.801357 -5.551836
v -489.812805 16.736637 -5.321020
v -497.020264 16.673973 -5.397965
v -489.813904 16.797865 -5.214997
v -497.021423 16.735199 -5.291898
v -497.020264 16.796440 -5.397965
v -518.658630 16.779814 -5.628762
v -518.658630 16.902281 -5.628762
v -518.659973 16.841038 -5.522740
v -518.658630 16.779814 -5.628762
v -511.448242 16.678904 -5.551836
v -518.658630 16.902281 -5.628762
v -518.659973 16.841038 -5.522740
v -511.449646 16.740133 -5.445767
v -533.120544 16.832632 -2.522721
v -533.120544 16.710167 -2.522721
v -540.342834 16.796442 -2.599759
v -540.342834 16.673975 -2.599759
v -533.120544 16.710167 -2.522721
v -533.121704 16.771389 -2.416654
v -540.342834 16.673975 -2.599759
v -540.343994 16.735201 -2.493737
v -533.121704 16.771389 -2.416654
v -533.120544 16.832632 -2.522721
v -540.343994 16.735201 -2.493737
v -540.342834 16.796442 -2.599759
v -525.914917 16.678905 -2.445863
v -525.914917 16.801359 -2.445863
v -525.916016 16.740135 -2.339799
v -525.914917 16.678905 -2.445863
v -533.120544 16.832632 -2.522721
v -525.914917 16.801359 -2.445863
v -525.916016 16.740135 -2.339799
v -547.550354 16.736639 -2.676724
v -547.550354 16.859091 -2.676724
v -547.551392 16.797865 -2.570661
v -547.550354 16.736639 -2.676724
v -540.342834 16.673975 -2.599759
v -547.550354 16.859091 -2.676724
v -547.551392 16.797865 -2.570661
v -540.343994 16.735201 -2.493737
v -518.704285 16.902283 -2.368917
v -518.704285 16.779816 -2.368917
v -518.704285 16.779816 -2.368917
v -518.705627 16.841040 -2.262872
v -525.914917 16.678905 -2.445863
v -518.705627 16.841040 -2.262872
v -518.704285 16.902283 -2.368917
v -525.916016 16.740135 -2.339799
v -525.914917 16.801359 -2.445863
v -533.137146 16.832632 -0.974175
v -533.137146 16.710167 -0.974175
v -540.359375 16.796442 -1.051232
v -540.359375 16.673975 -1.051232
v -533.137146 16.710167 -0.974175
v -533.138245 16.771389 -0.868104
v -540.359375 16.673975 -1.051232
v -540.360474 16.735201 -0.945188
v -533.138245 16.771389 -0.868104
v -533.137146 16.832632 -0.974175
v -540.360474 16.735201 -0.945188
v -540.359375 16.796442 -1.051232
v -525.931213 16.678905 -0.897222
v -525.931213 16.801359 -0.897222
v -525.932495 16.740135 -0.791200
v -525.931213 16.678905 -0.897222
v -533.137146 16.832632 -0.974175
v -525.931213 16.801359 -0.897222
v -525.932495 16.740135 -0.791200
v -547.566895 16.736639 -1.128114
v -547.566895 16.859091 -1.128114
v -547.567993 16.797865 -1.022042
v -547.566895 16.736639 -1.128114
v -540.359375 16.673975 -1.051232
v -547.566895 16.859091 -1.128114
v -547.567993 16.797865 -1.022042
v -540.360474 16.735201 -0.945188
v -518.720764 16.902283 -0.820367
v -518.720764 16.779816 -0.820367
v -518.720764 16.779816 -0.820367
v -518.722107 16.841040 -0.714322
v -525.931213 16.678905 -0.897222
v -518.722107 16.841040 -0.714322
v -518.720764 16.902283 -0.820367
v -525.932495 16.740135 -0.791200
v -525.931213 16.801359 -0.897222
v -533.171997 16.832634 2.285807
v -533.171997 16.710169 2.285807
v -540.394226 16.796444 2.208770
v -540.394226 16.673977 2.208770
v -533.171997 16.710169 2.285807
v -533.173096 16.771391 2.391875
v -540.394226 16.673977 2.208770
v -540.395325 16.735203 2.314837
v -533.173096 16.771391 2.391875
v -533.171997 16.832634 2.285807
v -540.395325 16.735203 2.314837
v -540.394226 16.796444 2.208770
v -525.966064 16.678907 2.362685
v -525.966064 16.801361 2.362685
v -525.967163 16.740137 2.468734
v -525.966064 16.678907 2.362685
v -533.171997 16.832634 2.285807
v -525.966064 16.801361 2.362685
v -525.967163 16.740137 2.468734
v -547.601746 16.736641 2.131911
v -547.601746 16.859093 2.131911
v -547.602844 16.797867 2.237937
v -547.601746 16.736641 2.131911
v -540.394226 16.673977 2.208770
v -547.601746 16.859093 2.131911
v -547.602844 16.797867 2.237937
v -540.395325 16.735203 2.314837
v -518.755676 16.902285 2.439635
v -518.755676 16.779818 2.439635
v -518.755676 16.779818 2.439635
v -518.756775 16.841042 2.545657
v -525.966064 16.678907 2.362685
v -518.756775 16.841042 2.545657
v -518.755676 16.902285 2.439635
v -525.967163 16.740137 2.468734
v -525.966064 16.801361 2.362685
v -533.188293 16.832634 3.834426
v -533.188293 16.710169 3.834426
v -540.410767 16.796444 3.757319
v -540.410767 16.673977 3.757319
v -533.188293 16.710169 3.834426
v -533.189392 16.771391 3.940489
v -540.410767 16.673977 3.757319
v -540.411926 16.735203 3.863341
v -533.189392 16.771391 3.940489
v -533.188293 16.832634 3.834426
v -540.411926 16.735203 3.863341
v -540.410767 16.796444 3.757319
v -525.982544 16.678907 3.911303
v -525.982544 16.801361 3.911303
v -525.983704 16.740137 4.017347
v -525.982544 16.678907 3.911303
v -533.188293 16.832634 3.834426
v -525.982544 16.801361 3.911303
v -525.983704 16.740137 4.017347
v -547.618225 16.736641 3.680438
v -547.618225 16.859093 3.680438
v -547.619385 16.797867 3.786486
v -547.618225 16.736641 3.680438
v -540.410767 16.673977 3.757319
v -547.618225 16.859093 3.680438
v -547.619385 16.797867 3.786486
v -540.411926 16.735203 3.863341
v -518.772217 16.902285 3.988227
v -518.772217 16.779818 3.988227
v -518.772217 16.779818 3.988227
v -518.773254 16.841042 4.094295
v -525.982544 16.678907 3.911303
v -518.773254 16.841042 4.094295
v -518.772217 16.902285 3.988227
v -525.983704 16.740137 4.017347
v -525.982544 16.801361 3.911303
v -533.069397 16.832630 -7.331316
v -533.069397 16.710165 -7.331316
v -540.291687 16.796440 -7.408372
v -540.291687 16.673973 -7.408372
v -533.069397 16.710165 -7.331316
v -533.070496 16.771387 -7.225275
v -540.291687 16.673973 -7.408372
v -540.292725 16.735199 -7.302331
v -533.070496 16.771387 -7.225275
v -533.069397 16.832630 -7.331316
v -540.292725 16.735199 -7.302331
v -540.291687 16.796440 -7.408372
v -525.863464 16.678904 -7.254393
v -525.863464 16.801357 -7.254393
v -525.864563 16.740133 -7.148324
v -525.863464 16.678904 -7.254393
v -533.069397 16.832630 -7.331316
v -525.863464 16.801357 -7.254393
v -525.864563 16.740133 -7.148324
v -547.498901 16.736637 -7.485258
v -547.498901 16.859089 -7.485258
v -547.500061 16.797863 -7.379187
v -547.498901 16.736637 -7.485258
v -540.291687 16.673973 -7.408372
v -547.498901 16.859089 -7.485258
v -547.500061 16.797863 -7.379187
v -540.292725 16.735199 -7.302331
v -518.653076 16.902281 -7.177515
v -518.653076 16.779814 -7.177515
v -518.653076 16.779814 -7.177515
v -518.654175 16.841038 -7.071466
v -525.863464 16.678904 -7.254393
v -518.654175 16.841038 -7.071466
v -518.653076 16.902281 -7.177515
v -525.864563 16.740133 -7.148324
v -525.863464 16.801357 -7.254393
v -533.085693 16.832630 -5.782721
v -533.085693 16.710165 -5.782721
v -540.308167 16.796440 -5.859761
v -540.308167 16.673973 -5.859761
v -533.085693 16.710165 -5.782721
v -533.086792 16.771387 -5.676630
v -540.308167 16.673973 -5.859761
v -540.309082 16.735199 -5.753714
v -533.086792 16.771387 -5.676630
v -533.085693 16.832630 -5.782721
v -540.309082 16.735199 -5.753714
v -540.308167 16.796440 -5.859761
v -525.880005 16.678904 -5.705865
v -525.880005 16.801357 -5.705865
v -525.881165 16.740133 -5.599844
v -525.880005 16.678904 -5.705865
v -533.085693 16.832630 -5.782721
v -525.880005 16.801357 -5.705865
v -525.881165 16.740133 -5.599844
v -547.515442 16.736637 -5.936639
v -547.515442 16.859089 -5.936639
v -547.516846 16.797863 -5.830572
v -547.515442 16.736637 -5.936639
v -540.308167 16.673973 -5.859761
v -547.515442 16.859089 -5.936639
v -547.516846 16.797863 -5.830572
v -540.309082 16.735199 -5.753714
v -518.669617 16.902281 -5.628896
v -518.669617 16.779814 -5.628896
v -518.669617 16.779814 -5.628896
v -518.670715 16.841038 -5.522851
v -525.880005 16.678904 -5.705865
v -518.670715 16.841038 -5.522851
v -518.669617 16.902281 -5.628896
v -525.881165 16.740133 -5.599844
v -525.880005 16.801357 -5.705865
v -554.757812 16.673975 -2.753587
v -561.980103 16.710167 -2.830667
v -554.757812 16.796442 -2.753587
v -561.980103 16.832632 -2.830667
v -554.758911 16.735201 -2.647538
v -561.981140 16.771389 -2.724599
v -554.757812 16.673975 -2.753587
v -561.980103 16.710167 -2.830667
v -554.757812 16.796442 -2.753587
v -561.980103 16.832632 -2.830667
v -554.758911 16.735201 -2.647538
v -561.981140 16.771389 -2.724599
v -569.185791 16.801359 -2.907548
v -569.185791 16.678905 -2.907548
v -569.185791 16.678905 -2.907548
v -561.980103 16.710167 -2.830667
v -569.186890 16.740135 -2.801526
v -569.186890 16.740135 -2.801526
v -561.981140 16.771389 -2.724599
v -569.185791 16.801359 -2.907548
v -547.550354 16.736639 -2.676724
v -554.757812 16.673975 -2.753587
v -547.551392 16.797865 -2.570661
v -554.758911 16.735201 -2.647538
v -554.757812 16.796442 -2.753587
v -576.396362 16.779816 -2.984448
v -576.396362 16.902283 -2.984448
v -576.397522 16.841040 -2.878404
v -576.396362 16.779816 -2.984448
v -569.185791 16.678905 -2.907548
v -576.396362 16.902283 -2.984448
v -576.397522 16.841040 -2.878404
v -569.186890 16.740135 -2.801526
v -554.774353 16.673975 -1.204968
v -561.996582 16.710167 -1.282025
v -554.774353 16.796442 -1.204968
v -561.996582 16.832632 -1.282025
v -554.775513 16.735201 -1.098901
v -561.997742 16.771389 -1.176004
v -554.774353 16.673975 -1.204968
v -561.996582 16.710167 -1.282025
v -554.774353 16.796442 -1.204968
v -561.996582 16.832632 -1.282025
v -554.775513 16.735201 -1.098901
v -561.997742 16.771389 -1.176004
v -569.202515 16.801359 -1.358972
v -569.202515 16.678905 -1.358972
v -569.202515 16.678905 -1.358972
v -561.996582 16.710167 -1.282025
v -569.203674 16.740135 -1.252908
v -569.203674 16.740135 -1.252908
v -561.997742 16.771389 -1.176004
v -569.202515 16.801359 -1.358972
v -547.566895 16.736639 -1.128114
v -554.774353 16.673975 -1.204968
v -547.567993 16.797865 -1.022042
v -554.775513 16.735201 -1.098901
v -554.774353 16.796442 -1.204968
v -576.412964 16.779816 -1.435895
v -576.412964 16.902283 -1.435895
v -576.414062 16.841040 -1.329873
v -576.412964 16.779816 -1.435895
v -569.202515 16.678905 -1.358972
v -576.412964 16.902283 -1.435895
v -576.414062 16.841040 -1.329873
v -569.203674 16.740135 -1.252908
v -554.809265 16.673977 2.054942
v -562.031494 16.710169 1.977908
v -554.809265 16.796444 2.054942
v -562.031494 16.832634 1.977908
v -554.810120 16.735203 2.161014
v -562.032593 16.771391 2.083930
v -554.809265 16.673977 2.054942
v -562.031494 16.710169 1.977908
v -554.809265 16.796444 2.054942
v -562.031494 16.832634 1.977908
v -554.810120 16.735203 2.161014
v -562.032593 16.771391 2.083930
v -569.237183 16.801361 1.901046
v -569.237183 16.678907 1.901046
v -569.237183 16.678907 1.901046
v -562.031494 16.710169 1.977908
v -569.238342 16.740137 2.007094
v -569.238342 16.740137 2.007094
v -562.032593 16.771391 2.083930
v -569.237183 16.801361 1.901046
v -547.601746 16.736641 2.131911
v -554.809265 16.673977 2.054942
v -547.602844 16.797867 2.237937
v -554.810120 16.735203 2.161014
v -554.809265 16.796444 2.054942
v -576.447632 16.779818 1.824099
v -576.447632 16.902285 1.824099
v -576.448730 16.841042 1.930121
v -576.447632 16.779818 1.824099
v -569.237183 16.678907 1.901046
v -576.447632 16.902285 1.824099
v -576.448730 16.841042 1.930121
v -569.238342 16.740137 2.007094
v -554.825745 16.673977 3.603560
v -562.047791 16.710169 3.526499
v -554.825745 16.796444 3.603560
v -562.047791 16.832634 3.526499
v -554.826843 16.735203 3.709624
v -562.048889 16.771391 3.632548
v -554.825745 16.673977 3.603560
v -562.047791 16.710169 3.526499
v -554.825745 16.796444 3.603560
v -562.047791 16.832634 3.526499
v -554.826843 16.735203 3.709624
v -562.048889 16.771391 3.632548
v -569.253723 16.801361 3.449599
v -569.253723 16.678907 3.449599
v -569.253723 16.678907 3.449599
v -562.047791 16.710169 3.526499
v -569.254822 16.740137 3.555621
v -569.254822 16.740137 3.555621
v -562.048889 16.771391 3.632548
v -569.253723 16.801361 3.449599
v -547.618225 16.736641 3.680438
v -554.825745 16.673977 3.603560
v -547.619385 16.797867 3.786486
v -554.826843 16.735203 3.709624
v -554.825745 16.796444 3.603560
v -576.464111 16.779818 3.372698
v -576.464111 16.902285 3.372698
v -576.465210 16.841042 3.478766
v -576.464111 16.779818 3.372698
v -569.253723 16.678907 3.449599
v -576.464111 16.902285 3.372698
v -576.465210 16.841042 3.478766
v -569.254822 16.740137 3.555621
v -554.706421 16.673973 -7.562112
v -561.928650 16.710165 -7.639195
v -554.706421 16.796440 -7.562112
v -561.928650 16.832630 -7.639195
v -554.707581 16.735199 -7.456071
v -561.929810 16.771387 -7.533128
v -554.706421 16.673973 -7.562112
v -561.928650 16.710165 -7.639195
v -554.706421 16.796440 -7.562112
v -561.928650 16.832630 -7.639195
v -554.707581 16.735199 -7.456071
v -561.929810 16.771387 -7.533128
v -569.134583 16.801357 -7.716119
v -569.134583 16.678904 -7.716119
v -569.134583 16.678904 -7.716119
v -561.928650 16.710165 -7.639195
v -569.135742 16.740133 -7.610070
v -569.135742 16.740133 -7.610070
v -561.929810 16.771387 -7.533128
v -569.134583 16.801357 -7.716119
v -547.498901 16.736637 -7.485258
v -554.706421 16.673973 -7.562112
v -547.500061 16.797863 -7.379187
v -554.707581 16.735199 -7.456071
v -554.706421 16.796440 -7.562112
v -576.345032 16.779814 -7.792977
v -576.345032 16.902281 -7.792977
v -576.346130 16.841038 -7.686934
v -576.345032 16.779814 -7.792977
v -569.134583 16.678904 -7.716119
v -576.345032 16.902281 -7.792977
v -576.346130 16.841038 -7.686934
v -569.135742 16.740133 -7.610070
v -554.722961 16.673973 -6.013608
v -561.945251 16.710165 -6.090623
v -554.722961 16.796440 -6.013608
v -561.945251 16.832630 -6.090623
v -554.724060 16.735199 -5.907582
v -561.946289 16.771387 -5.984624
v -554.722961 16.673973 -6.013608
v -561.945251 16.710165 -6.090623
v -554.722961 16.796440 -6.013608
v -561.945251 16.832630 -6.090623
v -554.724060 16.735199 -5.907582
v -561.946289 16.771387 -5.984624
v -569.151184 16.801357 -6.167501
v -569.151184 16.678904 -6.167501
v -569.151184 16.678904 -6.167501
v -561.945251 16.710165 -6.090623
v -569.152283 16.740133 -6.061433
v -569.152283 16.740133 -6.061433
v -561.946289 16.771387 -5.984624
v -569.151184 16.801357 -6.167501
v -547.515442 16.736637 -5.936639
v -554.722961 16.673973 -6.013608
v -547.516846 16.797863 -5.830572
v -554.724060 16.735199 -5.907582
v -554.722961 16.796440 -6.013608
v -576.361511 16.779814 -6.244429
v -576.361511 16.902281 -6.244429
v -576.362610 16.841038 -6.138406
v -576.361511 16.779814 -6.244429
v -569.151184 16.678904 -6.167501
v -576.361511 16.902281 -6.244429
v -576.362610 16.841038 -6.138406
v -569.152283 16.740133 -6.061433
v -590.823181 16.832632 -3.138364
v -590.823181 16.710167 -3.138364
v -598.045715 16.796442 -3.215402
v -598.045715 16.673975 -3.215402
v -590.823181 16.710167 -3.138364
v -590.824341 16.771389 -3.032342
v -598.045715 16.673975 -3.215402
v -598.046814 16.735201 -3.109376
v -590.824341 16.771389 -3.032342
v -590.823181 16.832632 -3.138364
v -598.046814 16.735201 -3.109376
v -598.045715 16.796442 -3.215402
v -583.617554 16.678905 -3.061528
v -583.617554 16.801359 -3.061528
v -583.618652 16.740135 -2.955464
v -583.617554 16.678905 -3.061528
v -590.823181 16.832632 -3.138364
v -583.617554 16.801359 -3.061528
v -583.618652 16.740135 -2.955464
v -605.253235 16.736639 -3.292394
v -605.253235 16.859091 -3.292394
v -605.254150 16.797865 -3.186326
v -605.253235 16.736639 -3.292394
v -598.045715 16.673975 -3.215402
v -605.253235 16.859091 -3.292394
v -605.254150 16.797865 -3.186326
v -598.046814 16.735201 -3.109376
v -576.407104 16.902283 -2.984582
v -576.407104 16.779816 -2.984582
v -576.407104 16.779816 -2.984582
v -576.408264 16.841040 -2.878537
v -583.617554 16.678905 -3.061528
v -576.408264 16.841040 -2.878537
v -576.407104 16.902283 -2.984582
v -583.618652 16.740135 -2.955464
v -583.617554 16.801359 -3.061528
v -590.839966 16.832632 -1.589837
v -590.839966 16.710167 -1.589837
v -598.062012 16.796442 -1.666898
v -598.062012 16.673975 -1.666898
v -590.839966 16.710167 -1.589837
v -590.841125 16.771389 -1.483769
v -598.062012 16.673975 -1.666898
v -598.063110 16.735201 -1.560849
v -590.841125 16.771389 -1.483769
v -590.839966 16.832632 -1.589837
v -598.063110 16.735201 -1.560849
v -598.062012 16.796442 -1.666898
v -583.634033 16.678905 -1.512910
v -583.634033 16.801359 -1.512910
v -583.635193 16.740135 -1.406888
v -583.634033 16.678905 -1.512910
v -590.839966 16.832632 -1.589837
v -583.634033 16.801359 -1.512910
v -583.635193 16.740135 -1.406888
v -605.269531 16.736639 -1.743775
v -605.269531 16.859091 -1.743775
v -605.270630 16.797865 -1.637712
v -605.269531 16.736639 -1.743775
v -598.062012 16.673975 -1.666898
v -605.269531 16.859091 -1.743775
v -605.270630 16.797865 -1.637712
v -598.063110 16.735201 -1.560849
v -576.423645 16.902283 -1.435964
v -576.423645 16.779816 -1.435964
v -576.423645 16.779816 -1.435964
v -576.424744 16.841040 -1.329923
v -583.634033 16.678905 -1.512910
v -576.424744 16.841040 -1.329923
v -576.423645 16.902283 -1.435964
v -583.635193 16.740135 -1.406888
v -583.634033 16.801359 -1.512910
v -590.874634 16.832634 1.670184
v -590.874634 16.710169 1.670184
v -598.096863 16.796444 1.593146
v -598.096863 16.673977 1.593146
v -590.874634 16.710169 1.670184
v -590.875793 16.771391 1.776183
v -598.096863 16.673977 1.593146
v -598.098022 16.735203 1.699168
v -590.875793 16.771391 1.776183
v -590.874634 16.832634 1.670184
v -598.098022 16.735203 1.699168
v -598.096863 16.796444 1.593146
v -583.668945 16.678907 1.747065
v -583.668945 16.801361 1.747065
v -583.669861 16.740137 1.853133
v -583.668945 16.678907 1.747065
v -590.874634 16.832634 1.670184
v -583.668945 16.801361 1.747065
v -583.669861 16.740137 1.853133
v -605.304382 16.736641 1.516250
v -605.304382 16.859093 1.516250
v -605.305481 16.797867 1.622291
v -605.304382 16.736641 1.516250
v -598.096863 16.673977 1.593146
v -605.304382 16.859093 1.516250
v -605.305481 16.797867 1.622291
v -598.098022 16.735203 1.699168
v -576.458313 16.902285 1.823970
v -576.458313 16.779818 1.823970
v -576.458313 16.779818 1.823970
v -576.459412 16.841042 1.930034
v -583.668945 16.678907 1.747065
v -576.459412 16.841042 1.930034
v -576.458313 16.902285 1.823970
v -583.669861 16.740137 1.853133
v -583.668945 16.801361 1.747065
v -590.891235 16.832634 3.218756
v -590.891235 16.710169 3.218756
v -598.113464 16.796444 3.141696
v -598.113464 16.673977 3.141696
v -590.891235 16.710169 3.218756
v -590.892273 16.771391 3.324828
v -598.113464 16.673977 3.141696
v -598.114563 16.735203 3.247786
v -590.892273 16.771391 3.324828
v -590.891235 16.832634 3.218756
v -598.114563 16.735203 3.247786
v -598.113464 16.796444 3.141696
v -583.685242 16.678907 3.295638
v -583.685242 16.801361 3.295638
v -583.686340 16.740137 3.401663
v -583.685242 16.678907 3.295638
v -590.891235 16.832634 3.218756
v -583.685242 16.801361 3.295638
v -583.686340 16.740137 3.401663
v -605.320923 16.736641 3.064749
v -605.320923 16.859093 3.064749
v -605.322083 16.797867 3.170821
v -605.320923 16.736641 3.064749
v -598.113464 16.673977 3.141696
v -605.320923 16.859093 3.064749
v -605.322083 16.797867 3.170821
v -598.114563 16.735203 3.247786
v -576.475098 16.902285 3.372561
v -576.475098 16.779818 3.372561
v -576.475098 16.779818 3.372561
v -576.476013 16.841042 3.478610
v -583.685242 16.678907 3.295638
v -576.476013 16.841042 3.478610
v -576.475098 16.902285 3.372561
v -583.686340 16.740137 3.401663
v -583.685242 16.801361 3.295638
v -590.772034 16.832630 -7.946984
v -590.772034 16.710165 -7.946984
v -597.994324 16.796440 -8.024018
v -597.994324 16.673973 -8.024018
v -590.772034 16.710165 -7.946984
v -590.773132 16.771387 -7.840937
v -597.994324 16.673973 -8.024018
v -597.995483 16.735199 -7.917996
v -590.773132 16.771387 -7.840937
v -590.772034 16.832630 -7.946984
v -597.995483 16.735199 -7.917996
v -597.994324 16.796440 -8.024018
v -583.566101 16.678904 -7.870058
v -583.566101 16.801357 -7.870058
v -583.567261 16.740133 -7.763989
v -583.566101 16.678904 -7.870058
v -590.772034 16.832630 -7.946984
v -583.566101 16.801357 -7.870058
v -583.567261 16.740133 -7.763989
v -605.201782 16.736637 -8.100923
v -605.201782 16.859089 -8.100923
v -605.202881 16.797863 -7.994874
v -605.201782 16.736637 -8.100923
v -597.994324 16.673973 -8.024018
v -605.201782 16.859089 -8.100923
v -605.202881 16.797863 -7.994874
v -597.995483 16.735199 -7.917996
v -576.355713 16.902281 -7.793111
v -576.355713 16.779814 -7.793111
v -576.355713 16.779814 -7.793111
v -576.356812 16.841038 -7.687067
v -583.566101 16.678904 -7.870058
v -576.356812 16.841038 -7.687067
v -576.355713 16.902281 -7.793111
v -583.567261 16.740133 -7.763989
v -583.566101 16.801357 -7.870058
v -590.788635 16.832630 -6.398366
v -590.788635 16.710165 -6.398366
v -598.010864 16.796440 -6.475423
v -598.010864 16.673973 -6.475423
v -590.788635 16.710165 -6.398366
v -590.789734 16.771387 -6.292321
v -598.010864 16.673973 -6.475423
v -598.011963 16.735199 -6.369379
v -590.789734 16.771387 -6.292321
v -590.788635 16.832630 -6.398366
v -598.011963 16.735199 -6.369379
v -598.010864 16.796440 -6.475423
v -583.582703 16.678904 -6.321463
v -583.582703 16.801357 -6.321463
v -583.583801 16.740133 -6.215440
v -583.582703 16.678904 -6.321463
v -590.788635 16.832630 -6.398366
v -583.582703 16.801357 -6.321463
v -583.583801 16.740133 -6.215440
v -605.218323 16.736637 -6.552304
v -605.218323 16.859089 -6.552304
v -605.219482 16.797863 -6.446238
v -605.218323 16.736637 -6.552304
v -598.010864 16.673973 -6.475423
v -605.218323 16.859089 -6.552304
v -605.219482 16.797863 -6.446238
v -598.011963 16.735199 -6.369379
v -576.372253 16.902281 -6.244561
v -576.372253 16.779814 -6.244561
v -576.372253 16.779814 -6.244561
v -576.373413 16.841038 -6.138516
v -583.582703 16.678904 -6.321463
v -576.373413 16.841038 -6.138516
v -576.372253 16.902281 -6.244561
v -583.583801 16.740133 -6.215440
v -583.582703 16.801357 -6.321463
v -612.460449 16.673975 -3.369252
v -619.682739 16.710167 -3.446332
v -612.460449 16.796442 -3.369252
v -619.682739 16.832632 -3.446332
v -612.461609 16.735201 -3.263204
v -619.683899 16.771389 -3.340264
v -612.460449 16.673975 -3.369252
v -619.682739 16.710167 -3.446332
v -612.460449 16.796442 -3.369252
v -619.682739 16.832632 -3.446332
v -612.461609 16.735201 -3.263204
v -619.683899 16.771389 -3.340264
v -626.888672 16.801359 -3.523122
v -626.888672 16.678905 -3.523122
v -626.888672 16.678905 -3.523122
v -619.682739 16.710167 -3.446332
v -626.889771 16.740135 -3.417100
v -626.889771 16.740135 -3.417100
v -619.683899 16.771389 -3.340264
v -626.888672 16.801359 -3.523122
v -605.253235 16.736639 -3.292394
v -612.460449 16.673975 -3.369252
v -605.254150 16.797865 -3.186326
v -612.461609 16.735201 -3.263204
v -612.460449 16.796442 -3.369252
v -634.099060 16.779816 -3.600110
v -634.099060 16.902283 -3.600110
v -634.100220 16.841040 -3.494069
v -634.099060 16.779816 -3.600110
v -626.888672 16.678905 -3.523122
v -634.099060 16.902283 -3.600110
v -634.100220 16.841040 -3.494069
v -626.889771 16.740135 -3.417100
v -612.477051 16.673975 -1.820634
v -619.699280 16.710167 -1.897714
v -612.477051 16.796442 -1.820634
v -619.699280 16.832632 -1.897714
v -612.478149 16.735201 -1.714608
v -619.700378 16.771389 -1.791650
v -612.477051 16.673975 -1.820634
v -619.699280 16.710167 -1.897714
v -612.477051 16.796442 -1.820634
v -619.699280 16.832632 -1.897714
v -612.478149 16.735201 -1.714608
v -619.700378 16.771389 -1.791650
v -626.905212 16.801359 -1.974637
v -626.905212 16.678905 -1.974637
v -626.905212 16.678905 -1.974637
v -619.699280 16.710167 -1.897714
v -626.906311 16.740135 -1.868573
v -626.906311 16.740135 -1.868573
v -619.700378 16.771389 -1.791650
v -626.905212 16.801359 -1.974637
v -605.269531 16.736639 -1.743775
v -612.477051 16.673975 -1.820634
v -605.270630 16.797865 -1.637712
v -612.478149 16.735201 -1.714608
v -612.477051 16.796442 -1.820634
v -634.115601 16.779816 -2.051499
v -634.115601 16.902283 -2.051499
v -634.116699 16.841040 -1.945451
v -634.115601 16.779816 -2.051499
v -626.905212 16.678905 -1.974637
v -634.115601 16.902283 -2.051499
v -634.116699 16.841040 -1.945451
v -626.906311 16.740135 -1.868573
v -612.511902 16.673977 1.439345
v -619.734131 16.710169 1.362311
v -612.511902 16.796444 1.439345
v -619.734131 16.832634 1.362311
v -612.513000 16.735203 1.545390
v -619.735229 16.771391 1.468333
v -612.511902 16.673977 1.439345
v -619.734131 16.710169 1.362311
v -612.511902 16.796444 1.439345
v -619.734131 16.832634 1.362311
v -612.513000 16.735203 1.545390
v -619.735229 16.771391 1.468333
v -626.939819 16.801361 1.285407
v -626.939819 16.678907 1.285407
v -626.939819 16.678907 1.285407
v -619.734131 16.710169 1.362311
v -626.940979 16.740137 1.391429
v -626.940979 16.740137 1.391429
v -619.735229 16.771391 1.468333
v -626.939819 16.801361 1.285407
v -605.304382 16.736641 1.516250
v -612.511902 16.673977 1.439345
v -605.305481 16.797867 1.622291
v -612.513000 16.735203 1.545390
v -612.511902 16.796444 1.439345
v -634.150269 16.779818 1.208434
v -634.150269 16.902285 1.208434
v -634.151611 16.841042 1.314460
v -634.150269 16.779818 1.208434
v -626.939819 16.678907 1.285407
v -634.150269 16.902285 1.208434
v -634.151611 16.841042 1.314460
v -626.940979 16.740137 1.391429
v -612.528381 16.673977 2.987895
v -619.750671 16.710169 2.910834
v -612.528381 16.796444 2.987895
v -619.750671 16.832634 2.910834
v -612.529541 16.735203 3.093939
v -619.751831 16.771391 3.016883
v -612.528381 16.673977 2.987895
v -619.750671 16.710169 2.910834
v -612.528381 16.796444 2.987895
v -619.750671 16.832634 2.910834
v -612.529541 16.735203 3.093939
v -619.751831 16.771391 3.016883
v -626.956360 16.801361 2.833956
v -626.956360 16.678907 2.833956
v -626.956360 16.678907 2.833956
v -619.750671 16.710169 2.910834
v -626.957764 16.740137 2.940047
v -626.957764 16.740137 2.940047
v -619.751831 16.771391 3.016883
v -626.956360 16.801361 2.833956
v -605.320923 16.736641 3.064749
v -612.528381 16.673977 2.987895
v -605.322083 16.797867 3.170821
v -612.529541 16.735203 3.093939
v -612.528381 16.796444 2.987895
v -634.166748 16.779818 2.757029
v -634.166748 16.902285 2.757029
v -634.167908 16.841042 2.863074
v -634.166748 16.779818 2.757029
v -626.956360 16.678907 2.833956
v -634.166748 16.902285 2.757029
v -634.167908 16.841042 2.863074
v -626.957764 16.740137 2.940047
v -612.409302 16.673973 -8.177777
v -619.631348 16.710165 -8.254861
v -612.409302 16.796440 -8.177777
v -619.631348 16.832630 -8.254861
v -612.410400 16.735199 -8.071736
v -619.632446 16.771387 -8.148793
v -612.409302 16.673973 -8.177777
v -619.631348 16.710165 -8.254861
v -612.409302 16.796440 -8.177777
v -619.631348 16.832630 -8.254861
v -612.410400 16.735199 -8.071736
v -619.632446 16.771387 -8.148793
v -626.837219 16.801357 -8.331765
v -626.837219 16.678904 -8.331765
v -626.837219 16.678904 -8.331765
v -619.631348 16.710165 -8.254861
v -626.838379 16.740133 -8.225739
v -626.838379 16.740133 -8.225739
v -619.632446 16.771387 -8.148793
v -626.837219 16.801357 -8.331765
v -605.201782 16.736637 -8.100923
v -612.409302 16.673973 -8.177777
v -605.202881 16.797863 -7.994874
v -612.410400 16.735199 -8.071736
v -612.409302 16.796440 -8.177777
v -634.047668 16.779814 -8.408662
v -634.047668 16.902281 -8.408662
v -634.048767 16.841038 -8.302598
v -634.047668 16.779814 -8.408662
v -626.837219 16.678904 -8.331765
v -634.047668 16.902281 -8.408662
v -634.048767 16.841038 -8.302598
v -626.838379 16.740133 -8.225739
v -612.425842 16.673973 -6.629210
v -619.648071 16.710165 -6.706244
v -612.425842 16.796440 -6.629210
v -619.648071 16.832630 -6.706244
v -612.427002 16.735199 -6.523188
v -619.649231 16.771387 -6.600245
v -612.425842 16.673973 -6.629210
v -619.648071 16.710165 -6.706244
v -612.425842 16.796440 -6.629210
v -619.648071 16.832630 -6.706244
v -612.427002 16.735199 -6.523188
v -619.649231 16.771387 -6.600245
v -626.853821 16.801357 -6.783166
v -626.853821 16.678904 -6.783166
v -626.853821 16.678904 -6.783166
v -619.648071 16.710165 -6.706244
v -626.854919 16.740133 -6.677122
v -626.854919 16.740133 -6.677122
v -619.649231 16.771387 -6.600245
v -626.853821 16.801357 -6.783166
v -605.218323 16.736637 -6.552304
v -612.425842 16.673973 -6.629210
v -605.219482 16.797863 -6.446238
v -612.427002 16.735199 -6.523188
v -612.425842 16.796440 -6.629210
v -634.064453 16.779814 -6.860094
v -634.064453 16.902281 -6.860094
v -634.065308 16.841038 -6.754045
v -634.064453 16.779814 -6.860094
v -626.853821 16.678904 -6.783166
v -634.064453 16.902281 -6.860094
v -634.065308 16.841038 -6.754045
v -626.854919 16.740133 -6.677122
v -656.271118 16.673975 -3.857038
v -649.048828 16.710167 -3.779977
v -656.271118 16.796442 -3.857038
v -649.048828 16.832632 -3.779977
v -656.272217 16.735201 -3.750947
v -649.049988 16.771389 -3.673909
v -656.271118 16.673975 -3.857038
v -649.048828 16.710167 -3.779977
v -656.271118 16.796442 -3.857038
v -649.048828 16.832632 -3.779977
v -656.272217 16.735201 -3.750947
v -649.049988 16.771389 -3.673909
v -641.843140 16.801359 -3.703054
v -641.843140 16.678905 -3.703054
v -641.843140 16.678905 -3.703054
v -649.048828 16.710167 -3.779977
v -641.844238 16.740135 -3.596982
v -641.844238 16.740135 -3.596982
v -649.049988 16.771389 -3.673909
v -641.843140 16.801359 -3.703054
v -663.478882 16.859091 -3.933915
v -663.478882 16.736639 -3.933915
v -663.478882 16.736639 -3.933915
v -663.479736 16.797865 -3.827848
v -656.271118 16.673975 -3.857038
v -663.479736 16.797865 -3.827848
v -663.478882 16.859091 -3.933915
v -656.272217 16.735201 -3.750947
v -656.271118 16.796442 -3.857038
v -670.676270 17.934011 -4.010709
v -677.573975 20.107811 -4.084302
v -670.676270 17.811556 -4.010709
v -677.573975 19.985346 -4.084302
v -670.676270 17.811556 -4.010709
v -677.573975 19.985346 -4.084302
v -670.677612 17.872784 -3.904660
v -677.575073 20.046570 -3.978238
v -670.677612 17.872784 -3.904660
v -677.575073 20.046570 -3.978238
v -670.676270 17.934011 -4.010709
v -677.573975 20.107811 -4.084302
v -670.676270 17.811556 -4.010709
v -663.478882 16.859091 -3.933915
v -670.676270 17.934011 -4.010709
v -670.677612 17.872784 -3.904660
v -634.632690 16.779816 -3.626149
v -634.632690 16.902283 -3.626149
v -634.633667 16.841040 -3.520127
v -634.632690 16.779816 -3.626149
v -641.843140 16.678905 -3.703054
v -634.632690 16.902283 -3.626149
v -634.633667 16.841040 -3.520127
v -641.844238 16.740135 -3.596982
v -656.287842 16.673975 -2.308419
v -649.065430 16.710167 -2.231359
v -656.287842 16.796442 -2.308419
v -649.065430 16.832632 -2.231359
v -656.288757 16.735201 -2.202375
v -649.066467 16.771389 -2.125295
v -656.287842 16.673975 -2.308419
v -649.065430 16.710167 -2.231359
v -656.287842 16.796442 -2.308419
v -649.065430 16.832632 -2.231359
v -656.288757 16.735201 -2.202375
v -649.066467 16.771389 -2.125295
v -641.859680 16.801359 -2.154481
v -641.859680 16.678905 -2.154481
v -641.859680 16.678905 -2.154481
v -649.065430 16.710167 -2.231359
v -641.860840 16.740135 -2.048459
v -641.860840 16.740135 -2.048459
v -649.066467 16.771389 -2.125295
v -641.859680 16.801359 -2.154481
v -663.495178 16.859091 -2.385297
v -663.495178 16.736639 -2.385297
v -663.495178 16.736639 -2.385297
v -663.496460 16.797865 -2.279233
v -656.287842 16.673975 -2.308419
v -663.496460 16.797865 -2.279233
v -663.495178 16.859091 -2.385297
v -656.288757 16.735201 -2.202375
v -656.287842 16.796442 -2.308419
v -670.693054 17.934011 -2.462091
v -677.590576 20.107811 -2.535753
v -670.693054 17.811556 -2.462091
v -677.590576 19.985346 -2.535753
v -670.693054 17.811556 -2.462091
v -677.590576 19.985346 -2.535753
v -670.694153 17.872784 -2.356023
v -677.591675 20.046570 -2.429689
v -670.694153 17.872784 -2.356023
v -677.591675 20.046570 -2.429689
v -670.693054 17.934011 -2.462091
v -677.590576 20.107811 -2.535753
v -670.693054 17.811556 -2.462091
v -663.495178 16.859091 -2.385297
v -670.693054 17.934011 -2.462091
v -670.694153 17.872784 -2.356023
v -634.649109 16.779816 -2.077558
v -634.649109 16.902283 -2.077558
v -634.650391 16.841040 -1.971509
v -634.649109 16.779816 -2.077558
v -641.859680 16.678905 -2.154481
v -634.649109 16.902283 -2.077558
v -634.650391 16.841040 -1.971509
v -641.860840 16.740135 -2.048459
v -656.322510 16.673975 0.951625
v -649.100281 16.710169 1.028663
v -656.322510 16.796442 0.951625
v -649.100281 16.832634 1.028663
v -656.323669 16.735203 1.057651
v -649.101318 16.771391 1.134685
v -656.322510 16.673975 0.951625
v -649.100281 16.710169 1.028663
v -656.322510 16.796442 0.951625
v -649.100281 16.832634 1.028663
v -656.323669 16.735203 1.057651
v -649.101318 16.771391 1.134685
v -641.894287 16.801361 1.105498
v -641.894287 16.678907 1.105498
v -641.894287 16.678907 1.105498
v -649.100281 16.710169 1.028663
v -641.895447 16.740137 1.211543
v -641.895447 16.740137 1.211543
v -649.101318 16.771391 1.134685
v -641.894287 16.801361 1.105498
v -663.530029 16.859091 0.874610
v -663.530029 16.736639 0.874610
v -663.530029 16.736639 0.874610
v -663.531372 16.797865 0.980678
v -656.322510 16.673975 0.951625
v -663.531372 16.797865 0.980678
v -663.530029 16.859091 0.874610
v -656.323669 16.735203 1.057651
v -656.322510 16.796442 0.951625
v -670.727722 17.934011 0.797824
v -677.625427 20.107811 0.724292
v -670.727722 17.811556 0.797824
v -677.625427 19.985346 0.724292
v -670.727722 17.811556 0.797824
v -677.625427 19.985346 0.724292
v -670.728760 17.872784 0.903892
v -677.626526 20.046570 0.830359
v -670.728760 17.872784 0.903892
v -677.626526 20.046570 0.830359
v -670.727722 17.934011 0.797824
v -677.625427 20.107811 0.724292
v -670.727722 17.811556 0.797824
v -663.530029 16.859091 0.874610
v -670.727722 17.934011 0.797824
v -670.728760 17.872784 0.903892
v -634.683960 16.779818 1.182445
v -634.683960 16.902285 1.182445
v -634.685059 16.841042 1.288466
v -634.683960 16.779818 1.182445
v -641.894287 16.678907 1.105498
v -634.683960 16.902285 1.182445
v -634.685059 16.841042 1.288466
v -641.895447 16.740137 1.211543
v -656.339050 16.673977 2.500109
v -649.116821 16.710169 2.577166
v -656.339050 16.796444 2.500109
v -649.116821 16.832634 2.577166
v -656.340149 16.735203 2.606154
v -649.117920 16.771391 2.683234
v -656.339050 16.673977 2.500109
v -649.116821 16.710169 2.577166
v -656.339050 16.796444 2.500109
v -649.116821 16.832634 2.577166
v -656.340149 16.735203 2.606154
v -649.117920 16.771391 2.683234
v -641.910889 16.801361 2.654116
v -641.910889 16.678907 2.654116
v -641.910889 16.678907 2.654116
v -649.116821 16.710169 2.577166
v -641.911987 16.740137 2.760138
v -641.911987 16.740137 2.760138
v -649.117920 16.771391 2.683234
v -641.910889 16.801361 2.654116
v -663.546509 16.859093 2.423255
v -663.546509 16.736641 2.423255
v -663.546509 16.736641 2.423255
v -663.547668 16.797867 2.529296
v -656.339050 16.673977 2.500109
v -663.547668 16.797867 2.529296
v -663.546509 16.859093 2.423255
v -656.340149 16.735203 2.606154
v -656.339050 16.796444 2.500109
v -670.744202 17.934013 2.346437
v -677.641724 20.107813 2.272840
v -670.744202 17.811558 2.346437
v -677.641724 19.985348 2.272840
v -670.744202 17.811558 2.346437
v -677.641724 19.985348 2.272840
v -670.745300 17.872786 2.452502
v -677.643066 20.046572 2.378909
v -670.745300 17.872786 2.452502
v -677.643066 20.046572 2.378909
v -670.744202 17.934013 2.346437
v -677.641724 20.107813 2.272840
v -670.744202 17.811558 2.346437
v -663.546509 16.859093 2.423255
v -670.744202 17.934013 2.346437
v -670.745300 17.872786 2.452502
v -634.700439 16.779818 2.730975
v -634.700439 16.902285 2.730975
v -634.701599 16.841042 2.837039
v -634.700439 16.779818 2.730975
v -641.910889 16.678907 2.654116
v -634.700439 16.902285 2.730975
v -634.701599 16.841042 2.837039
v -641.911987 16.740137 2.760138
v -656.219910 16.673973 -8.665586
v -648.997681 16.710165 -8.588506
v -656.219910 16.796440 -8.665586
v -648.997681 16.832630 -8.588506
v -656.221069 16.735199 -8.559522
v -648.998779 16.771387 -8.482457
v -656.219910 16.673973 -8.665586
v -648.997681 16.710165 -8.588506
v -656.219910 16.796440 -8.665586
v -648.997681 16.832630 -8.588506
v -656.221069 16.735199 -8.559522
v -648.998779 16.771387 -8.482457
v -641.791748 16.801357 -8.511582
v -641.791748 16.678904 -8.511582
v -641.791748 16.678904 -8.511582
v -648.997681 16.710165 -8.588506
v -641.792908 16.740133 -8.405560
v -641.792908 16.740133 -8.405560
v -648.998779 16.771387 -8.482457
v -641.791748 16.801357 -8.511582
v -663.427429 16.859089 -8.742444
v -663.427429 16.736637 -8.742444
v -663.427429 16.736637 -8.742444
v -663.428528 16.797863 -8.636376
v -656.219910 16.673973 -8.665586
v -663.428528 16.797863 -8.636376
v -663.427429 16.859089 -8.742444
v -656.221069 16.735199 -8.559522
v -656.219910 16.796440 -8.665586
v -670.625122 17.934010 -8.819234
v -677.522583 20.107809 -8.892836
v -670.625122 17.811554 -8.819234
v -677.522583 19.985344 -8.892836
v -670.625122 17.811554 -8.819234
v -677.522583 19.985344 -8.892836
v -670.626221 17.872782 -8.713189
v -677.523926 20.046568 -8.786856
v -670.626221 17.872782 -8.713189
v -677.523926 20.046568 -8.786856
v -670.625122 17.934010 -8.819234
v -677.522583 20.107809 -8.892836
v -670.625122 17.811554 -8.819234
v -663.427429 16.859089 -8.742444
v -670.625122 17.934010 -8.819234
v -670.626221 17.872782 -8.713189
v -634.581360 16.779814 -8.434701
v -634.581360 16.902281 -8.434701
v -634.582458 16.841038 -8.328656
v -634.581360 16.779814 -8.434701
v -641.791748 16.678904 -8.511582
v -634.581360 16.902281 -8.434701
v -634.582458 16.841038 -8.328656
v -641.792908 16.740133 -8.405560
v -656.236511 16.673973 -7.116944
v -649.014282 16.710165 -7.039887
v -656.236511 16.796440 -7.116944
v -649.014282 16.832630 -7.039887
v -656.237610 16.735199 -7.010903
v -649.015320 16.771387 -6.933867
v -656.236511 16.673973 -7.116944
v -649.014282 16.710165 -7.039887
v -656.236511 16.796440 -7.116944
v -649.014282 16.832630 -7.039887
v -656.237610 16.735199 -7.010903
v -649.015320 16.771387 -6.933867
v -641.808289 16.801357 -6.963033
v -641.808289 16.678904 -6.963033
v -641.808289 16.678904 -6.963033
v -649.014282 16.710165 -7.039887
v -641.809387 16.740133 -6.857008
v -641.809387 16.740133 -6.857008
v -649.015320 16.771387 -6.933867
v -641.808289 16.801357 -6.963033
v -663.443909 16.859089 -7.193894
v -663.443909 16.736637 -7.193894
v -663.443909 16.736637 -7.193894
v -663.445068 16.797863 -7.087827
v -656.236511 16.673973 -7.116944
v -663.445068 16.797863 -7.087827
v -663.443909 16.859089 -7.193894
v -656.237610 16.735199 -7.010903
v -656.236511 16.796440 -7.116944
v -670.641602 17.934010 -7.270617
v -677.539368 20.107809 -7.344285
v -670.641602 17.811554 -7.270617
v -677.539368 19.985344 -7.344285
v -670.641602 17.811554 -7.270617
v -677.539368 19.985344 -7.344285
v -670.642700 17.872782 -7.164618
v -677.540527 20.046568 -7.238214
v -670.642700 17.872782 -7.164618
v -677.540527 20.046568 -7.238214
v -670.641602 17.934010 -7.270617
v -677.539368 20.107809 -7.344285
v -670.641602 17.811554 -7.270617
v -663.443909 16.859089 -7.193894
v -670.641602 17.934010 -7.270617
v -670.642700 17.872782 -7.164618
v -634.597839 16.779814 -6.886084
v -634.597839 16.902281 -6.886084
v -634.598999 16.841038 -6.780038
v -634.597839 16.779814 -6.886084
v -641.808289 16.678904 -6.963033
v -634.597839 16.902281 -6.886084
v -634.598999 16.841038 -6.780038
v -641.809387 16.740133 -6.857008
v -422.761658 -0.000116 -2.176620
v -422.762756 0.147578 -2.077999
v -422.796021 -0.000115 1.034523
v -422.794922 0.147579 0.935833
v -422.762756 0.147578 -2.077999
v -423.483948 0.147578 -2.085732
v -422.794922 0.147579 0.935833
v -423.516113 0.147579 0.928162
v -423.483032 -0.000116 -2.184357
v -423.483948 0.147578 -2.085732
v -422.761658 -0.000116 -2.176620
v -422.762756 0.147578 -2.077999
v -422.796021 -0.000115 1.034523
v -422.794922 0.147579 0.935833
v -423.517273 -0.000115 1.026791
v -423.516113 0.147579 0.928162
v -419.155396 -0.000116 -2.138184
v -419.156311 0.147578 -2.039536
v -419.189636 -0.000115 1.072914
v -419.188477 0.147579 0.974293
v -419.156311 0.147578 -2.039536
v -419.877563 0.147578 -2.047245
v -419.188477 0.147579 0.974293
v -419.909729 0.147579 0.966625
v -419.876648 -0.000116 -2.145897
v -419.877563 0.147578 -2.047245
v -419.155396 -0.000116 -2.138184
v -419.156311 0.147578 -2.039536
v -419.189636 -0.000115 1.072914
v -419.188477 0.147579 0.974293
v -419.910828 -0.000115 1.065250
v -419.909729 0.147579 0.966625
v -417.722839 0.165229 -1.451584
v -424.935791 0.165229 -1.528507
v -417.722839 0.350790 -1.451584
v -424.935791 0.350790 -1.528507
v -417.724609 0.340384 -1.291546
v -424.937256 0.340384 -1.368511
v -417.726196 0.350790 -1.131481
v -424.939087 0.350790 -1.208405
v -417.739441 0.165230 0.097012
v -424.952271 0.165230 0.020042
v -417.739441 0.350790 0.097012
v -424.952271 0.350790 0.020042
v -417.741211 0.340385 0.257053
v -424.954041 0.340385 0.180080
v -417.742798 0.350790 0.417091
v -424.955627 0.350790 0.340122
v -417.726196 0.350790 -1.131481
v -424.939087 0.350790 -1.208405
v -417.726196 0.165229 -1.131481
v -424.939087 0.165229 -1.208405
v -417.722839 0.350790 -1.451584
v -424.935791 0.350790 -1.528507
v -417.742798 0.350790 0.417091
v -424.955627 0.350790 0.340122
v -417.742798 0.165230 0.417091
v -424.955627 0.165230 0.340122
v -417.739441 0.350790 0.097012
v -424.952271 0.350790 0.020042
v -429.974487 -0.000116 -2.253662
v -429.975647 0.147578 -2.154968
v -430.008911 -0.000115 0.957535
v -430.007751 0.147579 0.858860
v -429.975647 0.147578 -2.154968
v -430.696838 0.147578 -2.162678
v -430.007751 0.147579 0.858860
v -430.729004 0.147579 0.851151
v -430.695923 -0.000116 -2.261257
v -430.696838 0.147578 -2.162678
v -429.974487 -0.000116 -2.253662
v -429.975647 0.147578 -2.154968
v -430.008911 -0.000115 0.957535
v -430.007751 0.147579 0.858860
v -430.730103 -0.000115 0.949776
v -430.729004 0.147579 0.851151
v -426.368103 -0.000116 -2.215111
v -426.369202 0.147578 -2.116463
v -426.402283 -0.000115 0.995949
v -426.401367 0.147579 0.897343
v -426.369202 0.147578 -2.116463
v -427.090393 0.147578 -2.124168
v -426.401367 0.147579 0.897343
v -427.122559 0.147579 0.889660
v -427.089294 -0.000116 -2.222820
v -427.090393 0.147578 -2.124168
v -426.368103 -0.000116 -2.215111
v -426.369202 0.147578 -2.116463
v -426.402283 -0.000115 0.995949
v -426.401367 0.147579 0.897343
v -427.123657 -0.000115 0.988327
v -427.122559 0.147579 0.889660
v -432.148621 0.165229 -1.605522
v -432.148621 0.350790 -1.605522
v -432.150146 0.340384 -1.445484
v -432.151917 0.350790 -1.285378
v -432.165100 0.165230 -0.056904
v -432.165100 0.350790 -0.056904
v -432.166687 0.340385 0.103134
v -432.168518 0.350790 0.263172
v -432.151917 0.350790 -1.285378
v -432.151917 0.165229 -1.285378
v -432.148621 0.350790 -1.605522
v -432.168518 0.350790 0.263172
v -432.168518 0.165230 0.263172
v -432.165100 0.350790 -0.056904
v -437.187378 -0.000116 -2.330585
v -437.188477 0.147578 -2.231937
v -437.221741 -0.000115 0.880585
v -437.220642 0.147579 0.781895
v -437.188477 0.147578 -2.231937
v -437.909668 0.147578 -2.239601
v -437.220642 0.147579 0.781895
v -437.941833 0.147579 0.774223
v -437.908569 -0.000116 -2.338249
v -437.909668 0.147578 -2.239601
v -437.187378 -0.000116 -2.330585
v -437.188477 0.147578 -2.231937
v -437.221741 -0.000115 0.880585
v -437.220642 0.147579 0.781895
v -437.942993 -0.000115 0.872849
v -437.941833 0.147579 0.774223
v -433.580933 -0.000116 -2.292076
v -433.582031 0.147578 -2.193497
v -433.615356 -0.000115 0.919071
v -433.614197 0.147579 0.820396
v -433.582031 0.147578 -2.193497
v -434.303284 0.147578 -2.201141
v -433.614197 0.147579 0.820396
v -434.335388 0.147579 0.812733
v -434.302307 -0.000116 -2.299767
v -434.303284 0.147578 -2.201141
v -433.580933 -0.000116 -2.292076
v -433.582031 0.147578 -2.193497
v -433.615356 -0.000115 0.919071
v -433.614197 0.147579 0.820396
v -434.336548 -0.000115 0.911312
v -434.335388 0.147579 0.812733
v -439.361450 0.165229 -1.682446
v -439.361450 0.350790 -1.682446
v -439.363281 0.340384 -1.522381
v -439.364807 0.350790 -1.362343
v -439.377991 0.165230 -0.133896
v -439.377991 0.350790 -0.133896
v -439.379578 0.340385 0.026211
v -439.381348 0.350790 0.186184
v -439.364807 0.350790 -1.362343
v -439.364807 0.165229 -1.362343
v -439.361450 0.350790 -1.682446
v -439.381348 0.350790 0.186184
v -439.381348 0.165230 0.186184
v -439.377991 0.350790 -0.133896
v -444.400208 -0.000116 -2.407509
v -444.401367 0.147578 -2.308907
v -444.434387 -0.000115 0.803616
v -444.433472 0.147579 0.705009
v -444.401367 0.147578 -2.308907
v -445.122559 0.147578 -2.316528
v -444.433472 0.147579 0.705009
v -445.154724 0.147579 0.697258
v -445.121643 -0.000116 -2.415218
v -445.122559 0.147578 -2.316528
v -444.400208 -0.000116 -2.407509
v -444.401367 0.147578 -2.308907
v -444.434387 -0.000115 0.803616
v -444.433472 0.147579 0.705009
v -445.155823 -0.000115 0.795883
v -445.154724 0.147579 0.697258
v -440.793762 -0.000116 -2.369022
v -440.794922 0.147578 -2.270355
v -440.828003 -0.000115 0.842098
v -440.826843 0.147579 0.743473
v -440.794922 0.147578 -2.270355
v -441.516113 0.147578 -2.278133
v -440.826843 0.147579 0.743473
v -441.548279 0.147579 0.735764
v -441.515015 -0.000116 -2.376755
v -441.516113 0.147578 -2.278133
v -440.793762 -0.000116 -2.369022
v -440.794922 0.147578 -2.270355
v -440.828003 -0.000115 0.842098
v -440.826843 0.147579 0.743473
v -441.549377 -0.000115 0.834408
v -441.548279 0.147579 0.735764
v -446.574341 0.165229 -1.759460
v -446.574341 0.350789 -1.759460
v -446.575867 0.340384 -1.599354
v -446.577637 0.350790 -1.439335
v -446.590820 0.165230 -0.210823
v -446.590820 0.350790 -0.210823
v -446.592407 0.340385 -0.050758
v -446.594177 0.350790 0.109238
v -446.577637 0.350790 -1.439335
v -446.577637 0.165229 -1.439335
v -446.574341 0.350789 -1.759460
v -446.594177 0.350790 0.109238
v -446.594177 0.165230 0.109238
v -446.590820 0.350790 -0.210823
v -451.613098 -0.000116 -2.484455
v -451.614197 0.147578 -2.385788
v -451.647278 -0.000115 0.726692
v -451.646362 0.147579 0.627998
v -451.614197 0.147578 -2.385788
v -452.335388 0.147578 -2.393543
v -451.646362 0.147579 0.627998
v -452.367554 0.147579 0.620354
v -452.334290 -0.000116 -2.492188
v -452.335388 0.147578 -2.393543
v -451.613098 -0.000116 -2.484455
v -451.614197 0.147578 -2.385788
v -451.647278 -0.000115 0.726692
v -451.646362 0.147579 0.627998
v -452.368652 -0.000115 0.718979
v -452.367554 0.147579 0.620354
v -448.006653 -0.000116 -2.445995
v -448.007751 0.147578 -2.347366
v -448.040833 -0.000115 0.765133
v -448.039734 0.147579 0.666458
v -448.007751 0.147578 -2.347366
v -448.728943 0.147578 -2.355034
v -448.039734 0.147579 0.666458
v -448.761108 0.147579 0.658794
v -448.728027 -0.000116 -2.453678
v -448.728943 0.147578 -2.355034
v -448.006653 -0.000116 -2.445995
v -448.007751 0.147578 -2.347366
v -448.040833 -0.000115 0.765133
v -448.039734 0.147579 0.666458
v -448.762024 -0.000115 0.757442
v -448.761108 0.147579 0.658794
v -453.787170 0.165229 -1.836338
v -453.787170 0.350789 -1.836338
v -453.788696 0.340384 -1.676346
v -453.790466 0.350790 -1.516239
v -453.803711 0.165230 -0.287788
v -453.803711 0.350790 -0.287788
v -453.805298 0.340385 -0.127728
v -453.807068 0.350790 0.032288
v -453.790466 0.350790 -1.516239
v -453.790466 0.165229 -1.516239
v -453.787170 0.350789 -1.836338
v -453.807068 0.350790 0.032288
v -453.807068 0.165230 0.032288
v -453.803711 0.350790 -0.287788
v -458.825928 -0.000116 -2.561424
v -458.827026 0.147578 -2.462753
v -458.860107 -0.000115 0.649696
v -458.859009 0.147579 0.551071
v -458.827026 0.147578 -2.462753
v -459.548279 0.147578 -2.470467
v -458.859009 0.147579 0.551071
v -459.580383 0.147579 0.543362
v -459.547119 -0.000116 -2.569092
v -459.548279 0.147578 -2.470467
v -458.825928 -0.000116 -2.561424
v -458.827026 0.147578 -2.462753
v -458.860107 -0.000115 0.649696
v -458.859009 0.147579 0.551071
v -459.581360 -0.000115 0.641987
v -459.580383 0.147579 0.543362
v -455.219482 -0.000116 -2.522987
v -455.220398 0.147578 -2.424339
v -455.253723 -0.000115 0.688229
v -455.252808 0.147579 0.589535
v -455.220398 0.147578 -2.424339
v -455.941833 0.147578 -2.432003
v -455.252808 0.147579 0.589535
v -455.973999 0.147579 0.581821
v -455.940735 -0.000116 -2.530628
v -455.941833 0.147578 -2.432003
v -455.219482 -0.000116 -2.522987
v -455.220398 0.147578 -2.424339
v -455.253723 -0.000115 0.688229
v -455.252808 0.147579 0.589535
v -455.975098 -0.000115 0.680450
v -455.973999 0.147579 0.581821
v -460.999756 0.165229 -1.913311
v -460.999756 0.350789 -1.913311
v -461.001587 0.340384 -1.753246
v -461.003418 0.350790 -1.593208
v -461.016357 0.165230 -0.364693
v -461.016357 0.350790 -0.364693
v -461.018127 0.340370 -0.204697
v -461.019897 0.350790 -0.044609
v -461.003418 0.350790 -1.593208
v -461.003418 0.165229 -1.593208
v -460.999756 0.350789 -1.913311
v -461.019897 0.350790 -0.044609
v -461.019897 0.165230 -0.044609
v -461.016357 0.350790 -0.364693
v -422.812988 -0.000114 2.631950
v -422.813965 0.147580 2.730530
v -422.847229 -0.000113 5.843052
v -422.846069 0.147581 5.744404
v -422.813965 0.147580 2.730530
v -423.535339 0.147580 2.722866
v -422.846069 0.147581 5.744404
v -423.567566 0.147581 5.736694
v -423.534241 -0.000114 2.624241
v -423.535339 0.147580 2.722866
v -422.812988 -0.000114 2.631950
v -422.813965 0.147580 2.730530
v -422.847229 -0.000113 5.843052
v -422.846069 0.147581 5.744404
v -423.568420 -0.000113 5.835384
v -423.567566 0.147581 5.736694
v -419.206604 -0.000114 2.670387
v -419.207703 0.147580 2.769035
v -419.240784 -0.000113 5.881516
v -419.239685 0.147581 5.782867
v -419.207703 0.147580 2.769035
v -419.928894 0.147580 2.761371
v -419.239685 0.147581 5.782867
v -419.961060 0.147581 5.775200
v -419.927795 -0.000114 2.662704
v -419.928894 0.147580 2.761371
v -419.206604 -0.000114 2.670387
v -419.207703 0.147580 2.769035
v -419.240784 -0.000113 5.881516
v -419.239685 0.147581 5.782867
v -419.962219 -0.000113 5.873825
v -419.961060 0.147581 5.775200
v -417.774292 0.165231 3.356949
v -424.987122 0.165231 3.279976
v -417.774292 0.350791 3.356949
v -424.987122 0.350791 3.279976
v -417.775879 0.340386 3.517029
v -424.988708 0.340386 3.440082
v -417.777649 0.350791 3.677070
v -424.990479 0.350791 3.600101
v -417.790771 0.165231 4.905540
v -425.003418 0.165231 4.828636
v -417.790771 0.350791 4.905540
v -425.003418 0.350791 4.828636
v -417.792358 0.340386 5.065578
v -425.005249 0.340386 4.988632
v -417.794128 0.350791 5.225685
v -425.007019 0.350791 5.148674
v -417.777649 0.350791 3.677070
v -424.990479 0.350791 3.600101
v -417.777649 0.165231 3.677070
v -424.990479 0.165231 3.600101
v -417.774292 0.350791 3.356949
v -424.987122 0.350791 3.279976
v -417.794128 0.350791 5.225685
v -425.007019 0.350791 5.148674
v -417.794128 0.165231 5.225685
v -425.007019 0.165231 5.148674
v -417.790771 0.350791 4.905540
v -425.003418 0.350791 4.828636
v -430.025879 -0.000114 2.554935
v -430.026794 0.147580 2.653625
v -430.060059 -0.000113 5.766079
v -430.058960 0.147581 5.667454
v -430.026794 0.147580 2.653625
v -430.748230 0.147580 2.645942
v -430.058960 0.147581 5.667454
v -430.780396 0.147581 5.659767
v -430.747070 -0.000114 2.547249
v -430.748230 0.147580 2.645942
v -430.025879 -0.000114 2.554935
v -430.026794 0.147580 2.653625
v -430.060059 -0.000113 5.766079
v -430.058960 0.147581 5.667454
v -430.781250 -0.000113 5.758373
v -430.780396 0.147581 5.659767
v -426.419434 -0.000114 2.593422
v -426.420593 0.147580 2.692112
v -426.453674 -0.000113 5.804569
v -426.452515 0.147581 5.705894
v -426.420593 0.147580 2.692112
v -427.141785 0.147580 2.684402
v -426.452515 0.147581 5.705894
v -427.174011 0.147581 5.698231
v -427.140625 -0.000114 2.585731
v -427.141785 0.147580 2.684402
v -426.419434 -0.000114 2.593422
v -426.420593 0.147580 2.692112
v -426.453674 -0.000113 5.804569
v -426.452515 0.147581 5.705894
v -427.175049 -0.000113 5.796856
v -427.174011 0.147581 5.698231
v -432.200012 0.165231 3.203052
v -432.200012 0.350791 3.203052
v -432.201599 0.340386 3.363159
v -432.203369 0.350791 3.523197
v -432.216553 0.165231 4.751625
v -432.216553 0.350791 4.751625
v -432.218079 0.340386 4.911709
v -432.219849 0.350791 5.071705
v -432.203369 0.350791 3.523197
v -432.203369 0.165231 3.523197
v -432.200012 0.350791 3.203052
v -432.219849 0.350791 5.071705
v -432.219849 0.165231 5.071705
v -432.216553 0.350791 4.751625
v -437.238708 -0.000114 2.478012
v -437.239624 0.147580 2.576633
v -437.272949 -0.000113 5.689156
v -437.271790 0.147581 5.590534
v -437.239624 0.147580 2.576633
v -437.961060 0.147580 2.568992
v -437.271790 0.147581 5.590534
v -437.993286 0.147581 5.582821
v -437.959961 -0.000114 2.470344
v -437.961060 0.147580 2.568992
v -437.238708 -0.000114 2.478012
v -437.239624 0.147580 2.576633
v -437.272949 -0.000113 5.689156
v -437.271790 0.147581 5.590534
v -437.994141 -0.000113 5.681423
v -437.993286 0.147581 5.582821
v -433.632324 -0.000114 2.516475
v -433.633240 0.147580 2.615097
v -433.666504 -0.000113 5.727619
v -433.665405 0.147581 5.628990
v -433.633240 0.147580 2.615097
v -434.354614 0.147580 2.607391
v -433.665405 0.147581 5.628990
v -434.386841 0.147581 5.621258
v -434.353516 -0.000114 2.508743
v -434.354614 0.147580 2.607391
v -433.632324 -0.000114 2.516475
v -433.633240 0.147580 2.615097
v -433.666504 -0.000113 5.727619
v -433.665405 0.147581 5.628990
v -434.387695 -0.000113 5.719910
v -434.386841 0.147581 5.621258
v -439.412659 0.165231 3.126083
v -439.412659 0.350790 3.126083
v -439.414429 0.340386 3.286121
v -439.416199 0.350791 3.446228
v -439.429443 0.165231 4.674702
v -439.429443 0.350791 4.674702
v -439.430908 0.340386 4.834782
v -439.432495 0.350791 4.994778
v -439.416199 0.350791 3.446228
v -439.416199 0.165231 3.446228
v -439.412659 0.350790 3.126083
v -439.432495 0.350791 4.994778
v -439.432495 0.165231 4.994778
v -439.429443 0.350791 4.674702
v -444.451660 -0.000114 2.401088
v -444.452515 0.147580 2.499710
v -444.485779 -0.000113 5.612167
v -444.484741 0.147580 5.513542
v -444.452515 0.147580 2.499710
v -445.173889 0.147580 2.492004
v -444.484741 0.147580 5.513542
v -445.206116 0.147580 5.505898
v -445.172791 -0.000114 2.393329
v -445.173889 0.147580 2.492004
v -444.451660 -0.000114 2.401088
v -444.452515 0.147580 2.499710
v -444.485779 -0.000113 5.612167
v -444.484741 0.147580 5.513542
v -445.206970 -0.000113 5.604523
v -445.206116 0.147580 5.505898
v -440.845154 -0.000114 2.439502
v -440.846069 0.147580 2.538173
v -440.879333 -0.000113 5.650631
v -440.878235 0.147581 5.552002
v -440.846069 0.147580 2.538173
v -441.567505 0.147580 2.530464
v -440.878235 0.147581 5.552002
v -441.599731 0.147581 5.544292
v -441.566345 -0.000114 2.431839
v -441.567505 0.147580 2.530464
v -440.845154 -0.000114 2.439502
v -440.846069 0.147580 2.538173
v -440.879333 -0.000113 5.650631
v -440.878235 0.147581 5.552002
v -441.600586 -0.000113 5.642986
v -441.599731 0.147581 5.544292
v -446.625488 0.165231 3.049133
v -446.625488 0.350790 3.049133
v -446.627258 0.340386 3.209175
v -446.628845 0.350791 3.369282
v -446.642029 0.165231 4.597710
v -446.642029 0.350791 4.597710
v -446.643799 0.340386 4.757767
v -446.645386 0.350791 4.917786
v -446.628845 0.350791 3.369282
v -446.628845 0.165231 3.369282
v -446.625488 0.350790 3.049133
v -446.645386 0.350791 4.917786
v -446.645386 0.165231 4.917786
v -446.642029 0.350791 4.597710
v -451.664490 -0.000114 2.324074
v -451.665344 0.147580 2.422741
v -451.698730 -0.000113 5.535217
v -451.697571 0.147580 5.436569
v -451.665344 0.147580 2.422741
v -452.386597 0.147580 2.415054
v -451.697571 0.147580 5.436569
v -452.418701 0.147580 5.428883
v -452.385620 -0.000114 2.316429
v -452.386597 0.147580 2.415054
v -451.664490 -0.000114 2.324074
v -451.665344 0.147580 2.422741
v -451.698730 -0.000113 5.535217
v -451.697571 0.147580 5.436569
v -452.419861 -0.000113 5.527554
v -452.418701 0.147580 5.428883
v -448.058105 -0.000114 2.362537
v -448.058960 0.147580 2.461159
v -448.092224 -0.000113 5.573727
v -448.091064 0.147580 5.475056
v -448.058960 0.147580 2.461159
v -448.780334 0.147580 2.453514
v -448.091064 0.147580 5.475056
v -448.812317 0.147580 5.467369
v -448.779236 -0.000114 2.354866
v -448.780334 0.147580 2.453514
v -448.058105 -0.000114 2.362537
v -448.058960 0.147580 2.461159
v -448.092224 -0.000113 5.573727
v -448.091064 0.147580 5.475056
v -448.813416 -0.000113 5.565971
v -448.812317 0.147580 5.467369
v -453.838379 0.165231 2.972187
v -453.838379 0.350790 2.972187
v -453.840149 0.340386 3.132293
v -453.841919 0.350791 3.292289
v -453.854858 0.165231 4.520805
v -453.854858 0.350791 4.520805
v -453.856628 0.340386 4.680843
v -453.858215 0.350791 4.840885
v -453.841919 0.350791 3.292289
v -453.841919 0.165231 3.292289
v -453.838379 0.350790 2.972187
v -453.858215 0.350791 4.840885
v -453.858215 0.165231 4.840885
v -453.854858 0.350791 4.520805
v -458.877075 -0.000114 2.247150
v -458.878235 0.147579 2.345772
v -458.911560 -0.000113 5.458229
v -458.910461 0.147580 5.359669
v -458.878235 0.147579 2.345772
v -459.599609 0.147579 2.338062
v -458.910461 0.147580 5.359669
v -459.631836 0.147580 5.351936
v -459.598511 -0.000114 2.239437
v -459.599609 0.147579 2.338062
v -458.877075 -0.000114 2.247150
v -458.878235 0.147579 2.345772
v -458.911560 -0.000113 5.458229
v -458.910461 0.147580 5.359669
v -459.632690 -0.000113 5.450584
v -459.631836 0.147580 5.351936
v -455.270691 -0.000114 2.285610
v -455.271790 0.147580 2.384231
v -455.305054 -0.000113 5.496754
v -455.304016 0.147580 5.398106
v -455.271790 0.147580 2.384231
v -455.993225 0.147580 2.376526
v -455.304016 0.147580 5.398106
v -456.025391 0.147580 5.390423
v -455.992065 -0.000114 2.277900
v -455.993225 0.147580 2.376526
v -455.270691 -0.000114 2.285610
v -455.271790 0.147580 2.384231
v -455.305054 -0.000113 5.496754
v -455.304016 0.147580 5.398106
v -456.026306 -0.000113 5.489090
v -456.025391 0.147580 5.390423
v -461.051208 0.165231 2.895221
v -461.051208 0.350790 2.895221
v -461.052979 0.340386 3.055279
v -461.054565 0.350791 3.215320
v -461.067749 0.165231 4.443836
v -461.067749 0.350791 4.443836
v -461.069519 0.340372 4.603828
v -461.071106 0.350791 4.763916
v -461.054565 0.350791 3.215320
v -461.054565 0.165231 3.215320
v -461.051208 0.350790 2.895221
v -461.071106 0.350791 4.763916
v -461.071106 0.165231 4.763916
v -461.067749 0.350791 4.443836
v -422.710449 -0.000118 -6.985218
v -422.711365 0.147576 -6.886593
v -422.744690 -0.000116 -3.774071
v -422.743530 0.147578 -3.872719
v -422.711365 0.147576 -6.886593
v -423.432739 0.147576 -6.894257
v -422.743530 0.147578 -3.872719
v -423.464966 0.147578 -3.880363
v -423.431702 -0.000118 -6.992882
v -423.432739 0.147576 -6.894257
v -422.710449 -0.000118 -6.985218
v -422.711365 0.147576 -6.886593
v -422.744690 -0.000116 -3.774071
v -422.743530 0.147578 -3.872719
v -423.465820 -0.000116 -3.781738
v -423.464966 0.147578 -3.880363
v -419.104065 -0.000118 -6.946758
v -419.104919 0.147576 -6.848083
v -419.138245 -0.000116 -3.735611
v -419.137146 0.147578 -3.834236
v -419.104919 0.147576 -6.848083
v -419.826294 0.147576 -6.855797
v -419.137146 0.147578 -3.834236
v -419.858521 0.147578 -3.841923
v -419.825256 -0.000118 -6.954380
v -419.826294 0.147576 -6.855797
v -419.104065 -0.000118 -6.946758
v -419.104919 0.147576 -6.848083
v -419.138245 -0.000116 -3.735611
v -419.137146 0.147578 -3.834236
v -419.859680 -0.000116 -3.743275
v -419.858521 0.147578 -3.841923
v -417.671448 0.165228 -6.260155
v -424.884338 0.165228 -6.337082
v -417.671448 0.350788 -6.260155
v -424.884338 0.350788 -6.337082
v -417.673279 0.340383 -6.100117
v -424.886108 0.340383 -6.177082
v -417.675049 0.350788 -5.940029
v -424.887878 0.350788 -6.017044
v -417.688232 0.165228 -4.711559
v -424.901123 0.165228 -4.788532
v -417.688232 0.350789 -4.711559
v -424.901123 0.350789 -4.788532
v -417.689758 0.340383 -4.551521
v -424.902710 0.340383 -4.628445
v -417.691589 0.350789 -4.391525
v -424.904480 0.350789 -4.468475
v -417.675049 0.350788 -5.940029
v -424.887878 0.350788 -6.017044
v -417.675049 0.165228 -5.940029
v -424.887878 0.165228 -6.017044
v -417.671448 0.350788 -6.260155
v -424.884338 0.350788 -6.337082
v -417.691589 0.350789 -4.391525
v -424.904480 0.350789 -4.468475
v -417.691589 0.165228 -4.391525
v -424.904480 0.165228 -4.468475
v -417.688232 0.350789 -4.711559
v -424.901123 0.350789 -4.788532
v -429.923340 -0.000118 -7.062187
v -429.924194 0.147576 -6.963497
v -429.957520 -0.000116 -3.851044
v -429.956421 0.147577 -3.949665
v -429.924194 0.147576 -6.963497
v -430.645569 0.147576 -6.971207
v -429.956421 0.147577 -3.949665
v -430.677795 0.147577 -3.957378
v -430.644531 -0.000118 -7.069828
v -430.645569 0.147576 -6.971207
v -429.923340 -0.000118 -7.062187
v -429.924194 0.147576 -6.963497
v -429.957520 -0.000116 -3.851044
v -429.956421 0.147577 -3.949665
v -430.678650 -0.000116 -3.858749
v -430.677795 0.147577 -3.957378
v -426.316895 -0.000118 -7.023682
v -426.317749 0.147576 -6.925034
v -426.351074 -0.000116 -3.812534
v -426.349976 0.147578 -3.911201
v -426.317749 0.147576 -6.925034
v -427.039246 0.147576 -6.932747
v -426.349976 0.147578 -3.911201
v -427.071411 0.147578 -3.918892
v -427.038086 -0.000118 -7.031391
v -427.039246 0.147576 -6.932747
v -426.316895 -0.000118 -7.023682
v -426.317749 0.147576 -6.925034
v -426.351074 -0.000116 -3.812534
v -426.349976 0.147578 -3.911201
v -427.072327 -0.000116 -3.820225
v -427.071411 0.147578 -3.918892
v -432.097412 0.165228 -6.414051
v -432.097412 0.350788 -6.414051
v -432.098999 0.340383 -6.253967
v -432.100769 0.350788 -6.093971
v -432.113770 0.165228 -4.865456
v -432.113770 0.350788 -4.865456
v -432.115540 0.340383 -4.705418
v -432.117310 0.350789 -4.545422
v -432.100769 0.350788 -6.093971
v -432.100769 0.165228 -6.093971
v -432.097412 0.350788 -6.414051
v -432.117310 0.350789 -4.545422
v -432.117310 0.165228 -4.545422
v -432.113770 0.350788 -4.865456
v -437.136169 -0.000118 -7.139111
v -437.137024 0.147576 -7.040485
v -437.170410 -0.000116 -3.927944
v -437.169250 0.147577 -4.026588
v -437.137024 0.147576 -7.040485
v -437.858521 0.147576 -7.048176
v -437.169250 0.147577 -4.026588
v -437.890686 0.147577 -4.034370
v -437.857422 -0.000118 -7.146870
v -437.858521 0.147576 -7.048176
v -437.136169 -0.000118 -7.139111
v -437.137024 0.147576 -7.040485
v -437.170410 -0.000116 -3.927944
v -437.169250 0.147577 -4.026588
v -437.891602 -0.000116 -3.935722
v -437.890686 0.147577 -4.034370
v -433.529785 -0.000118 -7.100651
v -433.530640 0.147576 -7.001961
v -433.563965 -0.000116 -3.889507
v -433.562866 0.147577 -3.988129
v -433.530640 0.147576 -7.001961
v -434.252075 0.147576 -7.009693
v -433.562866 0.147577 -3.988129
v -434.284241 0.147577 -3.995861
v -434.250977 -0.000118 -7.108360
v -434.252075 0.147576 -7.009693
v -433.529785 -0.000118 -7.100651
v -433.530640 0.147576 -7.001961
v -433.563965 -0.000116 -3.889507
v -433.562866 0.147577 -3.988129
v -434.285156 -0.000116 -3.897213
v -434.284241 0.147577 -3.995861
v -439.310059 0.165228 -6.491039
v -439.310059 0.350788 -6.491039
v -439.311829 0.340383 -6.330978
v -439.313599 0.350788 -6.170895
v -439.326599 0.165228 -4.942421
v -439.326599 0.350788 -4.942421
v -439.328369 0.340383 -4.782433
v -439.329895 0.350789 -4.622345
v -439.313599 0.350788 -6.170895
v -439.313599 0.165228 -6.170895
v -439.310059 0.350788 -6.491039
v -439.329895 0.350789 -4.622345
v -439.329895 0.165228 -4.622345
v -439.326599 0.350788 -4.942421
v -444.348755 -0.000118 -7.216084
v -444.349915 0.147575 -7.117435
v -444.383240 -0.000116 -4.004982
v -444.382141 0.147577 -4.103603
v -444.349915 0.147575 -7.117435
v -445.071350 0.147575 -7.125099
v -444.382141 0.147577 -4.103603
v -445.103333 0.147577 -4.111294
v -445.070251 -0.000118 -7.223747
v -445.071350 0.147575 -7.125099
v -444.348755 -0.000118 -7.216084
v -444.349915 0.147575 -7.117435
v -444.383240 -0.000116 -4.004982
v -444.382141 0.147577 -4.103603
v -445.104431 -0.000116 -4.012646
v -445.103333 0.147577 -4.111294
v -440.742371 -0.000118 -7.177643
v -440.743469 0.147575 -7.078949
v -440.776794 -0.000116 -3.966431
v -440.775696 0.147577 -4.065098
v -440.743469 0.147575 -7.078949
v -441.464966 0.147575 -7.086658
v -440.775696 0.147577 -4.065098
v -441.497070 0.147577 -4.072830
v -441.463806 -0.000118 -7.185284
v -441.464966 0.147575 -7.086658
v -440.742371 -0.000118 -7.177643
v -440.743469 0.147575 -7.078949
v -440.776794 -0.000116 -3.966431
v -440.775696 0.147577 -4.065098
v -441.498047 -0.000116 -3.974205
v -441.497070 0.147577 -4.072830
v -446.522888 0.165228 -6.567986
v -446.522888 0.350787 -6.567986
v -446.524658 0.340383 -6.407906
v -446.526245 0.350788 -6.247860
v -446.539490 0.165228 -5.019375
v -446.539490 0.350788 -5.019375
v -446.541260 0.340383 -4.859356
v -446.542786 0.350789 -4.699291
v -446.526245 0.350788 -6.247860
v -446.526245 0.165228 -6.247860
v -446.522888 0.350787 -6.567986
v -446.542786 0.350789 -4.699291
v -446.542786 0.165228 -4.699291
v -446.539490 0.350788 -5.019375
v -451.561707 -0.000118 -7.293049
v -451.562744 0.147575 -7.194424
v -451.596130 -0.000116 -4.081882
v -451.594971 0.147577 -4.180531
v -451.562744 0.147575 -7.194424
v -452.283997 0.147575 -7.202068
v -451.594971 0.147577 -4.180531
v -452.316162 0.147577 -4.188263
v -452.283081 -0.000118 -7.300762
v -452.283997 0.147575 -7.202068
v -451.561707 -0.000118 -7.293049
v -451.562744 0.147575 -7.194424
v -451.596130 -0.000116 -4.081882
v -451.594971 0.147577 -4.180531
v -452.317322 -0.000116 -4.089615
v -452.316162 0.147577 -4.188263
v -447.955444 -0.000118 -7.254543
v -447.956360 0.147575 -7.155899
v -447.989441 -0.000116 -4.043446
v -447.988525 0.147577 -4.142067
v -447.956360 0.147575 -7.155899
v -448.677795 0.147575 -7.163631
v -447.988525 0.147577 -4.142067
v -448.709778 0.147577 -4.149734
v -448.676697 -0.000118 -7.262299
v -448.677795 0.147575 -7.163631
v -447.955444 -0.000118 -7.254543
v -447.956360 0.147575 -7.155899
v -447.989441 -0.000116 -4.043446
v -447.988525 0.147577 -4.142067
v -448.710876 -0.000116 -4.051086
v -448.709778 0.147577 -4.149734
v -453.735779 0.165227 -6.644958
v -453.735779 0.350787 -6.644958
v -453.737549 0.340383 -6.484871
v -453.739136 0.350788 -6.324833
v -453.752319 0.165228 -5.096363
v -453.752319 0.350788 -5.096363
v -453.753845 0.340383 -4.936256
v -453.755615 0.350789 -4.776283
v -453.739136 0.350788 -6.324833
v -453.739136 0.165228 -6.324833
v -453.735779 0.350787 -6.644958
v -453.755615 0.350789 -4.776283
v -453.755615 0.165228 -4.776283
v -453.752319 0.350788 -5.096363
v -458.774536 -0.000118 -7.369953
v -458.775696 0.147575 -7.271286
v -458.808777 -0.000116 -4.158829
v -458.807861 0.147577 -4.257454
v -458.775696 0.147575 -7.271286
v -459.497070 0.147575 -7.279060
v -458.807861 0.147577 -4.257454
v -459.529053 0.147577 -4.265163
v -459.495972 -0.000118 -7.377731
v -459.497070 0.147575 -7.279060
v -458.774536 -0.000118 -7.369953
v -458.775696 0.147575 -7.271286
v -458.808777 -0.000116 -4.158829
v -458.807861 0.147577 -4.257454
v -459.530151 -0.000116 -4.166538
v -459.529053 0.147577 -4.265163
v -455.168152 -0.000118 -7.331512
v -455.169250 0.147575 -7.232887
v -455.202515 -0.000116 -4.120365
v -455.201416 0.147577 -4.219059
v -455.169250 0.147575 -7.232887
v -455.890686 0.147575 -7.240528
v -455.201416 0.147577 -4.219059
v -455.922607 0.147577 -4.226704
v -455.889526 -0.000118 -7.339157
v -455.890686 0.147575 -7.240528
v -455.168152 -0.000118 -7.331512
v -455.169250 0.147575 -7.232887
v -455.202515 -0.000116 -4.120365
v -455.201416 0.147577 -4.219059
v -455.923706 -0.000116 -4.128078
v -455.922607 0.147577 -4.226704
v -460.948608 0.165227 -6.721836
v -460.948608 0.350787 -6.721836
v -460.950378 0.340382 -6.561844
v -460.951965 0.350788 -6.401779
v -460.965210 0.165228 -5.173286
v -460.965210 0.350788 -5.173286
v -460.966980 0.340369 -5.013226
v -460.968567 0.350788 -4.853210
v -460.951965 0.350788 -6.401779
v -460.951965 0.165228 -6.401779
v -460.948608 0.350787 -6.721836
v -460.968567 0.350788 -4.853210
v -460.968567 0.165228 -4.853210
v -460.965210 0.350788 -5.173286
v -466.089966 -0.000114 2.170135
v -466.091064 0.147579 2.268802
v -466.124390 -0.000113 5.381348
v -466.123291 0.147580 5.282658
v -466.091064 0.147579 2.268802
v -466.812256 0.147579 2.261112
v -466.123291 0.147580 5.282658
v -466.844421 0.147580 5.275036
v -466.811340 -0.000114 2.162468
v -466.812256 0.147579 2.261112
v -466.089966 -0.000114 2.170135
v -466.091064 0.147579 2.268802
v -466.124390 -0.000113 5.381348
v -466.123291 0.147580 5.282658
v -466.845581 -0.000113 5.373569
v -466.844421 0.147580 5.275036
v -462.483521 -0.000114 2.208687
v -462.484680 0.147579 2.307308
v -462.518005 -0.000113 5.419739
v -462.516846 0.147580 5.321140
v -462.484680 0.147579 2.307308
v -463.205872 0.147579 2.299553
v -462.516846 0.147580 5.321140
v -463.238281 0.147580 5.313450
v -463.205017 -0.000114 2.200977
v -463.205872 0.147579 2.299553
v -462.483521 -0.000114 2.208687
v -462.484680 0.147579 2.307308
v -462.518005 -0.000113 5.419739
v -462.516846 0.147580 5.321140
v -463.239136 -0.000113 5.412121
v -463.238281 0.147580 5.313450
v -468.264099 0.165231 2.818317
v -468.264099 0.350790 2.818317
v -468.265625 0.340386 2.978313
v -468.267456 0.350791 3.138420
v -468.280579 0.165231 4.366825
v -468.280579 0.350791 4.366825
v -461.069519 0.340386 4.603828
v -468.282166 0.340386 4.526932
v -461.071106 0.350791 4.763916
v -468.283936 0.350791 4.686947
v -468.267456 0.350791 3.138420
v -468.267456 0.165231 3.138420
v -468.264099 0.350790 2.818317
v -468.283936 0.350791 4.686947
v -468.283936 0.165231 4.686947
v -461.067749 0.350791 4.443836
v -468.280579 0.350791 4.366825
v -473.302795 -0.000114 2.093208
v -473.303955 0.147579 2.191898
v -473.337280 -0.000113 5.304352
v -473.336182 0.147580 5.205730
v -473.303955 0.147579 2.191898
v -474.025146 0.147579 2.184124
v -473.336182 0.147580 5.205730
v -474.057373 0.147580 5.198021
v -474.024048 -0.000114 2.085499
v -474.025146 0.147579 2.184124
v -473.302795 -0.000114 2.093208
v -473.303955 0.147579 2.191898
v -473.337280 -0.000113 5.304352
v -473.336182 0.147580 5.205730
v -474.058411 -0.000113 5.296688
v -474.057373 0.147580 5.198021
v -469.696411 -0.000114 2.131672
v -469.697510 0.147579 2.230343
v -469.730835 -0.000113 5.342793
v -469.729736 0.147580 5.244125
v -469.697510 0.147579 2.230343
v -470.418701 0.147579 2.222652
v -469.729736 0.147580 5.244125
v -470.450928 0.147580 5.236481
v -470.417847 -0.000114 2.124004
v -470.418701 0.147579 2.222652
v -469.696411 -0.000114 2.131672
v -469.697510 0.147579 2.230343
v -469.730835 -0.000113 5.342793
v -469.729736 0.147580 5.244125
v -470.451965 -0.000113 5.335110
v -470.450928 0.147580 5.236481
v -475.476929 0.165231 2.741344
v -475.476929 0.350790 2.741344
v -475.478699 0.340386 2.901340
v -475.480286 0.350790 3.061428
v -475.493408 0.165231 4.289875
v -475.493408 0.350791 4.289875
v -475.494995 0.340386 4.449982
v -475.496826 0.350791 4.609978
v -475.480286 0.350790 3.061428
v -475.480286 0.165231 3.061428
v -475.476929 0.350790 2.741344
v -475.496826 0.350791 4.609978
v -475.496826 0.165231 4.609978
v -475.493408 0.350791 4.289875
v -480.515686 -0.000114 2.016285
v -480.516785 0.147579 2.114910
v -480.550110 -0.000113 5.227386
v -480.549011 0.147580 5.128738
v -480.516785 0.147579 2.114910
v -481.237976 0.147579 2.107265
v -480.549011 0.147580 5.128738
v -481.270203 0.147580 5.121048
v -481.236877 -0.000114 2.008595
v -481.237976 0.147579 2.107265
v -480.515686 -0.000114 2.016285
v -480.516785 0.147579 2.114910
v -480.550110 -0.000113 5.227386
v -480.549011 0.147580 5.128738
v -481.271362 -0.000113 5.219723
v -481.270203 0.147580 5.121048
v -476.909241 -0.000114 2.054703
v -476.910339 0.147579 2.153374
v -476.943726 -0.000113 5.265892
v -476.942566 0.147580 5.167271
v -476.910339 0.147579 2.153374
v -477.631592 0.147579 2.145664
v -476.942566 0.147580 5.167271
v -477.663757 0.147580 5.159489
v -477.630737 -0.000114 2.047035
v -477.631592 0.147579 2.145664
v -476.909241 -0.000114 2.054703
v -476.910339 0.147579 2.153374
v -476.943726 -0.000113 5.265892
v -476.942566 0.147580 5.167271
v -477.664917 -0.000113 5.258183
v -477.663757 0.147580 5.159489
v -482.689758 0.165231 2.664329
v -482.689758 0.350790 2.664329
v -482.691345 0.340386 2.824436
v -482.693176 0.350790 2.984459
v -482.706360 0.165231 4.212975
v -482.706360 0.350791 4.212975
v -482.707886 0.340386 4.373013
v -482.709656 0.350791 4.533051
v -482.693176 0.350790 2.984459
v -482.693176 0.165231 2.984459
v -482.689758 0.350790 2.664329
v -482.709656 0.350791 4.533051
v -482.709656 0.165231 4.533051
v -482.706360 0.350791 4.212975
v -487.728516 -0.000114 1.939270
v -487.729675 0.147579 2.037941
v -487.762756 -0.000113 5.150482
v -487.761841 0.147580 5.051834
v -487.729675 0.147579 2.037941
v -488.450867 0.147579 2.030254
v -487.761841 0.147580 5.051834
v -488.483093 0.147580 5.044083
v -488.449707 -0.000114 1.931629
v -488.450867 0.147579 2.030254
v -487.728516 -0.000114 1.939270
v -487.729675 0.147579 2.037941
v -487.762756 -0.000113 5.150482
v -487.761841 0.147580 5.051834
v -488.484192 -0.000113 5.142708
v -488.483093 0.147580 5.044083
v -484.122070 -0.000114 1.977798
v -484.123230 0.147579 2.076424
v -484.156311 -0.000113 5.188923
v -484.155151 0.147580 5.090256
v -484.123230 0.147579 2.076424
v -484.844421 0.147579 2.068718
v -484.155151 0.147580 5.090256
v -484.876648 0.147580 5.082584
v -484.843323 -0.000114 1.970043
v -484.844421 0.147579 2.068718
v -484.122070 -0.000114 1.977798
v -484.123230 0.147579 2.076424
v -484.156311 -0.000113 5.188923
v -484.155151 0.147580 5.090256
v -484.877747 -0.000113 5.181232
v -484.876648 0.147580 5.082584
v -489.902649 0.165231 2.587383
v -489.902649 0.350790 2.587383
v -489.904236 0.340386 2.747494
v -489.906006 0.350790 2.907490
v -489.919189 0.165231 4.136002
v -489.919189 0.350791 4.136002
v -489.920715 0.340386 4.296066
v -489.922546 0.350791 4.456104
v -489.906006 0.350790 2.907490
v -489.906006 0.165231 2.907490
v -489.902649 0.350790 2.587383
v -489.922546 0.350791 4.456104
v -489.922546 0.165231 4.456104
v -489.919189 0.350791 4.136002
v -494.941467 -0.000114 1.862370
v -494.942322 0.147579 1.960972
v -494.975830 -0.000113 5.073490
v -494.974731 0.147580 4.974869
v -494.942322 0.147579 1.960972
v -495.663696 0.147579 1.953281
v -494.974731 0.147580 4.974869
v -495.695923 0.147580 4.967197
v -495.662598 -0.000114 1.854637
v -495.663696 0.147579 1.953281
v -494.941467 -0.000114 1.862370
v -494.942322 0.147579 1.960972
v -494.975830 -0.000113 5.073490
v -494.974731 0.147580 4.974869
v -495.697021 -0.000113 5.065804
v -495.695923 0.147580 4.967197
v -491.335022 -0.000114 1.900810
v -491.336060 0.147579 1.999454
v -491.369446 -0.000113 5.111954
v -491.368286 0.147580 5.013329
v -491.336060 0.147579 1.999454
v -492.057312 0.147579 1.991791
v -491.368286 0.147580 5.013329
v -492.089478 0.147580 5.005619
v -492.056396 -0.000114 1.893166
v -492.057312 0.147579 1.991791
v -491.335022 -0.000114 1.900810
v -491.336060 0.147579 1.999454
v -491.369446 -0.000113 5.111954
v -491.368286 0.147580 5.013329
v -492.090332 -0.000113 5.104244
v -492.089478 0.147580 5.005619
v -497.115479 0.165231 2.510486
v -497.115479 0.350790 2.510486
v -497.117065 0.340386 2.670479
v -497.118835 0.350790 2.830585
v -497.131836 0.165231 4.059036
v -497.131836 0.350791 4.059036
v -497.133606 0.340386 4.219097
v -497.135376 0.350791 4.379112
v -497.118835 0.350790 2.830585
v -497.118835 0.165231 2.830585
v -497.115479 0.350790 2.510486
v -497.135376 0.350791 4.379112
v -497.135376 0.165231 4.379112
v -497.131836 0.350791 4.059036
v -502.154297 -0.000114 1.785400
v -502.155334 0.147579 1.884022
v -502.188416 -0.000113 4.996521
v -502.187378 0.147580 4.897854
v -502.155334 0.147579 1.884022
v -502.876587 0.147579 1.876316
v -502.187378 0.147580 4.897854
v -502.908813 0.147580 4.890232
v -502.875427 -0.000114 1.777733
v -502.876587 0.147579 1.876316
v -502.154297 -0.000114 1.785400
v -502.155334 0.147579 1.884022
v -502.188416 -0.000113 4.996521
v -502.187378 0.147580 4.897854
v -502.909668 -0.000113 4.988831
v -502.908813 0.147580 4.890232
v -498.547852 -0.000114 1.823837
v -498.549011 0.147579 1.922512
v -498.582031 -0.000113 5.034943
v -498.581177 0.147580 4.936405
v -498.549011 0.147579 1.922512
v -499.270142 0.147579 1.914822
v -498.581177 0.147580 4.936405
v -499.302368 0.147580 4.928646
v -499.269043 -0.000114 1.816174
v -499.270142 0.147579 1.914822
v -498.547852 -0.000114 1.823837
v -498.549011 0.147579 1.922512
v -498.582031 -0.000113 5.034943
v -498.581177 0.147580 4.936405
v -499.303467 -0.000113 5.027321
v -499.302368 0.147580 4.928646
v -504.328125 0.165231 2.433513
v -504.328125 0.350790 2.433513
v -504.329956 0.340386 2.593509
v -504.331543 0.350790 2.753616
v -504.344910 0.165231 3.982086
v -504.344910 0.350791 3.982086
v -504.346436 0.340372 4.142128
v -504.348206 0.350791 4.302166
v -504.331543 0.350790 2.753616
v -504.331543 0.165231 2.753616
v -504.328125 0.350790 2.433513
v -504.348206 0.350791 4.302166
v -504.348206 0.165231 4.302166
v -504.344910 0.350791 3.982086
v -466.038757 -0.000116 -2.638393
v -466.039734 0.147578 -2.539768
v -466.072998 -0.000115 0.572731
v -466.071838 0.147579 0.474056
v -466.039734 0.147578 -2.539768
v -466.761108 0.147578 -2.547413
v -466.071838 0.147579 0.474056
v -466.793274 0.147579 0.466393
v -466.760010 -0.000116 -2.646061
v -466.761108 0.147578 -2.547413
v -466.038757 -0.000116 -2.638393
v -466.039734 0.147578 -2.539768
v -466.072998 -0.000115 0.572731
v -466.071838 0.147579 0.474056
v -466.794373 -0.000115 0.565041
v -466.793274 0.147579 0.466393
v -462.432373 -0.000116 -2.599884
v -462.433472 0.147578 -2.501308
v -462.466553 -0.000115 0.611214
v -462.465454 0.147579 0.512611
v -462.433472 0.147578 -2.501308
v -463.154663 0.147578 -2.508972
v -462.465454 0.147579 0.512611
v -463.186829 0.147579 0.504925
v -463.153564 -0.000116 -2.607620
v -463.154663 0.147578 -2.508972
v -462.432373 -0.000116 -2.599884
v -462.433472 0.147578 -2.501308
v -462.466553 -0.000115 0.611214
v -462.465454 0.147579 0.512611
v -463.187988 -0.000115 0.603592
v -463.186829 0.147579 0.504925
v -468.212646 0.165229 -1.990276
v -468.212646 0.350789 -1.990276
v -468.214478 0.340384 -1.830215
v -468.216248 0.350790 -1.670177
v -468.229187 0.165230 -0.441708
v -468.229187 0.350790 -0.441708
v -461.018127 0.340385 -0.204697
v -468.231018 0.340385 -0.281670
v -461.019897 0.350790 -0.044609
v -468.232788 0.350790 -0.121624
v -468.216248 0.350790 -1.670177
v -468.216248 0.165229 -1.670177
v -468.212646 0.350789 -1.990276
v -468.232788 0.350790 -0.121624
v -468.232788 0.165230 -0.121624
v -461.016357 0.350790 -0.364693
v -468.229187 0.350790 -0.441708
v -473.251465 -0.000116 -2.715389
v -473.252563 0.147578 -2.616695
v -473.285828 -0.000115 0.495827
v -473.284729 0.147579 0.397202
v -473.252563 0.147578 -2.616695
v -473.973999 0.147578 -2.624405
v -473.284729 0.147579 0.397202
v -474.006104 0.147579 0.389423
v -473.972839 -0.000116 -2.723030
v -473.973999 0.147578 -2.624405
v -473.251465 -0.000116 -2.715389
v -473.252563 0.147578 -2.616695
v -473.285828 -0.000115 0.495827
v -473.284729 0.147579 0.397202
v -474.007019 -0.000115 0.488049
v -474.006104 0.147579 0.389423
v -469.645203 -0.000116 -2.676857
v -469.646118 0.147578 -2.578232
v -469.679443 -0.000115 0.534267
v -469.678284 0.147579 0.435596
v -469.646118 0.147578 -2.578232
v -470.367554 0.147578 -2.585941
v -469.678284 0.147579 0.435596
v -470.399719 0.147579 0.427952
v -470.366394 -0.000116 -2.684570
v -470.367554 0.147578 -2.585941
v -469.645203 -0.000116 -2.676857
v -469.646118 0.147578 -2.578232
v -469.679443 -0.000115 0.534267
v -469.678284 0.147579 0.435596
v -470.400818 -0.000115 0.526577
v -470.399719 0.147579 0.427952
v -475.425476 0.165229 -2.067226
v -475.425476 0.350789 -2.067226
v -475.427368 0.340384 -1.907185
v -475.429138 0.350789 -1.747105
v -475.442078 0.165230 -0.518673
v -475.442078 0.350790 -0.518673
v -475.443848 0.340385 -0.358566
v -475.445435 0.350790 -0.198551
v -475.429138 0.350789 -1.747105
v -475.429138 0.165229 -1.747105
v -475.425476 0.350789 -2.067226
v -475.445435 0.350790 -0.198551
v -475.445435 0.165230 -0.198551
v -475.442078 0.350790 -0.518673
v -480.464478 -0.000116 -2.792244
v -480.465393 0.147578 -2.693638
v -480.498718 -0.000115 0.418858
v -480.497559 0.147579 0.320210
v -480.465393 0.147578 -2.693638
v -481.186829 0.147578 -2.701397
v -480.497559 0.147579 0.320210
v -481.218811 0.147579 0.312500
v -481.185730 -0.000116 -2.800018
v -481.186829 0.147578 -2.701397
v -480.464478 -0.000116 -2.792244
v -480.465393 0.147578 -2.693638
v -480.498718 -0.000115 0.418858
v -480.497559 0.147579 0.320210
v -481.219910 -0.000115 0.411148
v -481.218811 0.147579 0.312500
v -476.858093 -0.000116 -2.753826
v -476.859192 0.147578 -2.655155
v -476.892273 -0.000115 0.457298
v -476.891174 0.147579 0.358669
v -476.859192 0.147578 -2.655155
v -477.580200 0.147578 -2.662868
v -476.891174 0.147579 0.358669
v -477.612366 0.147579 0.350964
v -477.579285 -0.000116 -2.761494
v -477.580200 0.147578 -2.662868
v -476.858093 -0.000116 -2.753826
v -476.859192 0.147578 -2.655155
v -476.892273 -0.000115 0.457298
v -476.891174 0.147579 0.358669
v -477.613647 -0.000115 0.449612
v -477.612366 0.147579 0.350964
v -482.638428 0.165229 -2.144196
v -482.638428 0.350789 -2.144196
v -482.640198 0.340384 -1.984177
v -482.641724 0.350789 -1.824070
v -482.654907 0.165230 -0.595623
v -482.654907 0.350790 -0.595623
v -482.656677 0.340385 -0.435558
v -482.658508 0.350790 -0.275562
v -482.641724 0.350789 -1.824070
v -482.641724 0.165229 -1.824070
v -482.638428 0.350789 -2.144196
v -482.658508 0.350790 -0.275562
v -482.658508 0.165230 -0.275562
v -482.654907 0.350790 -0.595623
v -487.677185 -0.000116 -2.869259
v -487.678284 0.147578 -2.770634
v -487.711548 -0.000115 0.341843
v -487.710449 0.147579 0.243195
v -487.678284 0.147578 -2.770634
v -488.399475 0.147578 -2.778297
v -487.710449 0.147579 0.243195
v -488.431885 0.147579 0.235550
v -488.398560 -0.000116 -2.876904
v -488.399475 0.147578 -2.778297
v -487.677185 -0.000116 -2.869259
v -487.678284 0.147578 -2.770634
v -487.711548 -0.000115 0.341843
v -487.710449 0.147579 0.243195
v -488.432739 -0.000115 0.334179
v -488.431885 0.147579 0.235550
v -484.070923 -0.000116 -2.830818
v -484.071838 0.147578 -2.732170
v -484.105103 -0.000115 0.380394
v -484.104004 0.147579 0.281723
v -484.071838 0.147578 -2.732170
v -484.793030 0.147578 -2.739834
v -484.104004 0.147579 0.281723
v -484.825500 0.147579 0.273991
v -484.792114 -0.000116 -2.838482
v -484.793030 0.147578 -2.739834
v -484.070923 -0.000116 -2.830818
v -484.071838 0.147578 -2.732170
v -484.105103 -0.000115 0.380394
v -484.104004 0.147579 0.281723
v -484.826355 -0.000115 0.372639
v -484.825500 0.147579 0.273991
v -489.851257 0.165229 -2.221165
v -489.851257 0.350789 -2.221165
v -489.853027 0.340384 -2.061058
v -489.854553 0.350789 -1.901043
v -489.867798 0.165230 -0.672523
v -489.867798 0.350790 -0.672523
v -489.869568 0.340385 -0.512531
v -489.871155 0.350790 -0.352448
v -489.854553 0.350789 -1.901043
v -489.854553 0.165229 -1.901043
v -489.851257 0.350789 -2.221165
v -489.871155 0.350790 -0.352448
v -489.871155 0.165230 -0.352448
v -489.867798 0.350790 -0.672523
v -494.890015 -0.000116 -2.946224
v -494.891113 0.147578 -2.847557
v -494.924438 -0.000115 0.264965
v -494.923279 0.147579 0.166336
v -494.891113 0.147578 -2.847557
v -495.612366 0.147578 -2.855270
v -494.923279 0.147579 0.166336
v -495.644470 0.147579 0.158562
v -495.611389 -0.000116 -2.953896
v -495.612366 0.147578 -2.855270
v -494.890015 -0.000116 -2.946224
v -494.891113 0.147578 -2.847557
v -494.924438 -0.000115 0.264965
v -494.923279 0.147579 0.166336
v -495.645630 -0.000115 0.257210
v -495.644470 0.147579 0.158562
v -491.283569 -0.000116 -2.907722
v -491.284729 0.147578 -2.809093
v -491.317993 -0.000115 0.303425
v -491.316833 0.147579 0.204758
v -491.284729 0.147578 -2.809093
v -492.005920 0.147578 -2.816807
v -491.316833 0.147579 0.204758
v -492.038330 0.147579 0.197090
v -492.005005 -0.000116 -2.915432
v -492.005920 0.147578 -2.816807
v -491.283569 -0.000116 -2.907722
v -491.284729 0.147578 -2.809093
v -491.317993 -0.000115 0.303425
v -491.316833 0.147579 0.204758
v -492.039185 -0.000115 0.295715
v -492.038330 0.147579 0.197090
v -497.064148 0.165229 -2.298111
v -497.064148 0.350789 -2.298111
v -497.065674 0.340384 -2.138046
v -497.067444 0.350789 -1.978058
v -497.080627 0.165230 -0.749496
v -497.080627 0.350790 -0.749496
v -497.082214 0.340385 -0.589500
v -497.084229 0.350790 -0.429413
v -497.067444 0.350789 -1.978058
v -497.067444 0.165229 -1.978058
v -497.064148 0.350789 -2.298111
v -497.084229 0.350790 -0.429413
v -497.084229 0.165230 -0.429413
v -497.080627 0.350790 -0.749496
v -502.102844 -0.000116 -3.023129
v -502.104004 0.147578 -2.924572
v -502.137268 -0.000115 0.187992
v -502.136169 0.147579 0.089325
v -502.104004 0.147578 -2.924572
v -502.825195 0.147578 -2.932236
v -502.136169 0.147579 0.089325
v -502.857361 0.147579 0.081638
v -502.824280 -0.000116 -3.030910
v -502.825195 0.147578 -2.932236
v -502.102844 -0.000116 -3.023129
v -502.104004 0.147578 -2.924572
v -502.137268 -0.000115 0.187992
v -502.136169 0.147579 0.089325
v -502.858459 -0.000115 0.180305
v -502.857361 0.147579 0.081638
v -498.496460 -0.000116 -2.984688
v -498.497559 0.147578 -2.886040
v -498.530823 -0.000115 0.226414
v -498.529724 0.147579 0.127808
v -498.497559 0.147578 -2.886040
v -499.218994 0.147578 -2.893711
v -498.529724 0.147579 0.127808
v -499.250916 0.147579 0.120102
v -499.217834 -0.000116 -2.992355
v -499.218994 0.147578 -2.893711
v -498.496460 -0.000116 -2.984688
v -498.497559 0.147578 -2.886040
v -498.530823 -0.000115 0.226414
v -498.529724 0.147579 0.127808
v -499.252075 -0.000115 0.218792
v -499.250916 0.147579 0.120102
v -504.276978 0.165229 -2.375057
v -504.276978 0.350789 -2.375057
v -504.278748 0.340384 -2.215019
v -504.280579 0.350789 -2.054913
v -504.293518 0.165230 -0.826508
v -504.293518 0.350790 -0.826508
v -504.295105 0.340370 -0.666424
v -504.296875 0.350790 -0.506428
v -504.280579 0.350789 -2.054913
v -504.280579 0.165229 -2.054913
v -504.276978 0.350789 -2.375057
v -504.296875 0.350790 -0.506428
v -504.296875 0.165230 -0.506428
v -504.293518 0.350790 -0.826508
v -465.987427 -0.000118 -7.446922
v -465.988525 0.147575 -7.348297
v -466.021790 -0.000116 -4.235798
v -466.020691 0.147577 -4.334469
v -465.988525 0.147575 -7.348297
v -466.709656 0.147575 -7.356033
v -466.020691 0.147577 -4.334469
v -466.742126 0.147577 -4.342178
v -466.708618 -0.000118 -7.454632
v -466.709656 0.147575 -7.356033
v -465.987427 -0.000118 -7.446922
v -465.988525 0.147575 -7.348297
v -466.021790 -0.000116 -4.235798
v -466.020691 0.147577 -4.334469
v -466.743042 -0.000116 -4.243511
v -466.742126 0.147577 -4.342178
v -462.380981 -0.000118 -7.408485
v -462.382080 0.147575 -7.309837
v -462.415100 -0.000116 -4.197380
v -462.414246 0.147577 -4.295940
v -462.382080 0.147575 -7.309837
v -463.103271 0.147575 -7.317543
v -462.414246 0.147577 -4.295940
v -463.135498 0.147577 -4.303696
v -463.102417 -0.000118 -7.416149
v -463.103271 0.147575 -7.317543
v -462.380981 -0.000118 -7.408485
v -462.382080 0.147575 -7.309837
v -462.415100 -0.000116 -4.197380
v -462.414246 0.147577 -4.295940
v -463.136597 -0.000116 -4.205048
v -463.135498 0.147577 -4.303696
v -468.161499 0.165227 -6.798851
v -468.161499 0.350787 -6.798851
v -468.163269 0.340382 -6.638809
v -468.164856 0.350788 -6.478703
v -468.177795 0.165228 -5.250237
v -468.177795 0.350788 -5.250237
v -460.966980 0.340383 -5.013226
v -468.179565 0.340383 -5.090218
v -460.968567 0.350788 -4.853210
v -468.181396 0.350788 -4.930153
v -468.164856 0.350788 -6.478703
v -468.164856 0.165228 -6.478703
v -468.161499 0.350787 -6.798851
v -468.181396 0.350788 -4.930153
v -468.181396 0.165228 -4.930153
v -460.965210 0.350788 -5.173286
v -468.177795 0.350788 -5.250237
v -473.200256 -0.000118 -7.523914
v -473.201416 0.147575 -7.425266
v -473.234497 -0.000116 -4.312767
v -473.233521 0.147577 -4.411438
v -473.201416 0.147575 -7.425266
v -473.922607 0.147575 -7.432930
v -473.233521 0.147577 -4.411438
v -473.954773 0.147577 -4.419106
v -473.921448 -0.000118 -7.531578
v -473.922607 0.147575 -7.432930
v -473.200256 -0.000118 -7.523914
v -473.201416 0.147575 -7.425266
v -473.234497 -0.000116 -4.312767
v -473.233521 0.147577 -4.411438
v -473.955872 -0.000116 -4.320477
v -473.954773 0.147577 -4.419106
v -469.593872 -0.000118 -7.485382
v -469.594971 0.147575 -7.386826
v -469.628052 -0.000116 -4.274284
v -469.627136 0.147577 -4.372929
v -469.594971 0.147575 -7.386826
v -470.316101 0.147575 -7.394470
v -469.627136 0.147577 -4.372929
v -470.348328 0.147577 -4.380573
v -470.315063 -0.000118 -7.493164
v -470.316101 0.147575 -7.394470
v -469.593872 -0.000118 -7.485382
v -469.594971 0.147575 -7.386826
v -469.628052 -0.000116 -4.274284
v -469.627136 0.147577 -4.372929
v -470.349426 -0.000116 -4.282017
v -470.348328 0.147577 -4.380573
v -475.374329 0.165227 -6.875820
v -475.374329 0.350787 -6.875820
v -475.375916 0.340382 -6.715714
v -475.377686 0.350787 -6.555698
v -475.390869 0.165228 -5.327206
v -475.390869 0.350788 -5.327206
v -475.392395 0.340383 -5.167229
v -475.394287 0.350788 -5.007122
v -475.377686 0.350787 -6.555698
v -475.377686 0.165228 -6.555698
v -475.374329 0.350787 -6.875820
v -475.394287 0.350788 -5.007122
v -475.394287 0.165228 -5.007122
v -475.390869 0.350788 -5.327206
v -480.413147 -0.000118 -7.600883
v -480.414246 0.147575 -7.502239
v -480.447327 -0.000116 -4.389717
v -480.446411 0.147577 -4.488342
v -480.414246 0.147575 -7.502239
v -481.135437 0.147575 -7.509945
v -480.446411 0.147577 -4.488342
v -481.167603 0.147577 -4.496098
v -481.134521 -0.000118 -7.608551
v -481.135437 0.147575 -7.509945
v -480.413147 -0.000118 -7.600883
v -480.414246 0.147575 -7.502239
v -480.447327 -0.000116 -4.389717
v -480.446411 0.147577 -4.488342
v -481.168762 -0.000116 -4.397449
v -481.167603 0.147577 -4.496098
v -476.806702 -0.000118 -7.562378
v -476.807800 0.147575 -7.463730
v -476.840881 -0.000116 -4.351231
v -476.839966 0.147577 -4.449902
v -476.807800 0.147575 -7.463730
v -477.529053 0.147575 -7.471462
v -476.839966 0.147577 -4.449902
v -477.561157 0.147577 -4.457565
v -477.528076 -0.000118 -7.570019
v -477.529053 0.147575 -7.471462
v -476.806702 -0.000118 -7.562378
v -476.807800 0.147575 -7.463730
v -476.840881 -0.000116 -4.351231
v -476.839966 0.147577 -4.449902
v -477.562317 -0.000116 -4.358917
v -477.561157 0.147577 -4.457565
v -482.587158 0.165227 -6.952724
v -482.587158 0.350787 -6.952724
v -482.589050 0.340382 -6.792706
v -482.590576 0.350787 -6.632645
v -482.603760 0.165228 -5.404171
v -482.603760 0.350788 -5.404171
v -482.605347 0.340383 -5.244091
v -482.607117 0.350788 -5.084095
v -482.590576 0.350787 -6.632645
v -482.590576 0.165227 -6.632645
v -482.587158 0.350787 -6.952724
v -482.607117 0.350788 -5.084095
v -482.607117 0.165228 -5.084095
v -482.603760 0.350788 -5.404171
v -487.625977 -0.000118 -7.677784
v -487.627136 0.147575 -7.579163
v -487.660156 -0.000116 -4.466682
v -487.659241 0.147577 -4.565331
v -487.627136 0.147575 -7.579163
v -488.348328 0.147575 -7.586895
v -487.659241 0.147577 -4.565331
v -488.380493 0.147577 -4.573002
v -488.347168 -0.000118 -7.685562
v -488.348328 0.147575 -7.586895
v -487.625977 -0.000118 -7.677784
v -487.627136 0.147575 -7.579163
v -487.660156 -0.000116 -4.466682
v -487.659241 0.147577 -4.565331
v -488.381592 -0.000116 -4.474350
v -488.380493 0.147577 -4.573002
v -484.019531 -0.000118 -7.639347
v -484.020691 0.147575 -7.540699
v -484.053772 -0.000116 -4.428242
v -484.052856 0.147577 -4.526871
v -484.020691 0.147575 -7.540699
v -484.741882 0.147575 -7.548363
v -484.052856 0.147577 -4.526871
v -484.774048 0.147577 -4.534538
v -484.740784 -0.000118 -7.647034
v -484.741882 0.147575 -7.548363
v -484.019531 -0.000118 -7.639347
v -484.020691 0.147575 -7.540699
v -484.053772 -0.000116 -4.428242
v -484.052856 0.147577 -4.526871
v -484.775146 -0.000116 -4.435886
v -484.774048 0.147577 -4.534538
v -489.799866 0.165227 -7.029713
v -489.799866 0.350787 -7.029713
v -489.801636 0.340382 -6.869652
v -489.803406 0.350787 -6.709568
v -489.816406 0.165228 -5.481163
v -489.816406 0.350788 -5.481163
v -489.818176 0.340383 -5.321079
v -489.819946 0.350788 -5.161060
v -489.803406 0.350787 -6.709568
v -489.803406 0.165227 -6.709568
v -489.799866 0.350787 -7.029713
v -489.819946 0.350788 -5.161060
v -489.819946 0.165228 -5.161060
v -489.816406 0.350788 -5.481163
v -494.838867 -0.000118 -7.754757
v -494.839966 0.147575 -7.656086
v -494.873047 -0.000116 -4.543629
v -494.871948 0.147577 -4.642258
v -494.839966 0.147575 -7.656086
v -495.561157 0.147575 -7.663795
v -494.871948 0.147577 -4.642258
v -495.593323 0.147577 -4.649967
v -495.560059 -0.000118 -7.762466
v -495.561157 0.147575 -7.663795
v -494.838867 -0.000118 -7.754757
v -494.839966 0.147575 -7.656086
v -494.873047 -0.000116 -4.543629
v -494.871948 0.147577 -4.642258
v -495.594421 -0.000116 -4.551342
v -495.593323 0.147577 -4.649967
v -491.232422 -0.000118 -7.716316
v -491.233521 0.147575 -7.617687
v -491.266602 -0.000116 -4.505104
v -491.265503 0.147577 -4.603794
v -491.233521 0.147575 -7.617687
v -491.954712 0.147575 -7.625332
v -491.265503 0.147577 -4.603794
v -491.986877 0.147577 -4.611504
v -491.953613 -0.000118 -7.723980
v -491.954712 0.147575 -7.625332
v -491.232422 -0.000118 -7.716316
v -491.233521 0.147575 -7.617687
v -491.266602 -0.000116 -4.505104
v -491.265503 0.147577 -4.603794
v -491.988037 -0.000116 -4.512878
v -491.986877 0.147577 -4.611504
v -497.012939 0.165227 -7.106663
v -497.012939 0.350787 -7.106663
v -497.014709 0.340382 -6.946579
v -497.016235 0.350787 -6.786583
v -497.029236 0.165228 -5.558022
v -497.029236 0.350788 -5.558022
v -497.031067 0.340383 -5.398048
v -497.032837 0.350788 -5.237942
v -497.016235 0.350787 -6.786583
v -497.016235 0.165227 -6.786583
v -497.012939 0.350787 -7.106663
v -497.032837 0.350788 -5.237942
v -497.032837 0.165228 -5.237942
v -497.029236 0.350788 -5.558022
v -502.051514 -0.000118 -7.831722
v -502.052795 0.147575 -7.733101
v -502.085876 -0.000116 -4.620602
v -502.084961 0.147577 -4.719204
v -502.052795 0.147575 -7.733101
v -502.774048 0.147575 -7.740807
v -502.084961 0.147577 -4.719204
v -502.806152 0.147577 -4.726982
v -502.772888 -0.000118 -7.839436
v -502.774048 0.147575 -7.740807
v -502.051514 -0.000118 -7.831722
v -502.052795 0.147575 -7.733101
v -502.085876 -0.000116 -4.620602
v -502.084961 0.147577 -4.719204
v -502.807312 -0.000116 -4.628311
v -502.806152 0.147577 -4.726982
v -498.445251 -0.000118 -7.793217
v -498.446106 0.147575 -7.694572
v -498.479492 -0.000116 -4.582119
v -498.478577 0.147577 -4.680767
v -498.446106 0.147575 -7.694572
v -499.167603 0.147575 -7.702347
v -498.478577 0.147577 -4.680767
v -499.199768 0.147577 -4.688431
v -499.166504 -0.000118 -7.800949
v -499.167603 0.147575 -7.702347
v -498.445251 -0.000118 -7.793217
v -498.446106 0.147575 -7.694572
v -498.479492 -0.000116 -4.582119
v -498.478577 0.147577 -4.680767
v -499.200684 -0.000116 -4.589783
v -499.199768 0.147577 -4.688431
v -504.225525 0.165226 -7.183651
v -504.225525 0.350787 -7.183651
v -504.227356 0.340382 -7.023571
v -504.229126 0.350787 -6.863506
v -504.242126 0.165228 -5.635036
v -504.242126 0.350788 -5.635036
v -504.243896 0.340368 -5.475018
v -504.245667 0.350788 -5.314957
v -504.229126 0.350787 -6.863506
v -504.229126 0.165227 -6.863506
v -504.225525 0.350787 -7.183651
v -504.245667 0.350788 -5.314957
v -504.245667 0.165228 -5.314957
v -504.242126 0.350788 -5.635036
v -509.367188 -0.000114 1.708450
v -509.368042 0.147579 1.807098
v -509.401367 -0.000113 4.919556
v -509.400208 0.147580 4.820930
v -509.368042 0.147579 1.807098
v -510.089417 0.147579 1.799393
v -509.400208 0.147580 4.820930
v -510.121399 0.147580 4.813217
v -510.088379 -0.000114 1.700764
v -510.089417 0.147579 1.799393
v -509.367188 -0.000114 1.708450
v -509.368042 0.147579 1.807098
v -509.401367 -0.000113 4.919556
v -509.400208 0.147580 4.820930
v -510.122498 -0.000113 4.911842
v -510.121399 0.147580 4.813217
v -505.760742 -0.000114 1.746872
v -505.761597 0.147579 1.845497
v -505.794861 -0.000113 4.958061
v -505.793823 0.147580 4.859390
v -505.761597 0.147579 1.845497
v -506.482971 0.147579 1.837852
v -505.793823 0.147580 4.859390
v -506.515198 0.147580 4.851749
v -506.481873 -0.000114 1.739227
v -506.482971 0.147579 1.837852
v -505.760742 -0.000114 1.746872
v -505.761597 0.147579 1.845497
v -505.794861 -0.000113 4.958061
v -505.793823 0.147580 4.859390
v -506.516052 -0.000113 4.950306
v -506.515198 0.147580 4.851749
v -511.541199 0.165231 2.356548
v -511.541199 0.350790 2.356548
v -511.542786 0.340385 2.516605
v -511.544556 0.350790 2.676624
v -511.557495 0.165231 3.905140
v -511.557495 0.350791 3.905140
v -504.346436 0.340386 4.142128
v -511.559326 0.340386 4.065178
v -504.348206 0.350791 4.302166
v -511.560913 0.350791 4.225243
v -511.544556 0.350790 2.676624
v -511.544556 0.165231 2.676624
v -511.541199 0.350790 2.356548
v -511.560913 0.350791 4.225243
v -511.560913 0.165231 4.225243
v -504.344910 0.350791 3.982086
v -511.557495 0.350791 3.905140
v -516.580017 -0.000114 1.631481
v -516.580872 0.147579 1.730083
v -516.614197 -0.000113 4.842651
v -516.613098 0.147580 4.744003
v -516.580872 0.147579 1.730083
v -517.302368 0.147579 1.722420
v -516.613098 0.147580 4.744003
v -517.334473 0.147580 4.736244
v -517.301208 -0.000114 1.623772
v -517.302368 0.147579 1.722420
v -516.580017 -0.000114 1.631481
v -516.580872 0.147579 1.730083
v -516.614197 -0.000113 4.842651
v -516.613098 0.147580 4.744003
v -517.335388 -0.000113 4.834873
v -517.334473 0.147580 4.736244
v -512.973572 -0.000114 1.669968
v -512.974426 0.147579 1.768635
v -513.007812 -0.000113 4.881092
v -513.006653 0.147580 4.782467
v -512.974426 0.147579 1.768635
v -513.695862 0.147579 1.760883
v -513.006653 0.147580 4.782467
v -513.728088 0.147580 4.774754
v -513.694702 -0.000114 1.662304
v -513.695862 0.147579 1.760883
v -512.973572 -0.000114 1.669968
v -512.974426 0.147579 1.768635
v -513.007812 -0.000113 4.881092
v -513.006653 0.147580 4.782467
v -513.728943 -0.000113 4.873444
v -513.728088 0.147580 4.774754
v -518.753845 0.165231 2.279621
v -518.753845 0.350790 2.279621
v -518.755676 0.340385 2.439640
v -518.757263 0.350790 2.599720
v -518.770386 0.165231 3.828171
v -518.770386 0.350791 3.828171
v -518.772217 0.340386 3.988231
v -518.773987 0.350791 4.148251
v -518.757263 0.350790 2.599720
v -518.757263 0.165231 2.599720
v -518.753845 0.350790 2.279621
v -518.773987 0.350791 4.148251
v -518.773987 0.165231 4.148251
v -518.770386 0.350791 3.828171
v -523.792847 -0.000114 1.554539
v -523.793701 0.147579 1.653206
v -523.827087 -0.000113 4.765678
v -523.825928 0.147580 4.666988
v -523.793701 0.147579 1.653206
v -524.515198 0.147579 1.645451
v -523.825928 0.147580 4.666988
v -524.547180 0.147580 4.659348
v -524.514099 -0.000114 1.546757
v -524.515198 0.147579 1.645451
v -523.792847 -0.000114 1.554539
v -523.793701 0.147579 1.653206
v -523.827087 -0.000113 4.765678
v -523.825928 0.147580 4.666988
v -524.548218 -0.000113 4.757969
v -524.547180 0.147580 4.659348
v -520.186462 -0.000114 1.592999
v -520.187317 0.147579 1.691620
v -520.220642 -0.000113 4.804123
v -520.219543 0.147580 4.705452
v -520.187317 0.147579 1.691620
v -520.908691 0.147579 1.683956
v -520.219543 0.147580 4.705452
v -520.940918 0.147580 4.697784
v -520.907654 -0.000114 1.585308
v -520.908691 0.147579 1.683956
v -520.186462 -0.000114 1.592999
v -520.187317 0.147579 1.691620
v -520.220642 -0.000113 4.804123
v -520.219543 0.147580 4.705452
v -520.941772 -0.000113 4.796432
v -520.940918 0.147580 4.697784
v -525.966736 0.165230 2.202652
v -525.966736 0.350790 2.202652
v -525.968506 0.340385 2.362690
v -525.970276 0.350790 2.522754
v -525.983521 0.165231 3.751201
v -525.983521 0.350791 3.751201
v -525.985107 0.340386 3.911266
v -525.986877 0.350791 4.071304
v -525.970276 0.350790 2.522754
v -525.970276 0.165231 2.522754
v -525.966736 0.350790 2.202652
v -525.986877 0.350791 4.071304
v -525.986877 0.165231 4.071304
v -525.983521 0.350791 3.751201
v -531.005493 -0.000114 1.477566
v -531.006592 0.147579 1.576233
v -531.039917 -0.000113 4.688690
v -531.038818 0.147580 4.590065
v -531.006592 0.147579 1.576233
v -531.728027 0.147579 1.568550
v -531.038818 0.147580 4.590065
v -531.760193 0.147580 4.582355
v -531.726929 -0.000114 1.469902
v -531.728027 0.147579 1.568550
v -531.005493 -0.000114 1.477566
v -531.006592 0.147579 1.576233
v -531.039917 -0.000113 4.688690
v -531.038818 0.147580 4.590065
v -531.761047 -0.000113 4.681000
v -531.760193 0.147580 4.582355
v -527.399048 -0.000114 1.516006
v -527.400146 0.147579 1.614697
v -527.433472 -0.000113 4.727219
v -527.432373 0.147580 4.628571
v -527.400146 0.147579 1.614697
v -528.121338 0.147579 1.606991
v -527.432373 0.147580 4.628571
v -528.153564 0.147580 4.620815
v -528.120483 -0.000114 1.508362
v -528.121338 0.147579 1.606991
v -527.399048 -0.000114 1.516006
v -527.400146 0.147579 1.614697
v -527.433472 -0.000113 4.727219
v -527.432373 0.147580 4.628571
v -528.154724 -0.000113 4.719444
v -528.153564 0.147580 4.620815
v -533.179871 0.165230 2.125683
v -533.179871 0.350790 2.125683
v -533.181335 0.340385 2.285743
v -533.182922 0.350790 2.445781
v -533.196167 0.165231 3.674297
v -533.196167 0.350791 3.674297
v -533.197937 0.340386 3.834293
v -533.199463 0.350791 3.994377
v -533.182922 0.350790 2.445781
v -533.182922 0.165231 2.445781
v -533.179871 0.350790 2.125683
v -533.199463 0.350791 3.994377
v -533.199463 0.165231 3.994377
v -533.196167 0.350791 3.674297
v -538.218323 -0.000114 1.400597
v -538.219421 0.147579 1.499222
v -538.252808 -0.000113 4.611721
v -538.251648 0.147580 4.513119
v -538.219421 0.147579 1.499222
v -538.940674 0.147579 1.491554
v -538.251648 0.147580 4.513119
v -538.972839 0.147580 4.505383
v -538.939819 -0.000114 1.392910
v -538.940674 0.147579 1.491554
v -538.218323 -0.000114 1.400597
v -538.219421 0.147579 1.499222
v -538.252808 -0.000113 4.611721
v -538.251648 0.147580 4.513119
v -538.973999 -0.000113 4.604034
v -538.972839 0.147580 4.505383
v -534.612183 -0.000114 1.439102
v -534.613037 0.147579 1.537773
v -534.646362 -0.000113 4.650230
v -534.645264 0.147580 4.551601
v -534.613037 0.147579 1.537773
v -535.334229 0.147579 1.530018
v -534.645264 0.147580 4.551601
v -535.366455 0.147580 4.543915
v -535.333374 -0.000114 1.431370
v -535.334229 0.147579 1.530018
v -534.612183 -0.000114 1.439102
v -534.613037 0.147579 1.537773
v -534.646362 -0.000113 4.650230
v -534.645264 0.147580 4.551601
v -535.367554 -0.000113 4.642586
v -535.366455 0.147580 4.543915
v -540.392456 0.165230 2.048714
v -540.392456 0.350790 2.048714
v -540.394226 0.340385 2.208774
v -540.395813 0.350790 2.368816
v -540.408997 0.165231 3.597286
v -540.408997 0.350791 3.597286
v -540.410767 0.340386 3.757324
v -540.412292 0.350791 3.917366
v -540.395813 0.350790 2.368816
v -540.395813 0.165231 2.368816
v -540.392456 0.350790 2.048714
v -540.412292 0.350791 3.917366
v -540.412292 0.165231 3.917366
v -540.408997 0.350791 3.597286
v -545.431152 -0.000115 1.323647
v -545.432312 0.147579 1.422295
v -545.465637 -0.000113 4.534817
v -545.464539 0.147580 4.436195
v -545.432312 0.147579 1.422295
v -546.153748 0.147579 1.414589
v -545.464539 0.147580 4.436195
v -546.185730 0.147580 4.428482
v -546.152649 -0.000115 1.315941
v -546.153748 0.147579 1.414589
v -545.431152 -0.000115 1.323647
v -545.432312 0.147579 1.422295
v -545.465637 -0.000113 4.534817
v -545.464539 0.147580 4.436195
v -546.186829 -0.000113 4.527042
v -546.185730 0.147580 4.428482
v -541.824829 -0.000114 1.362137
v -541.825867 0.147579 1.460758
v -541.858948 -0.000113 4.573257
v -541.858093 0.147580 4.474590
v -541.825867 0.147579 1.460758
v -542.547363 0.147579 1.453114
v -541.858093 0.147580 4.474590
v -542.579285 0.147580 4.466946
v -542.546204 -0.000114 1.354465
v -542.547363 0.147579 1.453114
v -541.824829 -0.000114 1.362137
v -541.825867 0.147579 1.460758
v -541.858948 -0.000113 4.573257
v -541.858093 0.147580 4.474590
v -542.580444 -0.000113 4.565571
v -542.579285 0.147580 4.466946
v -547.605286 0.165230 1.971809
v -547.605286 0.350790 1.971809
v -547.607056 0.340385 2.131805
v -547.608887 0.350790 2.291889
v -547.621887 0.165231 3.520336
v -547.621887 0.350791 3.520336
v -547.623413 0.340371 3.680401
v -547.625183 0.350791 3.840439
v -547.608887 0.350790 2.291889
v -547.608887 0.165231 2.291889
v -547.605286 0.350790 1.971809
v -547.625183 0.350791 3.840439
v -547.625183 0.165231 3.840439
v -547.621887 0.350791 3.520336
v -509.315735 -0.000116 -3.100121
v -509.316833 0.147578 -3.001427
v -509.350098 -0.000115 0.111027
v -509.348999 0.147579 0.012398
v -509.316833 0.147578 -3.001427
v -510.038025 0.147578 -3.009209
v -509.348999 0.147579 0.012398
v -510.070190 0.147579 0.004688
v -510.037109 -0.000116 -3.107765
v -510.038025 0.147578 -3.009209
v -509.315735 -0.000116 -3.100121
v -509.316833 0.147578 -3.001427
v -509.350098 -0.000115 0.111027
v -509.348999 0.147579 0.012398
v -510.071350 -0.000115 0.103313
v -510.070190 0.147579 0.004688
v -505.709290 -0.000116 -3.061661
v -505.710449 0.147578 -2.963036
v -505.743713 -0.000115 0.149441
v -505.742554 0.147579 0.050793
v -505.710449 0.147578 -2.963036
v -506.431641 0.147578 -2.970676
v -505.742554 0.147579 0.050793
v -506.463806 0.147579 0.043152
v -506.430725 -0.000116 -3.069324
v -506.431641 0.147578 -2.970676
v -505.709290 -0.000116 -3.061661
v -505.710449 0.147578 -2.963036
v -505.743713 -0.000115 0.149441
v -505.742554 0.147579 0.050793
v -506.464905 -0.000115 0.141777
v -506.463806 0.147579 0.043152
v -511.489868 0.165229 -2.451984
v -511.489868 0.350789 -2.451984
v -511.491333 0.340384 -2.291988
v -511.493225 0.350789 -2.131901
v -511.506348 0.165229 -0.903385
v -511.506348 0.350790 -0.903385
v -504.295105 0.340384 -0.666424
v -511.508118 0.340384 -0.743397
v -504.296875 0.350790 -0.506428
v -511.509705 0.350790 -0.583286
v -511.493225 0.350789 -2.131901
v -511.493225 0.165229 -2.131901
v -511.489868 0.350789 -2.451984
v -511.509705 0.350790 -0.583286
v -511.509705 0.165230 -0.583286
v -504.293518 0.350790 -0.826508
v -511.506348 0.350790 -0.903385
v -516.528564 -0.000116 -3.177090
v -516.529724 0.147578 -3.078442
v -516.562805 -0.000115 0.034012
v -516.561951 0.147579 -0.064594
v -516.529724 0.147578 -3.078442
v -517.250916 0.147578 -3.086132
v -516.561951 0.147579 -0.064594
v -517.283081 0.147579 -0.072300
v -517.250000 -0.000116 -3.184757
v -517.250916 0.147578 -3.086132
v -516.528564 -0.000116 -3.177090
v -516.529724 0.147578 -3.078442
v -516.562805 -0.000115 0.034012
v -516.561951 0.147579 -0.064594
v -517.284180 -0.000115 0.026348
v -517.283081 0.147579 -0.072300
v -512.922180 -0.000116 -3.138653
v -512.923279 0.147578 -3.039959
v -512.956360 -0.000115 0.072563
v -512.955261 0.147579 -0.026108
v -512.923279 0.147578 -3.039959
v -513.644653 0.147578 -3.047668
v -512.955261 0.147579 -0.026108
v -513.676636 0.147579 -0.033840
v -513.643372 -0.000116 -3.146297
v -513.644653 0.147578 -3.047668
v -512.922180 -0.000116 -3.138653
v -512.923279 0.147578 -3.039959
v -512.956360 -0.000115 0.072563
v -512.955261 0.147579 -0.026108
v -513.677734 -0.000115 0.064808
v -513.676636 0.147579 -0.033840
v -518.702698 0.165229 -2.528996
v -518.702698 0.350789 -2.528996
v -518.704285 0.340384 -2.368912
v -518.706055 0.350789 -2.208874
v -518.719177 0.165229 -0.980358
v -518.719177 0.350790 -0.980358
v -518.720764 0.340384 -0.820362
v -518.722595 0.350790 -0.660301
v -518.706055 0.350789 -2.208874
v -518.706055 0.165229 -2.208874
v -518.702698 0.350789 -2.528996
v -518.722595 0.350790 -0.660301
v -518.722595 0.165230 -0.660301
v -518.719177 0.350790 -0.980358
v -523.741455 -0.000116 -3.254063
v -523.742554 0.147578 -3.155434
v -523.775818 -0.000115 -0.042847
v -523.774780 0.147579 -0.141541
v -523.742554 0.147578 -3.155434
v -524.463745 0.147578 -3.163078
v -523.774780 0.147579 -0.141541
v -524.495911 0.147579 -0.149250
v -524.462646 -0.000116 -3.261772
v -524.463745 0.147578 -3.163078
v -523.741455 -0.000116 -3.254063
v -523.742554 0.147578 -3.155434
v -523.775818 -0.000115 -0.042847
v -523.774780 0.147579 -0.141541
v -524.497070 -0.000115 -0.050625
v -524.495911 0.147579 -0.149250
v -520.135010 -0.000116 -3.215530
v -520.136108 0.147578 -3.116905
v -520.169495 -0.000115 -0.004452
v -520.168335 0.147579 -0.103077
v -520.136108 0.147578 -3.116905
v -520.857361 0.147578 -3.124638
v -520.168335 0.147579 -0.103077
v -520.889465 0.147579 -0.110741
v -520.856506 -0.000116 -3.223309
v -520.857361 0.147578 -3.124638
v -520.135010 -0.000116 -3.215530
v -520.136108 0.147578 -3.116905
v -520.169495 -0.000115 -0.004452
v -520.168335 0.147579 -0.103077
v -520.890442 -0.000115 -0.012096
v -520.889465 0.147579 -0.110741
v -525.915527 0.165229 -2.605965
v -525.915527 0.350789 -2.605965
v -525.917114 0.340384 -2.445858
v -525.918945 0.350789 -2.285774
v -525.932068 0.165229 -1.057373
v -525.932068 0.350790 -1.057373
v -525.933655 0.340384 -0.897285
v -525.935425 0.350790 -0.737247
v -525.918945 0.350789 -2.285774
v -525.918945 0.165229 -2.285774
v -525.915527 0.350789 -2.605965
v -525.935425 0.350790 -0.737247
v -525.935425 0.165230 -0.737247
v -525.932068 0.350790 -1.057373
v -530.954285 -0.000116 -3.330959
v -530.955444 0.147578 -3.232292
v -530.988525 -0.000115 -0.119839
v -530.987366 0.147579 -0.218464
v -530.955444 0.147578 -3.232292
v -531.676636 0.147578 -3.240070
v -530.987366 0.147579 -0.218464
v -531.708862 0.147579 -0.226177
v -531.675476 -0.000116 -3.338741
v -531.676636 0.147578 -3.240070
v -530.954285 -0.000116 -3.330959
v -530.955444 0.147578 -3.232292
v -530.988525 -0.000115 -0.119839
v -530.987366 0.147579 -0.218464
v -531.709717 -0.000115 -0.127529
v -531.708862 0.147579 -0.226177
v -527.347839 -0.000116 -3.292522
v -527.348816 0.147578 -3.193874
v -527.382080 -0.000115 -0.081375
v -527.380920 0.147579 -0.180046
v -527.348816 0.147578 -3.193874
v -528.070190 0.147578 -3.201542
v -527.380920 0.147579 -0.180046
v -528.102356 0.147579 -0.187714
v -528.069092 -0.000116 -3.300167
v -528.070190 0.147578 -3.201542
v -527.347839 -0.000116 -3.292522
v -527.348816 0.147578 -3.193874
v -527.382080 -0.000115 -0.081375
v -527.380920 0.147579 -0.180046
v -528.103455 -0.000115 -0.089088
v -528.102356 0.147579 -0.187714
v -533.128235 0.165229 -2.682846
v -533.128235 0.350789 -2.682846
v -533.130005 0.340384 -2.522850
v -533.131775 0.350789 -2.362766
v -533.144897 0.165229 -1.134296
v -533.144897 0.350790 -1.134296
v -533.146484 0.340384 -0.974258
v -533.148315 0.350790 -0.814217
v -533.131775 0.350789 -2.362766
v -533.131775 0.165229 -2.362766
v -533.128235 0.350789 -2.682846
v -533.148315 0.350790 -0.814217
v -533.148315 0.165230 -0.814217
v -533.144897 0.350790 -1.134296
v -538.167175 -0.000116 -3.407932
v -538.168091 0.147578 -3.309307
v -538.201355 -0.000115 -0.196804
v -538.200256 0.147579 -0.295479
v -538.168091 0.147578 -3.309307
v -538.889465 0.147578 -3.317017
v -538.200256 0.147579 -0.295479
v -538.921692 0.147579 -0.303188
v -538.888367 -0.000116 -3.415623
v -538.889465 0.147578 -3.317017
v -538.167175 -0.000116 -3.407932
v -538.168091 0.147578 -3.309307
v -538.201355 -0.000115 -0.196804
v -538.200256 0.147579 -0.295479
v -538.922729 -0.000115 -0.204517
v -538.921692 0.147579 -0.303188
v -534.560730 -0.000116 -3.369492
v -534.561829 0.147578 -3.270844
v -534.594910 -0.000115 -0.158321
v -534.593811 0.147579 -0.256927
v -534.561829 0.147578 -3.270844
v -535.283081 0.147578 -3.278534
v -534.593811 0.147579 -0.256927
v -535.315186 0.147579 -0.264702
v -535.281921 -0.000116 -3.377159
v -535.283081 0.147578 -3.278534
v -534.560730 -0.000116 -3.369492
v -534.561829 0.147578 -3.270844
v -534.594910 -0.000115 -0.158321
v -534.593811 0.147579 -0.256927
v -535.316101 -0.000115 -0.166054
v -535.315186 0.147579 -0.264702
v -540.341248 0.165229 -2.759861
v -540.341248 0.350789 -2.759861
v -540.342834 0.340384 -2.599754
v -540.344604 0.350789 -2.439716
v -540.357605 0.165229 -1.211243
v -540.357605 0.350790 -1.211243
v -540.359375 0.340384 -1.051228
v -540.361145 0.350790 -0.891167
v -540.344604 0.350789 -2.439716
v -540.344604 0.165229 -2.439716
v -540.341248 0.350789 -2.759861
v -540.361145 0.350790 -0.891167
v -540.361145 0.165229 -0.891167
v -540.357605 0.350790 -1.211243
v -545.380005 -0.000116 -3.484924
v -545.380920 0.147578 -3.386230
v -545.414185 -0.000115 -0.273777
v -545.413086 0.147579 -0.372383
v -545.380920 0.147578 -3.386230
v -546.102356 0.147578 -3.393940
v -545.413086 0.147579 -0.372383
v -546.134583 0.147579 -0.380116
v -546.101196 -0.000116 -3.492588
v -546.102356 0.147578 -3.393940
v -545.380005 -0.000116 -3.484924
v -545.380920 0.147578 -3.386230
v -545.414185 -0.000115 -0.273777
v -545.413086 0.147579 -0.372383
v -546.135437 -0.000115 -0.281490
v -546.134583 0.147579 -0.380116
v -541.773560 -0.000116 -3.446396
v -541.774475 0.147578 -3.347767
v -541.807800 -0.000115 -0.235268
v -541.806641 0.147579 -0.333942
v -541.774475 0.147578 -3.347767
v -542.495911 0.147578 -3.355480
v -541.806641 0.147579 -0.333942
v -542.528137 0.147579 -0.341583
v -542.494812 -0.000116 -3.454128
v -542.495911 0.147578 -3.355480
v -541.773560 -0.000116 -3.446396
v -541.774475 0.147578 -3.347767
v -541.807800 -0.000115 -0.235268
v -541.806641 0.147579 -0.333942
v -542.529175 -0.000115 -0.242958
v -542.528137 0.147579 -0.341583
v -547.553894 0.165229 -2.836784
v -547.553894 0.350789 -2.836784
v -547.555725 0.340384 -2.676720
v -547.557495 0.350789 -2.516705
v -547.570435 0.165229 -1.288216
v -547.570435 0.350790 -1.288216
v -547.572205 0.340370 -1.128197
v -547.573975 0.350790 -0.968132
v -547.557495 0.350789 -2.516705
v -547.557495 0.165229 -2.516705
v -547.553894 0.350789 -2.836784
v -547.573975 0.350790 -0.968132
v -547.573975 0.165229 -0.968132
v -547.570435 0.350790 -1.288216
v -509.264526 -0.000118 -7.908649
v -509.265503 0.147575 -7.810070
v -509.298767 -0.000116 -4.697506
v -509.297607 0.147577 -4.796173
v -509.265503 0.147575 -7.810070
v -509.986877 0.147575 -7.817734
v -509.297607 0.147577 -4.796173
v -510.018860 0.147577 -4.803837
v -509.985779 -0.000118 -7.916382
v -509.986877 0.147575 -7.817734
v -509.264526 -0.000118 -7.908649
v -509.265503 0.147575 -7.810070
v -509.298767 -0.000116 -4.697506
v -509.297607 0.147577 -4.796173
v -510.019958 -0.000116 -4.705212
v -510.018860 0.147577 -4.803837
v -505.658142 -0.000118 -7.870186
v -505.659241 0.147575 -7.771564
v -505.692322 -0.000116 -4.659107
v -505.691223 0.147577 -4.757732
v -505.659241 0.147575 -7.771564
v -506.380432 0.147575 -7.779205
v -505.691223 0.147577 -4.757732
v -506.412598 0.147577 -4.765377
v -506.379333 -0.000118 -7.877895
v -506.380432 0.147575 -7.779205
v -505.658142 -0.000118 -7.870186
v -505.659241 0.147575 -7.771564
v -505.692322 -0.000116 -4.659107
v -505.691223 0.147577 -4.757732
v -506.413757 -0.000116 -4.666748
v -506.412598 0.147577 -4.765377
v -511.438416 0.165226 -7.260513
v -511.438416 0.350787 -7.260513
v -511.440186 0.340382 -7.100517
v -511.441956 0.350787 -6.940430
v -511.454956 0.165228 -5.712029
v -511.454956 0.350788 -5.712029
v -504.243896 0.340383 -5.475018
v -511.456787 0.340383 -5.551922
v -504.245667 0.350788 -5.314957
v -511.458557 0.350788 -5.391926
v -511.441956 0.350787 -6.940430
v -511.441956 0.165227 -6.940430
v -511.438416 0.350787 -7.260513
v -511.458557 0.350788 -5.391926
v -511.458557 0.165228 -5.391926
v -504.242126 0.350788 -5.635036
v -511.454956 0.350788 -5.712029
v -516.477417 -0.000118 -7.985619
v -516.478333 0.147575 -7.886971
v -516.511597 -0.000116 -4.774521
v -516.510681 0.147577 -4.873142
v -516.478333 0.147575 -7.886971
v -517.199768 0.147575 -7.894749
v -516.510681 0.147577 -4.873142
v -517.231873 0.147577 -4.880833
v -517.198608 -0.000118 -7.993282
v -517.199768 0.147575 -7.894749
v -516.477417 -0.000118 -7.985619
v -516.478333 0.147575 -7.886971
v -516.511597 -0.000116 -4.774521
v -516.510681 0.147577 -4.873142
v -517.232788 -0.000116 -4.782185
v -517.231873 0.147577 -4.880833
v -512.870972 -0.000118 -7.947178
v -512.872131 0.147575 -7.848530
v -512.905212 -0.000116 -4.736057
v -512.904053 0.147577 -4.834705
v -512.872131 0.147575 -7.848530
v -513.593079 0.147575 -7.856194
v -512.904053 0.147577 -4.834705
v -513.625244 0.147577 -4.842369
v -513.592163 -0.000118 -7.954823
v -513.593079 0.147575 -7.856194
v -512.870972 -0.000118 -7.947178
v -512.872131 0.147575 -7.848530
v -512.905212 -0.000116 -4.736057
v -512.904053 0.147577 -4.834705
v -513.626404 -0.000116 -4.743721
v -513.625244 0.147577 -4.842369
v -518.651245 0.165226 -7.337528
v -518.651245 0.350787 -7.337528
v -518.653076 0.340382 -7.177509
v -518.654602 0.350787 -7.017445
v -518.667847 0.165228 -5.788883
v -518.667847 0.350788 -5.788883
v -518.669617 0.340383 -5.628891
v -518.671387 0.350788 -5.468826
v -518.654602 0.350787 -7.017445
v -518.654602 0.165227 -7.017445
v -518.651245 0.350787 -7.337528
v -518.671387 0.350788 -5.468826
v -518.671387 0.165228 -5.468826
v -518.667847 0.350788 -5.788883
v -523.690247 -0.000118 -8.062588
v -523.691162 0.147575 -7.963963
v -523.724487 -0.000116 -4.851486
v -523.723328 0.147577 -4.950134
v -523.691162 0.147575 -7.963963
v -524.412415 0.147575 -7.971630
v -523.723328 0.147577 -4.950134
v -524.444580 0.147577 -4.957798
v -524.411499 -0.000118 -8.070297
v -524.412415 0.147575 -7.971630
v -523.690247 -0.000118 -8.062588
v -523.691162 0.147575 -7.963963
v -523.724487 -0.000116 -4.851486
v -523.723328 0.147577 -4.950134
v -524.445679 -0.000116 -4.859150
v -524.444580 0.147577 -4.957798
v -520.083618 -0.000118 -8.024124
v -520.084778 0.147575 -7.925499
v -520.118042 -0.000116 -4.812981
v -520.116943 0.147577 -4.911602
v -520.084778 0.147575 -7.925499
v -520.805908 0.147575 -7.933167
v -520.116943 0.147577 -4.911602
v -520.838135 0.147577 -4.919384
v -520.805054 -0.000118 -8.031837
v -520.805908 0.147575 -7.933167
v -520.083618 -0.000118 -8.024124
v -520.084778 0.147575 -7.925499
v -520.118042 -0.000116 -4.812981
v -520.116943 0.147577 -4.911602
v -520.839417 -0.000116 -4.820713
v -520.838135 0.147577 -4.919384
v -525.864136 0.165226 -7.414516
v -525.864136 0.350787 -7.414516
v -525.865906 0.340382 -7.254387
v -525.867737 0.350787 -7.094418
v -525.880676 0.165228 -5.865898
v -525.880676 0.350788 -5.865898
v -525.882263 0.340383 -5.705906
v -525.884033 0.350788 -5.545773
v -525.867737 0.350787 -7.094418
v -525.867737 0.165227 -7.094418
v -525.864136 0.350787 -7.414516
v -525.884033 0.350788 -5.545773
v -525.884033 0.165228 -5.545773
v -525.880676 0.350788 -5.865898
v -530.902954 -0.000119 -8.139580
v -530.904053 0.147575 -8.040886
v -530.937317 -0.000116 -4.928368
v -530.936218 0.147577 -5.027039
v -530.904053 0.147575 -8.040886
v -531.625427 0.147575 -8.048595
v -530.936218 0.147577 -5.027039
v -531.657410 0.147577 -5.034771
v -531.624329 -0.000119 -8.147270
v -531.625427 0.147575 -8.048595
v -530.902954 -0.000119 -8.139580
v -530.904053 0.147575 -8.040886
v -530.937317 -0.000116 -4.928368
v -530.936218 0.147577 -5.027039
v -531.658508 -0.000116 -4.936142
v -531.657410 0.147577 -5.034771
v -527.296509 -0.000119 -8.101048
v -527.297607 0.147575 -8.002403
v -527.330872 -0.000116 -4.889908
v -527.329773 0.147577 -4.988598
v -527.297607 0.147575 -8.002403
v -528.018738 0.147575 -8.010136
v -527.329773 0.147577 -4.988598
v -528.050964 0.147577 -4.996239
v -528.017883 -0.000119 -8.108807
v -528.018738 0.147575 -8.010136
v -527.296509 -0.000119 -8.101048
v -527.297607 0.147575 -8.002403
v -527.330872 -0.000116 -4.889908
v -527.329773 0.147577 -4.988598
v -528.052124 -0.000116 -4.897614
v -528.050964 0.147577 -4.996239
v -533.076965 0.165226 -7.491467
v -533.076965 0.350787 -7.491467
v -533.078735 0.340382 -7.331379
v -533.080322 0.350787 -7.171383
v -533.093567 0.165228 -5.942822
v -533.093567 0.350788 -5.942822
v -533.095337 0.340383 -5.782784
v -533.096924 0.350788 -5.622787
v -533.080322 0.350787 -7.171383
v -533.080322 0.165227 -7.171383
v -533.076965 0.350787 -7.491467
v -533.096924 0.350788 -5.622787
v -533.096924 0.165228 -5.622787
v -533.093567 0.350788 -5.942822
v -538.115784 -0.000119 -8.216461
v -538.116882 0.147575 -8.117836
v -538.150208 -0.000117 -5.005383
v -538.149048 0.147577 -5.104004
v -538.116882 0.147575 -8.117836
v -538.838135 0.147575 -8.125610
v -538.149048 0.147577 -5.104004
v -538.870239 0.147577 -5.111717
v -538.837158 -0.000119 -8.224236
v -538.838135 0.147575 -8.125610
v -538.115784 -0.000119 -8.216461
v -538.116882 0.147575 -8.117836
v -538.150208 -0.000117 -5.005383
v -538.149048 0.147577 -5.104004
v -538.871399 -0.000117 -5.013046
v -538.870239 0.147577 -5.111717
v -534.509338 -0.000119 -8.178062
v -534.510498 0.147575 -8.079395
v -534.543762 -0.000117 -4.966919
v -534.542603 0.147577 -5.065567
v -534.510498 0.147575 -8.079395
v -535.231689 0.147575 -8.087086
v -534.542603 0.147577 -5.065567
v -535.263855 0.147577 -5.073231
v -535.230774 -0.000119 -8.185684
v -535.231689 0.147575 -8.087086
v -534.509338 -0.000119 -8.178062
v -534.510498 0.147575 -8.079395
v -534.543762 -0.000117 -4.966919
v -534.542603 0.147577 -5.065567
v -535.264954 -0.000117 -4.974586
v -535.263855 0.147577 -5.073231
v -540.289917 0.165226 -7.568390
v -540.289917 0.350787 -7.568390
v -540.291687 0.340382 -7.408367
v -540.293213 0.350787 -7.248260
v -540.306396 0.165228 -6.019836
v -540.306396 0.350788 -6.019836
v -540.308167 0.340383 -5.859756
v -540.309753 0.350788 -5.699760
v -540.293213 0.350787 -7.248260
v -540.293213 0.165226 -7.248260
v -540.289917 0.350787 -7.568390
v -540.309753 0.350788 -5.699760
v -540.309753 0.165228 -5.699760
v -540.306396 0.350788 -6.019836
v -545.328613 -0.000119 -8.293449
v -545.329773 0.147575 -8.194801
v -545.362854 -0.000117 -5.082352
v -545.361938 0.147577 -5.180977
v -545.329773 0.147575 -8.194801
v -546.050964 0.147575 -8.202473
v -545.361938 0.147577 -5.180977
v -546.083130 0.147577 -5.188663
v -546.050049 -0.000119 -8.301163
v -546.050964 0.147575 -8.202473
v -545.328613 -0.000119 -8.293449
v -545.329773 0.147575 -8.194801
v -545.362854 -0.000117 -5.082352
v -545.361938 0.147577 -5.180977
v -546.084229 -0.000117 -5.090015
v -546.083130 0.147577 -5.188663
v -541.722229 -0.000119 -8.254990
v -541.723328 0.147575 -8.156361
v -541.756409 -0.000117 -5.043846
v -541.755493 0.147577 -5.142467
v -541.723328 0.147575 -8.156361
v -542.444519 0.147575 -8.164009
v -541.755493 0.147577 -5.142467
v -542.476685 0.147577 -5.150177
v -542.443604 -0.000119 -8.262657
v -542.444519 0.147575 -8.164009
v -541.722229 -0.000119 -8.254990
v -541.723328 0.147575 -8.156361
v -541.756409 -0.000117 -5.043846
v -541.755493 0.147577 -5.142467
v -542.477844 -0.000117 -5.051552
v -542.476685 0.147577 -5.150177
v -547.502747 0.165226 -7.645359
v -547.502747 0.350787 -7.645359
v -547.504272 0.340382 -7.485252
v -547.506042 0.350787 -7.325275
v -547.519287 0.165228 -6.096764
v -547.519287 0.350788 -6.096764
v -547.520874 0.340368 -5.936722
v -547.522644 0.350788 -5.776665
v -547.506042 0.350787 -7.325275
v -547.506042 0.165226 -7.325275
v -547.502747 0.350787 -7.645359
v -547.522644 0.350788 -5.776665
v -547.522644 0.165228 -5.776665
v -547.519287 0.350788 -6.096764
v -552.644104 -0.000115 1.246750
v -552.645142 0.147579 1.345371
v -552.678528 -0.000114 4.457848
v -552.677368 0.147580 4.359203
v -552.645142 0.147579 1.345371
v -553.366394 0.147579 1.337597
v -552.677368 0.147580 4.359203
v -553.398560 0.147580 4.351490
v -553.365234 -0.000115 1.239037
v -553.366394 0.147579 1.337597
v -552.644104 -0.000115 1.246750
v -552.645142 0.147579 1.345371
v -552.678528 -0.000114 4.457848
v -552.677368 0.147580 4.359203
v -553.399719 -0.000114 4.450138
v -553.398560 0.147580 4.351490
v -549.037659 -0.000115 1.285164
v -549.038818 0.147579 1.383835
v -549.072083 -0.000113 4.496288
v -549.070923 0.147580 4.397663
v -549.038818 0.147579 1.383835
v -549.759949 0.147579 1.376125
v -549.070923 0.147580 4.397663
v -549.792175 0.147580 4.389954
v -549.759094 -0.000115 1.277500
v -549.759949 0.147579 1.376125
v -549.037659 -0.000115 1.285164
v -549.038818 0.147579 1.383835
v -549.072083 -0.000113 4.496288
v -549.070923 0.147580 4.397663
v -549.793274 -0.000114 4.488602
v -549.792175 0.147580 4.389954
v -554.818176 0.165230 1.894794
v -554.818176 0.350790 1.894794
v -554.819763 0.340385 2.054813
v -554.821533 0.350790 2.214943
v -554.834717 0.165231 3.443371
v -554.834717 0.350791 3.443371
v -547.623413 0.340386 3.680401
v -554.836243 0.340386 3.603428
v -547.625183 0.350791 3.840439
v -554.838013 0.350791 3.763515
v -554.821533 0.350790 2.214943
v -554.821533 0.165230 2.214943
v -554.818176 0.350790 1.894794
v -554.838013 0.350791 3.763515
v -554.838013 0.165231 3.763515
v -547.621887 0.350791 3.520336
v -554.834717 0.350791 3.443371
v -559.856934 -0.000115 1.169735
v -559.858093 0.147579 1.268356
v -559.891174 -0.000114 4.380878
v -559.890259 0.147580 4.282230
v -559.858093 0.147579 1.268356
v -560.579224 0.147579 1.260712
v -559.890259 0.147580 4.282230
v -560.611450 0.147580 4.274544
v -560.578186 -0.000115 1.162067
v -560.579224 0.147579 1.260712
v -559.856934 -0.000115 1.169735
v -559.858093 0.147579 1.268356
v -559.891174 -0.000114 4.380878
v -559.890259 0.147580 4.282230
v -560.612549 -0.000114 4.373169
v -560.611450 0.147580 4.274544
v -556.250549 -0.000115 1.208199
v -556.251648 0.147579 1.306820
v -556.284729 -0.000114 4.419388
v -556.283813 0.147580 4.320717
v -556.251648 0.147579 1.306820
v -556.973083 0.147579 1.299156
v -556.283813 0.147580 4.320717
v -557.005005 0.147580 4.313026
v -556.971680 -0.000115 1.200508
v -556.973083 0.147579 1.299156
v -556.250549 -0.000115 1.208199
v -556.251648 0.147579 1.306820
v -556.284729 -0.000114 4.419388
v -556.283813 0.147580 4.320717
v -557.006104 -0.000114 4.411633
v -557.005005 0.147580 4.313026
v -562.031006 0.165230 1.817848
v -562.031006 0.350790 1.817848
v -562.032776 0.340385 1.977955
v -562.034363 0.350790 2.137951
v -562.047607 0.165231 3.366424
v -562.047607 0.350791 3.366424
v -562.049072 0.340386 3.526439
v -562.050964 0.350791 3.686546
v -562.034363 0.350790 2.137951
v -562.034363 0.165230 2.137951
v -562.031006 0.350790 1.817848
v -562.050964 0.350791 3.686546
v -562.050964 0.165231 3.686546
v -562.047607 0.350791 3.366424
v -567.069824 -0.000115 1.092762
v -567.070923 0.147579 1.191433
v -567.104187 -0.000114 4.303951
v -567.103088 0.147580 4.205330
v -567.070923 0.147579 1.191433
v -567.792053 0.147579 1.183723
v -567.103088 0.147580 4.205330
v -567.824280 0.147580 4.197552
v -567.791199 -0.000115 1.085098
v -567.792053 0.147579 1.183723
v -567.069824 -0.000115 1.092762
v -567.070923 0.147579 1.191433
v -567.104187 -0.000114 4.303951
v -567.103088 0.147580 4.205330
v -567.825439 -0.000114 4.296200
v -567.824280 0.147580 4.197552
v -563.463379 -0.000115 1.131271
v -563.464478 0.147579 1.229919
v -563.497559 -0.000114 4.342415
v -563.496643 0.147580 4.243767
v -563.464478 0.147579 1.229919
v -564.185669 0.147579 1.222187
v -563.496643 0.147580 4.243767
v -564.217896 0.147580 4.236084
v -564.184814 -0.000115 1.123562
v -564.185669 0.147579 1.222187
v -563.463379 -0.000115 1.131271
v -563.464478 0.147579 1.229919
v -563.497559 -0.000114 4.342415
v -563.496643 0.147580 4.243767
v -564.218994 -0.000114 4.334709
v -564.217896 0.147580 4.236084
v -569.243835 0.165230 1.740883
v -569.243835 0.350790 1.740883
v -569.245422 0.340385 1.900940
v -569.247253 0.350790 2.060959
v -569.260437 0.165231 3.289497
v -569.260437 0.350791 3.289497
v -569.262207 0.340386 3.449558
v -569.263794 0.350791 3.609577
v -569.247253 0.350790 2.060959
v -569.247253 0.165230 2.060959
v -569.243835 0.350790 1.740883
v -569.263794 0.350791 3.609577
v -569.263794 0.165231 3.609577
v -569.260437 0.350791 3.289497
v -574.282654 -0.000115 1.015862
v -574.283813 0.147579 1.114487
v -574.316895 -0.000114 4.226986
v -574.315918 0.147580 4.128315
v -574.283813 0.147579 1.114487
v -575.005005 0.147579 1.106754
v -574.315918 0.147580 4.128315
v -575.037170 0.147580 4.120628
v -575.004089 -0.000115 1.008106
v -575.005005 0.147579 1.106754
v -574.282654 -0.000115 1.015862
v -574.283813 0.147579 1.114487
v -574.316895 -0.000114 4.226986
v -574.315918 0.147580 4.128315
v -575.038269 -0.000114 4.219322
v -575.037170 0.147580 4.120628
v -570.676208 -0.000115 1.054302
v -570.677368 0.147579 1.152969
v -570.710449 -0.000114 4.265400
v -570.709534 0.147580 4.166801
v -570.677368 0.147579 1.152969
v -571.398499 0.147579 1.145283
v -570.709534 0.147580 4.166801
v -571.430725 0.147580 4.159088
v -571.397461 -0.000115 1.046635
v -571.398499 0.147579 1.145283
v -570.676208 -0.000115 1.054302
v -570.677368 0.147579 1.152969
v -570.710449 -0.000114 4.265400
v -570.709534 0.147580 4.166801
v -571.431824 -0.000114 4.257782
v -571.430725 0.147580 4.159088
v -576.456543 0.165230 1.663929
v -576.456543 0.350790 1.663929
v -576.458313 0.340385 1.823975
v -576.460083 0.350790 1.984081
v -576.473267 0.165231 3.212482
v -576.473267 0.350791 3.212482
v -576.475098 0.340386 3.372566
v -576.476685 0.350791 3.532562
v -576.460083 0.350790 1.984081
v -576.460083 0.165230 1.984081
v -576.456543 0.350790 1.663929
v -576.476685 0.350791 3.532562
v -576.476685 0.165231 3.532562
v -576.473267 0.350791 3.212482
v -581.495544 -0.000115 0.938915
v -581.496643 0.147579 1.037560
v -581.529724 -0.000114 4.150013
v -581.528809 0.147580 4.051365
v -581.496643 0.147579 1.037560
v -582.217834 0.147579 1.029850
v -581.528809 0.147580 4.051365
v -582.250000 0.147580 4.043682
v -582.216736 -0.000115 0.931202
v -582.217834 0.147579 1.029850
v -581.495544 -0.000115 0.938915
v -581.496643 0.147579 1.037560
v -581.529724 -0.000114 4.150013
v -581.528809 0.147580 4.051365
v -582.251160 -0.000114 4.142307
v -582.250000 0.147580 4.043682
v -577.889099 -0.000115 0.977333
v -577.890198 0.147579 1.075958
v -577.923279 -0.000114 4.188477
v -577.922180 0.147580 4.089855
v -577.890198 0.147579 1.075958
v -578.611450 0.147579 1.068314
v -577.922180 0.147580 4.089855
v -578.643555 0.147580 4.082142
v -578.610291 -0.000115 0.969666
v -578.611450 0.147579 1.068314
v -577.889099 -0.000115 0.977333
v -577.890198 0.147579 1.075958
v -577.923279 -0.000114 4.188477
v -577.922180 0.147580 4.089855
v -578.644531 -0.000114 4.180771
v -578.643555 0.147580 4.082142
v -583.669556 0.165230 1.587006
v -583.669556 0.350790 1.587006
v -583.671448 0.340385 1.747002
v -583.672974 0.350790 1.907089
v -583.685974 0.165231 3.135624
v -583.685974 0.350791 3.135624
v -583.687744 0.340386 3.295597
v -583.689514 0.350791 3.455703
v -583.672974 0.350790 1.907089
v -583.672974 0.165230 1.907089
v -583.669556 0.350790 1.587006
v -583.689514 0.350791 3.455703
v -583.689514 0.165231 3.455703
v -583.685974 0.350791 3.135624
v -588.708374 -0.000115 0.861946
v -588.709473 0.147579 0.960571
v -588.742554 -0.000114 4.072998
v -588.741455 0.147580 3.974399
v -588.709473 0.147579 0.960571
v -589.430725 0.147579 0.952862
v -588.741455 0.147580 3.974399
v -589.462891 0.147580 3.966686
v -589.429565 -0.000115 0.854237
v -589.430725 0.147579 0.952862
v -588.708374 -0.000115 0.861946
v -588.709473 0.147579 0.960571
v -588.742554 -0.000114 4.072998
v -588.741455 0.147580 3.974399
v -589.463989 -0.000114 4.065334
v -589.462891 0.147580 3.966686
v -585.101929 -0.000115 0.900410
v -585.102783 0.147579 0.999035
v -585.136169 -0.000114 4.111553
v -585.135254 0.147580 4.012882
v -585.102783 0.147579 0.999035
v -585.824280 0.147579 0.991325
v -585.135254 0.147580 4.012882
v -585.856445 0.147580 4.005219
v -585.823181 -0.000115 0.892696
v -585.824280 0.147579 0.991325
v -585.101929 -0.000115 0.900410
v -585.102783 0.147579 0.999035
v -585.136169 -0.000114 4.111553
v -585.135254 0.147580 4.012882
v -585.857544 -0.000114 4.103867
v -585.856445 0.147580 4.005219
v -590.882263 0.165230 1.509995
v -590.882263 0.350790 1.509995
v -590.884033 0.340385 1.670078
v -590.885803 0.350790 1.830143
v -590.898987 0.165231 3.058635
v -590.898987 0.350790 3.058635
v -590.900574 0.340371 3.218628
v -590.902344 0.350791 3.378711
v -590.885803 0.350790 1.830143
v -590.885803 0.165230 1.830143
v -590.882263 0.350790 1.509995
v -590.902344 0.350791 3.378711
v -590.902344 0.165231 3.378711
v -590.898987 0.350790 3.058635
v -552.592834 -0.000116 -3.561893
v -552.593811 0.147578 -3.463245
v -552.627075 -0.000115 -0.350723
v -552.625916 0.147579 -0.449329
v -552.593811 0.147578 -3.463245
v -553.315186 0.147578 -3.470936
v -552.625916 0.147579 -0.449329
v -553.347412 0.147579 -0.457039
v -553.314087 -0.000116 -3.569557
v -553.315186 0.147578 -3.470936
v -552.592834 -0.000116 -3.561893
v -552.593811 0.147578 -3.463245
v -552.627075 -0.000115 -0.350723
v -552.625916 0.147579 -0.449329
v -553.348267 -0.000115 -0.358456
v -553.347412 0.147579 -0.457039
v -548.986450 -0.000116 -3.523388
v -548.987549 0.147578 -3.424740
v -549.020630 -0.000115 -0.312241
v -549.019531 0.147579 -0.410908
v -548.987549 0.147578 -3.424740
v -549.708740 0.147578 -3.432404
v -549.019531 0.147579 -0.410908
v -549.740967 0.147579 -0.418575
v -549.707642 -0.000116 -3.531029
v -549.708740 0.147578 -3.432404
v -548.986450 -0.000116 -3.523388
v -548.987549 0.147578 -3.424740
v -549.020630 -0.000115 -0.312241
v -549.019531 0.147579 -0.410908
v -549.742126 -0.000115 -0.319931
v -549.740967 0.147579 -0.418575
v -554.766785 0.165229 -2.913731
v -554.766785 0.350789 -2.913731
v -554.768555 0.340384 -2.753716
v -554.770325 0.350789 -2.593655
v -554.783264 0.165229 -1.365162
v -554.783264 0.350790 -1.365162
v -547.572205 0.340384 -1.128197
v -554.785095 0.340384 -1.205097
v -547.573975 0.350790 -0.968132
v -554.786865 0.350790 -1.045101
v -554.770325 0.350789 -2.593655
v -554.770325 0.165229 -2.593655
v -554.766785 0.350789 -2.913731
v -554.786865 0.350790 -1.045101
v -554.786865 0.165229 -1.045101
v -547.570435 0.350790 -1.288216
v -554.783264 0.350790 -1.365162
v -559.805542 -0.000116 -3.638794
v -559.806641 0.147578 -3.540169
v -559.839905 -0.000115 -0.427715
v -559.838806 0.147579 -0.526344
v -559.806641 0.147578 -3.540169
v -560.528076 0.147578 -3.547882
v -559.838806 0.147579 -0.526344
v -560.560242 0.147579 -0.534008
v -560.526917 -0.000116 -3.646572
v -560.528076 0.147578 -3.547882
v -559.805542 -0.000116 -3.638794
v -559.806641 0.147578 -3.540169
v -559.839905 -0.000115 -0.427715
v -559.838806 0.147579 -0.526344
v -560.561157 -0.000115 -0.435360
v -560.560242 0.147579 -0.534008
v -556.199280 -0.000116 -3.600334
v -556.200195 0.147578 -3.501705
v -556.233521 -0.000115 -0.389256
v -556.232361 0.147579 -0.487881
v -556.200195 0.147578 -3.501705
v -556.921631 0.147578 -3.509373
v -556.232361 0.147579 -0.487881
v -556.953552 0.147579 -0.495590
v -556.920471 -0.000116 -3.608017
v -556.921631 0.147578 -3.509373
v -556.199280 -0.000116 -3.600334
v -556.200195 0.147578 -3.501705
v -556.233521 -0.000115 -0.389256
v -556.232361 0.147579 -0.487881
v -556.954712 -0.000115 -0.396896
v -556.953552 0.147579 -0.495590
v -561.979614 0.165229 -2.990723
v -561.979614 0.350789 -2.990723
v -561.981445 0.340384 -2.830662
v -561.983032 0.350789 -2.670578
v -561.996155 0.165229 -1.442177
v -561.996155 0.350790 -1.442177
v -561.997925 0.340384 -1.282089
v -561.999512 0.350790 -1.122051
v -561.983032 0.350789 -2.670578
v -561.983032 0.165229 -2.670578
v -561.979614 0.350789 -2.990723
v -561.999512 0.350790 -1.122051
v -561.999512 0.165229 -1.122051
v -561.996155 0.350790 -1.442177
v -567.018616 -0.000116 -3.715763
v -567.019470 0.147578 -3.617092
v -567.052551 -0.000115 -0.504642
v -567.051636 0.147579 -0.603268
v -567.019470 0.147578 -3.617092
v -567.740906 0.147578 -3.624805
v -567.051636 0.147579 -0.603268
v -567.773132 0.147579 -0.610977
v -567.739807 -0.000116 -3.723473
v -567.740906 0.147578 -3.624805
v -567.018616 -0.000116 -3.715763
v -567.019470 0.147578 -3.617092
v -567.052551 -0.000115 -0.504642
v -567.051636 0.147579 -0.603268
v -567.773987 -0.000115 -0.512352
v -567.773132 0.147579 -0.610977
v -563.412231 -0.000116 -3.677326
v -563.413086 0.147578 -3.578678
v -563.446350 -0.000115 -0.466110
v -563.445312 0.147579 -0.564785
v -563.413086 0.147578 -3.578678
v -564.134460 0.147578 -3.586342
v -563.445312 0.147579 -0.564785
v -564.166687 0.147579 -0.572517
v -564.133362 -0.000116 -3.684990
v -564.134460 0.147578 -3.586342
v -563.412231 -0.000116 -3.677326
v -563.413086 0.147578 -3.578678
v -563.446350 -0.000115 -0.466110
v -563.445312 0.147579 -0.564785
v -564.167542 -0.000115 -0.473888
v -564.166687 0.147579 -0.572517
v -569.192505 0.165229 -3.067650
v -569.192505 0.350789 -3.067650
v -569.194275 0.340384 -2.907585
v -569.196045 0.350789 -2.747593
v -569.208984 0.165229 -1.519032
v -569.208984 0.350790 -1.519032
v -569.210815 0.340384 -1.359058
v -569.212341 0.350790 -1.198948
v -569.196045 0.350789 -2.747593
v -569.196045 0.165229 -2.747593
v -569.192505 0.350789 -3.067650
v -569.212341 0.350790 -1.198948
v -569.212341 0.165229 -1.198948
v -569.208984 0.350790 -1.519032
v -574.231262 -0.000116 -3.792736
v -574.232361 0.147578 -3.694107
v -574.265625 -0.000115 -0.581589
v -574.264587 0.147579 -0.680214
v -574.232361 0.147578 -3.694107
v -574.953735 0.147578 -3.701820
v -574.264587 0.147579 -0.680214
v -574.985718 0.147579 -0.687992
v -574.952637 -0.000116 -3.800419
v -574.953735 0.147578 -3.701820
v -574.231262 -0.000116 -3.792736
v -574.232361 0.147578 -3.694107
v -574.265625 -0.000115 -0.581589
v -574.264587 0.147579 -0.680214
v -574.986816 -0.000115 -0.589298
v -574.985718 0.147579 -0.687992
v -570.625061 -0.000116 -3.754250
v -570.625916 0.147578 -3.655579
v -570.659180 -0.000115 -0.543125
v -570.658142 0.147579 -0.641731
v -570.625916 0.147578 -3.655579
v -571.347351 0.147578 -3.663334
v -570.658142 0.147579 -0.641731
v -571.379578 0.147579 -0.649441
v -571.346191 -0.000116 -3.761959
v -571.347351 0.147578 -3.663334
v -570.625061 -0.000116 -3.754250
v -570.625916 0.147578 -3.655579
v -570.659180 -0.000115 -0.543125
v -570.658142 0.147579 -0.641731
v -571.380432 -0.000115 -0.550789
v -571.379578 0.147579 -0.649441
v -576.405579 0.165229 -3.144665
v -576.405579 0.350789 -3.144665
v -576.407104 0.340384 -2.984577
v -576.408691 0.350789 -2.824516
v -576.421875 0.165229 -1.596046
v -576.421875 0.350790 -1.596046
v -576.423645 0.340384 -1.435959
v -576.425232 0.350790 -1.275963
v -576.408691 0.350789 -2.824516
v -576.408691 0.165229 -2.824516
v -576.405579 0.350789 -3.144665
v -576.425232 0.350790 -1.275963
v -576.425232 0.165229 -1.275963
v -576.421875 0.350790 -1.596046
v -581.444336 -0.000116 -3.869659
v -581.445190 0.147578 -3.771011
v -581.478577 -0.000115 -0.658558
v -581.477417 0.147579 -0.757179
v -581.445190 0.147578 -3.771011
v -582.166443 0.147578 -3.778744
v -581.477417 0.147579 -0.757179
v -582.198547 0.147579 -0.764851
v -582.165283 -0.000116 -3.877392
v -582.166443 0.147578 -3.778744
v -581.444336 -0.000116 -3.869659
v -581.445190 0.147578 -3.771011
v -581.478577 -0.000115 -0.658558
v -581.477417 0.147579 -0.757179
v -582.199707 -0.000115 -0.666222
v -582.198547 0.147579 -0.764851
v -577.837952 -0.000116 -3.831196
v -577.838806 0.147578 -3.732571
v -577.872131 -0.000115 -0.620071
v -577.871033 0.147579 -0.718742
v -577.838806 0.147578 -3.732571
v -578.560181 0.147578 -3.740215
v -577.871033 0.147579 -0.718742
v -578.592407 0.147579 -0.726387
v -578.559143 -0.000116 -3.838860
v -578.560181 0.147578 -3.740215
v -577.837952 -0.000116 -3.831196
v -577.838806 0.147578 -3.732571
v -577.872131 -0.000115 -0.620071
v -577.871033 0.147579 -0.718742
v -578.593262 -0.000115 -0.627762
v -578.592407 0.147579 -0.726387
v -583.618225 0.165229 -3.221519
v -583.618225 0.350789 -3.221519
v -583.619995 0.340384 -3.061523
v -583.621582 0.350789 -2.901443
v -583.634705 0.165229 -1.673012
v -583.634705 0.350790 -1.673012
v -583.636475 0.340384 -1.512932
v -583.638062 0.350790 -1.352936
v -583.621582 0.350789 -2.901443
v -583.621582 0.165229 -2.901443
v -583.618225 0.350789 -3.221519
v -583.638062 0.350790 -1.352936
v -583.638062 0.165229 -1.352936
v -583.634705 0.350790 -1.673012
v -588.656921 -0.000116 -3.946583
v -588.658081 0.147578 -3.847980
v -588.691162 -0.000115 -0.735527
v -588.690308 0.147578 -0.834175
v -588.658081 0.147578 -3.847980
v -589.379456 0.147578 -3.855736
v -588.690308 0.147578 -0.834175
v -589.411499 0.147578 -0.841839
v -589.378418 -0.000116 -3.954296
v -589.379456 0.147578 -3.855736
v -588.656921 -0.000116 -3.946583
v -588.658081 0.147578 -3.847980
v -588.691162 -0.000115 -0.735527
v -588.690308 0.147578 -0.834175
v -589.412537 -0.000115 -0.743191
v -589.411499 0.147578 -0.841839
v -585.050537 -0.000116 -3.908188
v -585.051636 0.147578 -3.809544
v -585.084961 -0.000115 -0.697041
v -585.083862 0.147578 -0.795643
v -585.051636 0.147578 -3.809544
v -585.773132 0.147578 -3.817207
v -585.083862 0.147578 -0.795643
v -585.805054 0.147578 -0.803375
v -585.771973 -0.000116 -3.915833
v -585.773132 0.147578 -3.817207
v -585.050537 -0.000116 -3.908188
v -585.051636 0.147578 -3.809544
v -585.084961 -0.000115 -0.697041
v -585.083862 0.147578 -0.795643
v -585.806213 -0.000115 -0.704727
v -585.805054 0.147578 -0.803375
v -590.831055 0.165229 -3.298534
v -590.831055 0.350789 -3.298534
v -590.832825 0.340384 -3.138447
v -590.834412 0.350789 -2.978455
v -590.847656 0.165229 -1.749939
v -590.847656 0.350789 -1.749939
v -590.849426 0.340370 -1.589897
v -590.850952 0.350790 -1.429813
v -590.834412 0.350789 -2.978455
v -590.834412 0.165229 -2.978455
v -590.831055 0.350789 -3.298534
v -590.850952 0.350790 -1.429813
v -590.850952 0.165229 -1.429813
v -590.847656 0.350789 -1.749939
v -552.541504 -0.000119 -8.370422
v -552.542603 0.147575 -8.271774
v -552.575867 -0.000117 -5.159321
v -552.574768 0.147577 -5.257942
v -552.542603 0.147575 -8.271774
v -553.263794 0.147575 -8.279480
v -552.574768 0.147577 -5.257942
v -553.295959 0.147577 -5.265633
v -553.262878 -0.000119 -8.378086
v -553.263794 0.147575 -8.279480
v -552.541504 -0.000119 -8.370422
v -552.542603 0.147575 -8.271774
v -552.575867 -0.000117 -5.159321
v -552.574768 0.147577 -5.257942
v -553.296875 -0.000117 -5.167030
v -553.295959 0.147577 -5.265633
v -548.935059 -0.000119 -8.331913
v -548.936157 0.147575 -8.233334
v -548.969238 -0.000117 -5.120770
v -548.968323 0.147577 -5.219437
v -548.936157 0.147575 -8.233334
v -549.657410 0.147575 -8.240997
v -548.968323 0.147577 -5.219437
v -549.689575 0.147577 -5.227104
v -549.656494 -0.000119 -8.339672
v -549.657410 0.147575 -8.240997
v -548.935059 -0.000119 -8.331913
v -548.936157 0.147575 -8.233334
v -548.969238 -0.000117 -5.120770
v -548.968323 0.147577 -5.219437
v -549.690674 -0.000117 -5.128475
v -549.689575 0.147577 -5.227104
v -554.715637 0.165226 -7.722324
v -554.715637 0.350787 -7.722324
v -554.717102 0.340382 -7.562244
v -554.718933 0.350787 -7.402248
v -554.732117 0.165228 -6.173733
v -554.732117 0.350788 -6.173733
v -547.520874 0.340383 -5.936722
v -554.733704 0.340383 -6.013737
v -547.522644 0.350788 -5.776665
v -554.735474 0.350788 -5.853630
v -554.718933 0.350787 -7.402248
v -554.718933 0.165226 -7.402248
v -554.715637 0.350787 -7.722324
v -554.735474 0.350788 -5.853630
v -554.735474 0.165228 -5.853630
v -547.519287 0.350788 -6.096764
v -554.732117 0.350788 -6.173733
v -559.754333 -0.000119 -8.447388
v -559.755493 0.147575 -8.348763
v -559.788574 -0.000117 -5.236240
v -559.787659 0.147577 -5.334869
v -559.755493 0.147575 -8.348763
v -560.476685 0.147575 -8.356430
v -559.787659 0.147577 -5.334869
v -560.508850 0.147577 -5.342602
v -560.475586 -0.000119 -8.455101
v -560.476685 0.147575 -8.356430
v -559.754333 -0.000119 -8.447388
v -559.755493 0.147575 -8.348763
v -559.788574 -0.000117 -5.236240
v -559.787659 0.147577 -5.334869
v -560.509949 -0.000117 -5.243954
v -560.508850 0.147577 -5.342602
v -556.147949 -0.000119 -8.408863
v -556.149048 0.147575 -8.310238
v -556.182312 -0.000117 -5.197784
v -556.181213 0.147577 -5.296406
v -556.149048 0.147575 -8.310238
v -556.870239 0.147575 -8.318012
v -556.181213 0.147577 -5.296406
v -556.902405 0.147577 -5.304115
v -556.869141 -0.000119 -8.416569
v -556.870239 0.147575 -8.318012
v -556.147949 -0.000119 -8.408863
v -556.149048 0.147575 -8.310238
v -556.182312 -0.000117 -5.197784
v -556.181213 0.147577 -5.296406
v -556.903503 -0.000117 -5.205425
v -556.902405 0.147577 -5.304115
v -561.928467 0.165226 -7.799252
v -561.928467 0.350787 -7.799252
v -561.929993 0.340382 -7.639210
v -561.931763 0.350787 -7.479153
v -561.944946 0.165228 -6.250702
v -561.944946 0.350788 -6.250702
v -561.946533 0.340383 -6.090618
v -561.948364 0.350788 -5.930622
v -561.931763 0.350787 -7.479153
v -561.931763 0.165226 -7.479153
v -561.928467 0.350787 -7.799252
v -561.948364 0.350788 -5.930622
v -561.948364 0.165228 -5.930622
v -561.944946 0.350788 -6.250702
v -566.967224 -0.000119 -8.524315
v -566.968323 0.147575 -8.425667
v -567.001404 -0.000117 -5.313213
v -567.000305 0.147577 -5.411861
v -566.968323 0.147575 -8.425667
v -567.689514 0.147575 -8.433399
v -567.000305 0.147577 -5.411861
v -567.721680 0.147577 -5.419502
v -567.688599 -0.000119 -8.532066
v -567.689514 0.147575 -8.433399
v -566.967224 -0.000119 -8.524315
v -566.968323 0.147575 -8.425667
v -567.001404 -0.000117 -5.313213
v -567.000305 0.147577 -5.411861
v -567.722839 -0.000117 -5.320877
v -567.721680 0.147577 -5.419502
v -563.360779 -0.000119 -8.485851
v -563.361877 0.147575 -8.387226
v -563.394958 -0.000117 -5.274750
v -563.393860 0.147577 -5.373398
v -563.361877 0.147575 -8.387226
v -564.083130 0.147575 -8.394867
v -563.393860 0.147577 -5.373398
v -564.115234 0.147577 -5.381042
v -564.082214 -0.000119 -8.493519
v -564.083130 0.147575 -8.394867
v -563.360779 -0.000119 -8.485851
v -563.361877 0.147575 -8.387226
v -563.394958 -0.000117 -5.274750
v -563.393860 0.147577 -5.373398
v -564.116211 -0.000117 -5.282417
v -564.115234 0.147577 -5.381042
v -569.141296 0.165226 -7.876175
v -569.141296 0.350787 -7.876175
v -569.142822 0.340382 -7.716183
v -569.144714 0.350787 -7.556118
v -569.157837 0.165228 -6.327694
v -569.157837 0.350788 -6.327694
v -569.159424 0.340383 -6.167587
v -569.161194 0.350788 -6.007549
v -569.144714 0.350787 -7.556118
v -569.144714 0.165226 -7.556118
v -569.141296 0.350787 -7.876175
v -569.161194 0.350788 -6.007549
v -569.161194 0.165228 -6.007549
v -569.157837 0.350788 -6.327694
v -574.180054 -0.000119 -8.601261
v -574.181213 0.147575 -8.502640
v -574.214294 -0.000117 -5.390182
v -574.213318 0.147577 -5.488808
v -574.181213 0.147575 -8.502640
v -574.902405 0.147575 -8.510345
v -574.213318 0.147577 -5.488808
v -574.934570 0.147577 -5.496517
v -574.901245 -0.000119 -8.608971
v -574.902405 0.147575 -8.510345
v -574.180054 -0.000119 -8.601261
v -574.181213 0.147575 -8.502640
v -574.214294 -0.000117 -5.390182
v -574.213318 0.147577 -5.488808
v -574.935669 -0.000117 -5.397827
v -574.934570 0.147577 -5.496517
v -570.573608 -0.000119 -8.562866
v -570.574768 0.147575 -8.464195
v -570.607849 -0.000117 -5.351654
v -570.606934 0.147577 -5.450279
v -570.574768 0.147575 -8.464195
v -571.295959 0.147575 -8.471882
v -570.606934 0.147577 -5.450279
v -571.328125 0.147577 -5.458035
v -571.294861 -0.000119 -8.570488
v -571.295959 0.147575 -8.471882
v -570.573608 -0.000119 -8.562866
v -570.574768 0.147575 -8.464195
v -570.607849 -0.000117 -5.351654
v -570.606934 0.147577 -5.450279
v -571.329224 -0.000117 -5.359386
v -571.328125 0.147577 -5.458035
v -576.354187 0.165226 -7.953190
v -576.354187 0.350787 -7.953190
v -576.355713 0.340382 -7.793106
v -576.357544 0.350787 -7.633110
v -576.370667 0.165228 -6.404598
v -576.370667 0.350788 -6.404598
v -576.372253 0.340383 -6.244556
v -576.374084 0.350788 -6.084496
v -576.357544 0.350787 -7.633110
v -576.357544 0.165226 -7.633110
v -576.354187 0.350787 -7.953190
v -576.374084 0.350788 -6.084496
v -576.374084 0.165228 -6.084496
v -576.370667 0.350788 -6.404598
v -581.392944 -0.000119 -8.678253
v -581.393860 0.147575 -8.579605
v -581.427124 -0.000117 -5.467083
v -581.426025 0.147577 -5.565731
v -581.393860 0.147575 -8.579605
v -582.115234 0.147575 -8.587318
v -581.426025 0.147577 -5.565731
v -582.147400 0.147577 -5.573490
v -582.114136 -0.000119 -8.685963
v -582.115234 0.147575 -8.587318
v -581.392944 -0.000119 -8.678253
v -581.393860 0.147575 -8.579605
v -581.427124 -0.000117 -5.467083
v -581.426025 0.147577 -5.565731
v -582.148315 -0.000117 -5.474815
v -582.147400 0.147577 -5.573490
v -577.786499 -0.000119 -8.639721
v -577.787598 0.147575 -8.541100
v -577.820679 -0.000117 -5.428623
v -577.819580 0.147577 -5.527271
v -577.787598 0.147575 -8.541100
v -578.508850 0.147575 -8.548809
v -577.819580 0.147577 -5.527271
v -578.540955 0.147577 -5.534939
v -578.507690 -0.000119 -8.647503
v -578.508850 0.147575 -8.548809
v -577.786499 -0.000119 -8.639721
v -577.787598 0.147575 -8.541100
v -577.820679 -0.000117 -5.428623
v -577.819580 0.147577 -5.527271
v -578.541870 -0.000117 -5.436291
v -578.540955 0.147577 -5.534939
v -583.566772 0.165226 -8.030159
v -583.566772 0.350786 -8.030159
v -583.568542 0.340382 -7.870052
v -583.570374 0.350787 -7.710079
v -583.583557 0.165228 -6.481564
v -583.583557 0.350788 -6.481564
v -583.585144 0.340383 -6.321503
v -583.586914 0.350788 -6.161461
v -583.570374 0.350787 -7.710079
v -583.570374 0.165226 -7.710079
v -583.566772 0.350786 -8.030159
v -583.586914 0.350788 -6.161461
v -583.586914 0.165228 -6.161461
v -583.583557 0.350788 -6.481564
v -588.605774 -0.000119 -8.755199
v -588.606689 0.147575 -8.656578
v -588.639954 -0.000117 -5.544056
v -588.638855 0.147577 -5.642746
v -588.606689 0.147575 -8.656578
v -589.328125 0.147575 -8.664284
v -588.638855 0.147577 -5.642746
v -589.360291 0.147577 -5.650368
v -589.326965 -0.000119 -8.762890
v -589.328125 0.147575 -8.664284
v -588.605774 -0.000119 -8.755199
v -588.606689 0.147575 -8.656578
v -588.639954 -0.000117 -5.544056
v -588.638855 0.147577 -5.642746
v -589.361389 -0.000117 -5.551762
v -589.360291 0.147577 -5.650368
v -584.999329 -0.000119 -8.716717
v -585.000244 0.147575 -8.618069
v -585.033569 -0.000117 -5.505569
v -585.032410 0.147577 -5.604240
v -585.000244 0.147575 -8.618069
v -585.721680 0.147575 -8.625732
v -585.032410 0.147577 -5.604240
v -585.753662 0.147577 -5.611904
v -585.720581 -0.000119 -8.724358
v -585.721680 0.147575 -8.625732
v -584.999329 -0.000119 -8.716717
v -585.000244 0.147575 -8.618069
v -585.033569 -0.000117 -5.505569
v -585.032410 0.147577 -5.604240
v -585.754761 -0.000117 -5.513279
v -585.753662 0.147577 -5.611904
v -590.779907 0.165226 -8.107063
v -590.779907 0.350786 -8.107063
v -590.781494 0.340382 -7.947048
v -590.783264 0.350787 -7.786983
v -590.796204 0.165228 -6.558537
v -590.796204 0.350787 -6.558537
v -590.797974 0.340368 -6.398430
v -590.799744 0.350788 -6.238434
v -590.783264 0.350787 -7.786983
v -590.783264 0.165226 -7.786983
v -590.779907 0.350786 -8.107063
v -590.799744 0.350788 -6.238434
v -590.799744 0.165228 -6.238434
v -590.796204 0.350787 -6.558537
v -595.921265 -0.000115 0.784931
v -595.922180 0.147579 0.883602
v -595.955444 -0.000114 3.996143
v -595.954346 0.147580 3.897495
v -595.922180 0.147579 0.883602
v -596.643555 0.147579 0.875916
v -595.954346 0.147580 3.897495
v -596.675537 0.147580 3.889744
v -596.642456 -0.000115 0.777264
v -596.643555 0.147579 0.875916
v -595.921265 -0.000115 0.784931
v -595.922180 0.147579 0.883602
v -595.955444 -0.000114 3.996143
v -595.954346 0.147580 3.897495
v -596.676636 -0.000114 3.988369
v -596.675537 0.147580 3.889744
v -592.314636 -0.000115 0.823460
v -592.315918 0.147579 0.922085
v -592.348999 -0.000114 4.034538
v -592.347900 0.147580 3.935917
v -592.315918 0.147579 0.922085
v -593.037109 0.147579 0.914379
v -592.347900 0.147580 3.935917
v -593.069275 0.147580 3.928295
v -593.036011 -0.000115 0.815773
v -593.037109 0.147579 0.914379
v -592.314636 -0.000115 0.823460
v -592.315918 0.147579 0.922085
v -592.348999 -0.000114 4.034538
v -592.347900 0.147580 3.935917
v -593.070190 -0.000114 4.026894
v -593.069275 0.147580 3.928295
v -598.095337 0.165230 1.433113
v -598.095337 0.350790 1.433113
v -598.096863 0.340385 1.593151
v -598.098633 0.350790 1.753197
v -598.111633 0.165231 2.981621
v -598.111633 0.350790 2.981621
v -590.900574 0.340386 3.218628
v -598.113464 0.340386 3.141701
v -590.902344 0.350791 3.378711
v -598.114990 0.350791 3.301746
v -598.098633 0.350790 1.753197
v -598.098633 0.165230 1.753197
v -598.095337 0.350790 1.433113
v -598.114990 0.350791 3.301746
v -598.115234 0.165231 3.301746
v -590.898987 0.350790 3.058635
v -598.111633 0.350790 2.981621
v -603.134094 -0.000115 0.708031
v -603.135010 0.147579 0.806698
v -603.168274 -0.000114 3.919151
v -603.167175 0.147580 3.820530
v -603.135010 0.147579 0.806698
v -603.856445 0.147579 0.798923
v -603.167175 0.147580 3.820530
v -603.888550 0.147580 3.812816
v -603.855286 -0.000115 0.700294
v -603.856445 0.147579 0.798923
v -603.134094 -0.000115 0.708031
v -603.135010 0.147579 0.806698
v -603.168274 -0.000114 3.919151
v -603.167175 0.147580 3.820530
v -603.889526 -0.000114 3.911442
v -603.888550 0.147580 3.812816
v -599.527649 -0.000115 0.746471
v -599.528503 0.147579 0.845116
v -599.561890 -0.000114 3.957611
v -599.560974 0.147580 3.858967
v -599.528503 0.147579 0.845116
v -600.250000 0.147579 0.837452
v -599.560974 0.147580 3.858967
v -600.282166 0.147580 3.851280
v -600.248840 -0.000115 0.738800
v -600.250000 0.147579 0.837452
v -599.527649 -0.000115 0.746471
v -599.528503 0.147579 0.845116
v -599.561890 -0.000114 3.957611
v -599.560974 0.147580 3.858967
v -600.283081 -0.000114 3.949947
v -600.282166 0.147580 3.851280
v -605.307922 0.165230 1.356148
v -605.307922 0.350790 1.356148
v -605.309753 0.340385 1.516140
v -605.311523 0.350790 1.676224
v -605.324524 0.165231 2.904697
v -605.324524 0.350790 2.904697
v -605.326294 0.340386 3.064735
v -605.328064 0.350791 3.224773
v -605.311523 0.350790 1.676224
v -605.311523 0.165230 1.676224
v -605.307922 0.350790 1.356148
v -605.328064 0.350791 3.224773
v -605.328064 0.165231 3.224773
v -605.324524 0.350790 2.904697
v -610.346924 -0.000115 0.631062
v -610.347900 0.147579 0.729683
v -610.381165 -0.000114 3.842182
v -610.380005 0.147580 3.743515
v -610.347900 0.147579 0.729683
v -611.069275 0.147579 0.721977
v -610.380005 0.147580 3.743515
v -611.101257 0.147580 3.735847
v -611.068176 -0.000115 0.623371
v -611.069275 0.147579 0.721977
v -610.346924 -0.000115 0.631062
v -610.347900 0.147579 0.729683
v -610.381165 -0.000114 3.842182
v -610.380005 0.147580 3.743515
v -611.102356 -0.000114 3.834491
v -611.101257 0.147580 3.735847
v -606.740540 -0.000115 0.669498
v -606.741455 0.147579 0.768169
v -606.774719 -0.000114 3.880687
v -606.773621 0.147580 3.782066
v -606.741455 0.147579 0.768169
v -607.462830 0.147579 0.760460
v -606.773621 0.147580 3.782066
v -607.494995 0.147580 3.774288
v -607.461731 -0.000115 0.661835
v -607.462830 0.147579 0.760460
v -606.740540 -0.000115 0.669498
v -606.741455 0.147579 0.768169
v -606.774719 -0.000114 3.880687
v -606.773621 0.147580 3.782066
v -607.495911 -0.000114 3.872932
v -607.494995 0.147580 3.774288
v -612.520813 0.165230 1.279133
v -612.520813 0.350790 1.279133
v -612.522400 0.340385 1.439240
v -612.524353 0.350790 1.599258
v -612.537354 0.165231 2.827747
v -612.537354 0.350790 2.827747
v -612.539185 0.340386 2.987762
v -612.540955 0.350791 3.147869
v -612.524353 0.350790 1.599258
v -612.524353 0.165230 1.599258
v -612.520813 0.350790 1.279133
v -612.540955 0.350791 3.147869
v -612.540955 0.165231 3.147869
v -612.537354 0.350790 2.827747
v -617.559631 -0.000115 0.554070
v -617.560730 0.147579 0.652718
v -617.593994 -0.000114 3.765278
v -617.592896 0.147580 3.666633
v -617.560730 0.147579 0.652718
v -618.281860 0.147579 0.645050
v -617.592896 0.147580 3.666633
v -618.314087 0.147580 3.658878
v -618.281006 -0.000115 0.546398
v -618.281860 0.147579 0.645050
v -617.559631 -0.000115 0.554070
v -617.560730 0.147579 0.652718
v -617.593994 -0.000114 3.765278
v -617.592896 0.147580 3.666633
v -618.315186 -0.000114 3.757503
v -618.314087 0.147580 3.658878
v -613.953186 -0.000115 0.592598
v -613.954285 0.147579 0.691219
v -613.987610 -0.000114 3.803741
v -613.986450 0.147580 3.705051
v -613.954285 0.147579 0.691219
v -614.675415 0.147579 0.683514
v -613.986450 0.147580 3.705051
v -614.707642 0.147580 3.697410
v -614.674561 -0.000115 0.584862
v -614.675415 0.147579 0.683514
v -613.953186 -0.000115 0.592598
v -613.954285 0.147579 0.691219
v -613.987610 -0.000114 3.803741
v -613.986450 0.147580 3.705051
v -614.708801 -0.000114 3.796032
v -614.707642 0.147580 3.697410
v -619.733643 0.165230 1.202209
v -619.733643 0.350790 1.202209
v -619.735474 0.340385 1.362267
v -619.737305 0.350790 1.522285
v -619.750244 0.165231 2.750801
v -619.750244 0.350790 2.750801
v -619.751831 0.340386 2.910797
v -619.753601 0.350790 3.070858
v -619.737305 0.350790 1.522285
v -619.737305 0.165230 1.522285
v -619.733643 0.350790 1.202209
v -619.753601 0.350790 3.070858
v -619.753601 0.165231 3.070858
v -619.750244 0.350790 2.750801
v -624.772461 -0.000115 0.477211
v -624.773560 0.147579 0.575745
v -624.806641 -0.000114 3.688289
v -624.805725 0.147580 3.589664
v -624.773560 0.147579 0.575745
v -625.494812 0.147579 0.568058
v -624.805725 0.147580 3.589664
v -625.526978 0.147580 3.581955
v -625.493896 -0.000115 0.469433
v -625.494812 0.147579 0.568058
v -624.772461 -0.000115 0.477211
v -624.773560 0.147579 0.575745
v -624.806641 -0.000114 3.688289
v -624.805725 0.147580 3.589664
v -625.528076 -0.000114 3.680534
v -625.526978 0.147580 3.581955
v -621.166016 -0.000115 0.515606
v -621.167175 0.147579 0.614254
v -621.200439 -0.000114 3.726753
v -621.199341 0.147580 3.628082
v -621.167175 0.147579 0.614254
v -621.888367 0.147579 0.606590
v -621.199341 0.147580 3.628082
v -621.920532 0.147580 3.620414
v -621.887451 -0.000115 0.507965
v -621.888367 0.147579 0.606590
v -621.166016 -0.000115 0.515606
v -621.167175 0.147579 0.614254
v -621.200439 -0.000114 3.726753
v -621.199341 0.147580 3.628082
v -621.921631 -0.000114 3.719063
v -621.920532 0.147580 3.620414
v -626.946533 0.165230 1.125282
v -626.946533 0.350790 1.125282
v -626.948303 0.340385 1.285275
v -626.949890 0.350790 1.445339
v -626.963074 0.165231 2.673786
v -626.963074 0.350790 2.673786
v -626.964844 0.340386 2.833893
v -626.966431 0.350790 2.993912
v -626.949890 0.350790 1.445339
v -626.949890 0.165230 1.445339
v -626.946533 0.350790 1.125282
v -626.966431 0.350790 2.993912
v -626.966431 0.165231 2.993912
v -626.963074 0.350790 2.673786
v -631.985291 -0.000115 0.400196
v -631.986450 0.147579 0.498867
v -632.019714 -0.000114 3.611339
v -632.018616 0.147580 3.512695
v -631.986450 0.147579 0.498867
v -632.707642 0.147579 0.491112
v -632.018616 0.147580 3.512695
v -632.739807 0.147580 3.504982
v -632.706726 -0.000115 0.392487
v -632.707642 0.147579 0.491112
v -631.985291 -0.000115 0.400196
v -631.986450 0.147579 0.498867
v -632.019714 -0.000114 3.611339
v -632.018616 0.147580 3.512695
v -632.740906 -0.000114 3.603630
v -632.739807 0.147580 3.504982
v -628.378906 -0.000115 0.438660
v -628.380005 0.147579 0.537281
v -628.413086 -0.000114 3.649738
v -628.412170 0.147580 3.551113
v -628.380005 0.147579 0.537281
v -629.101196 0.147579 0.529663
v -628.412170 0.147580 3.551113
v -629.133606 0.147580 3.543445
v -629.100281 -0.000115 0.430969
v -629.101196 0.147579 0.529663
v -628.378906 -0.000115 0.438660
v -628.380005 0.147579 0.537281
v -628.413086 -0.000114 3.649738
v -628.412170 0.147580 3.551113
v -629.134521 -0.000114 3.642093
v -629.133606 0.147580 3.543445
v -634.159363 0.165230 1.048313
v -634.159363 0.350790 1.048313
v -634.161194 0.340385 1.208351
v -634.162720 0.350790 1.368393
v -634.175964 0.165231 2.596817
v -634.175964 0.350790 2.596817
v -634.177734 0.340371 2.756904
v -634.179321 0.350790 2.917007
v -634.162720 0.350790 1.368393
v -634.162720 0.165230 1.368393
v -634.159363 0.350790 1.048313
v -634.179321 0.350790 2.917007
v -634.179321 0.165231 2.917007
v -634.175964 0.350790 2.596817
v -595.869812 -0.000116 -4.023598
v -595.870911 0.147578 -3.924931
v -595.904297 -0.000115 -0.812519
v -595.903137 0.147578 -0.911098
v -595.870911 0.147578 -3.924931
v -596.592102 0.147577 -3.932636
v -595.903137 0.147578 -0.911098
v -596.624573 0.147578 -0.918808
v -596.591248 -0.000116 -4.031307
v -596.592102 0.147577 -3.932636
v -595.869812 -0.000116 -4.023598
v -595.870911 0.147578 -3.924931
v -595.904297 -0.000115 -0.812519
v -595.903137 0.147578 -0.911098
v -596.625488 -0.000115 -0.820164
v -596.624573 0.147578 -0.918808
v -592.263367 -0.000116 -3.985134
v -592.264526 0.147578 -3.886509
v -592.297607 -0.000115 -0.773987
v -592.296692 0.147578 -0.872616
v -592.264526 0.147578 -3.886509
v -592.985718 0.147578 -3.894173
v -592.296692 0.147578 -0.872616
v -593.017944 0.147578 -0.880280
v -592.984558 -0.000116 -3.992821
v -592.985718 0.147578 -3.894173
v -592.263367 -0.000116 -3.985134
v -592.264526 0.147578 -3.886509
v -592.297607 -0.000115 -0.773987
v -592.296692 0.147578 -0.872616
v -593.019043 -0.000115 -0.781700
v -593.017944 0.147578 -0.880280
v -598.043945 0.165229 -3.375526
v -598.043945 0.350789 -3.375526
v -598.045715 0.340384 -3.215397
v -598.047302 0.350789 -3.055424
v -598.060486 0.165229 -1.826908
v -598.060486 0.350789 -1.826908
v -590.849426 0.340384 -1.589897
v -598.062012 0.340384 -1.666893
v -590.850952 0.350790 -1.429813
v -598.063782 0.350790 -1.506786
v -598.047302 0.350789 -3.055424
v -598.047302 0.165229 -3.055424
v -598.043945 0.350789 -3.375526
v -598.063782 0.350790 -1.506786
v -598.063782 0.165229 -1.506786
v -590.847656 0.350789 -1.749939
v -598.060486 0.350789 -1.826908
v -603.082642 -0.000116 -4.100590
v -603.083801 0.147577 -4.001896
v -603.116882 -0.000115 -0.889423
v -603.116028 0.147578 -0.988071
v -603.083801 0.147577 -4.001896
v -603.804993 0.147577 -4.009609
v -603.116028 0.147578 -0.988071
v -603.837219 0.147578 -0.995777
v -603.804138 -0.000116 -4.108276
v -603.804993 0.147577 -4.009609
v -603.082642 -0.000116 -4.100590
v -603.083801 0.147577 -4.001896
v -603.116882 -0.000115 -0.889423
v -603.116028 0.147578 -0.988071
v -603.838318 -0.000115 -0.897156
v -603.837219 0.147578 -0.995777
v -599.476257 -0.000116 -4.062061
v -599.477356 0.147577 -3.963413
v -599.510437 -0.000115 -0.850914
v -599.509583 0.147578 -0.949608
v -599.477356 0.147577 -3.963413
v -600.198547 0.147577 -3.971146
v -599.509583 0.147578 -0.949608
v -600.230774 0.147578 -0.957249
v -600.197693 -0.000116 -4.069794
v -600.198547 0.147577 -3.971146
v -599.476257 -0.000116 -4.062061
v -599.477356 0.147577 -3.963413
v -599.510437 -0.000115 -0.850914
v -599.509583 0.147578 -0.949608
v -600.231873 -0.000115 -0.858624
v -600.230774 0.147578 -0.957249
v -605.256592 0.165229 -3.452385
v -605.256592 0.350789 -3.452385
v -605.258362 0.340384 -3.292389
v -605.260132 0.350789 -3.132305
v -605.273376 0.165229 -1.903877
v -605.273376 0.350789 -1.903877
v -605.275146 0.340384 -1.743793
v -605.276672 0.350790 -1.583752
v -605.260132 0.350789 -3.132305
v -605.260132 0.165229 -3.132305
v -605.256592 0.350789 -3.452385
v -605.276672 0.350790 -1.583752
v -605.276672 0.165229 -1.583752
v -605.273376 0.350789 -1.903877
v -610.295593 -0.000116 -4.177467
v -610.296631 0.147577 -4.078842
v -610.329712 -0.000115 -0.966389
v -610.328857 0.147578 -1.065014
v -610.296631 0.147577 -4.078842
v -611.017822 0.147577 -4.086620
v -610.328857 0.147578 -1.065014
v -611.050049 0.147578 -1.072681
v -611.016724 -0.000116 -4.185249
v -611.017822 0.147577 -4.086620
v -610.295593 -0.000116 -4.177467
v -610.296631 0.147577 -4.078842
v -610.329712 -0.000115 -0.966389
v -610.328857 0.147578 -1.065014
v -611.051208 -0.000115 -0.974033
v -611.050049 0.147578 -1.072681
v -606.689148 -0.000116 -4.139053
v -606.690186 0.147577 -4.040379
v -606.723267 -0.000115 -0.927929
v -606.722412 0.147578 -1.026531
v -606.690186 0.147577 -4.040379
v -607.411438 0.147577 -4.048069
v -606.722412 0.147578 -1.026531
v -607.443665 0.147578 -1.034241
v -607.410583 -0.000116 -4.146694
v -607.411438 0.147577 -4.048069
v -606.689148 -0.000116 -4.139053
v -606.690186 0.147577 -4.040379
v -606.723267 -0.000115 -0.927929
v -606.722412 0.147578 -1.026531
v -607.444763 -0.000115 -0.935593
v -607.443665 0.147578 -1.034241
v -612.469604 0.165229 -3.529396
v -612.469604 0.350789 -3.529396
v -612.471191 0.340384 -3.369358
v -612.473022 0.350789 -3.209316
v -612.485962 0.165229 -1.980846
v -612.485962 0.350789 -1.980846
v -612.487732 0.340384 -1.820763
v -612.489502 0.350790 -1.660767
v -612.473022 0.350789 -3.209316
v -612.473022 0.165229 -3.209316
v -612.469604 0.350789 -3.529396
v -612.489502 0.350790 -1.660767
v -612.489502 0.165229 -1.660767
v -612.485962 0.350789 -1.980846
v -617.508423 -0.000116 -4.254463
v -617.509583 0.147577 -4.155815
v -617.542664 -0.000115 -1.043362
v -617.541687 0.147578 -1.142010
v -617.509583 0.147577 -4.155815
v -618.230713 0.147577 -4.163479
v -617.541687 0.147578 -1.142010
v -618.262939 0.147578 -1.149673
v -618.229553 -0.000116 -4.262173
v -618.230713 0.147577 -4.163479
v -617.508423 -0.000116 -4.254463
v -617.509583 0.147577 -4.155815
v -617.542664 -0.000115 -1.043362
v -617.541687 0.147578 -1.142010
v -618.264038 -0.000115 -1.051025
v -618.262939 0.147578 -1.149673
v -613.901978 -0.000116 -4.216000
v -613.903137 0.147577 -4.117374
v -613.936157 -0.000115 -1.004810
v -613.935303 0.147578 -1.103477
v -613.903137 0.147577 -4.117374
v -614.624268 0.147577 -4.125015
v -613.935303 0.147578 -1.103477
v -614.656494 0.147578 -1.111191
v -614.623169 -0.000116 -4.223663
v -614.624268 0.147577 -4.125015
v -613.901978 -0.000116 -4.216000
v -613.903137 0.147577 -4.117374
v -613.936157 -0.000115 -1.004810
v -613.935303 0.147578 -1.103477
v -614.657593 -0.000115 -1.012562
v -614.656494 0.147578 -1.111191
v -619.682495 0.165229 -3.606369
v -619.682495 0.350789 -3.606369
v -619.684082 0.340384 -3.446262
v -619.685852 0.350789 -3.286240
v -619.699036 0.165229 -2.057774
v -619.699036 0.350789 -2.057774
v -619.700562 0.340384 -1.897736
v -619.702454 0.350789 -1.737671
v -619.685852 0.350789 -3.286240
v -619.685852 0.165229 -3.286240
v -619.682495 0.350789 -3.606369
v -619.702454 0.350789 -1.737671
v -619.702454 0.165229 -1.737671
v -619.699036 0.350789 -2.057774
v -624.721313 -0.000116 -4.331387
v -624.722168 0.147577 -4.232780
v -624.755493 -0.000115 -1.120258
v -624.754395 0.147578 -1.218864
v -624.722168 0.147577 -4.232780
v -625.443542 0.147577 -4.240471
v -624.754395 0.147578 -1.218864
v -625.475769 0.147578 -1.226639
v -625.442505 -0.000116 -4.339096
v -625.443542 0.147577 -4.240471
v -624.721313 -0.000116 -4.331387
v -624.722168 0.147577 -4.232780
v -624.755493 -0.000115 -1.120258
v -624.754395 0.147578 -1.218864
v -625.476624 -0.000115 -1.128017
v -625.475769 0.147578 -1.226639
v -621.114868 -0.000116 -4.292923
v -621.115967 0.147577 -4.194275
v -621.148987 -0.000115 -1.081776
v -621.147949 0.147578 -1.180447
v -621.115967 0.147577 -4.194275
v -621.837158 0.147577 -4.202007
v -621.147949 0.147578 -1.180447
v -621.869324 0.147578 -1.188114
v -621.835999 -0.000116 -4.300636
v -621.837158 0.147577 -4.202007
v -621.114868 -0.000116 -4.292923
v -621.115967 0.147577 -4.194275
v -621.148987 -0.000115 -1.081776
v -621.147949 0.147578 -1.180447
v -621.870239 -0.000115 -1.089489
v -621.869324 0.147578 -1.188114
v -626.895325 0.165229 -3.683338
v -626.895325 0.350789 -3.683338
v -626.896912 0.340384 -3.523251
v -626.898743 0.350789 -3.363255
v -626.911682 0.165229 -2.134739
v -626.911682 0.350789 -2.134739
v -626.913452 0.340384 -1.974701
v -626.915283 0.350789 -1.814640
v -626.898743 0.350789 -3.363255
v -626.898743 0.165229 -3.363255
v -626.895325 0.350789 -3.683338
v -626.915283 0.350789 -1.814640
v -626.915283 0.165229 -1.814640
v -626.911682 0.350789 -2.134739
v -631.934143 -0.000116 -4.408401
v -631.935242 0.147577 -4.309772
v -631.968323 -0.000115 -1.197212
v -631.967407 0.147578 -1.295879
v -631.935242 0.147577 -4.309772
v -632.656494 0.147577 -4.317440
v -631.967407 0.147578 -1.295879
v -632.688660 0.147578 -1.303543
v -632.655334 -0.000116 -4.416111
v -632.656494 0.147577 -4.317440
v -631.934143 -0.000116 -4.408401
v -631.935242 0.147577 -4.309772
v -631.968323 -0.000115 -1.197212
v -631.967407 0.147578 -1.295879
v -632.689758 -0.000115 -1.204964
v -632.688660 0.147578 -1.303543
v -628.327698 -0.000116 -4.369892
v -628.328552 0.147577 -4.271244
v -628.361938 -0.000115 -1.158791
v -628.361023 0.147578 -1.257416
v -628.328552 0.147577 -4.271244
v -629.049988 0.147577 -4.278908
v -628.361023 0.147578 -1.257416
v -629.082031 0.147578 -1.265079
v -629.048950 -0.000116 -4.377560
v -629.049988 0.147577 -4.278908
v -628.327698 -0.000116 -4.369892
v -628.328552 0.147577 -4.271244
v -628.361938 -0.000115 -1.158791
v -628.361023 0.147578 -1.257416
v -629.083069 -0.000115 -1.166435
v -629.082031 0.147578 -1.265079
v -634.108032 0.165229 -3.760216
v -634.108032 0.350789 -3.760216
v -634.109802 0.340384 -3.600224
v -634.111572 0.350789 -3.440159
v -634.124512 0.165229 -2.211712
v -634.124512 0.350789 -2.211712
v -634.126282 0.340370 -2.051624
v -634.128113 0.350789 -1.891628
v -634.111572 0.350789 -3.440159
v -634.111572 0.165229 -3.440159
v -634.108032 0.350789 -3.760216
v -634.128113 0.350789 -1.891628
v -634.128113 0.165229 -1.891628
v -634.124512 0.350789 -2.211712
v -595.818604 -0.000119 -8.832150
v -595.819580 0.147575 -8.733501
v -595.852844 -0.000117 -5.621044
v -595.851685 0.147577 -5.719669
v -595.819580 0.147575 -8.733501
v -596.540955 0.147575 -8.741234
v -595.851685 0.147577 -5.719669
v -596.573120 0.147577 -5.727341
v -596.539856 -0.000119 -8.839836
v -596.540955 0.147575 -8.741234
v -595.818604 -0.000119 -8.832150
v -595.819580 0.147575 -8.733501
v -595.852844 -0.000117 -5.621044
v -595.851685 0.147577 -5.719669
v -596.574036 -0.000117 -5.628689
v -596.573120 0.147577 -5.727341
v -592.211975 -0.000119 -8.793686
v -592.213135 0.147575 -8.695038
v -592.246399 -0.000117 -5.582581
v -592.245300 0.147577 -5.681145
v -592.213135 0.147575 -8.695038
v -592.934509 0.147575 -8.702747
v -592.245300 0.147577 -5.681145
v -592.966675 0.147577 -5.688877
v -592.933411 -0.000119 -8.801373
v -592.934509 0.147575 -8.702747
v -592.211975 -0.000119 -8.793686
v -592.213135 0.147575 -8.695038
v -592.246399 -0.000117 -5.582581
v -592.245300 0.147577 -5.681145
v -592.967834 -0.000117 -5.590225
v -592.966675 0.147577 -5.688877
v -597.992554 0.165226 -8.184052
v -597.992554 0.350786 -8.184052
v -597.994324 0.340382 -8.024014
v -597.996094 0.350787 -7.863953
v -598.009033 0.165227 -6.635433
v -598.009033 0.350787 -6.635433
v -590.797974 0.340383 -6.398430
v -598.010864 0.340383 -6.475418
v -590.799744 0.350788 -6.238434
v -598.012451 0.350788 -6.315357
v -597.996094 0.350787 -7.863953
v -597.996094 0.165226 -7.863953
v -597.992554 0.350786 -8.184052
v -598.012451 0.350788 -6.315357
v -598.012451 0.165228 -6.315357
v -590.796204 0.350787 -6.558537
v -598.009033 0.350787 -6.635433
v -603.031494 -0.000119 -8.909115
v -603.032410 0.147575 -8.810471
v -603.065674 -0.000117 -5.698017
v -603.064575 0.147577 -5.796665
v -603.032410 0.147575 -8.810471
v -603.753845 0.147575 -8.818134
v -603.064575 0.147577 -5.796665
v -603.785950 0.147577 -5.804306
v -603.752686 -0.000119 -8.916805
v -603.753845 0.147575 -8.818134
v -603.031494 -0.000119 -8.909115
v -603.032410 0.147575 -8.810471
v -603.065674 -0.000117 -5.698017
v -603.064575 0.147577 -5.796665
v -603.786926 -0.000117 -5.705681
v -603.785950 0.147577 -5.804306
v -599.425049 -0.000119 -8.870655
v -599.425964 0.147575 -8.772026
v -599.459290 -0.000117 -5.659485
v -599.458130 0.147577 -5.758133
v -599.425964 0.147575 -8.772026
v -600.147400 0.147575 -8.779671
v -599.458130 0.147577 -5.758133
v -600.179321 0.147577 -5.765778
v -600.146240 -0.000119 -8.878319
v -600.147400 0.147575 -8.779671
v -599.425049 -0.000119 -8.870655
v -599.425964 0.147575 -8.772026
v -599.459290 -0.000117 -5.659485
v -599.458130 0.147577 -5.758133
v -600.180481 -0.000117 -5.667217
v -600.179321 0.147577 -5.765778
v -605.205383 0.165226 -8.261024
v -605.205383 0.350786 -8.261024
v -605.207214 0.340382 -8.100918
v -605.208984 0.350787 -7.940922
v -605.221924 0.165227 -6.712429
v -605.221924 0.350787 -6.712429
v -605.223694 0.340382 -6.552387
v -605.225464 0.350788 -6.392281
v -605.208984 0.350787 -7.940922
v -605.208984 0.165226 -7.940922
v -605.205383 0.350786 -8.261024
v -605.225464 0.350788 -6.392281
v -605.225464 0.165228 -6.392281
v -605.221924 0.350787 -6.712429
v -610.244141 -0.000119 -8.986088
v -610.245239 0.147575 -8.887440
v -610.278564 -0.000117 -5.774918
v -610.277405 0.147577 -5.873543
v -610.245239 0.147575 -8.887440
v -610.966492 0.147575 -8.895149
v -610.277405 0.147577 -5.873543
v -610.998657 0.147577 -5.881321
v -610.965332 -0.000119 -8.993774
v -610.966492 0.147575 -8.895149
v -610.244141 -0.000119 -8.986088
v -610.245239 0.147575 -8.887440
v -610.278564 -0.000117 -5.774918
v -610.277405 0.147577 -5.873543
v -610.999756 -0.000117 -5.782654
v -610.998657 0.147577 -5.881321
v -606.637695 -0.000119 -8.947601
v -606.638855 0.147575 -8.848911
v -606.672119 -0.000117 -5.736458
v -606.671021 0.147577 -5.835079
v -606.638855 0.147575 -8.848911
v -607.360229 0.147575 -8.856686
v -606.671021 0.147577 -5.835079
v -607.392456 0.147577 -5.842770
v -607.359131 -0.000119 -8.955292
v -607.360229 0.147575 -8.856686
v -606.637695 -0.000119 -8.947601
v -606.638855 0.147575 -8.848911
v -606.672119 -0.000117 -5.736458
v -606.671021 0.147577 -5.835079
v -607.393311 -0.000117 -5.744122
v -607.392456 0.147577 -5.842770
v -612.418274 0.165226 -8.337990
v -612.418274 0.350786 -8.337990
v -612.420044 0.340382 -8.177883
v -612.421570 0.350786 -8.017845
v -612.434753 0.165227 -6.789375
v -612.434753 0.350787 -6.789375
v -612.436584 0.340382 -6.629292
v -612.438110 0.350788 -6.469296
v -612.421570 0.350786 -8.017845
v -612.421570 0.165226 -8.017845
v -612.418274 0.350786 -8.337990
v -612.438110 0.350788 -6.469296
v -612.438110 0.165228 -6.469296
v -612.434753 0.350787 -6.789375
v -617.457031 -0.000119 -9.062988
v -617.458130 0.147575 -8.964367
v -617.491394 -0.000117 -5.851887
v -617.490295 0.147577 -5.950535
v -617.458130 0.147575 -8.964367
v -618.179504 0.147575 -8.972118
v -617.490295 0.147577 -5.950535
v -618.211487 0.147577 -5.958199
v -618.178223 -0.000119 -9.070766
v -618.179504 0.147575 -8.972118
v -617.457031 -0.000119 -9.062988
v -617.458130 0.147575 -8.964367
v -617.491394 -0.000117 -5.851887
v -617.490295 0.147577 -5.950535
v -618.212585 -0.000117 -5.859550
v -618.211487 0.147577 -5.958199
v -613.850769 -0.000119 -9.024525
v -613.851685 0.147575 -8.925903
v -613.884949 -0.000117 -5.813423
v -613.883850 0.147577 -5.912071
v -613.851685 0.147575 -8.925903
v -614.573120 0.147575 -8.933567
v -613.883850 0.147577 -5.912071
v -614.605347 0.147577 -5.919735
v -614.571777 -0.000119 -9.032234
v -614.573120 0.147575 -8.933567
v -613.850769 -0.000119 -9.024525
v -613.851685 0.147575 -8.925903
v -613.884949 -0.000117 -5.813423
v -613.883850 0.147577 -5.912071
v -614.606201 -0.000117 -5.821087
v -614.605347 0.147577 -5.919735
v -619.631104 0.165226 -8.414894
v -619.631104 0.350786 -8.414894
v -619.632874 0.340382 -8.254879
v -619.634399 0.350786 -8.094769
v -619.647644 0.165227 -6.866367
v -619.647644 0.350787 -6.866367
v -619.649414 0.340382 -6.706306
v -619.651001 0.350787 -6.546265
v -619.634399 0.350786 -8.094769
v -619.634399 0.165226 -8.094769
v -619.631104 0.350786 -8.414894
v -619.651001 0.350787 -6.546265
v -619.651001 0.165228 -6.546265
v -619.647644 0.350787 -6.866367
v -624.669861 -0.000119 -9.139999
v -624.670959 0.147575 -9.041374
v -624.704285 -0.000117 -5.928860
v -624.703125 0.147577 -6.027504
v -624.670959 0.147575 -9.041374
v -625.392212 0.147575 -9.049023
v -624.703125 0.147577 -6.027504
v -625.424316 0.147577 -6.035172
v -625.391235 -0.000119 -9.147621
v -625.392212 0.147575 -9.049023
v -624.669861 -0.000119 -9.139999
v -624.670959 0.147575 -9.041374
v -624.704285 -0.000117 -5.928860
v -624.703125 0.147577 -6.027504
v -625.425476 -0.000117 -5.936565
v -625.424316 0.147577 -6.035172
v -621.063416 -0.000119 -9.101517
v -621.064575 0.147575 -9.002869
v -621.097839 -0.000117 -5.890350
v -621.096802 0.147577 -5.988998
v -621.064575 0.147575 -9.002869
v -621.785767 0.147575 -9.010536
v -621.096802 0.147577 -5.988998
v -621.817932 0.147577 -5.996708
v -621.784851 -0.000119 -9.109161
v -621.785767 0.147575 -9.010536
v -621.063416 -0.000119 -9.101517
v -621.064575 0.147575 -9.002869
v -621.097839 -0.000117 -5.890350
v -621.096802 0.147577 -5.988998
v -621.819031 -0.000117 -5.898083
v -621.817932 0.147577 -5.996708
v -626.843994 0.165226 -8.491867
v -626.843994 0.350786 -8.491867
v -626.845764 0.340382 -8.331779
v -626.847351 0.350786 -8.171783
v -626.860474 0.165227 -6.943314
v -626.860474 0.350787 -6.943314
v -626.862061 0.340382 -6.783230
v -626.863831 0.350787 -6.623165
v -626.847351 0.350786 -8.171783
v -626.847351 0.165226 -8.171783
v -626.843994 0.350786 -8.491867
v -626.863831 0.350787 -6.623165
v -626.863831 0.165227 -6.623165
v -626.860474 0.350787 -6.943314
v -631.882690 -0.000119 -9.216953
v -631.883850 0.147575 -9.118301
v -631.916931 -0.000117 -6.005848
v -631.916077 0.147577 -6.104404
v -631.883850 0.147575 -9.118301
v -632.605225 0.147575 -9.125969
v -631.916077 0.147577 -6.104404
v -632.637451 0.147577 -6.112183
v -632.604126 -0.000119 -9.224636
v -632.605225 0.147575 -9.125969
v -631.882690 -0.000119 -9.216953
v -631.883850 0.147575 -9.118301
v -631.916931 -0.000117 -6.005848
v -631.916077 0.147577 -6.104404
v -632.638306 -0.000117 -6.013489
v -632.637451 0.147577 -6.112183
v -628.276306 -0.000119 -9.178421
v -628.277405 0.147575 -9.079838
v -628.310669 -0.000117 -5.967319
v -628.309631 0.147577 -6.065941
v -628.277405 0.147575 -9.079838
v -628.998596 0.147575 -9.087505
v -628.309631 0.147577 -6.065941
v -629.030762 0.147577 -6.073612
v -628.997681 -0.000119 -9.186176
v -628.998596 0.147575 -9.087505
v -628.276306 -0.000119 -9.178421
v -628.277405 0.147575 -9.079838
v -628.310669 -0.000117 -5.967319
v -628.309631 0.147577 -6.065941
v -629.031921 -0.000117 -5.974983
v -629.030762 0.147577 -6.073612
v -634.056824 0.165226 -8.568855
v -634.056824 0.350786 -8.568855
v -634.058594 0.340381 -8.408749
v -634.060181 0.350786 -8.248775
v -634.073364 0.165227 -7.020237
v -634.073364 0.350787 -7.020237
v -634.075134 0.340367 -6.860245
v -634.076721 0.350787 -6.700161
v -634.060181 0.350786 -8.248775
v -634.060181 0.165226 -8.248775
v -634.056824 0.350786 -8.568855
v -634.076721 0.350787 -6.700161
v -634.076721 0.165227 -6.700161
v -634.073364 0.350787 -7.020237
v -639.198181 -0.000115 0.323227
v -639.199280 0.147579 0.421894
v -639.232605 -0.000114 3.534351
v -639.231445 0.147580 3.435657
v -639.199280 0.147579 0.421894
v -639.920532 0.147579 0.414188
v -639.231445 0.147580 3.435657
v -639.952637 0.147580 3.428016
v -639.919556 -0.000115 0.315563
v -639.920532 0.147579 0.414188
v -639.198181 -0.000115 0.323227
v -639.199280 0.147579 0.421894
v -639.232605 -0.000114 3.534351
v -639.231445 0.147580 3.435657
v -639.953796 -0.000114 3.526642
v -639.952637 0.147580 3.428016
v -635.591736 -0.000115 0.361668
v -635.592896 0.147579 0.460316
v -635.625977 -0.000114 3.572880
v -635.625000 0.147580 3.474231
v -635.592896 0.147579 0.460316
v -636.314087 0.147579 0.452652
v -635.625000 0.147580 3.474231
v -636.346252 0.147580 3.466545
v -636.313171 -0.000115 0.354004
v -636.314087 0.147579 0.452652
v -635.591736 -0.000115 0.361668
v -635.592896 0.147579 0.460316
v -635.625977 -0.000114 3.572880
v -635.625000 0.147580 3.474231
v -636.347351 -0.000114 3.565101
v -636.346252 0.147580 3.466545
v -641.372314 0.165230 0.971344
v -641.372314 0.350790 0.971344
v -641.373840 0.340385 1.131405
v -641.375610 0.350790 1.291424
v -641.388794 0.165231 2.519916
v -641.388794 0.350790 2.519916
v -634.177734 0.340386 2.756904
v -641.390381 0.340386 2.679931
v -634.179321 0.350790 2.917007
v -641.392151 0.350790 2.840038
v -641.375610 0.350790 1.291424
v -641.375610 0.165230 1.291424
v -641.372314 0.350790 0.971344
v -641.392151 0.350790 2.840038
v -641.392151 0.165231 2.840038
v -634.175964 0.350790 2.596817
v -641.388794 0.350790 2.519916
v -646.411011 -0.000115 0.246258
v -646.412170 0.147579 0.344879
v -646.445435 -0.000114 3.457401
v -646.444336 0.147580 3.358780
v -646.412170 0.147579 0.344879
v -647.133362 0.147579 0.337215
v -646.444336 0.147580 3.358780
v -647.165527 0.147580 3.351043
v -647.132263 -0.000115 0.238567
v -647.133362 0.147579 0.337215
v -646.411011 -0.000115 0.246258
v -646.412170 0.147579 0.344879
v -646.445435 -0.000114 3.457401
v -646.444336 0.147580 3.358780
v -647.166626 -0.000114 3.449695
v -647.165527 0.147580 3.351043
v -642.804626 -0.000115 0.284763
v -642.805725 0.147579 0.383434
v -642.838806 -0.000114 3.495891
v -642.837891 0.147580 3.397262
v -642.805725 0.147579 0.383434
v -643.527161 0.147579 0.375656
v -642.837891 0.147580 3.397262
v -643.559082 0.147580 3.389553
v -643.526001 -0.000115 0.277031
v -643.527161 0.147579 0.375656
v -642.804626 -0.000115 0.284763
v -642.805725 0.147579 0.383434
v -642.838806 -0.000114 3.495891
v -642.837891 0.147580 3.397262
v -643.560242 -0.000114 3.488247
v -643.559082 0.147580 3.389553
v -648.585144 0.165230 0.894329
v -648.585144 0.350790 0.894329
v -648.586914 0.340385 1.054436
v -648.588745 0.350790 1.214455
v -648.601685 0.165231 2.442947
v -648.601685 0.350790 2.442947
v -648.603271 0.340386 2.603027
v -648.605042 0.350790 2.763023
v -648.588745 0.350790 1.214455
v -648.588745 0.165230 1.214455
v -648.585144 0.350790 0.894329
v -648.605042 0.350790 2.763023
v -648.605042 0.165231 2.763023
v -648.601685 0.350790 2.442947
v -653.623901 -0.000115 0.169334
v -653.625000 0.147579 0.267982
v -653.658264 -0.000114 3.380436
v -653.657166 0.147580 3.281788
v -653.625000 0.147579 0.267982
v -654.346191 0.147579 0.260250
v -653.657166 0.147580 3.281788
v -654.378357 0.147580 3.274143
v -654.345093 -0.000115 0.161602
v -654.346191 0.147579 0.260250
v -653.623901 -0.000115 0.169334
v -653.625000 0.147579 0.267982
v -653.658264 -0.000114 3.380436
v -653.657166 0.147580 3.281788
v -654.379517 -0.000114 3.372772
v -654.378357 0.147580 3.274143
v -650.017456 -0.000115 0.207798
v -650.018555 0.147579 0.306419
v -650.051880 -0.000114 3.418918
v -650.050720 0.147580 3.320251
v -650.018555 0.147579 0.306419
v -650.739807 0.147579 0.298775
v -650.050720 0.147580 3.320251
v -650.771973 0.147580 3.312607
v -650.738892 -0.000115 0.200127
v -650.739807 0.147579 0.298775
v -650.017456 -0.000115 0.207798
v -650.018555 0.147579 0.306419
v -650.051880 -0.000114 3.418918
v -650.050720 0.147580 3.320251
v -650.772888 -0.000114 3.411232
v -650.771973 0.147580 3.312607
v -655.798035 0.165230 0.817471
v -655.798035 0.350790 0.817471
v -655.799500 0.340385 0.977467
v -655.801331 0.350790 1.137550
v -655.814514 0.165231 2.365955
v -655.814514 0.350790 2.365955
v -655.816101 0.340385 2.526062
v -655.817871 0.350790 2.686058
v -655.801331 0.350790 1.137550
v -655.801331 0.165230 1.137550
v -655.798035 0.350790 0.817471
v -655.817871 0.350790 2.686058
v -655.817871 0.165231 2.686058
v -655.814514 0.350790 2.365955
v -660.836731 -0.000115 0.092411
v -660.837646 0.147579 0.191032
v -660.870972 -0.000114 3.303463
v -660.869812 0.147580 3.204864
v -660.837646 0.147579 0.191032
v -661.559082 0.147579 0.183323
v -660.869812 0.147580 3.204864
v -661.591248 0.147580 3.197151
v -661.558167 -0.000115 0.084698
v -661.559082 0.147579 0.183323
v -660.836731 -0.000115 0.092411
v -660.837646 0.147579 0.191032
v -660.870972 -0.000114 3.303463
v -660.869812 0.147580 3.204864
v -661.592163 -0.000114 3.295845
v -661.591248 0.147580 3.197151
v -657.230347 -0.000115 0.130802
v -657.231445 0.147579 0.229450
v -657.264526 -0.000114 3.342014
v -657.263428 0.147580 3.243347
v -657.231445 0.147579 0.229450
v -657.952637 0.147579 0.221786
v -657.263428 0.147580 3.243347
v -657.984802 0.147580 3.235615
v -657.951721 -0.000115 0.123161
v -657.952637 0.147579 0.221786
v -657.230347 -0.000115 0.130802
v -657.231445 0.147579 0.229450
v -657.264526 -0.000114 3.342014
v -657.263428 0.147580 3.243347
v -657.985901 -0.000114 3.334263
v -657.984802 0.147580 3.235615
v -663.010864 0.165230 0.740456
v -663.010864 0.350790 0.740456
v -663.012634 0.340385 0.900475
v -663.014160 0.350790 1.060535
v -663.027344 0.165231 2.289097
v -663.027344 0.350790 2.289097
v -663.029175 0.340385 2.449089
v -663.030945 0.350790 2.609176
v -663.014160 0.350790 1.060535
v -663.014160 0.165230 1.060535
v -663.010864 0.350790 0.740456
v -663.030945 0.350790 2.609176
v -663.030945 0.165231 2.609176
v -663.027344 0.350790 2.289097
v -668.049622 -0.000115 0.015396
v -668.050720 0.147579 0.114086
v -668.083801 -0.000114 3.226475
v -668.082886 0.147580 3.127849
v -668.050720 0.147579 0.114086
v -668.771912 0.147579 0.106373
v -668.082886 0.147580 3.127849
v -668.804077 0.147580 3.120205
v -668.770813 -0.000115 0.007683
v -668.771912 0.147579 0.106373
v -668.049622 -0.000115 0.015396
v -668.050720 0.147579 0.114086
v -668.083801 -0.000114 3.226475
v -668.082886 0.147580 3.127849
v -668.805237 -0.000114 3.218830
v -668.804077 0.147580 3.120205
v -664.443176 -0.000115 0.053921
v -664.444275 0.147579 0.152481
v -664.477356 -0.000114 3.264999
v -664.476440 0.147580 3.166378
v -664.444275 0.147579 0.152481
v -665.165527 0.147579 0.144836
v -664.476440 0.147580 3.166378
v -665.197632 0.147580 3.158756
v -665.164551 -0.000115 0.046169
v -665.165527 0.147579 0.144836
v -664.443176 -0.000115 0.053921
v -664.444275 0.147579 0.152481
v -664.477356 -0.000114 3.264999
v -664.476440 0.147580 3.166378
v -665.198792 -0.000114 3.257293
v -665.197632 0.147580 3.158756
v -670.223694 0.165230 0.663532
v -670.223694 0.350790 0.663532
v -670.225525 0.340385 0.823616
v -670.227112 0.350790 0.983612
v -670.240234 0.165230 2.212085
v -670.240234 0.350790 2.212085
v -670.242004 0.340385 2.372101
v -670.243591 0.350790 2.532230
v -670.227112 0.350790 0.983612
v -670.227112 0.165230 0.983612
v -670.223694 0.350790 0.663532
v -670.243591 0.350790 2.532230
v -670.243591 0.165231 2.532230
v -670.240234 0.350790 2.212085
v -675.262451 -0.000115 -0.061596
v -675.263611 0.147579 0.037094
v -675.296631 -0.000114 3.149612
v -675.295532 0.147580 3.050922
v -675.263611 0.147579 0.037094
v -675.984802 0.147579 0.029385
v -675.295532 0.147580 3.050922
v -676.016968 0.147580 3.043281
v -675.983643 -0.000115 -0.069241
v -675.984802 0.147579 0.029385
v -675.262451 -0.000115 -0.061596
v -675.263611 0.147579 0.037094
v -675.296631 -0.000114 3.149612
v -675.295532 0.147580 3.050922
v -676.017883 -0.000114 3.141838
v -676.016968 0.147580 3.043281
v -671.656006 -0.000115 -0.023067
v -671.656982 0.147579 0.075623
v -671.690247 -0.000114 3.188076
v -671.689087 0.147580 3.089386
v -671.656982 0.147579 0.075623
v -672.378357 0.147579 0.067848
v -671.689087 0.147580 3.089386
v -672.410522 0.147580 3.081741
v -672.377258 -0.000115 -0.030708
v -672.378357 0.147579 0.067848
v -671.656006 -0.000115 -0.023067
v -671.656982 0.147579 0.075623
v -671.690247 -0.000114 3.188076
v -671.689087 0.147580 3.089386
v -672.411621 -0.000114 3.180370
v -672.410522 0.147580 3.081741
v -677.436584 0.165230 0.586605
v -677.436584 0.350790 0.586605
v -677.438171 0.340385 0.746601
v -677.439941 0.350790 0.906689
v -677.453064 0.165230 2.135090
v -677.453064 0.350790 2.135090
v -677.454651 0.340371 2.295219
v -677.456421 0.350790 2.455238
v -677.439941 0.350790 0.906689
v -677.439941 0.165230 0.906689
v -677.436584 0.350790 0.586605
v -677.456421 0.350790 2.455238
v -677.456421 0.165231 2.455238
v -677.453064 0.350790 2.135090
v -639.147034 -0.000116 -4.485325
v -639.147888 0.147577 -4.386700
v -639.181213 -0.000115 -1.274220
v -639.180115 0.147578 -1.372871
v -639.147888 0.147577 -4.386700
v -639.869324 0.147577 -4.394409
v -639.180115 0.147578 -1.372871
v -639.901489 0.147578 -1.380516
v -639.868225 -0.000116 -4.493034
v -639.869324 0.147577 -4.394409
v -639.147034 -0.000116 -4.485325
v -639.147888 0.147577 -4.386700
v -639.181213 -0.000115 -1.274220
v -639.180115 0.147578 -1.372871
v -639.902588 -0.000115 -1.281887
v -639.901489 0.147578 -1.380516
v -635.540588 -0.000116 -4.446861
v -635.541687 0.147577 -4.348236
v -635.574768 -0.000115 -1.235760
v -635.573669 0.147578 -1.334408
v -635.541687 0.147577 -4.348236
v -636.262817 0.147577 -4.355881
v -635.573669 0.147578 -1.334408
v -636.295044 0.147578 -1.342052
v -636.261780 -0.000116 -4.454525
v -636.262817 0.147577 -4.355881
v -635.540588 -0.000116 -4.446861
v -635.541687 0.147577 -4.348236
v -635.574768 -0.000115 -1.235760
v -635.573669 0.147578 -1.334408
v -636.295898 -0.000115 -1.243427
v -636.295044 0.147578 -1.342052
v -641.320862 0.165229 -3.837185
v -641.320862 0.350789 -3.837185
v -641.322632 0.340384 -3.677189
v -641.324402 0.350789 -3.517105
v -641.337341 0.165229 -2.288704
v -641.337341 0.350789 -2.288635
v -634.126282 0.340384 -2.051624
v -641.339233 0.340384 -2.128597
v -634.128113 0.350789 -1.891628
v -641.341003 0.350789 -1.968491
v -641.324402 0.350789 -3.517105
v -641.324402 0.165229 -3.517105
v -641.320862 0.350789 -3.837185
v -641.341003 0.350789 -1.968491
v -641.341003 0.165229 -1.968555
v -634.124512 0.350789 -2.211712
v -641.337341 0.350789 -2.288635
v -646.359619 -0.000116 -4.562294
v -646.360718 0.147577 -4.463646
v -646.394043 -0.000115 -1.351192
v -646.392944 0.147578 -1.449818
v -646.360718 0.147577 -4.463646
v -647.082214 0.147577 -4.471310
v -646.392944 0.147578 -1.449818
v -647.114136 0.147578 -1.457531
v -647.081055 -0.000116 -4.569962
v -647.082214 0.147577 -4.471310
v -646.359619 -0.000116 -4.562294
v -646.360718 0.147577 -4.463646
v -646.394043 -0.000115 -1.351192
v -646.392944 0.147578 -1.449818
v -647.115479 -0.000115 -1.358833
v -647.114136 0.147578 -1.457531
v -642.753418 -0.000116 -4.523830
v -642.754272 0.147577 -4.425182
v -642.787659 -0.000115 -1.312660
v -642.786499 0.147578 -1.411266
v -642.754272 0.147577 -4.425182
v -643.475769 0.147577 -4.432873
v -642.786499 0.147578 -1.411266
v -643.507690 0.147578 -1.419041
v -643.474609 -0.000116 -4.531498
v -643.475769 0.147577 -4.432873
v -642.753418 -0.000116 -4.523830
v -642.754272 0.147577 -4.425182
v -642.787659 -0.000115 -1.312660
v -642.786499 0.147578 -1.411266
v -643.508850 -0.000115 -1.320351
v -643.507690 0.147578 -1.419041
v -648.533691 0.165229 -3.914200
v -648.533691 0.350789 -3.914200
v -648.535522 0.340384 -3.754093
v -648.537292 0.350789 -3.594116
v -648.550293 0.165229 -2.365582
v -648.550293 0.350789 -2.365582
v -648.552063 0.340384 -2.205566
v -648.553833 0.350789 -2.045506
v -648.537292 0.350789 -3.594116
v -648.537292 0.165229 -3.594116
v -648.533691 0.350789 -3.914200
v -648.553833 0.350789 -2.045506
v -648.553833 0.165229 -2.045506
v -648.550293 0.350789 -2.365582
v -653.572693 -0.000116 -4.639263
v -653.573608 0.147577 -4.540638
v -653.606934 -0.000115 -1.428097
v -653.605774 0.147578 -1.526741
v -653.573608 0.147577 -4.540638
v -654.294800 0.147577 -4.548325
v -653.605774 0.147578 -1.526741
v -654.327026 0.147578 -1.534473
v -654.293945 -0.000116 -4.646969
v -654.294800 0.147577 -4.548325
v -653.572693 -0.000116 -4.639263
v -653.573608 0.147577 -4.540638
v -653.606934 -0.000115 -1.428097
v -653.605774 0.147578 -1.526741
v -654.328125 -0.000115 -1.435829
v -654.327026 0.147578 -1.534473
v -649.966003 -0.000116 -4.600735
v -649.967163 0.147577 -4.502106
v -650.000488 -0.000115 -1.389606
v -649.999390 0.147578 -1.488281
v -649.967163 0.147577 -4.502106
v -650.688354 0.147577 -4.509819
v -649.999390 0.147578 -1.488281
v -650.720581 0.147578 -1.495945
v -650.687500 -0.000116 -4.608509
v -650.688354 0.147577 -4.509819
v -649.966003 -0.000116 -4.600735
v -649.967163 0.147577 -4.502106
v -650.000488 -0.000115 -1.389606
v -649.999390 0.147578 -1.488281
v -650.721680 -0.000115 -1.397320
v -650.720581 0.147578 -1.495945
v -655.746582 0.165229 -3.991169
v -655.746582 0.350789 -3.991169
v -655.748352 0.340383 -3.831059
v -655.750122 0.350789 -3.671043
v -655.763123 0.165229 -2.442574
v -655.763123 0.350789 -2.442574
v -655.764954 0.340384 -2.282513
v -655.766418 0.350789 -2.122471
v -655.750122 0.350789 -3.671043
v -655.750122 0.165229 -3.671043
v -655.746582 0.350789 -3.991169
v -655.766418 0.350789 -2.122471
v -655.766418 0.165229 -2.122471
v -655.763123 0.350789 -2.442574
v -660.785400 -0.000116 -4.716190
v -660.786438 0.147577 -4.617516
v -660.819519 -0.000115 -1.505062
v -660.818665 0.147578 -1.603710
v -660.786438 0.147577 -4.617516
v -661.507629 0.147577 -4.625275
v -660.818665 0.147578 -1.603710
v -661.539856 0.147578 -1.611378
v -661.506775 -0.000116 -4.723896
v -661.507629 0.147577 -4.625275
v -660.785400 -0.000116 -4.716190
v -660.786438 0.147577 -4.617516
v -660.819519 -0.000115 -1.505062
v -660.818665 0.147578 -1.603710
v -661.540955 -0.000115 -1.512753
v -661.539856 0.147578 -1.611378
v -657.178955 -0.000116 -4.677727
v -657.180298 0.147577 -4.579079
v -657.213074 -0.000115 -1.466579
v -657.212219 0.147578 -1.565273
v -657.180298 0.147577 -4.579079
v -657.901184 0.147577 -4.586742
v -657.212219 0.147578 -1.565273
v -657.933411 0.147578 -1.572918
v -657.900330 -0.000116 -4.685368
v -657.901184 0.147577 -4.586742
v -657.178955 -0.000116 -4.677727
v -657.180298 0.147577 -4.579079
v -657.213074 -0.000115 -1.466579
v -657.212219 0.147578 -1.565273
v -657.934570 -0.000115 -1.474289
v -657.933411 0.147578 -1.572918
v -662.959717 0.165228 -4.068069
v -662.959717 0.350789 -4.068069
v -662.961243 0.340383 -3.908054
v -662.963013 0.350789 -3.747993
v -662.976196 0.165229 -2.519543
v -662.976196 0.350789 -2.519543
v -662.977783 0.340384 -2.359436
v -662.979553 0.350789 -2.199440
v -662.963013 0.350789 -3.747993
v -662.963013 0.165229 -3.747993
v -662.959717 0.350789 -4.068069
v -662.979553 0.350789 -2.199440
v -662.979553 0.165229 -2.199440
v -662.976196 0.350789 -2.519543
v -667.998230 -0.000116 -4.793156
v -667.999268 0.147577 -4.694508
v -668.032654 -0.000115 -1.582054
v -668.031494 0.147578 -1.680683
v -667.999268 0.147577 -4.694508
v -668.720520 0.147577 -4.702221
v -668.031494 0.147578 -1.680683
v -668.752747 0.147578 -1.688393
v -668.719666 -0.000116 -4.800846
v -668.720520 0.147577 -4.702221
v -667.998230 -0.000116 -4.793156
v -667.999268 0.147577 -4.694508
v -668.032654 -0.000115 -1.582054
v -668.031494 0.147578 -1.680683
v -668.753845 -0.000115 -1.589699
v -668.752747 0.147578 -1.688393
v -664.392029 -0.000116 -4.754692
v -664.392944 0.147577 -4.656048
v -664.425964 -0.000115 -1.543526
v -664.425110 0.147578 -1.642151
v -664.392944 0.147577 -4.656048
v -665.114319 0.147577 -4.663712
v -664.425110 0.147578 -1.642151
v -665.146484 0.147578 -1.649883
v -665.113220 -0.000116 -4.762360
v -665.114319 0.147577 -4.663712
v -664.392029 -0.000116 -4.754692
v -664.392944 0.147577 -4.656048
v -664.425964 -0.000115 -1.543526
v -664.425110 0.147578 -1.642151
v -665.147400 -0.000115 -1.551258
v -665.146484 0.147578 -1.649883
v -670.172302 0.165228 -4.145065
v -670.172302 0.350789 -4.145065
v -670.174072 0.340383 -3.985065
v -670.175842 0.350789 -3.824982
v -670.188843 0.165229 -2.596447
v -670.188843 0.350789 -2.596447
v -670.190613 0.340384 -2.436428
v -670.192444 0.350789 -2.276363
v -670.175842 0.350789 -3.824982
v -670.175842 0.165229 -3.824982
v -670.172302 0.350789 -4.145065
v -670.192444 0.350789 -2.276363
v -670.192444 0.165229 -2.276363
v -670.188843 0.350789 -2.596447
v -675.211060 -0.000116 -4.870129
v -675.212219 0.147577 -4.771500
v -675.245483 -0.000115 -1.658981
v -675.244141 0.147578 -1.757671
v -675.212219 0.147577 -4.771500
v -675.933350 0.147577 -4.779144
v -675.244141 0.147578 -1.757671
v -675.965576 0.147578 -1.765316
v -675.932495 -0.000116 -4.877769
v -675.933350 0.147577 -4.779144
v -675.211060 -0.000116 -4.870129
v -675.212219 0.147577 -4.771500
v -675.245483 -0.000115 -1.658981
v -675.244141 0.147578 -1.757671
v -675.966675 -0.000115 -1.666691
v -675.965576 0.147578 -1.765316
v -671.604675 -0.000116 -4.831596
v -671.605774 0.147577 -4.733040
v -671.639038 -0.000115 -1.620449
v -671.637939 0.147578 -1.719143
v -671.605774 0.147577 -4.733040
v -672.326904 0.147577 -4.740681
v -671.637939 0.147578 -1.719143
v -672.359131 0.147578 -1.726788
v -672.326050 -0.000116 -4.839310
v -672.326904 0.147577 -4.740681
v -671.604675 -0.000116 -4.831596
v -671.605774 0.147577 -4.733040
v -671.639038 -0.000115 -1.620449
v -671.637939 0.147578 -1.719143
v -672.360291 -0.000115 -1.628162
v -672.359131 0.147578 -1.726788
v -677.385132 0.165228 -4.221989
v -677.385132 0.350789 -4.221989
v -677.386902 0.340383 -4.061924
v -677.388794 0.350789 -3.901932
v -677.401733 0.165229 -2.673439
v -677.401733 0.350789 -2.673439
v -677.403503 0.340369 -2.513374
v -677.405273 0.350789 -2.353291
v -677.388794 0.350789 -3.901932
v -677.388794 0.165229 -3.901932
v -677.385132 0.350789 -4.221989
v -677.405273 0.350789 -2.353291
v -677.405273 0.165229 -2.353291
v -677.401733 0.350789 -2.673439
v -639.095581 -0.000119 -9.293919
v -639.096680 0.147575 -9.195312
v -639.130066 -0.000117 -6.082752
v -639.128906 0.147577 -6.181396
v -639.096680 0.147575 -9.195312
v -639.817871 0.147575 -9.202934
v -639.128906 0.147577 -6.181396
v -639.850037 0.147577 -6.189041
v -639.816956 -0.000119 -9.301609
v -639.817871 0.147575 -9.202934
v -639.095581 -0.000119 -9.293919
v -639.096680 0.147575 -9.195312
v -639.130066 -0.000117 -6.082752
v -639.128906 0.147577 -6.181396
v -639.851196 -0.000117 -6.090485
v -639.850037 0.147577 -6.189041
v -635.489136 -0.000119 -9.255390
v -635.490295 0.147575 -9.156761
v -635.523376 -0.000117 -6.044289
v -635.522461 0.147577 -6.142937
v -635.490295 0.147575 -9.156761
v -636.211487 0.147575 -9.164410
v -635.522461 0.147577 -6.142937
v -636.243652 0.147577 -6.150578
v -636.210327 -0.000119 -9.263100
v -636.211487 0.147575 -9.164410
v -635.489136 -0.000119 -9.255390
v -635.490295 0.147575 -9.156761
v -635.523376 -0.000117 -6.044289
v -635.522461 0.147577 -6.142937
v -636.244751 -0.000117 -6.051952
v -636.243652 0.147577 -6.150578
v -641.269714 0.165226 -8.645760
v -641.269714 0.350786 -8.645760
v -641.271301 0.340381 -8.485718
v -641.273071 0.350786 -8.325657
v -641.286194 0.165227 -7.097229
v -641.286194 0.350787 -7.097229
v -634.075134 0.340382 -6.860245
v -641.287964 0.340382 -6.937172
v -634.076721 0.350787 -6.700161
v -641.289551 0.350787 -6.777084
v -641.273071 0.350786 -8.325657
v -641.273071 0.165226 -8.325657
v -641.269714 0.350786 -8.645760
v -641.289551 0.350787 -6.777084
v -641.289551 0.165227 -6.777084
v -634.073364 0.350787 -7.020237
v -641.286194 0.350787 -7.097229
v -646.308411 -0.000119 -9.370865
v -646.309570 0.147575 -9.272175
v -646.342651 -0.000117 -6.159721
v -646.341797 0.147577 -6.258369
v -646.309570 0.147575 -9.272175
v -647.030762 0.147575 -9.279949
v -646.341797 0.147577 -6.258369
v -647.062988 0.147577 -6.266056
v -647.029663 -0.000119 -9.378574
v -647.030762 0.147575 -9.279949
v -646.308411 -0.000119 -9.370865
v -646.309570 0.147575 -9.272175
v -646.342651 -0.000117 -6.159721
v -646.341797 0.147577 -6.258369
v -647.064026 -0.000117 -6.167385
v -647.062988 0.147577 -6.266056
v -642.702026 -0.000119 -9.332359
v -642.703125 0.147575 -9.233711
v -642.736206 -0.000117 -6.121258
v -642.735352 0.147577 -6.219883
v -642.703125 0.147575 -9.233711
v -643.424316 0.147575 -9.241425
v -642.735352 0.147577 -6.219883
v -643.456482 0.147577 -6.227570
v -643.423218 -0.000119 -9.340023
v -643.424316 0.147575 -9.241425
v -642.702026 -0.000119 -9.332359
v -642.703125 0.147575 -9.233711
v -642.736206 -0.000117 -6.121258
v -642.735352 0.147577 -6.219883
v -643.457581 -0.000117 -6.128967
v -643.456482 0.147577 -6.227570
v -648.482544 0.165226 -8.722729
v -648.482544 0.350786 -8.722729
v -648.484314 0.340381 -8.562710
v -648.485901 0.350786 -8.402649
v -648.498840 0.165227 -7.174175
v -648.498840 0.350787 -7.174175
v -648.500610 0.340382 -7.014095
v -648.502441 0.350787 -6.854099
v -648.485901 0.350786 -8.402649
v -648.485901 0.165226 -8.402649
v -648.482544 0.350786 -8.722729
v -648.502441 0.350787 -6.854099
v -648.502441 0.165227 -6.854099
v -648.498840 0.350787 -7.174175
v -653.521301 -0.000119 -9.447788
v -653.522217 0.147575 -9.349163
v -653.555481 -0.000117 -6.236710
v -653.554382 0.147577 -6.335335
v -653.522217 0.147575 -9.349163
v -654.243591 0.147575 -9.356853
v -653.554382 0.147577 -6.335335
v -654.275818 0.147577 -6.343002
v -654.242493 -0.000119 -9.455502
v -654.243591 0.147575 -9.356853
v -653.521301 -0.000119 -9.447788
v -653.522217 0.147575 -9.349163
v -653.555481 -0.000117 -6.236710
v -653.554382 0.147577 -6.335335
v -654.276672 -0.000117 -6.244354
v -654.275818 0.147577 -6.343002
v -649.914856 -0.000119 -9.409351
v -649.915955 0.147575 -9.310699
v -649.949036 -0.000117 -6.198185
v -649.948181 0.147577 -6.296806
v -649.915955 0.147575 -9.310699
v -650.637207 0.147575 -9.318371
v -649.948181 0.147577 -6.296806
v -650.669434 0.147577 -6.304539
v -650.636047 -0.000119 -9.417038
v -650.637207 0.147575 -9.318371
v -649.914856 -0.000119 -9.409351
v -649.915955 0.147575 -9.310699
v -649.949036 -0.000117 -6.198185
v -649.948181 0.147577 -6.296806
v -650.670471 -0.000117 -6.205917
v -650.669434 0.147577 -6.304539
v -655.695374 0.165226 -8.799698
v -655.695374 0.350786 -8.799698
v -655.696960 0.340381 -8.639610
v -655.698792 0.350786 -8.479572
v -655.711914 0.165226 -7.251102
v -655.711914 0.350787 -7.251102
v -655.713501 0.340382 -7.091110
v -655.715271 0.350787 -6.931023
v -655.698792 0.350786 -8.479572
v -655.698792 0.165226 -8.479572
v -655.695374 0.350786 -8.799698
v -655.715271 0.350787 -6.931023
v -655.715271 0.165227 -6.931023
v -655.711914 0.350787 -7.251102
v -660.734131 -0.000119 -9.524807
v -660.735291 0.147575 -9.426136
v -660.768372 -0.000117 -6.313591
v -660.767456 0.147577 -6.412239
v -660.735291 0.147575 -9.426136
v -661.456482 0.147575 -9.433819
v -660.767456 0.147577 -6.412239
v -661.488708 0.147577 -6.419971
v -661.455322 -0.000119 -9.532429
v -661.456482 0.147575 -9.433819
v -660.734131 -0.000119 -9.524807
v -660.735291 0.147575 -9.426136
v -660.768372 -0.000117 -6.313591
v -660.767456 0.147577 -6.412239
v -661.489563 -0.000117 -6.321369
v -661.488708 0.147577 -6.419971
v -657.127686 -0.000119 -9.486256
v -657.128662 0.147575 -9.387627
v -657.161926 -0.000117 -6.275108
v -657.160767 0.147577 -6.373798
v -657.128662 0.147575 -9.387627
v -657.850037 0.147575 -9.395336
v -657.160767 0.147577 -6.373798
v -657.882263 0.147577 -6.381443
v -657.848938 -0.000119 -9.493961
v -657.850037 0.147575 -9.395336
v -657.127686 -0.000119 -9.486256
v -657.128662 0.147575 -9.387627
v -657.161926 -0.000117 -6.275108
v -657.160767 0.147577 -6.373798
v -657.883118 -0.000117 -6.282814
v -657.882263 0.147577 -6.381443
v -662.908264 0.165226 -8.876663
v -662.908264 0.350786 -8.876663
v -662.910034 0.340381 -8.716583
v -662.911621 0.350786 -8.556587
v -662.924744 0.165226 -7.328114
v -662.924744 0.350787 -7.328114
v -662.926636 0.340382 -7.168034
v -662.928162 0.350787 -7.007969
v -662.911621 0.350786 -8.556587
v -662.911621 0.165226 -8.556587
v -662.908264 0.350786 -8.876663
v -662.928162 0.350787 -7.007969
v -662.928162 0.165227 -7.007969
v -662.924744 0.350787 -7.328114
v -667.947083 -0.000119 -9.601688
v -667.948120 0.147575 -9.503101
v -667.981201 -0.000117 -6.390583
v -667.980347 0.147577 -6.489208
v -667.948120 0.147575 -9.503101
v -668.669312 0.147575 -9.510815
v -667.980347 0.147577 -6.489208
v -668.701538 0.147577 -6.496918
v -668.668213 -0.000119 -9.609440
v -668.669312 0.147575 -9.510815
v -667.947083 -0.000119 -9.601688
v -667.948120 0.147575 -9.503101
v -667.981201 -0.000117 -6.390583
v -667.980347 0.147577 -6.489208
v -668.702698 -0.000117 -6.398251
v -668.701538 0.147577 -6.496918
v -664.340576 -0.000119 -9.563221
v -664.341675 0.147575 -9.464577
v -664.374756 -0.000117 -6.352119
v -664.373657 0.147577 -6.450745
v -664.341675 0.147575 -9.464577
v -665.062927 0.147575 -9.472240
v -664.373657 0.147577 -6.450745
v -665.095093 0.147577 -6.458458
v -665.061768 -0.000119 -9.570911
v -665.062927 0.147575 -9.472240
v -664.340576 -0.000119 -9.563221
v -664.341675 0.147575 -9.464577
v -664.374756 -0.000117 -6.352119
v -664.373657 0.147577 -6.450745
v -665.096008 -0.000117 -6.359787
v -665.095093 0.147577 -6.458458
v -670.121094 0.165226 -8.953590
v -670.121094 0.350786 -8.953590
v -670.122925 0.340381 -8.793549
v -670.124512 0.350786 -8.633511
v -670.137695 0.165226 -7.405041
v -670.137695 0.350787 -7.405041
v -670.139465 0.340382 -7.244957
v -670.140991 0.350787 -7.084961
v -670.124512 0.350786 -8.633511
v -670.124512 0.165226 -8.633511
v -670.121094 0.350786 -8.953590
v -670.140991 0.350787 -7.084961
v -670.140991 0.165227 -7.084961
v -670.137695 0.350787 -7.405041
v -675.159668 -0.000119 -9.678654
v -675.160767 0.147575 -9.580029
v -675.194031 -0.000117 -6.467506
v -675.192932 0.147577 -6.566200
v -675.160767 0.147575 -9.580029
v -675.881958 0.147575 -9.587673
v -675.192932 0.147577 -6.566200
v -675.914124 0.147577 -6.573845
v -675.881042 -0.000119 -9.686298
v -675.881958 0.147575 -9.587673
v -675.159668 -0.000119 -9.678654
v -675.160767 0.147575 -9.580029
v -675.194031 -0.000117 -6.467506
v -675.192932 0.147577 -6.566200
v -675.915283 -0.000117 -6.475216
v -675.914124 0.147577 -6.573845
v -671.553406 -0.000119 -9.640194
v -671.554565 0.147575 -9.541561
v -671.587646 -0.000117 -6.429111
v -671.586487 0.147577 -6.527668
v -671.554565 0.147575 -9.541561
v -672.275757 0.147575 -9.549206
v -671.586487 0.147577 -6.527668
v -672.307739 0.147577 -6.535450
v -672.274658 -0.000119 -9.647900
v -672.275757 0.147575 -9.549206
v -671.553406 -0.000119 -9.640194
v -671.554565 0.147575 -9.541561
v -671.587646 -0.000117 -6.429111
v -671.586487 0.147577 -6.527668
v -672.309082 -0.000117 -6.436825
v -672.307739 0.147577 -6.535450
v -677.333984 0.165226 -9.030602
v -677.333984 0.350786 -9.030602
v -677.335571 0.340381 -8.870522
v -677.337341 0.350786 -8.710457
v -677.350525 0.165226 -7.481964
v -677.350525 0.350787 -7.481964
v -677.352295 0.340367 -7.321972
v -677.353821 0.350787 -7.161819
v -677.337341 0.350786 -8.710457
v -677.337341 0.165226 -8.710457
v -677.333984 0.350786 -9.030602
v -677.353821 0.350787 -7.161819
v -677.353821 0.165227 -7.161819
v -677.350525 0.350787 -7.481964
vn -0.0000 1.0000 -0.0000
vn 0.0073 0.7296 -0.6839
vn 0.0073 0.7296 -0.6838
vn 0.0073 0.7295 -0.6839
vn -0.0073 0.7297 0.6837
vn -0.0073 0.7297 0.6838
vn -0.0107 -0.0000 0.9999
vn 0.0107 -0.0000 -0.9999
vn -0.0000 -1.0000 -0.0000
vn 0.9999 -0.0000 0.0107
vn -0.0106 0.1229 0.9924
vn -0.0099 0.3631 0.9317
vn -0.0104 0.2458 0.9693
vn 0.9999 0.0001 0.0106
vn 0.9999 0.0001 0.0107
vn 0.0099 0.3631 -0.9317
vn 0.0103 0.2458 -0.9693
vn 0.0106 0.1229 -0.9924
vn 0.0106 -0.0000 -0.9999
vn 0.0066 0.7242 -0.6896
vn 0.0066 0.7241 -0.6897
vn 0.0059 0.7187 -0.6953
vn -0.0090 0.7187 0.6953
vn -0.0079 0.7261 0.6876
vn -0.0081 0.7242 0.6896
vn -0.0073 0.7296 0.6838
vn -0.0079 0.7260 0.6876
vn 0.8527 0.5223 0.0091
vn 0.8527 0.5223 0.0092
vn 0.8527 0.5223 0.0090
vn -0.0106 -0.0000 0.9999
vn 0.8527 0.5224 0.0090
vn -0.0107 -0.0001 0.9999
vn 0.8527 0.5224 0.0092
vn 0.7746 0.6325 0.0083
vn 0.7746 0.6324 0.0082
vn 0.8010 0.5986 0.0096
vn 0.8010 0.5986 0.0085
vn 0.8010 0.5986 0.0086
vn 0.8010 0.5986 0.0082
vn 0.1014 0.0837 0.9913
vn 0.8010 0.5986 0.0075
vn 0.8010 -0.5986 0.0077
vn 0.1014 -0.0837 0.9913
vn 0.1015 -0.0837 0.9913
vn 0.8010 -0.5986 0.0085
vn 0.8010 -0.5986 0.0098
vn 0.8010 -0.5986 0.0096
vn 0.8010 0.5986 0.0103
vn 0.8010 0.5986 0.0083
vn 0.1015 0.0837 0.9913
vn 0.8010 0.5986 0.0073
vn 0.8010 0.5986 0.0070
vn 0.8010 0.5986 0.0074
vn 0.8010 0.5986 0.0077
vn 0.8010 -0.5986 0.0075
vn 0.8010 -0.5986 0.0083
vn 0.8010 -0.5986 0.0068
vn 0.8010 -0.5986 0.0072
vn 0.1016 -0.0838 0.9913
vn 0.8010 -0.5986 0.0086
vn 0.8010 0.5986 0.0098
vn 0.1015 0.0838 0.9913
vn 0.1225 0.0837 -0.9889
vn 0.1225 0.0836 -0.9889
vn 0.1226 -0.0837 -0.9889
vn 0.1224 0.0836 -0.9890
vn 0.1225 -0.0837 -0.9889
vn 0.1225 -0.0836 -0.9889
vn 0.1227 -0.0838 -0.9889
vn 0.7746 0.6324 0.0083
vn 0.8010 0.5986 0.0069
vn 0.1226 0.0837 -0.9889
vn 0.8010 0.5986 0.0097
vn 0.8010 0.5986 0.0093
vn 0.8010 -0.5986 0.0080
vn 0.8010 -0.5986 0.0084
vn 0.8010 -0.5986 0.0091
vn 0.8010 0.5986 0.0088
vn 0.8010 0.5986 0.0087
vn 0.8010 0.5986 0.0100
vn 0.1226 -0.0838 -0.9889
vn 0.8010 -0.5986 0.0094
vn 0.1224 -0.0836 -0.9889
vn 0.1013 0.0836 0.9913
vn 0.1015 -0.0838 0.9913
vn 0.1013 -0.0836 0.9913
vn 0.0107 0.0001 -0.9999
vn -0.0107 0.0001 0.9999
vn 0.7745 0.6325 0.0083
vn 0.7745 0.6325 0.0082
vn 0.8010 0.5986 0.0080
vn 0.1224 -0.0836 -0.9890
vn 0.9905 0.1370 0.0106
vn -0.0103 0.2458 0.9693
vn 0.9999 -0.0000 0.0106
vn 0.9903 0.1382 0.0106
vn 0.9938 0.1105 0.0106
vn 0.0100 0.3631 -0.9317
vn 0.0090 0.7187 -0.6953
vn 0.0078 0.7260 -0.6876
vn 0.0081 0.7242 -0.6896
vn 0.0079 0.7260 -0.6877
vn -0.0066 0.7242 0.6895
vn -0.0059 0.7187 0.6953
vn 0.8527 0.5224 0.0091
vn 0.1014 -0.0836 0.9913
vn 0.8010 0.5986 0.0071
vn 0.8010 0.5986 0.0068
vn 0.8010 -0.5986 0.0097
vn 0.8010 0.5986 0.0094
vn 0.8010 0.5986 0.0072
vn 0.8010 -0.5986 0.0076
vn 0.8010 -0.5986 0.0093
vn 0.8010 -0.5986 0.0087
vn 0.8010 -0.5986 0.0103
vn 0.0107 -0.0001 -0.9999
vn 0.8010 0.5986 0.0076
vn 0.8010 0.5986 0.0066
vn 0.8010 -0.5986 0.0095
vn 0.8010 -0.5986 0.0092
vn 0.8010 -0.5986 0.0069
vn 0.8010 -0.5986 0.0074
vn 0.8010 -0.5986 0.0078
vn 0.0105 -0.0003 -0.9999
vn 0.7746 0.6325 0.0082
vn 0.8010 -0.5986 0.0070
vn 0.8010 -0.5986 0.0079
vn 0.8010 -0.5986 0.0073
vn 0.9074 0.4201 0.0096
vn 0.9075 0.4200 0.0097
vn 0.9075 0.4200 0.0098
vn 0.9074 0.4201 0.0098
vn 0.9075 0.4200 0.0096
vn 0.9074 0.4201 0.0097
vn 0.8010 0.5986 0.0099
vn 0.1226 0.0838 -0.9889
vn 0.1227 0.0838 -0.9889
vn 0.9999 -0.0002 0.0107
vn -0.0037 -0.8661 0.4999
vn -0.0070 -0.8660 0.4999
vn -0.0056 -0.8660 0.4999
vn -0.0097 -0.8660 0.4999
vn -0.0095 -0.8660 0.4999
vn -0.0016 -0.8660 0.5000
vn -0.0069 -0.8660 0.4999
vn -0.0070 -0.8661 0.4999
vn -0.0012 0.8660 0.5000
vn -0.0091 0.8660 0.5000
vn -0.0038 0.8660 0.5000
vn -0.0037 0.8660 0.5001
vn -0.0129 0.8660 0.4999
vn -0.0050 0.8660 0.5001
vn -0.2684 0.8354 0.4797
vn -0.2685 0.8356 0.4792
vn -0.2239 0.8450 0.4856
vn 0.0425 -0.8650 0.4999
vn 0.0828 -0.8627 0.4990
vn 0.1910 -0.8493 0.4922
vn 0.1230 -0.8589 0.4971
vn -0.0935 0.8626 0.4971
vn -0.1335 0.8588 0.4946
vn -0.0174 -0.8660 0.4998
vn -0.0174 -0.8660 0.4997
vn 0.0068 0.8660 0.5000
vn -0.0011 0.8660 0.5000
vn 0.0068 0.8660 0.5001
vn -0.0037 -0.8660 0.5000
vn -0.0010 0.8659 0.5002
vn -0.0049 0.8660 0.5000
vn -0.0010 0.8660 0.5001
vn -0.0069 -0.8661 0.4999
vn 0.0425 -0.8651 0.4999
vn -0.0129 0.8659 0.5000
vn -0.0050 0.8660 0.5000
vn 0.2581 -0.8355 0.4851
vn 0.1910 -0.8492 0.4924
vn -0.2684 0.8355 0.4794
vn -0.2684 0.8355 0.4795
vn -0.2239 0.8451 0.4855
vn 0.1910 -0.8492 0.4923
vn -0.1335 0.8589 0.4945
vn -0.0935 0.8627 0.4971
vn -0.1335 0.8589 0.4944
vn -0.0175 -0.8659 0.4999
vn -0.0175 -0.8660 0.4997
vn -0.0038 0.8661 0.4999
vn -0.0037 -0.8660 0.5001
vn -0.0071 -0.8660 0.4999
vn -0.0049 0.8660 0.5001
vn -0.0068 -0.8660 0.4999
vn 0.0022 -0.8660 0.5000
vn -0.0129 0.8660 0.4998
vn 0.2581 -0.8356 0.4850
vn -0.0935 0.8627 0.4970
vn -0.2237 0.8451 0.4855
vn -0.0175 -0.8661 0.4996
vn 0.0068 0.8661 0.4999
vn -0.0097 -0.8661 0.4998
vn -0.0055 -0.8661 0.4999
vn -0.0016 -0.8661 0.4999
vn -0.0070 -0.8661 0.4998
vn -0.0091 0.8660 0.4999
vn -0.0934 0.8627 0.4971
vn -0.2684 0.8355 0.4796
vn -0.2240 0.8450 0.4857
vn 0.0068 0.8659 0.5001
vn -0.0057 -0.8660 0.4999
vn -0.0097 -0.8661 0.4999
vn -0.0010 0.8660 0.5000
vn 0.5088 -0.0000 -0.8609
vn 0.5092 -0.0000 -0.8607
vn 0.9999 -0.0000 0.0109
vn 0.4907 -0.0000 0.8713
vn 0.2790 -0.8362 -0.4721
vn 0.4301 -0.8696 -0.2425
vn 0.4248 -0.8697 0.2515
vn 0.4306 -0.8694 -0.2422
vn 0.4248 -0.8697 0.2514
vn 0.2691 -0.8363 0.4777
vn 0.3395 0.9406 0.0036
vn 0.2422 0.8794 -0.4099
vn 0.3400 0.9404 0.0036
vn 0.4758 0.8796 0.0052
vn 0.3393 0.9407 0.0035
vn 0.2336 0.8794 0.4148
vn 0.1230 -0.8590 0.4970
vn -0.0934 0.8626 0.4971
vn -0.2238 0.8450 0.4856
vn -0.0175 -0.8660 0.4998
vn 0.0068 0.8660 0.4999
vn -0.0056 -0.8661 0.4999
vn -0.0036 0.8660 0.5000
vn -0.0174 -0.8659 0.4999
vn 0.0068 0.8659 0.5002
vn 0.5094 -0.0000 -0.8606
vn 0.9999 -0.0000 0.0102
vn 0.4907 -0.0000 0.8714
vn 0.2793 -0.8363 -0.4718
vn 0.4301 -0.8697 -0.2423
vn 0.4247 -0.8697 0.2513
vn 0.4305 -0.8695 -0.2422
vn 0.4248 -0.8697 0.2512
vn 0.2689 -0.8364 0.4776
vn 0.3394 0.9406 0.0038
vn 0.2425 0.8794 -0.4097
vn 0.3398 0.9405 0.0036
vn 0.4759 0.8795 0.0048
vn 0.3394 0.9406 0.0035
vn 0.2335 0.8795 0.4147
vn 0.2582 -0.8356 0.4850
vn 0.2581 -0.8354 0.4853
vn -0.0053 -0.8661 0.4999
vn -0.0053 -0.8660 0.5000
vn -0.0053 0.8660 0.5000
vn 0.5093 -0.0000 -0.8606
vn 0.9999 -0.0000 0.0112
vn 0.9999 -0.0000 0.0108
vn 0.2793 -0.8362 -0.4720
vn 0.4250 -0.8696 0.2515
vn 0.4252 -0.8694 0.2517
vn 0.2692 -0.8361 0.4780
vn 0.3394 0.9406 0.0036
vn 0.2425 0.8793 -0.4098
vn 0.3398 0.9405 0.0037
vn 0.4764 0.8792 0.0053
vn 0.2337 0.8793 0.4150
vn 0.4908 -0.0000 0.8713
vn 0.4302 -0.8696 -0.2425
vn 0.4250 -0.8696 0.2512
vn 0.4305 -0.8695 -0.2421
vn 0.4249 -0.8696 0.2513
vn 0.3395 0.9406 0.0037
vn 0.4760 0.8794 0.0048
vn 0.3395 0.9406 0.0035
vn -0.2240 0.8450 0.4855
vn -0.0037 0.8660 0.5000
vn -0.0011 0.8660 0.5001
vn 0.5087 -0.0000 -0.8609
vn 0.5090 -0.0000 -0.8608
vn 0.4248 -0.8696 0.2516
vn 0.4303 -0.8695 -0.2423
vn 0.4249 -0.8696 0.2515
vn 0.2690 -0.8363 0.4777
vn 0.3396 0.9406 0.0035
vn 0.4759 0.8795 0.0053
vn 0.3394 0.9407 0.0034
vn 0.2581 -0.8355 0.4850
vn 0.1230 -0.8589 0.4972
vn -0.0053 -0.8661 0.4998
vn -0.0038 0.8660 0.5001
vn 0.2582 -0.8357 0.4848
vn -0.2239 0.8450 0.4857
vn -0.0053 -0.8660 0.4999
vn 0.5091 -0.0000 -0.8607
vn 0.9999 -0.0000 0.0114
vn 0.2795 -0.8361 -0.4721
vn 0.4303 -0.8695 -0.2425
vn 0.4304 -0.8696 -0.2421
vn 0.4249 -0.8696 0.2516
vn 0.3396 0.9406 0.0034
vn 0.2423 0.8794 -0.4097
vn 0.3396 0.9406 0.0037
vn 0.4760 0.8794 0.0054
vn 0.3395 0.9406 0.0038
vn -0.2684 0.8353 0.4799
vn -0.2238 0.8451 0.4855
vn -0.0062 -0.8660 0.4999
vn -0.0039 -0.8660 0.5000
vn -0.0050 -0.8661 0.4999
vn -0.0043 0.8660 0.5000
vn -0.0097 0.8660 0.4999
vn -0.0057 0.8660 0.5000
vn -0.0012 -0.8660 0.5000
vn -0.0016 0.8660 0.5000
vn -0.0095 0.8660 0.4999
vn -0.0129 -0.8661 0.4998
vn 0.0022 0.8661 0.4999
vn 0.0068 -0.8660 0.5000
vn -0.0175 0.8660 0.4998
vn -0.0175 0.8659 0.4998
vn -0.0062 -0.8661 0.4999
vn -0.0039 -0.8661 0.4999
vn -0.0051 -0.8661 0.4999
vn -0.0097 0.8659 0.5002
vn -0.0012 -0.8661 0.4999
vn -0.0016 0.8659 0.5003
vn -0.0016 0.8661 0.4999
vn -0.0129 -0.8660 0.4999
vn 0.0022 0.8660 0.5000
vn -0.0175 0.8660 0.4997
vn -0.0061 -0.8661 0.4999
vn -0.0069 -0.8660 0.5000
vn -0.0097 0.8660 0.5000
vn -0.0037 0.8659 0.5001
vn -0.0038 -0.8660 0.5000
vn -0.0038 -0.8661 0.4999
vn -0.0050 -0.8660 0.4999
vn -0.0016 0.8660 0.5001
vn -0.0174 0.8660 0.4998
vn -0.0051 -0.8660 0.5000
vn -0.0055 0.8660 0.5001
vn -0.0174 0.8659 0.4999
vn -0.0050 -0.8660 0.5000
vn -0.0097 0.8659 0.5001
vn -0.0016 0.8659 0.5002
vn -0.0129 -0.8660 0.5000
vn 0.0022 0.8660 0.5001
vn 0.0068 -0.8659 0.5001
vn -0.0175 0.8659 0.5000
vn -0.0036 0.8660 0.5001
vn -0.0095 -0.8660 0.5000
vn -0.0012 0.8660 0.5001
vn 0.0022 -0.8661 0.4999
vn -0.0037 -0.8661 0.4998
vn -0.0097 -0.8661 0.4997
vn -0.0010 0.8661 0.4999
vn -0.0016 -0.8661 0.4998
vn -0.0091 0.8661 0.4999
vn -0.0054 -0.8661 0.4999
vn -0.0174 -0.8659 0.4998
vn -0.0095 -0.8661 0.4998
vn -0.0016 -0.8661 0.5000
vn -0.0012 0.8661 0.4999
vn -0.0129 0.8661 0.4998
vn -0.0094 -0.8661 0.4998
vn -0.0069 -0.8661 0.4998
vn 0.0022 -0.8660 0.5001
vn -0.0175 -0.8659 0.4998
vn 0.0068 0.8659 0.5003
vn -0.0060 -0.8661 0.4999
vn -0.0042 0.8660 0.5000
vn -0.0129 -0.8660 0.4998
vn -0.0175 0.8659 0.4999
vn -0.0063 -0.8661 0.4999
vn -0.0042 -0.8661 0.4999
vn -0.0012 -0.8660 0.5001
vn 0.0068 -0.8659 0.5002
vn -0.0095 0.8661 0.4998
vn -0.0036 -0.8660 0.5000
vn -0.0041 -0.8661 0.4999
vn -0.0037 0.8659 0.5002
vn 0.0068 -0.8660 0.4999
vn 0.0068 -0.8660 0.5001
vn -0.0063 -0.8660 0.4999
vn -0.0052 -0.8660 0.5000
vn -0.0097 0.8659 0.5000
vn -0.0016 0.8658 0.5003
vn -0.0174 0.8660 0.4997
vn -0.0097 -0.8660 0.5000
vn -0.0016 -0.8660 0.5001
vn -0.0091 0.8659 0.5001
vn 0.0068 0.8658 0.5003
vn -0.0048 0.8660 0.5000
vn -0.0055 -0.8660 0.4999
vn -0.0129 0.8660 0.5000
vn -0.0010 0.8659 0.5003
vn -0.0016 -0.8659 0.5001
vn -0.0091 0.8659 0.5002
vn -0.0061 -0.8660 0.4999
vn -0.0051 -0.8660 0.4999
vn -0.0054 0.8660 0.5000
vn -0.0064 -0.8661 0.4999
vn -0.0056 0.8660 0.5000
vn -0.0040 -0.8660 0.5000
vn -0.0174 0.8659 0.4998
vn -0.0037 0.8661 0.4999
vn -0.0054 -0.8660 0.5000
vn -0.0129 -0.8661 0.4997
vn -0.0065 -0.8660 0.4999
vn -0.0052 -0.8660 0.4999
vn -0.0049 -0.8661 0.4999
vn -0.0044 0.8660 0.5000
vn 0.0068 -0.8662 0.4997
vn -0.0072 -0.8660 0.4999
vn -0.0050 0.8661 0.4999
vn -0.0094 -0.8661 0.4997
vn -0.0012 0.8661 0.4998
vn -0.0049 0.8661 0.4999
vn 0.0069 0.8661 -0.4998
vn 0.0037 0.8660 -0.5000
vn 0.0050 0.8661 -0.4999
vn 0.0010 0.8661 -0.4999
vn 0.0097 -0.8661 -0.4998
vn 0.0070 -0.8660 -0.5000
vn 0.0058 -0.8660 -0.5000
vn 0.0097 -0.8660 -0.4999
vn 0.0012 0.8661 -0.4999
vn 0.0091 0.8661 -0.4998
vn 0.0037 0.8661 -0.4999
vn 0.0095 -0.8661 -0.4998
vn 0.0016 -0.8660 -0.5000
vn 0.0069 -0.8660 -0.4999
vn 0.0069 -0.8660 -0.5000
vn 0.0934 0.8627 -0.4971
vn 0.0532 0.8650 -0.4989
vn 0.0129 0.8660 -0.4998
vn -0.0828 -0.8627 -0.4989
vn -0.0022 -0.8661 -0.4999
vn -0.0022 -0.8660 -0.5000
vn 0.0057 -0.8660 -0.5000
vn 0.2684 0.8355 -0.4795
vn 0.2014 0.8492 -0.4882
vn -0.2581 -0.8353 -0.4855
vn -0.2581 -0.8355 -0.4851
vn -0.2135 -0.8450 -0.4902
vn 0.2015 0.8492 -0.4882
vn 0.1336 0.8590 -0.4942
vn -0.1230 -0.8591 -0.4969
vn -0.0829 -0.8627 -0.4989
vn -0.1229 -0.8588 -0.4974
vn -0.2134 -0.8451 -0.4902
vn -0.0068 0.8660 -0.5000
vn -0.0068 0.8659 -0.5001
vn 0.0175 -0.8660 -0.4997
vn 0.0174 -0.8659 -0.5000
vn 0.0069 0.8660 -0.5000
vn 0.0050 0.8660 -0.4999
vn 0.0097 -0.8660 -0.5000
vn 0.0012 0.8660 -0.5001
vn 0.0038 0.8660 -0.5000
vn 0.0095 -0.8660 -0.5000
vn 0.0935 0.8627 -0.4971
vn 0.0129 0.8661 -0.4998
vn 0.0532 0.8649 -0.4991
vn -0.0022 -0.8660 -0.5001
vn 0.2015 0.8492 -0.4881
vn -0.2581 -0.8355 -0.4850
vn -0.2135 -0.8451 -0.4902
vn 0.2014 0.8492 -0.4881
vn 0.1335 0.8589 -0.4944
vn -0.1230 -0.8588 -0.4973
vn -0.1230 -0.8589 -0.4971
vn -0.0068 0.8659 -0.5002
vn 0.0175 -0.8659 -0.4999
vn 0.0010 0.8660 -0.5001
vn 0.0097 -0.8659 -0.5000
vn 0.0097 -0.8659 -0.5001
vn 0.0012 0.8660 -0.5000
vn 0.0091 0.8660 -0.5000
vn 0.0095 -0.8660 -0.4999
vn 0.0016 -0.8659 -0.5002
vn 0.0068 -0.8660 -0.5000
vn 0.0935 0.8626 -0.4971
vn -0.0022 -0.8659 -0.5002
vn 0.2684 0.8354 -0.4796
vn 0.2014 0.8491 -0.4883
vn -0.2582 -0.8356 -0.4849
vn 0.1335 0.8589 -0.4945
vn -0.1230 -0.8590 -0.4971
vn -0.2134 -0.8451 -0.4901
vn 0.0175 -0.8660 -0.4998
vn 0.0175 -0.8659 -0.5000
vn 0.0069 0.8660 -0.4999
vn 0.0051 0.8661 -0.4999
vn 0.0129 0.8660 -0.4999
vn 0.0532 0.8650 -0.4990
vn -0.0828 -0.8627 -0.4990
vn 0.0057 -0.8660 -0.5001
vn 0.2684 0.8356 -0.4793
vn 0.2685 0.8357 -0.4790
vn -0.2581 -0.8356 -0.4850
vn -0.1230 -0.8589 -0.4972
vn -0.0829 -0.8626 -0.4990
vn 0.0174 -0.8659 -0.4999
vn 0.0069 0.8661 -0.4999
vn 0.0036 0.8661 -0.4999
vn 0.0091 0.8661 -0.4999
vn 0.0038 0.8661 -0.4999
vn 0.0016 -0.8660 -0.5001
vn 0.2684 0.8354 -0.4797
vn -0.2581 -0.8354 -0.4852
vn 0.1335 0.8588 -0.4945
vn -0.0068 0.8662 -0.4996
vn 0.0175 -0.8659 -0.4998
vn 0.0010 0.8660 -0.5000
vn 0.0058 -0.8660 -0.5001
vn 0.0036 0.8660 -0.5000
vn 0.0532 0.8649 -0.4990
vn -0.0828 -0.8626 -0.4990
vn 0.2684 0.8355 -0.4794
vn 0.1335 0.8588 -0.4947
vn -0.1229 -0.8588 -0.4973
vn -0.0068 0.8660 -0.5001
vn 0.9999 0.0005 0.0107
vn 0.0089 0.5554 -0.8315
vn 0.0089 0.5554 -0.8316
vn -0.0089 0.5556 0.8314
vn -0.0089 0.5554 0.8315
vn -0.0088 0.5554 0.8316
vn 0.9999 -0.0005 0.0107
vn 0.9999 0.0007 0.0107
vn 0.9999 0.0008 0.0107
vn 0.0089 0.5555 -0.8315
vn -0.0002 0.9998 0.0217
vn 0.0007 0.9979 -0.0649
vn 0.0007 0.9979 -0.0648
vn -0.0007 0.9979 0.0649
vn 0.9999 0.0004 0.0107
vn 0.0088 0.5552 -0.8317
vn 0.0088 0.5553 -0.8316
vn 0.0089 0.5555 -0.8314
vn 0.0089 0.5553 -0.8316
vn -0.0089 0.5555 0.8314
vn -0.0089 0.5554 0.8316
vn 0.9999 -0.0000 0.0105
vn 0.9999 0.0005 0.0106
vn -0.0088 0.5553 0.8316
vn -0.0088 0.5555 0.8315
vn -0.0089 0.5551 0.8317
vn 0.9999 0.0003 0.0107
vn 0.0088 0.5555 -0.8315
vn 0.0088 0.5554 -0.8315
vn -0.0088 0.5551 0.8317
vn 0.9999 -0.0004 0.0107
vn 0.9999 -0.0007 0.0107
vn -0.0089 0.5555 0.8315
vn -0.0089 0.5552 0.8316
vn -0.0088 0.5552 0.8317
vn -0.0007 0.9979 0.0648
vn 0.0089 0.5556 -0.8314
vn -0.0089 0.5553 0.8316
vn 0.9999 0.0010 0.0107
vn 0.0090 0.5555 -0.8315
vn 0.9999 0.0006 0.0107
vn -0.0088 0.5554 0.8315
vn 0.9999 0.0002 0.0107
vn 0.0088 0.5554 -0.8316
vn 0.9999 -0.0001 0.0106
vn 0.9999 -0.0004 0.0106
vn -0.0090 0.5556 0.8314
vn 0.0002 0.9998 -0.0217
vn -0.0007 0.9979 0.0650
vn 0.9999 -0.0006 0.0107
vn -0.0002 0.9998 0.0216
vn 0.9999 -0.0009 0.0107
vn 0.9999 -0.0010 0.0106
vn 0.9999 -0.0003 0.0107
vn 0.9999 -0.0010 0.0107
vn 0.9999 -0.0001 0.0107
vn 0.0088 0.5552 -0.8316
vn 0.9999 -0.0015 0.0106
vn 0.0089 0.5557 -0.8314
vn -0.0090 0.5554 0.8315
vn -0.0090 0.5555 0.8315
vn -0.0087 0.5550 0.8318
vn 0.0090 0.5556 -0.8314
vn -0.0089 0.5557 0.8314
vn 0.0007 0.9979 -0.0650
vn 0.0089 0.5552 -0.8317
vn 0.9999 -0.0002 0.0108
vn 0.9999 -0.0006 0.0106
vn 0.9999 0.0006 0.0106
vn -0.0088 0.5552 0.8316
vn 0.9999 -0.0006 0.0108
vn 0.9999 -0.0002 0.0106
vn 0.0089 0.5552 -0.8316
vn -0.0090 0.5554 0.8316
vn 0.9999 -0.0003 0.0108
vn 0.0090 0.5554 -0.8316
vn 0.0088 0.5551 -0.8317
vn 0.0002 0.9998 -0.0216
vn -0.0088 0.5551 0.8318
vn -0.0088 0.5556 0.8314
vn 0.0088 0.5551 -0.8318
vn -0.0089 0.5552 0.8317
vn 0.9999 0.0002 0.0106
vn 0.9999 -0.0003 0.0106
vn 0.0090 0.5554 -0.8315
vn 0.9999 -0.0008 0.0107
vn -0.0090 0.5553 0.8316
vn 0.9999 -0.0005 0.0106
vn 0.9999 0.0011 0.0107
vn -0.0090 0.5557 0.8313
vn -0.0089 0.5557 0.8313
vn 0.0089 0.5551 -0.8317
vn 0.0085 0.5553 -0.8316
vn -0.0090 0.5555 0.8314
vn 0.0090 0.5553 -0.8316
vn 0.9999 0.0001 0.0109
vn 0.9999 0.0003 0.0108
vn 0.9999 0.0013 0.0107
vn 0.9999 -0.0007 0.0106
vn 0.0090 0.5555 -0.8314
vn 0.9999 0.0009 0.0107
vn 0.9999 -0.0008 0.0106
vn 0.9999 0.0010 0.0108
vn 0.0089 0.5551 -0.8318
vn 0.0088 0.5557 -0.8314
vn 0.9999 0.0003 0.0106
vn 0.9999 0.0006 0.0108
vn 0.0089 0.5550 -0.8318
vn 0.0091 0.5559 -0.8312
vn 0.9999 0.0012 0.0107
vn 0.9999 0.0009 0.0106
vn 0.9999 0.0012 0.0108
vn 0.9999 -0.0011 0.0107
vn 0.9999 -0.0001 0.0108
vn 0.9999 0.0017 0.0107
vn 0.9999 -0.0014 0.0107
vn 0.9999 0.0010 0.0106
vn 0.9999 0.0004 0.0106
vn 0.0090 0.5557 -0.8314
vn 0.0107 0.0004 -0.9999
vn -0.0107 -0.0003 0.9999
vn 0.9999 0.0019 0.0107
vn 0.9999 0.0008 0.0108
vn -0.0089 0.5550 0.8318
vn 0.9999 0.0014 0.0107
vn 0.0088 0.5556 -0.8314
vt 0.496608 0.003626
vt 0.496607 0.246717
vt 0.433116 0.003626
vt 0.433116 0.246717
vt 0.497440 0.003626
vt 0.497440 0.246717
vt 0.497358 0.246717
vt 0.497358 0.003626
vt 0.412894 0.003626
vt 0.419283 0.003626
vt 0.412894 0.246717
vt 0.419283 0.246717
vt 0.496606 0.246717
vt 0.496607 0.003626
vt 0.496608 0.246717
vt 0.496606 0.003626
vt 0.428198 0.875855
vt 0.459714 0.875855
vt 0.428198 0.911134
vt 0.459714 0.911134
vt 0.459714 0.954926
vt 0.428198 0.954926
vt 0.110849 0.360074
vt 0.113045 0.380328
vt 0.075438 0.359644
vt 0.082614 0.380328
vt 0.188645 0.049424
vt 0.188645 0.321421
vt 0.157235 0.049424
vt 0.157235 0.321421
vt 0.188645 0.012398
vt 0.157235 0.012398
vt 0.188477 0.012715
vt 0.166497 0.012715
vt 0.188477 0.013462
vt 0.166497 0.013462
vt 0.428198 0.876880
vt 0.428198 0.958123
vt 0.461157 0.876880
vt 0.461157 0.958123
vt 0.460413 0.952087
vt 0.460413 0.958310
vt 0.428198 0.952087
vt 0.428198 0.958310
vt 0.470967 0.882033
vt 0.466322 0.962432
vt 0.470921 0.882033
vt 0.466277 0.962432
vt 0.482634 0.959729
vt 0.482634 0.950981
vt 0.473909 0.959729
vt 0.473909 0.950981
vt 0.459714 0.994315
vt 0.428198 0.994315
vt 0.473127 0.875855
vt 0.473127 0.994315
vt 0.481609 0.875855
vt 0.494047 0.875855
vt 0.481609 0.994315
vt 0.494047 0.994315
vt 0.123122 0.476003
vt 0.132139 0.475905
vt 0.123155 0.488056
vt 0.132139 0.487860
vt 0.110249 0.487860
vt 0.459892 0.952087
vt 0.459892 0.958550
vt 0.428198 0.958550
vt 0.459714 0.876177
vt 0.428198 0.876227
vt 0.459714 0.876227
vt 0.460530 0.952087
vt 0.428198 0.958654
vt 0.482974 0.952206
vt 0.492851 0.952206
vt 0.482974 0.994655
vt 0.492851 0.994655
vt 0.436672 0.852730
vt 0.436672 0.900249
vt 0.452538 0.852730
vt 0.452539 0.900249
vt 0.452746 0.852730
vt 0.452746 0.957858
vt 0.436672 0.957858
vt 0.477740 0.817855
vt 0.477740 0.822080
vt 0.477740 0.826294
vt 0.477740 0.822071
vt 0.477740 0.826348
vt 0.477740 0.830512
vt 0.108925 0.516733
vt 0.108925 0.546708
vt 0.108925 0.546693
vt 0.101903 0.559680
vt 0.101903 0.503345
vt 0.182448 0.385126
vt 0.199133 0.388517
vt 0.182448 0.439418
vt 0.199133 0.436027
vt 0.179704 0.387009
vt 0.179704 0.431988
vt 0.001620 0.387009
vt 0.001620 0.431988
vt 0.179703 0.431988
vt 0.201127 0.439742
vt 0.202064 0.439742
vt 0.201127 0.480354
vt 0.202064 0.480354
vt 0.201126 0.495256
vt 0.202064 0.495256
vt 0.201127 0.480326
vt 0.202064 0.480326
vt 0.201127 0.439716
vt 0.202064 0.439716
s 1
usemtl Material.003
f 1/1/1 2/2/1 3/3/1
f 2/2/1 4/4/1 3/3/1
f 5/5/1 6/6/1 7/3/1
f 6/6/1 8/4/1 7/3/1
f 9/4/1 10/3/1 11/7/1
f 10/3/1 12/8/1 11/7/1
f 13/4/1 14/3/1 15/7/1
f 14/3/1 16/8/1 15/7/1
f 17/9/2 18/10/2 19/11/3
f 18/10/2 20/12/3 19/11/3
f 21/9/3 22/10/3 23/11/2
f 22/10/3 24/12/2 23/11/2
f 25/10/1 26/8/1 27/12/1
f 26/8/1 28/7/1 27/12/1
f 29/12/1 30/10/1 31/7/1
f 30/10/1 32/8/1 31/7/1
f 8/4/1 3/3/1 33/7/1
f 3/3/1 34/8/1 33/7/1
f 31/7/1 13/4/1 26/8/1
f 13/4/1 10/3/1 26/8/1
f 35/10/1 1/1/1 36/12/1
f 1/1/1 6/6/1 36/12/1
f 37/9/2 38/10/2 39/11/2
f 38/10/2 40/12/2 39/11/2
f 4/4/1 41/3/1 42/7/1
f 41/3/1 43/8/1 42/7/1
f 44/13/1 45/4/1 32/8/1
f 45/4/1 14/3/1 32/8/1
f 46/10/1 47/8/1 48/12/1
f 47/8/1 2/2/1 48/12/1
f 49/9/4 50/10/4 51/11/3
f 50/10/4 52/12/3 51/11/3
f 53/3/1 54/14/1 55/4/1
f 54/14/1 56/15/1 55/4/1
f 57/3/1 58/5/1 59/4/1
f 58/5/1 60/6/1 59/4/1
f 33/7/1 61/4/1 62/8/1
f 61/4/1 63/3/1 62/8/1
f 42/7/1 64/4/1 34/8/1
f 64/4/1 65/3/1 34/8/1
f 66/10/5 67/12/6 68/9/5
f 67/12/6 69/11/6 68/9/5
f 70/10/6 71/12/6 72/9/6
f 71/12/6 73/11/6 72/9/6
f 74/8/1 75/7/1 76/10/1
f 75/7/1 77/12/1 76/10/1
f 78/7/1 79/12/1 80/8/1
f 79/12/1 81/10/1 80/8/1
f 15/7/1 55/4/1 12/8/1
f 55/4/1 57/3/1 12/8/1
f 61/4/1 65/3/1 75/7/1
f 65/3/1 80/8/1 75/7/1
f 58/5/1 56/15/1 82/10/1
f 56/15/1 83/12/1 82/10/1
f 84/10/6 85/12/5 86/9/6
f 85/12/5 87/11/5 86/9/6
f 88/7/1 89/4/1 16/8/1
f 89/4/1 53/3/1 16/8/1
f 64/4/1 90/3/1 78/7/1
f 90/3/1 91/16/1 78/7/1
f 54/14/1 92/7/1 93/10/1
f 92/7/1 94/12/1 93/10/1
f 95/10/6 96/12/5 97/9/6
f 96/12/5 98/11/5 97/9/6
f 99/17/7 100/18/7 101/19/7
f 100/18/7 102/20/7 101/19/7
f 103/18/8 104/17/8 105/20/8
f 104/17/8 106/19/8 105/20/8
f 107/18/1 108/17/1 109/20/1
f 108/17/1 110/19/1 109/20/1
f 102/20/7 111/21/7 101/19/7
f 111/21/7 112/22/7 101/19/7
f 106/19/8 113/22/8 105/20/8
f 113/22/8 114/21/8 105/20/8
f 110/19/1 115/22/1 109/20/1
f 115/22/1 116/21/1 109/20/1
f 117/17/8 118/18/8 119/22/8
f 118/18/8 120/21/8 119/22/8
f 121/17/7 122/22/7 123/18/7
f 122/22/7 124/21/7 123/18/7
f 125/17/9 126/22/9 127/18/9
f 126/22/9 128/21/9 127/18/9
f 129/20/8 130/18/8 131/19/8
f 130/18/8 132/17/8 131/19/8
f 133/19/7 134/17/7 135/20/7
f 134/17/7 136/18/7 135/20/7
f 137/19/1 138/17/1 139/20/1
f 138/17/1 140/18/1 139/20/1
f 141/22/8 142/21/8 131/19/8
f 142/21/8 129/20/8 131/19/8
f 143/21/7 144/22/7 135/20/7
f 144/22/7 133/19/7 135/20/7
f 145/21/1 146/22/1 139/20/1
f 146/22/1 137/19/1 139/20/1
f 147/22/7 148/21/7 149/17/7
f 148/21/7 150/18/7 149/17/7
f 151/21/8 152/22/8 153/18/8
f 152/22/8 154/17/8 153/18/8
f 155/21/9 156/22/9 157/18/9
f 156/22/9 158/17/9 157/18/9
f 159/20/8 142/21/8 160/19/8
f 142/21/8 141/22/8 160/19/8
f 161/19/7 144/22/7 162/20/7
f 144/22/7 143/21/7 162/20/7
f 163/19/1 146/22/1 164/20/1
f 146/22/1 145/21/1 164/20/1
f 165/17/8 166/18/8 160/19/8
f 166/18/8 159/20/8 160/19/8
f 167/18/7 168/17/7 162/20/7
f 168/17/7 161/19/7 162/20/7
f 169/18/1 170/17/1 164/20/1
f 170/17/1 163/19/1 164/20/1
f 112/22/7 111/21/7 171/19/7
f 111/21/7 172/20/7 171/19/7
f 114/21/8 113/22/8 173/20/8
f 113/22/8 174/19/8 173/20/8
f 116/21/1 115/22/1 175/20/1
f 115/22/1 176/19/1 175/20/1
f 172/20/7 177/18/7 171/19/7
f 177/18/7 178/17/7 171/19/7
f 174/19/8 179/17/8 173/20/8
f 179/17/8 180/18/8 173/20/8
f 176/19/1 181/17/1 175/20/1
f 181/17/1 182/18/1 175/20/1
f 183/22/10 184/17/10 185/21/10
f 184/17/10 186/18/10 185/21/10
f 187/22/9 188/17/9 189/21/9
f 188/17/9 190/18/9 189/21/9
f 191/18/10 192/17/10 185/21/10
f 192/17/10 183/22/10 185/21/10
f 193/18/9 194/17/9 189/21/9
f 194/17/9 187/22/9 189/21/9
f 195/22/10 196/17/10 197/21/10
f 196/17/10 198/18/10 197/21/10
f 199/22/9 200/17/9 201/21/9
f 200/17/9 202/18/9 201/21/9
f 203/18/10 204/17/10 197/21/10
f 204/17/10 195/22/10 197/21/10
f 205/18/9 206/17/9 201/21/9
f 206/17/9 199/22/9 201/21/9
f 207/23/10 208/24/10 209/25/10
f 208/24/10 210/26/10 209/25/10
f 211/27/11 212/28/12 213/29/13
f 212/28/12 214/30/12 213/29/13
f 215/31/7 211/27/11 216/32/7
f 211/27/11 213/29/13 216/32/7
f 217/33/1 218/34/1 219/35/1
f 218/34/1 220/36/1 219/35/1
f 221/26/14 222/24/15 223/25/15
f 222/24/15 224/23/10 223/25/15
f 225/30/16 226/28/16 227/29/17
f 226/28/16 228/27/18 227/29/17
f 227/29/17 228/27/18 229/32/19
f 228/27/18 230/31/19 229/32/19
f 231/35/1 232/33/1 233/36/1
f 232/33/1 234/34/1 233/36/1
f 235/1/1 236/2/1 237/3/1
f 236/2/1 238/4/1 237/3/1
f 239/1/1 240/2/1 241/3/1
f 240/2/1 242/4/1 241/3/1
f 243/5/1 244/6/1 245/3/1
f 244/6/1 246/4/1 245/3/1
f 247/4/1 248/3/1 249/7/1
f 248/3/1 250/8/1 249/7/1
f 251/4/1 252/3/1 253/7/1
f 252/3/1 254/8/1 253/7/1
f 255/4/1 256/3/1 257/7/1
f 256/3/1 258/8/1 257/7/1
f 259/9/2 260/10/20 261/11/21
f 260/10/20 262/12/22 261/11/21
f 263/9/2 264/10/2 265/11/4
f 264/10/2 266/12/4 265/11/4
f 267/9/3 268/10/3 269/11/2
f 268/10/3 270/12/2 269/11/2
f 271/10/1 272/8/1 273/12/1
f 272/8/1 274/7/1 273/12/1
f 275/12/1 276/10/1 277/7/1
f 276/10/1 278/8/1 277/7/1
f 279/12/1 280/10/1 281/7/1
f 280/10/1 282/8/1 281/7/1
f 246/4/1 241/3/1 283/7/1
f 241/3/1 284/8/1 283/7/1
f 277/7/1 251/4/1 272/8/1
f 251/4/1 248/3/1 272/8/1
f 285/10/1 239/1/1 286/12/1
f 239/1/1 244/6/1 286/12/1
f 287/9/4 288/10/4 289/11/2
f 288/10/4 290/12/2 289/11/2
f 242/4/1 237/3/1 291/7/1
f 237/3/1 292/8/1 291/7/1
f 281/7/1 255/4/1 278/8/1
f 255/4/1 252/3/1 278/8/1
f 293/10/1 235/1/1 294/12/1
f 235/1/1 240/2/1 294/12/1
f 295/9/2 296/10/2 297/11/2
f 296/10/2 298/12/2 297/11/2
f 238/4/1 299/3/1 300/7/1
f 299/3/1 301/8/1 300/7/1
f 302/13/1 303/4/1 282/8/1
f 303/4/1 256/3/1 282/8/1
f 304/10/1 305/8/1 306/12/1
f 305/8/1 236/2/1 306/12/1
f 307/9/2 308/10/2 309/11/3
f 308/10/2 310/12/3 309/11/3
f 311/3/1 312/14/1 313/4/1
f 312/14/1 314/15/1 313/4/1
f 315/3/1 316/14/1 317/4/1
f 316/14/1 318/15/1 317/4/1
f 319/3/1 320/5/1 321/4/1
f 320/5/1 322/6/1 321/4/1
f 283/7/1 323/4/1 324/8/1
f 323/4/1 325/3/1 324/8/1
f 291/7/1 326/4/1 284/8/1
f 326/4/1 327/3/1 284/8/1
f 300/7/1 328/4/1 292/8/1
f 328/4/1 329/3/1 292/8/1
f 330/10/23 331/12/24 332/9/25
f 331/12/24 333/11/5 332/9/25
f 334/10/5 335/12/26 336/9/5
f 335/12/26 337/11/26 336/9/5
f 338/10/5 339/12/26 340/9/5
f 339/12/26 341/11/26 340/9/5
f 342/8/1 343/7/1 344/10/1
f 343/7/1 345/12/1 344/10/1
f 346/7/1 347/12/1 348/8/1
f 347/12/1 349/10/1 348/8/1
f 350/7/1 351/12/1 352/8/1
f 351/12/1 353/10/1 352/8/1
f 253/7/1 317/4/1 250/8/1
f 317/4/1 319/3/1 250/8/1
f 323/4/1 327/3/1 343/7/1
f 327/3/1 348/8/1 343/7/1
f 320/5/1 318/15/1 354/10/1
f 318/15/1 355/12/1 354/10/1
f 356/10/27 357/12/5 358/9/5
f 357/12/5 359/11/5 358/9/5
f 257/7/1 313/4/1 254/8/1
f 313/4/1 315/3/1 254/8/1
f 326/4/1 329/3/1 346/7/1
f 329/3/1 352/8/1 346/7/1
f 316/14/1 314/15/1 360/10/1
f 314/15/1 361/12/1 360/10/1
f 362/10/26 363/12/5 364/9/26
f 363/12/5 365/11/5 364/9/26
f 366/7/1 367/4/1 258/8/1
f 367/4/1 311/3/1 258/8/1
f 328/4/1 368/3/1 350/7/1
f 368/3/1 369/16/1 350/7/1
f 312/14/1 370/7/1 371/10/1
f 370/7/1 372/12/1 371/10/1
f 373/10/26 374/12/5 375/9/26
f 374/12/5 376/11/5 375/9/26
f 377/17/7 378/18/7 379/19/7
f 378/18/7 380/20/7 379/19/7
f 381/18/8 382/17/8 383/20/8
f 382/17/8 384/19/8 383/20/8
f 385/18/1 386/17/1 387/20/1
f 386/17/1 388/19/1 387/20/1
f 380/20/7 389/21/7 379/19/7
f 389/21/7 390/22/7 379/19/7
f 384/19/8 391/22/8 383/20/8
f 391/22/8 392/21/8 383/20/8
f 388/19/1 393/22/1 387/20/1
f 393/22/1 394/21/1 387/20/1
f 395/17/8 396/18/8 397/22/8
f 396/18/8 398/21/8 397/22/8
f 399/17/7 400/22/7 401/18/7
f 400/22/7 402/21/7 401/18/7
f 403/17/9 404/22/9 405/18/9
f 404/22/9 406/21/9 405/18/9
f 407/20/8 408/18/8 409/19/8
f 408/18/8 410/17/8 409/19/8
f 411/19/7 412/17/7 413/20/7
f 412/17/7 414/18/7 413/20/7
f 415/19/1 416/17/1 417/20/1
f 416/17/1 418/18/1 417/20/1
f 419/22/8 420/21/8 409/19/8
f 420/21/8 407/20/8 409/19/8
f 421/21/7 422/22/7 413/20/7
f 422/22/7 411/19/7 413/20/7
f 423/21/1 424/22/1 417/20/1
f 424/22/1 415/19/1 417/20/1
f 425/22/7 426/21/7 427/17/7
f 426/21/7 428/18/7 427/17/7
f 429/21/8 430/22/8 431/18/8
f 430/22/8 432/17/8 431/18/8
f 433/21/9 434/22/9 435/18/9
f 434/22/9 436/17/9 435/18/9
f 437/22/10 438/17/10 439/21/10
f 438/17/10 440/18/10 439/21/10
f 441/22/9 442/17/9 443/21/9
f 442/17/9 444/18/9 443/21/9
f 445/18/10 446/17/10 439/21/10
f 446/17/10 437/22/10 439/21/10
f 447/18/9 448/17/9 443/21/9
f 448/17/9 441/22/9 443/21/9
f 449/20/8 420/21/8 450/19/8
f 420/21/8 419/22/8 450/19/8
f 451/19/7 422/22/7 452/20/7
f 422/22/7 421/21/7 452/20/7
f 453/19/1 424/22/1 454/20/1
f 424/22/1 423/21/1 454/20/1
f 455/17/8 456/18/8 450/19/8
f 456/18/8 449/20/8 450/19/8
f 457/18/7 458/17/7 452/20/7
f 458/17/7 451/19/7 452/20/7
f 459/18/1 460/17/1 454/20/1
f 460/17/1 453/19/1 454/20/1
f 461/17/7 462/18/7 425/22/7
f 462/18/7 426/21/7 425/22/7
f 463/18/8 464/17/8 429/21/8
f 464/17/8 430/22/8 429/21/8
f 465/18/9 466/17/9 433/21/9
f 466/17/9 434/22/9 433/21/9
f 390/22/7 389/21/7 467/19/7
f 389/21/7 468/20/7 467/19/7
f 392/21/8 391/22/8 469/20/8
f 391/22/8 470/19/8 469/20/8
f 394/21/1 393/22/1 471/20/1
f 393/22/1 472/19/1 471/20/1
f 468/20/7 473/18/7 467/19/7
f 473/18/7 474/17/7 467/19/7
f 470/19/8 475/17/8 469/20/8
f 475/17/8 476/18/8 469/20/8
f 472/19/1 477/17/1 471/20/1
f 477/17/1 478/18/1 471/20/1
f 397/22/8 398/21/8 479/17/8
f 398/21/8 480/18/8 479/17/8
f 400/22/7 481/17/7 402/21/7
f 481/17/7 482/18/7 402/21/7
f 404/22/9 483/17/9 406/21/9
f 483/17/9 484/18/9 406/21/9
f 485/20/8 486/18/8 487/19/8
f 486/18/8 488/17/8 487/19/8
f 489/19/7 490/17/7 491/20/7
f 490/17/7 492/18/7 491/20/7
f 493/19/1 494/17/1 495/20/1
f 494/17/1 496/18/1 495/20/1
f 497/22/8 498/21/8 487/19/8
f 498/21/8 485/20/8 487/19/8
f 499/21/7 500/22/7 491/20/7
f 500/22/7 489/19/7 491/20/7
f 501/21/1 502/22/1 495/20/1
f 502/22/1 493/19/1 495/20/1
f 503/22/7 504/21/7 505/17/7
f 504/21/7 506/18/7 505/17/7
f 507/21/8 508/22/8 509/18/8
f 508/22/8 510/17/8 509/18/8
f 511/21/9 512/22/9 513/18/9
f 512/22/9 514/17/9 513/18/9
f 515/17/7 516/18/7 517/19/7
f 516/18/7 518/20/7 517/19/7
f 519/18/8 520/17/8 521/20/8
f 520/17/8 522/19/8 521/20/8
f 523/18/1 524/17/1 525/20/1
f 524/17/1 526/19/1 525/20/1
f 518/20/7 527/21/7 517/19/7
f 527/21/7 528/22/7 517/19/7
f 522/19/8 529/22/8 521/20/8
f 529/22/8 530/21/8 521/20/8
f 526/19/1 531/22/1 525/20/1
f 531/22/1 532/21/1 525/20/1
f 533/17/8 534/18/8 535/22/8
f 534/18/8 536/21/8 535/22/8
f 537/17/7 538/22/7 539/18/7
f 538/22/7 540/21/7 539/18/7
f 541/17/9 542/22/9 543/18/9
f 542/22/9 544/21/9 543/18/9
f 545/1/1 546/2/1 547/3/1
f 546/2/1 548/4/1 547/3/1
f 549/1/1 550/2/1 551/3/1
f 550/2/1 552/4/1 551/3/1
f 305/8/1 553/6/1 299/3/1
f 553/6/1 554/4/1 299/3/1
f 303/4/1 555/3/1 366/7/1
f 555/3/1 556/8/1 366/7/1
f 557/4/1 558/3/1 559/7/1
f 558/3/1 560/8/1 559/7/1
f 561/4/1 562/3/1 563/7/1
f 562/3/1 564/8/1 563/7/1
f 565/9/2 566/10/2 567/11/2
f 566/10/2 568/12/2 567/11/2
f 569/9/3 570/10/3 571/11/3
f 570/10/3 572/12/3 571/11/3
f 573/9/2 574/10/2 575/11/3
f 574/10/2 576/12/3 575/11/3
f 577/10/1 578/8/1 579/12/1
f 578/8/1 302/13/1 579/12/1
f 580/12/1 581/10/1 582/7/1
f 581/10/1 583/8/1 582/7/1
f 584/12/1 585/10/1 586/7/1
f 585/10/1 587/8/1 586/7/1
f 554/4/1 551/3/1 588/7/1
f 551/3/1 589/8/1 588/7/1
f 582/7/1 557/4/1 578/8/1
f 557/4/1 555/3/1 578/8/1
f 590/10/1 549/1/1 591/12/1
f 549/1/1 553/6/1 591/12/1
f 592/9/3 593/10/3 594/11/2
f 593/10/3 595/12/2 594/11/2
f 552/4/1 547/3/1 596/7/1
f 547/3/1 597/8/1 596/7/1
f 586/7/1 561/4/1 583/8/1
f 561/4/1 558/3/1 583/8/1
f 598/10/1 545/1/1 599/12/1
f 545/1/1 550/2/1 599/12/1
f 600/9/3 601/10/3 602/11/3
f 601/10/3 603/12/3 602/11/3
f 548/4/1 7/3/1 604/7/1
f 7/3/1 62/8/1 604/7/1
f 28/7/1 9/4/1 587/8/1
f 9/4/1 562/3/1 587/8/1
f 605/10/1 5/5/1 606/12/1
f 5/5/1 546/2/1 606/12/1
f 607/9/3 608/10/3 609/11/2
f 608/10/3 610/12/2 609/11/2
f 611/3/1 612/14/1 613/4/1
f 612/14/1 614/15/1 613/4/1
f 615/3/1 616/14/1 617/4/1
f 616/14/1 618/15/1 617/4/1
f 619/3/1 620/5/1 367/4/1
f 620/5/1 370/7/1 367/4/1
f 588/7/1 621/4/1 301/8/1
f 621/4/1 368/3/1 301/8/1
f 596/7/1 622/4/1 589/8/1
f 622/4/1 623/3/1 589/8/1
f 604/7/1 624/4/1 597/8/1
f 624/4/1 625/3/1 597/8/1
f 626/10/5 627/12/6 628/9/5
f 627/12/6 629/11/6 628/9/5
f 630/10/6 631/12/6 632/9/6
f 631/12/6 633/11/5 632/9/6
f 634/10/6 635/12/5 636/9/5
f 635/12/5 637/11/5 636/9/5
f 369/16/1 638/7/1 639/10/1
f 638/7/1 640/12/1 639/10/1
f 641/7/1 642/12/1 643/8/1
f 642/12/1 644/10/1 643/8/1
f 645/7/1 646/12/1 647/8/1
f 646/12/1 648/10/1 647/8/1
f 559/7/1 617/4/1 556/8/1
f 617/4/1 619/3/1 556/8/1
f 621/4/1 623/3/1 638/7/1
f 623/3/1 643/8/1 638/7/1
f 620/5/1 618/15/1 649/10/1
f 618/15/1 650/12/1 649/10/1
f 651/10/6 652/12/6 653/9/6
f 652/12/6 654/11/6 653/9/6
f 563/7/1 613/4/1 560/8/1
f 613/4/1 615/3/1 560/8/1
f 622/4/1 625/3/1 641/7/1
f 625/3/1 647/8/1 641/7/1
f 616/14/1 614/15/1 655/10/1
f 614/15/1 656/12/1 655/10/1
f 657/10/5 658/12/6 659/9/5
f 658/12/6 660/11/6 659/9/5
f 11/7/1 59/4/1 564/8/1
f 59/4/1 611/3/1 564/8/1
f 624/4/1 63/3/1 645/7/1
f 63/3/1 74/8/1 645/7/1
f 612/14/1 60/6/1 661/10/1
f 60/6/1 662/12/1 661/10/1
f 663/10/5 664/12/5 665/9/5
f 664/12/5 666/11/5 665/9/5
f 528/22/7 527/21/7 667/19/7
f 527/21/7 668/20/7 667/19/7
f 530/21/8 529/22/8 669/20/8
f 529/22/8 670/19/8 669/20/8
f 532/21/1 531/22/1 671/20/1
f 531/22/1 672/19/1 671/20/1
f 668/20/7 673/18/7 667/19/7
f 673/18/7 674/17/7 667/19/7
f 670/19/8 675/17/8 669/20/8
f 675/17/8 676/18/8 669/20/8
f 672/19/1 677/17/1 671/20/1
f 677/17/1 678/18/1 671/20/1
f 535/22/8 536/21/8 679/17/8
f 536/21/8 680/18/8 679/17/8
f 538/22/7 681/17/7 540/21/7
f 681/17/7 682/18/7 540/21/7
f 542/22/9 683/17/9 544/21/9
f 683/17/9 684/18/9 544/21/9
f 685/20/8 498/21/8 686/19/8
f 498/21/8 497/22/8 686/19/8
f 687/19/7 500/22/7 688/20/7
f 500/22/7 499/21/7 688/20/7
f 689/19/1 502/22/1 690/20/1
f 502/22/1 501/21/1 690/20/1
f 691/17/8 692/18/8 686/19/8
f 692/18/8 685/20/8 686/19/8
f 693/18/7 694/17/7 688/20/7
f 694/17/7 687/19/7 688/20/7
f 695/18/1 696/17/1 690/20/1
f 696/17/1 689/19/1 690/20/1
f 697/17/7 698/18/7 503/22/7
f 698/18/7 504/21/7 503/22/7
f 699/18/8 700/17/8 507/21/8
f 700/17/8 508/22/8 507/21/8
f 701/18/9 702/17/9 511/21/9
f 702/17/9 512/22/9 511/21/9
f 703/20/8 704/18/8 705/19/8
f 704/18/8 706/17/8 705/19/8
f 707/19/7 708/17/7 709/20/7
f 708/17/7 710/18/7 709/20/7
f 711/19/1 712/17/1 713/20/1
f 712/17/1 714/18/1 713/20/1
f 715/22/8 716/21/8 705/19/8
f 716/21/8 703/20/8 705/19/8
f 717/21/7 718/22/7 709/20/7
f 718/22/7 707/19/7 709/20/7
f 719/21/1 720/22/1 713/20/1
f 720/22/1 711/19/1 713/20/1
f 721/22/7 722/21/7 723/17/7
f 722/21/7 724/18/7 723/17/7
f 725/21/8 726/22/8 727/18/8
f 726/22/8 728/17/8 727/18/8
f 729/21/9 730/22/9 731/18/9
f 730/22/9 732/17/9 731/18/9
f 733/17/7 734/18/7 735/19/7
f 734/18/7 736/20/7 735/19/7
f 737/18/8 738/17/8 739/20/8
f 738/17/8 740/19/8 739/20/8
f 741/18/1 742/17/1 743/20/1
f 742/17/1 744/19/1 743/20/1
f 736/20/7 745/21/7 735/19/7
f 745/21/7 746/22/7 735/19/7
f 740/19/8 747/22/8 739/20/8
f 747/22/8 748/21/8 739/20/8
f 744/19/1 749/22/1 743/20/1
f 749/22/1 750/21/1 751/20/1
f 752/17/8 753/18/8 754/22/8
f 753/18/8 755/21/8 754/22/8
f 756/17/7 757/22/7 758/18/7
f 757/22/7 759/21/7 758/18/7
f 760/17/9 761/22/9 762/18/9
f 761/22/9 763/21/9 762/18/9
f 764/20/8 716/21/8 765/19/8
f 716/21/8 715/22/8 765/19/8
f 766/19/7 718/22/7 767/20/7
f 718/22/7 717/21/7 767/20/7
f 768/19/1 720/22/1 769/20/1
f 720/22/1 719/21/1 769/20/1
f 770/17/8 771/18/8 765/19/8
f 771/18/8 764/20/8 765/19/8
f 772/18/7 773/17/7 767/20/7
f 773/17/7 766/19/7 767/20/7
f 774/18/1 775/17/1 769/20/1
f 775/17/1 768/19/1 769/20/1
f 776/17/7 777/18/7 721/22/7
f 777/18/7 722/21/7 721/22/7
f 778/18/8 779/17/8 725/21/8
f 779/17/8 726/22/8 725/21/8
f 780/18/9 781/17/9 729/21/9
f 781/17/9 730/22/9 729/21/9
f 746/22/7 745/21/7 782/19/7
f 745/21/7 783/20/7 782/19/7
f 748/21/8 747/22/8 784/20/8
f 747/22/8 785/19/8 784/20/8
f 750/21/1 749/22/1 786/20/1
f 749/22/1 787/19/1 786/20/1
f 783/20/7 788/18/7 782/19/7
f 788/18/7 789/17/7 782/19/7
f 785/19/8 790/17/8 784/20/8
f 790/17/8 791/18/8 784/20/8
f 787/19/1 792/17/1 786/20/1
f 792/17/1 793/18/1 794/20/1
f 754/22/8 755/21/8 795/17/8
f 755/21/8 796/18/8 795/17/8
f 757/22/7 797/17/7 759/21/7
f 797/17/7 798/18/7 759/21/7
f 761/22/9 799/17/9 763/21/9
f 799/17/9 800/18/9 763/21/9
f 801/37/28 802/38/28 803/39/28
f 802/38/28 804/40/28 803/39/28
f 805/41/1 806/42/1 807/43/1
f 806/42/1 808/44/1 807/43/1
f 809/45/8 810/46/8 811/39/8
f 810/46/8 812/40/8 811/39/8
f 813/39/7 814/40/7 815/47/7
f 814/40/7 816/48/7 815/47/7
f 817/40/29 818/38/28 819/39/28
f 818/38/28 820/37/30 819/39/28
f 821/44/1 822/42/1 823/43/1
f 822/42/1 824/41/1 823/43/1
f 825/40/7 826/46/7 827/39/7
f 826/46/7 828/45/7 827/39/7
f 829/48/8 830/40/8 831/47/8
f 830/40/8 832/39/8 831/47/8
f 806/42/1 833/41/1 808/44/1
f 833/41/1 834/43/1 808/44/1
f 815/47/7 816/48/7 835/39/7
f 816/48/7 836/40/31 835/39/7
f 809/45/8 837/39/8 810/46/8
f 837/39/8 838/40/8 839/46/8
f 840/43/1 841/41/1 821/44/1
f 841/41/1 822/42/1 821/44/1
f 826/46/7 842/40/7 828/45/7
f 842/40/7 843/39/7 828/45/7
f 844/40/8 845/48/8 846/39/8
f 845/48/8 831/47/8 846/39/8
f 847/37/28 848/38/30 849/39/28
f 848/38/30 850/40/30 849/39/28
f 851/41/1 852/42/1 853/43/1
f 852/42/1 854/44/1 853/43/1
f 855/45/8 856/46/8 857/39/8
f 856/46/8 858/40/8 857/39/8
f 859/39/7 860/40/7 861/47/7
f 860/40/7 862/48/7 861/47/7
f 863/40/32 864/38/30 865/39/28
f 864/38/30 866/37/28 865/39/28
f 867/44/1 868/42/1 869/43/1
f 868/42/1 870/41/1 869/43/1
f 871/40/33 872/46/7 873/39/7
f 872/46/7 874/45/7 873/39/7
f 875/48/8 876/40/8 877/47/8
f 876/40/8 878/39/8 877/47/8
f 852/42/1 879/41/1 854/44/1
f 879/41/1 880/43/1 854/44/1
f 861/47/7 862/48/7 881/39/7
f 862/48/7 882/40/31 881/39/7
f 855/45/8 883/39/8 856/46/8
f 883/39/19 884/40/19 885/46/19
f 886/43/1 887/41/1 867/44/1
f 887/41/1 868/42/1 867/44/1
f 872/46/7 888/40/7 874/45/7
f 888/40/7 889/39/7 874/45/7
f 890/40/8 875/48/8 891/39/8
f 875/48/8 877/47/8 891/39/8
f 892/37/30 893/38/28 894/39/30
f 893/38/28 895/40/34 894/39/30
f 896/41/1 897/42/1 898/43/1
f 897/42/1 899/44/1 898/43/1
f 900/45/8 901/46/8 902/39/8
f 901/46/8 903/40/19 902/39/8
f 904/39/7 905/40/7 906/47/7
f 905/40/7 907/48/7 906/47/7
f 908/40/28 909/38/28 910/39/30
f 909/38/28 911/37/32 910/39/30
f 912/44/1 913/42/1 914/43/1
f 913/42/1 915/41/1 914/43/1
f 916/40/7 917/46/7 918/39/7
f 917/46/7 919/45/7 918/39/7
f 920/48/8 921/40/8 922/47/8
f 921/40/8 923/39/8 922/47/8
f 897/42/1 924/41/1 899/44/1
f 924/41/1 925/43/1 899/44/1
f 906/47/7 907/48/7 926/39/7
f 907/48/7 927/40/7 926/39/7
f 900/45/8 928/39/8 901/46/8
f 928/39/19 929/40/19 930/46/19
f 931/43/1 932/41/1 912/44/1
f 932/41/1 913/42/1 912/44/1
f 917/46/7 933/40/7 919/45/7
f 933/40/7 934/39/7 919/45/7
f 935/40/8 936/48/8 937/39/8
f 936/48/8 922/47/8 937/39/8
f 938/37/35 939/38/36 940/39/36
f 939/38/36 941/40/36 940/39/36
f 942/49/9 943/50/9 944/51/9
f 943/50/9 945/52/9 944/51/9
f 946/45/8 947/46/8 948/39/8
f 947/46/8 949/40/8 948/39/8
f 950/39/7 951/40/7 952/47/7
f 951/40/7 953/48/7 952/47/7
f 954/18/7 955/17/7 956/53/7
f 955/17/7 957/54/7 956/53/7
f 958/55/37 959/18/37 960/56/37
f 959/18/37 961/53/37 960/56/37
f 962/57/38 963/58/38 964/59/39
f 963/58/38 965/60/40 964/59/39
f 966/55/41 967/57/41 968/56/41
f 967/57/41 969/59/41 968/56/41
f 970/18/42 971/55/42 972/53/42
f 971/55/42 973/56/42 972/53/42
f 974/54/31 975/17/31 976/53/31
f 975/17/31 977/18/31 976/53/31
f 978/53/43 979/18/43 980/56/43
f 979/18/43 981/55/43 980/56/43
f 982/56/44 983/55/45 984/59/44
f 983/55/45 985/57/45 984/59/44
f 986/60/46 987/58/46 988/59/46
f 987/58/46 989/57/46 988/59/46
f 990/56/47 991/55/48 992/53/47
f 991/55/48 993/18/48 992/53/47
f 994/18/7 995/17/7 996/53/7
f 995/17/7 997/54/7 996/53/7
f 998/55/37 999/18/37 1000/56/49
f 999/18/37 1001/53/49 1000/56/49
f 1002/57/38 1003/58/38 1004/59/50
f 1003/58/38 1005/60/50 1004/59/50
f 1006/55/51 1007/57/51 1008/56/41
f 1007/57/51 1009/59/41 1008/56/41
f 1010/18/52 1011/55/53 1012/53/54
f 1011/55/53 1013/56/55 1012/53/54
f 1014/54/31 1015/17/31 1016/53/31
f 1015/17/31 1017/18/31 1016/53/31
f 1018/18/43 1019/53/56 1020/55/43
f 1019/53/56 1021/56/56 1020/55/43
f 1022/56/44 1023/55/44 1024/59/44
f 1023/55/44 1025/57/44 1024/59/44
f 1026/60/57 1027/58/46 1028/59/57
f 1027/58/46 1029/57/46 1028/59/57
f 1030/55/48 1031/56/47 1032/18/48
f 1031/56/47 1033/53/47 1032/18/48
f 1034/54/7 1035/17/7 1036/53/7
f 1035/17/7 1037/18/7 1036/53/7
f 1038/53/58 1039/18/56 1040/56/59
f 1039/18/56 1041/55/56 1040/56/59
f 1042/56/44 1043/55/60 1044/59/44
f 1043/55/60 1045/57/60 1044/59/44
f 1046/60/61 1047/58/61 1048/59/61
f 1047/58/61 1049/57/61 1048/59/61
f 1050/56/48 1051/55/48 1052/53/48
f 1051/55/48 1053/18/48 1052/53/48
f 1054/18/7 1055/17/7 1056/53/7
f 1055/17/7 1057/54/7 1056/53/7
f 1058/55/62 1059/18/62 1060/56/62
f 1059/18/62 1061/53/37 1060/56/62
f 1062/57/38 1063/58/38 1064/59/38
f 1063/58/38 1065/60/38 1064/59/38
f 1066/55/41 1067/57/41 1068/56/63
f 1067/57/41 1069/59/63 1068/56/63
f 1070/18/55 1071/55/55 1072/53/55
f 1071/55/55 1073/56/55 1072/53/55
f 1074/55/64 1075/56/65 1076/57/64
f 1075/56/65 1077/59/65 1076/57/64
f 1078/18/8 1079/53/8 1080/17/8
f 1079/53/8 1081/54/8 1080/17/8
f 1082/17/19 1083/54/8 1084/18/19
f 1083/54/8 1085/53/8 1084/18/19
f 1086/55/66 1087/56/66 1088/57/66
f 1087/56/66 1089/59/66 1088/57/66
f 1090/55/67 1091/56/64 1092/57/67
f 1091/56/64 1093/59/64 1092/57/67
f 1094/18/8 1095/53/8 1096/17/8
f 1095/53/8 1097/54/8 1096/17/8
f 1098/17/8 1099/54/8 1100/18/8
f 1099/54/8 1101/53/8 1100/18/8
f 1102/55/68 1103/56/69 1104/57/68
f 1103/56/69 1105/59/69 1104/57/68
f 1106/17/8 1107/54/8 1108/18/8
f 1107/54/8 1109/53/8 1108/18/8
f 1110/55/68 1111/56/70 1112/57/68
f 1111/56/70 1113/59/70 1112/57/68
f 1114/55/65 1115/56/64 1116/57/65
f 1115/56/64 1117/59/64 1116/57/65
f 1118/18/8 1119/53/8 1120/17/8
f 1119/53/8 1121/54/8 1120/17/8
f 1122/40/36 1123/38/36 1124/39/71
f 1123/38/36 1125/37/71 1124/39/71
f 1126/52/9 1127/50/9 1128/51/9
f 1127/50/9 1129/49/9 1128/51/9
f 1130/40/31 1131/46/7 1132/39/7
f 1131/46/7 1133/45/7 1132/39/7
f 1134/48/19 1135/40/8 1136/47/8
f 1135/40/8 1137/39/8 1136/47/8
f 1138/54/8 1139/17/8 1140/53/8
f 1139/17/8 1141/18/19 1140/53/8
f 1142/53/72 1143/18/42 1144/56/72
f 1143/18/42 1145/55/42 1144/56/72
f 1146/60/50 1147/58/38 1148/59/50
f 1147/58/38 1149/57/38 1148/59/50
f 1150/59/73 1151/57/73 1152/56/73
f 1151/57/73 1153/55/73 1152/56/73
f 1154/56/37 1155/55/74 1156/53/37
f 1155/55/74 1157/18/75 1156/53/37
f 1158/18/8 1159/17/8 1160/53/8
f 1159/17/8 1161/54/8 1160/53/8
f 1162/55/48 1163/18/48 1164/56/48
f 1163/18/48 1165/53/48 1164/56/48
f 1166/57/69 1167/55/69 1168/59/69
f 1167/55/69 1169/56/69 1168/59/69
f 1170/57/76 1171/58/76 1172/59/77
f 1171/58/76 1173/60/78 1172/59/77
f 1174/18/56 1175/55/56 1176/53/56
f 1175/55/56 1177/56/56 1176/53/56
f 1178/54/8 1179/17/8 1180/53/8
f 1179/17/8 1181/18/8 1180/53/8
f 1182/53/42 1183/18/53 1184/56/42
f 1183/18/53 1185/55/72 1184/56/42
f 1186/60/39 1187/58/79 1188/59/39
f 1187/58/79 1189/57/80 1188/59/39
f 1190/59/67 1191/57/73 1192/56/67
f 1191/57/73 1193/55/73 1192/56/67
f 1194/56/81 1195/55/37 1196/53/62
f 1195/55/37 1197/18/37 1196/53/62
f 1198/55/47 1199/18/47 1200/56/47
f 1199/18/47 1201/53/47 1200/56/47
f 1202/59/82 1203/56/82 1204/57/69
f 1203/56/82 1205/55/69 1204/57/69
f 1206/57/46 1207/58/46 1208/59/46
f 1207/58/46 1209/60/46 1208/59/46
f 1210/18/56 1211/55/56 1212/53/56
f 1211/55/56 1213/56/56 1212/53/56
f 1214/18/8 1215/17/8 1216/53/19
f 1215/17/8 1217/54/19 1216/53/19
f 1218/55/48 1219/18/48 1220/56/83
f 1219/18/48 1221/53/83 1220/56/83
f 1222/57/66 1223/55/68 1224/59/84
f 1223/55/68 1225/56/84 1224/59/84
f 1226/57/46 1227/58/46 1228/59/46
f 1227/58/46 1229/60/46 1228/59/46
f 1230/18/56 1231/55/56 1232/53/56
f 1231/55/56 1233/56/56 1232/53/56
f 1234/54/8 1235/17/8 1236/53/8
f 1235/17/8 1237/18/8 1236/53/8
f 1238/53/42 1239/18/42 1240/56/42
f 1239/18/42 1241/55/42 1240/56/42
f 1242/60/39 1243/58/38 1244/59/39
f 1243/58/38 1245/57/38 1244/59/39
f 1246/59/65 1247/57/65 1248/56/65
f 1247/57/65 1249/55/65 1248/56/65
f 1250/56/37 1251/55/37 1252/53/37
f 1251/55/37 1253/18/37 1252/53/37
f 1254/59/85 1255/56/85 1256/57/41
f 1255/56/85 1257/55/41 1256/57/41
f 1258/54/7 1259/53/7 1260/17/7
f 1259/53/7 1261/18/7 1260/17/7
f 1262/53/7 1263/54/7 1264/18/7
f 1263/54/7 1265/17/7 1264/18/7
f 1266/59/86 1267/56/86 1268/57/45
f 1267/56/86 1269/55/45 1268/57/45
f 1270/59/41 1271/56/41 1272/57/85
f 1271/56/41 1273/55/85 1272/57/85
f 1274/54/7 1275/53/7 1276/17/7
f 1275/53/7 1277/18/7 1276/17/7
f 1278/53/7 1279/54/7 1280/18/7
f 1279/54/7 1281/17/7 1280/18/7
f 1282/59/44 1283/56/44 1284/57/86
f 1283/56/44 1285/55/86 1284/57/86
f 1286/53/31 1287/54/31 1288/18/31
f 1287/54/31 1289/17/31 1288/18/31
f 1290/59/45 1291/56/45 1292/57/87
f 1291/56/45 1293/55/87 1292/57/87
f 1294/59/41 1295/56/41 1296/57/63
f 1295/56/41 1297/55/63 1296/57/63
f 1298/54/31 1299/53/31 1300/17/7
f 1299/53/31 1301/18/7 1300/17/7
f 952/47/7 953/48/7 1302/39/7
f 953/48/7 1303/40/7 1302/39/7
f 1304/50/9 942/49/9 1305/52/9
f 942/49/9 944/51/9 1305/52/9
f 946/45/8 1306/39/8 947/46/8
f 1306/39/8 1307/40/8 947/46/8
f 1131/46/7 1308/40/7 1133/45/7
f 1308/40/7 1309/39/7 1133/45/7
f 1128/51/9 1129/49/9 1310/52/9
f 1129/49/9 1311/50/9 1310/52/9
f 1312/40/8 1134/48/19 1313/39/8
f 1134/48/19 1136/47/8 1313/39/8
f 1314/37/71 1315/38/36 1316/39/36
f 1315/38/36 1317/40/36 1316/39/36
f 1318/49/9 1319/50/9 1320/51/9
f 1319/50/9 1321/52/9 1320/51/9
f 1322/45/8 1323/46/8 1324/39/8
f 1323/46/8 1325/40/88 1324/39/8
f 1326/39/7 1327/40/7 1328/47/7
f 1327/40/7 1329/48/7 1328/47/7
f 1330/40/71 1331/38/71 1332/39/71
f 1331/38/71 1333/37/71 1332/39/71
f 1334/52/9 1335/50/9 1336/51/9
f 1335/50/9 1337/49/9 1336/51/9
f 1338/40/31 1339/46/7 1340/39/7
f 1339/46/7 1341/45/7 1340/39/7
f 1342/48/19 1343/40/19 1344/47/8
f 1343/40/19 1345/39/8 1344/47/8
f 1328/47/7 1329/48/7 1346/39/7
f 1329/48/7 1347/40/89 1346/39/7
f 1348/50/9 1318/49/9 1349/52/9
f 1318/49/9 1320/51/9 1349/52/9
f 1322/45/8 1350/39/8 1323/46/8
f 1350/39/8 1351/40/19 1323/46/8
f 1339/46/7 1352/40/7 1341/45/7
f 1352/40/7 1353/39/7 1341/45/7
f 1336/51/9 1337/49/9 1354/52/9
f 1337/49/9 1355/50/9 1354/52/9
f 1356/40/19 1342/48/19 1357/39/8
f 1342/48/19 1344/47/8 1357/39/8
f 1358/37/36 1359/38/71 1360/39/36
f 1359/38/71 1361/40/90 1360/39/36
f 1362/49/9 1363/50/9 1364/51/9
f 1363/50/9 1365/52/9 1364/51/9
f 1366/45/8 1367/46/8 1368/39/19
f 1367/46/8 1369/40/19 1368/39/19
f 1370/39/7 1371/40/31 1372/47/7
f 1371/40/31 1373/48/7 1372/47/7
f 1374/40/71 1375/38/71 1376/39/36
f 1375/38/71 1377/37/91 1376/39/36
f 1378/52/9 1379/50/9 1380/51/9
f 1379/50/9 1381/49/9 1380/51/9
f 1382/40/7 1383/46/7 1384/39/7
f 1383/46/7 1385/45/7 1384/39/7
f 1386/48/8 1387/40/8 1388/47/8
f 1387/40/8 1389/39/8 1388/47/8
f 1372/47/7 1373/48/7 1390/39/7
f 1373/48/7 1391/40/7 1390/39/7
f 1392/50/9 1362/49/9 1393/52/9
f 1362/49/9 1364/51/9 1393/52/9
f 1366/45/8 1394/39/8 1367/46/8
f 1394/39/8 1395/40/8 1367/46/8
f 1383/46/7 1396/40/7 1385/45/7
f 1396/40/7 1397/39/7 1385/45/7
f 1380/51/9 1381/49/9 1398/52/9
f 1381/49/9 1399/50/9 1398/52/9
f 1400/40/8 1386/48/8 1401/39/8
f 1386/48/8 1388/47/8 1401/39/8
f 1402/37/28 1403/38/30 1404/39/28
f 1403/38/30 1405/40/30 1404/39/28
f 1406/41/1 1407/42/1 1408/43/1
f 1407/42/1 1409/44/1 1408/43/1
f 1410/45/8 1411/46/8 1412/39/8
f 1411/46/8 1413/40/8 1412/39/8
f 1414/39/7 1415/40/7 1416/47/7
f 1415/40/7 1417/48/7 1416/47/7
f 1418/40/28 1419/38/28 1420/39/28
f 1419/38/28 1421/37/28 1420/39/28
f 1422/44/1 1423/42/1 1424/43/1
f 1423/42/1 1425/41/1 1424/43/1
f 1426/40/31 1427/46/7 1428/39/7
f 1427/46/7 1429/45/7 1428/39/7
f 1430/48/8 1431/40/19 1432/47/8
f 1431/40/19 1433/39/8 1432/47/8
f 1434/37/71 1435/38/36 1436/39/71
f 1435/38/36 1437/40/36 1436/39/71
f 1438/49/9 1439/50/9 1440/51/9
f 1439/50/9 1441/52/9 1440/51/9
f 1442/45/8 1443/46/8 1444/39/8
f 1443/46/8 1445/40/8 1446/39/8
f 1447/39/7 1448/40/7 1449/47/7
f 1448/40/7 1450/48/7 1449/47/7
f 1451/54/7 1452/17/7 1453/53/7
f 1452/17/7 1454/18/7 1453/53/7
f 1455/53/56 1456/18/56 1457/56/56
f 1456/18/56 1458/55/56 1457/56/56
f 1459/56/44 1460/55/86 1461/59/44
f 1460/55/86 1462/57/86 1461/59/44
f 1463/60/46 1464/58/46 1465/59/46
f 1464/58/46 1466/57/46 1465/59/46
f 1467/56/48 1468/55/48 1469/53/48
f 1468/55/48 1470/18/48 1469/53/48
f 1471/18/7 1472/17/7 1473/53/7
f 1472/17/7 1474/54/7 1473/53/7
f 1475/55/37 1476/18/37 1477/56/74
f 1476/18/37 1478/53/62 1477/56/74
f 1479/57/92 1480/58/92 1481/59/38
f 1480/58/92 1482/60/38 1481/59/38
f 1483/55/41 1484/57/41 1485/56/85
f 1484/57/41 1486/59/85 1485/56/85
f 1487/18/72 1488/55/53 1489/53/42
f 1488/55/53 1490/56/42 1489/53/42
f 1491/17/8 1492/54/8 1493/18/8
f 1492/54/8 1494/53/8 1493/18/8
f 1495/55/68 1496/56/68 1497/57/68
f 1496/56/68 1498/59/68 1497/57/68
f 1499/55/73 1500/56/73 1501/57/73
f 1500/56/73 1502/59/73 1501/57/73
f 1503/18/8 1504/53/8 1505/17/8
f 1504/53/8 1506/54/8 1505/17/8
f 1507/40/71 1508/38/35 1509/39/90
f 1508/38/35 1510/37/90 1509/39/90
f 1511/52/9 1512/50/9 1513/51/9
f 1512/50/9 1514/49/9 1513/51/9
f 1515/40/31 1516/46/31 1517/39/31
f 1516/46/7 1518/45/7 1519/39/7
f 1520/48/8 1521/40/8 1522/47/8
f 1521/40/8 1523/39/8 1522/47/8
f 1524/18/19 1525/17/8 1526/53/8
f 1525/17/8 1527/54/8 1526/53/8
f 1528/55/47 1529/18/47 1530/56/48
f 1529/18/47 1531/53/48 1530/56/48
f 1532/57/68 1533/55/68 1534/59/84
f 1533/55/68 1535/56/93 1534/59/84
f 1536/57/61 1537/58/61 1538/59/61
f 1537/58/61 1539/60/61 1538/59/61
f 1540/18/56 1541/55/56 1542/53/56
f 1541/55/56 1543/56/56 1542/53/56
f 1544/54/8 1545/17/8 1546/53/8
f 1545/17/8 1547/18/8 1546/53/8
f 1548/53/42 1549/18/42 1550/56/42
f 1549/18/42 1551/55/42 1550/56/42
f 1552/60/92 1553/58/39 1554/59/92
f 1553/58/39 1555/57/39 1554/59/92
f 1556/59/73 1557/57/73 1558/56/73
f 1557/57/73 1559/55/73 1558/56/73
f 1560/56/37 1561/55/37 1562/53/37
f 1561/55/37 1563/18/37 1562/53/37
f 1564/53/7 1565/54/7 1566/18/7
f 1565/54/7 1567/17/7 1566/18/7
f 1568/59/44 1569/56/44 1570/57/86
f 1569/56/44 1571/55/86 1570/57/86
f 1572/59/41 1573/56/41 1574/57/85
f 1573/56/41 1575/55/85 1574/57/85
f 1576/54/7 1577/53/7 1578/17/7
f 1577/53/7 1579/18/7 1578/17/7
f 1449/47/7 1450/48/7 1580/39/7
f 1450/48/7 1581/40/31 1580/39/7
f 1582/50/9 1438/49/9 1583/52/9
f 1438/49/9 1440/51/9 1583/52/9
f 1442/45/8 1584/39/8 1443/46/8
f 1584/39/8 1585/40/8 1443/46/8
f 1516/46/7 1586/40/7 1518/45/7
f 1586/40/7 1587/39/7 1518/45/7
f 1513/51/9 1514/49/9 1588/52/9
f 1514/49/9 1589/50/9 1588/52/9
f 1590/40/19 1520/48/8 1591/39/8
f 1520/48/8 1522/47/8 1591/39/8
f 1592/37/94 1593/38/94 1594/39/94
f 1593/38/94 1595/40/94 1594/39/94
f 1596/41/1 1597/42/1 1598/43/1
f 1597/42/1 1599/44/1 1598/43/1
f 1600/45/8 1601/46/8 1602/39/8
f 1601/46/8 1603/40/8 1602/39/8
f 1604/39/7 1605/40/7 1606/47/7
f 1605/40/7 1607/48/7 1606/47/7
f 1608/40/94 1609/38/94 1610/39/94
f 1609/38/94 1611/37/94 1610/39/94
f 1612/44/1 1613/42/1 1614/43/1
f 1613/42/1 1615/41/1 1614/43/1
f 1616/40/7 1617/46/7 1618/39/7
f 1617/46/7 1619/45/7 1618/39/7
f 1620/48/8 1621/40/8 1622/47/8
f 1621/40/8 1623/39/8 1622/47/8
f 1597/42/1 1624/41/1 1599/44/1
f 1624/41/1 1625/43/1 1599/44/1
f 1606/47/7 1607/48/7 1626/39/7
f 1607/48/7 1627/40/7 1626/39/7
f 1600/45/8 1628/39/8 1601/46/8
f 1628/39/8 1629/40/8 1630/46/8
f 1631/43/1 1632/41/1 1612/44/1
f 1632/41/1 1613/42/1 1612/44/1
f 1617/46/7 1633/40/7 1619/45/7
f 1633/40/7 1634/39/7 1619/45/7
f 1635/40/8 1636/48/8 1637/39/8
f 1636/48/8 1622/47/8 1637/39/8
f 1638/22/10 1639/17/10 1640/21/10
f 1639/17/10 1641/18/10 1640/21/10
f 1642/22/9 1643/17/9 1644/21/9
f 1643/17/9 1645/18/9 1644/21/9
f 1646/18/10 1647/17/10 1640/21/10
f 1647/17/10 1638/22/10 1640/21/10
f 1648/18/9 1649/17/9 1644/21/9
f 1649/17/9 1642/22/9 1644/21/9
f 1650/4/1 1651/2/1 1652/3/1
f 1651/2/1 1653/1/1 1652/3/1
f 1654/4/1 1655/2/1 1656/3/1
f 1655/2/1 1657/1/1 1656/3/1
f 1658/4/1 1659/6/1 1660/3/1
f 1659/6/1 1661/5/1 1660/3/1
f 1662/8/1 1663/3/1 1664/7/1
f 1663/3/1 1665/4/1 1664/7/1
f 1666/8/1 1667/3/1 1668/7/1
f 1667/3/1 1669/4/1 1668/7/1
f 1670/8/1 1671/3/1 1672/7/1
f 1671/3/1 1673/4/1 1672/7/1
f 1674/12/2 1675/10/4 1676/11/2
f 1675/10/4 1677/9/4 1676/11/2
f 1678/12/2 1679/10/3 1680/11/2
f 1679/10/3 1681/9/3 1680/11/2
f 1682/12/3 1683/10/3 1684/11/3
f 1683/10/3 1685/9/3 1684/11/3
f 1686/7/1 1687/8/1 1688/12/1
f 1687/8/1 1689/10/1 1688/12/1
f 1690/8/1 1691/10/1 1692/7/1
f 1691/10/1 1693/12/1 1692/7/1
f 1694/8/1 1695/10/1 1696/7/1
f 1695/10/1 1697/12/1 1696/7/1
f 1698/8/1 1656/3/1 1699/7/1
f 1656/3/1 1658/4/1 1699/7/1
f 1663/3/1 1669/4/1 1687/8/1
f 1669/4/1 1692/7/1 1687/8/1
f 1659/6/1 1657/1/1 1700/12/1
f 1657/1/1 1701/10/1 1700/12/1
f 1702/12/4 1703/10/2 1704/11/4
f 1703/10/2 1705/9/2 1704/11/4
f 1706/8/1 1652/3/1 1707/7/1
f 1652/3/1 1654/4/1 1707/7/1
f 1667/3/1 1673/4/1 1690/8/1
f 1673/4/1 1696/7/1 1690/8/1
f 1655/2/1 1653/1/1 1708/12/1
f 1653/1/1 1709/10/1 1708/12/1
f 1710/12/3 1711/10/3 1712/11/3
f 1711/10/3 1713/9/3 1712/11/3
f 1714/8/1 1715/3/1 1716/7/1
f 1715/3/1 1650/4/1 1716/7/1
f 1671/3/1 1717/4/1 1694/8/1
f 1717/4/1 1718/13/1 1694/8/1
f 1651/2/1 1719/8/1 1720/12/1
f 1719/8/1 1721/10/1 1720/12/1
f 1722/12/3 1723/10/3 1724/11/3
f 1723/10/3 1725/9/2 1724/11/3
f 1726/15/1 1727/14/1 1728/4/1
f 1727/14/1 1729/3/1 1728/4/1
f 1730/15/1 1731/14/1 1732/4/1
f 1731/14/1 1733/3/1 1732/4/1
f 1734/6/1 1735/5/1 1736/4/1
f 1735/5/1 1737/3/1 1736/4/1
f 1738/3/1 1739/4/1 1740/8/1
f 1739/4/1 1699/7/1 1740/8/1
f 1741/3/1 1742/4/1 1698/8/1
f 1742/4/1 1707/7/1 1698/8/1
f 1743/3/1 1744/4/1 1706/8/1
f 1744/4/1 1716/7/1 1706/8/1
f 1745/11/6 1746/12/6 1747/9/5
f 1746/12/6 1748/10/5 1747/9/5
f 1749/11/5 1750/12/5 1751/9/5
f 1750/12/5 1752/10/5 1751/9/5
f 1753/11/6 1754/12/6 1755/9/26
f 1754/12/6 1756/10/26 1755/9/26
f 1757/12/1 1758/7/1 1759/10/1
f 1758/7/1 1760/8/1 1759/10/1
f 1761/10/1 1762/12/1 1763/8/1
f 1762/12/1 1764/7/1 1763/8/1
f 1765/10/1 1766/12/1 1767/8/1
f 1766/12/1 1768/7/1 1767/8/1
f 1737/3/1 1732/4/1 1662/8/1
f 1732/4/1 1668/7/1 1662/8/1
f 1763/8/1 1741/3/1 1758/7/1
f 1741/3/1 1739/4/1 1758/7/1
f 1769/12/1 1730/15/1 1770/10/1
f 1730/15/1 1735/5/1 1770/10/1
f 1771/11/5 1772/12/5 1773/9/6
f 1772/12/5 1774/10/6 1773/9/6
f 1733/3/1 1728/4/1 1666/8/1
f 1728/4/1 1672/7/1 1666/8/1
f 1767/8/1 1743/3/1 1764/7/1
f 1743/3/1 1742/4/1 1764/7/1
f 1775/12/1 1726/15/1 1776/10/1
f 1726/15/1 1731/14/1 1776/10/1
f 1777/11/26 1778/12/26 1779/9/5
f 1778/12/26 1780/10/5 1779/9/5
f 1729/3/1 1781/4/1 1670/8/1
f 1781/4/1 1782/7/1 1670/8/1
f 1783/16/1 1784/3/1 1768/7/1
f 1784/3/1 1744/4/1 1768/7/1
f 1785/12/1 1786/7/1 1787/10/1
f 1786/7/1 1727/14/1 1787/10/1
f 1788/11/5 1789/12/5 1790/9/6
f 1789/12/5 1791/10/6 1790/9/6
f 1792/20/7 1793/18/7 1794/19/7
f 1793/18/7 1795/17/7 1794/19/7
f 1796/19/8 1797/17/8 1798/20/8
f 1797/17/8 1799/18/8 1798/20/8
f 1800/19/1 1801/17/1 1802/20/1
f 1801/17/1 1803/18/1 1802/20/1
f 1804/22/7 1805/21/7 1794/19/7
f 1805/21/7 1792/20/7 1794/19/7
f 1806/21/8 1807/22/8 1798/20/8
f 1807/22/8 1796/19/8 1798/20/8
f 1808/21/1 1809/22/1 1802/20/1
f 1809/22/1 1800/19/1 1802/20/1
f 1810/21/8 1811/18/8 1812/22/8
f 1811/18/8 1813/17/8 1812/22/8
f 1814/21/7 1815/22/7 1816/18/7
f 1815/22/7 1817/17/7 1816/18/7
f 1818/21/9 1819/22/9 1820/18/9
f 1819/22/9 1821/17/9 1820/18/9
f 1822/17/8 1823/18/8 1824/19/8
f 1823/18/8 1825/20/8 1824/19/8
f 1826/18/7 1827/17/7 1828/20/7
f 1827/17/7 1829/19/7 1828/20/7
f 1830/18/1 1831/17/1 1832/20/1
f 1831/17/1 1833/19/1 1832/20/1
f 1825/20/8 1834/21/8 1824/19/8
f 1834/21/8 1835/22/8 1824/19/8
f 1829/19/7 1836/22/7 1828/20/7
f 1836/22/7 1837/21/7 1828/20/7
f 1833/19/1 1838/22/1 1832/20/1
f 1838/22/1 1839/21/1 1832/20/1
f 1840/18/7 1841/21/7 1842/17/7
f 1841/21/7 1843/22/7 1842/17/7
f 1844/17/8 1845/22/8 1846/18/8
f 1845/22/8 1847/21/8 1846/18/8
f 1848/17/9 1849/22/9 1850/18/9
f 1849/22/9 1851/21/9 1850/18/9
f 1852/17/10 1853/18/10 1854/22/10
f 1853/18/10 1855/21/10 1854/22/10
f 1856/18/9 1857/17/9 1858/21/9
f 1857/17/9 1859/22/9 1858/21/9
f 1855/21/10 1860/18/10 1854/22/10
f 1860/18/10 1861/17/10 1854/22/10
f 1859/22/9 1862/17/9 1858/21/9
f 1862/17/9 1863/18/9 1858/21/9
f 1835/22/8 1834/21/8 1864/19/8
f 1834/21/8 1865/20/8 1864/19/8
f 1837/21/7 1836/22/7 1866/20/7
f 1836/22/7 1867/19/7 1866/20/7
f 1839/21/1 1838/22/1 1868/20/1
f 1838/22/1 1869/19/1 1868/20/1
f 1865/20/8 1870/18/8 1864/19/8
f 1870/18/8 1871/17/8 1864/19/8
f 1867/19/7 1872/17/7 1866/20/7
f 1872/17/7 1873/18/7 1866/20/7
f 1869/19/1 1874/17/1 1868/20/1
f 1874/17/1 1875/18/1 1868/20/1
f 1841/21/7 1876/18/7 1843/22/7
f 1876/18/7 1877/17/7 1843/22/7
f 1845/22/8 1878/17/8 1847/21/8
f 1878/17/8 1879/18/8 1847/21/8
f 1849/22/9 1880/17/9 1851/21/9
f 1880/17/9 1881/18/9 1851/21/9
f 1882/20/7 1805/21/7 1883/19/7
f 1805/21/7 1804/22/7 1883/19/7
f 1884/19/8 1807/22/8 1885/20/8
f 1807/22/8 1806/21/8 1885/20/8
f 1886/19/1 1809/22/1 1887/20/1
f 1809/22/1 1808/21/1 1887/20/1
f 1888/17/7 1889/18/7 1883/19/7
f 1889/18/7 1882/20/7 1883/19/7
f 1890/18/8 1891/17/8 1885/20/8
f 1891/17/8 1884/19/8 1885/20/8
f 1892/18/1 1893/17/1 1887/20/1
f 1893/17/1 1886/19/1 1887/20/1
f 1894/18/8 1810/21/8 1895/17/8
f 1810/21/8 1812/22/8 1895/17/8
f 1896/18/7 1897/17/7 1814/21/7
f 1897/17/7 1815/22/7 1814/21/7
f 1898/18/9 1899/17/9 1818/21/9
f 1899/17/9 1819/22/9 1818/21/9
f 1900/17/8 1901/18/8 1902/19/8
f 1901/18/8 1903/20/8 1902/19/8
f 1904/18/7 1905/17/7 1906/20/7
f 1905/17/7 1907/19/7 1906/20/7
f 1908/18/1 1909/17/1 1910/20/1
f 1909/17/1 1911/19/1 1910/20/1
f 1903/20/8 1912/21/8 1902/19/8
f 1912/21/8 1913/22/8 1902/19/8
f 1907/19/7 1914/22/7 1906/20/7
f 1914/22/7 1915/21/7 1906/20/7
f 1911/19/1 1916/22/1 1910/20/1
f 1916/22/1 1917/21/1 1910/20/1
f 1918/20/7 1919/18/7 1920/19/7
f 1919/18/7 1921/17/7 1920/19/7
f 1922/19/8 1923/17/8 1924/20/8
f 1923/17/8 1925/18/8 1924/20/8
f 1926/19/1 1927/17/1 1928/20/1
f 1927/17/1 1929/18/1 1928/20/1
f 1930/22/7 1931/21/7 1920/19/7
f 1931/21/7 1918/20/7 1920/19/7
f 1932/21/8 1933/22/8 1924/20/8
f 1933/22/8 1922/19/8 1924/20/8
f 1934/21/1 1935/22/1 1928/20/1
f 1935/22/1 1926/19/1 1928/20/1
f 1936/17/10 1937/18/10 1938/22/10
f 1937/18/10 1939/21/10 1938/22/10
f 1940/18/9 1941/17/9 1942/21/9
f 1941/17/9 1943/22/9 1942/21/9
f 1939/21/10 1944/18/10 1938/22/10
f 1944/18/10 1945/17/10 1938/22/10
f 1943/22/9 1946/17/9 1942/21/9
f 1946/17/9 1947/18/9 1942/21/9
f 1948/17/10 1949/18/10 1950/22/10
f 1949/18/10 1951/21/10 1950/22/10
f 1952/18/9 1953/17/9 1954/21/9
f 1953/17/9 1955/22/9 1954/21/9
f 1951/21/10 1956/18/10 1950/22/10
f 1956/18/10 1957/17/10 1950/22/10
f 1955/22/9 1958/17/9 1954/21/9
f 1958/17/9 1959/18/9 1954/21/9
f 1960/30/12 1961/28/12 1962/29/95
f 1961/28/12 1963/27/11 1962/29/95
f 1962/29/95 1963/27/11 1964/32/7
f 1963/27/11 1965/31/7 1964/32/7
f 1966/36/1 1967/34/1 1968/35/1
f 1967/34/1 1969/33/1 1968/35/1
f 1970/61/96 1971/62/97 1972/63/10
f 1971/62/97 1973/64/98 1972/63/10
f 1973/64/98 1974/65/10 1972/63/10
f 1975/27/18 1976/28/99 1977/29/17
f 1976/28/99 1978/30/99 1977/29/17
f 1979/31/8 1975/27/18 1980/32/8
f 1975/27/18 1977/29/17 1980/32/8
f 1981/34/1 1982/33/1 1983/36/1
f 1982/33/1 1984/35/1 1983/36/1
f 1985/64/98 1986/62/97 1987/63/10
f 1986/62/97 1988/61/10 1987/63/10
f 1989/65/10 1985/64/98 1987/63/10
f 1990/4/1 1991/2/1 1992/3/1
f 1991/2/1 1993/1/1 1992/3/1
f 1994/4/1 1995/2/1 1996/3/1
f 1995/2/1 1997/1/1 1996/3/1
f 1998/4/1 1999/6/1 2000/3/1
f 1999/6/1 2001/5/1 2000/3/1
f 2002/8/1 2003/3/1 2004/7/1
f 2003/3/1 2005/4/1 2004/7/1
f 2006/8/1 2007/3/1 2008/7/1
f 2007/3/1 2009/4/1 2008/7/1
f 2010/8/1 2011/3/1 2012/7/1
f 2011/3/1 2013/4/1 2012/7/1
f 2014/12/100 2015/10/101 2016/11/102
f 2015/10/101 2017/9/2 2016/11/102
f 2018/12/4 2019/10/2 2020/11/4
f 2019/10/2 2021/9/2 2020/11/4
f 2022/12/2 2023/10/2 2024/11/2
f 2023/10/2 2025/9/2 2024/11/2
f 2026/7/1 2027/8/1 2028/12/1
f 2027/8/1 2029/10/1 2028/12/1
f 2030/8/1 2031/10/1 2032/7/1
f 2031/10/1 2033/12/1 2032/7/1
f 2034/8/1 2035/10/1 2036/7/1
f 2035/10/1 2037/12/1 2036/7/1
f 2038/8/1 1996/3/1 2039/7/1
f 1996/3/1 1998/4/1 2039/7/1
f 2003/3/1 2009/4/1 2027/8/1
f 2009/4/1 2032/7/1 2027/8/1
f 1999/6/1 1997/1/1 2040/12/1
f 1997/1/1 2041/10/1 2040/12/1
f 2042/12/103 2043/10/4 2044/11/2
f 2043/10/4 2045/9/4 2044/11/2
f 2046/8/1 1992/3/1 2047/7/1
f 1992/3/1 1994/4/1 2047/7/1
f 2007/3/1 2013/4/1 2030/8/1
f 2013/4/1 2036/7/1 2030/8/1
f 1995/2/1 1993/1/1 2048/12/1
f 1993/1/1 2049/10/1 2048/12/1
f 2050/12/4 2051/10/2 2052/11/4
f 2051/10/2 2053/9/2 2052/11/4
f 2054/8/1 2055/3/1 2056/7/1
f 2055/3/1 1990/4/1 2056/7/1
f 2011/3/1 2057/4/1 2034/8/1
f 2057/4/1 2058/13/1 2034/8/1
f 1991/2/1 2059/8/1 2060/12/1
f 2059/8/1 2061/10/1 2060/12/1
f 2062/12/2 2063/10/2 2064/11/2
f 2063/10/2 2065/9/2 2064/11/2
f 2066/15/1 2067/14/1 2068/4/1
f 2067/14/1 2069/3/1 2068/4/1
f 2070/15/1 2071/14/1 2072/4/1
f 2071/14/1 2073/3/1 2072/4/1
f 2074/6/1 2075/5/1 2076/4/1
f 2075/5/1 2077/3/1 2076/4/1
f 2078/3/1 2079/4/1 2080/8/1
f 2079/4/1 2039/7/1 2080/8/1
f 2081/3/1 2082/4/1 2038/8/1
f 2082/4/1 2047/7/1 2038/8/1
f 2083/3/1 2084/4/1 2046/8/1
f 2084/4/1 2056/7/1 2046/8/1
f 2085/11/26 2086/12/104 2087/9/104
f 2086/12/104 2088/10/105 2087/9/104
f 2089/11/26 2090/12/26 2091/9/5
f 2090/12/26 2092/10/5 2091/9/5
f 2093/11/5 2094/12/5 2095/9/5
f 2094/12/5 2096/10/5 2095/9/5
f 2097/12/1 2098/7/1 2099/10/1
f 2098/7/1 2100/8/1 2099/10/1
f 2101/10/1 2102/12/1 2103/8/1
f 2102/12/1 2104/7/1 2103/8/1
f 2105/10/1 2106/12/1 2107/8/1
f 2106/12/1 2108/7/1 2107/8/1
f 2077/3/1 2072/4/1 2002/8/1
f 2072/4/1 2008/7/1 2002/8/1
f 2103/8/1 2081/3/1 2098/7/1
f 2081/3/1 2079/4/1 2098/7/1
f 2109/12/1 2070/15/1 2110/10/1
f 2070/15/1 2075/5/1 2110/10/1
f 2111/11/5 2112/12/5 2113/9/26
f 2112/12/5 2114/10/26 2113/9/26
f 2073/3/1 2068/4/1 2006/8/1
f 2068/4/1 2012/7/1 2006/8/1
f 2107/8/1 2083/3/1 2104/7/1
f 2083/3/1 2082/4/1 2104/7/1
f 2115/12/1 2066/15/1 2116/10/1
f 2066/15/1 2071/14/1 2116/10/1
f 2117/11/5 2118/12/5 2119/9/26
f 2118/12/5 2120/10/26 2119/9/26
f 2069/3/1 2121/4/1 2010/8/1
f 2121/4/1 2122/7/1 2010/8/1
f 2123/16/1 2124/3/1 2108/7/1
f 2124/3/1 2084/4/1 2108/7/1
f 2125/12/1 2126/7/1 2127/10/1
f 2126/7/1 2067/14/1 2127/10/1
f 2128/11/6 2129/12/6 2130/9/5
f 2129/12/6 2131/10/5 2130/9/5
f 2132/20/7 2133/18/7 2134/19/7
f 2133/18/7 2135/17/7 2134/19/7
f 2136/19/8 2137/17/8 2138/20/8
f 2137/17/8 2139/18/8 2138/20/8
f 2140/19/1 2141/17/1 2142/20/1
f 2141/17/1 2143/18/1 2142/20/1
f 2144/22/7 2145/21/7 2134/19/7
f 2145/21/7 2132/20/7 2134/19/7
f 2146/21/8 2147/22/8 2138/20/8
f 2147/22/8 2136/19/8 2138/20/8
f 2148/21/1 2149/22/1 2142/20/1
f 2149/22/1 2140/19/1 2142/20/1
f 2150/21/8 2151/18/8 2152/22/8
f 2151/18/8 2153/17/8 2152/22/8
f 2154/21/7 2155/22/7 2156/18/7
f 2155/22/7 2157/17/7 2156/18/7
f 2158/21/9 2159/22/9 2160/18/9
f 2159/22/9 2161/17/9 2160/18/9
f 2162/17/8 2163/18/8 2164/19/8
f 2163/18/8 2165/20/8 2164/19/8
f 2166/18/7 2167/17/7 2168/20/7
f 2167/17/7 2169/19/7 2168/20/7
f 2170/18/1 2171/17/1 2172/20/1
f 2171/17/1 2173/19/1 2172/20/1
f 2165/20/8 2174/21/8 2164/19/8
f 2174/21/8 2175/22/8 2164/19/8
f 2169/19/7 2176/22/7 2168/20/7
f 2176/22/7 2177/21/7 2168/20/7
f 2173/19/1 2178/22/1 2172/20/1
f 2178/22/1 2179/21/1 2172/20/1
f 2180/18/7 2181/21/7 2182/17/7
f 2181/21/7 2183/22/7 2182/17/7
f 2184/17/8 2185/22/8 2186/18/8
f 2185/22/8 2187/21/8 2186/18/8
f 2188/17/9 2189/22/9 2190/18/9
f 2189/22/9 2191/21/9 2190/18/9
f 2192/17/10 2193/18/10 2194/22/10
f 2193/18/10 2195/21/10 2194/22/10
f 2196/18/9 2197/17/9 2198/21/9
f 2197/17/9 2199/22/9 2198/21/9
f 2195/21/10 2200/18/10 2194/22/10
f 2200/18/10 2201/17/10 2194/22/10
f 2199/22/9 2202/17/9 2198/21/9
f 2202/17/9 2203/18/9 2198/21/9
f 2175/22/8 2174/21/8 2204/19/8
f 2174/21/8 2205/20/8 2204/19/8
f 2177/21/7 2176/22/7 2206/20/7
f 2176/22/7 2207/19/7 2206/20/7
f 2179/21/1 2178/22/1 2208/20/1
f 2178/22/1 2209/19/1 2208/20/1
f 2205/20/8 2210/18/8 2204/19/8
f 2210/18/8 2211/17/8 2204/19/8
f 2207/19/7 2212/17/7 2206/20/7
f 2212/17/7 2213/18/7 2206/20/7
f 2209/19/1 2214/17/1 2208/20/1
f 2214/17/1 2215/18/1 2208/20/1
f 2181/21/7 2216/18/7 2183/22/7
f 2216/18/7 2217/17/7 2183/22/7
f 2185/22/8 2218/17/8 2187/21/8
f 2218/17/8 2219/18/8 2187/21/8
f 2189/22/9 2220/17/9 2191/21/9
f 2220/17/9 2221/18/9 2191/21/9
f 2222/20/7 2145/21/7 2223/19/7
f 2145/21/7 2144/22/7 2223/19/7
f 2224/19/8 2147/22/8 2225/20/8
f 2147/22/8 2146/21/8 2225/20/8
f 2226/19/1 2149/22/1 2227/20/1
f 2149/22/1 2148/21/1 2227/20/1
f 2228/17/7 2229/18/7 2223/19/7
f 2229/18/7 2222/20/7 2223/19/7
f 2230/18/8 2231/17/8 2225/20/8
f 2231/17/8 2224/19/8 2225/20/8
f 2232/18/1 2233/17/1 2227/20/1
f 2233/17/1 2226/19/1 2227/20/1
f 2234/18/8 2150/21/8 2235/17/8
f 2150/21/8 2152/22/8 2235/17/8
f 2236/18/7 2237/17/7 2154/21/7
f 2237/17/7 2155/22/7 2154/21/7
f 2238/18/9 2239/17/9 2158/21/9
f 2239/17/9 2159/22/9 2158/21/9
f 2240/17/8 2241/18/8 2242/19/8
f 2241/18/8 2243/20/8 2242/19/8
f 2244/18/7 2245/17/7 2246/20/7
f 2245/17/7 2247/19/7 2246/20/7
f 2248/18/1 2249/17/1 2250/20/1
f 2249/17/1 2251/19/1 2250/20/1
f 2243/20/8 2252/21/8 2242/19/8
f 2252/21/8 2253/22/8 2242/19/8
f 2247/19/7 2254/22/7 2246/20/7
f 2254/22/7 2255/21/7 2246/20/7
f 2251/19/1 2256/22/1 2250/20/1
f 2256/22/1 2257/21/1 2250/20/1
f 2258/18/7 2259/21/7 2260/17/7
f 2259/21/7 2261/22/7 2260/17/7
f 2262/17/8 2263/22/8 2264/18/8
f 2263/22/8 2265/21/8 2264/18/8
f 2266/17/9 2267/22/9 2268/18/9
f 2267/22/9 2269/21/9 2268/18/9
f 2270/20/7 2271/18/7 2272/19/7
f 2271/18/7 2273/17/7 2272/19/7
f 2274/19/8 2275/17/8 2276/20/8
f 2275/17/8 2277/18/8 2276/20/8
f 2278/19/1 2279/17/1 2280/20/1
f 2279/17/1 2281/18/1 2280/20/1
f 2282/22/7 2283/21/7 2272/19/7
f 2283/21/7 2270/20/7 2272/19/7
f 2284/21/8 2285/22/8 2276/20/8
f 2285/22/8 2274/19/8 2276/20/8
f 2286/21/1 2287/22/1 2280/20/1
f 2287/22/1 2278/19/1 2280/20/1
f 2288/21/8 2289/18/8 2290/22/8
f 2289/18/8 2291/17/8 2290/22/8
f 2292/21/7 2293/22/7 2294/18/7
f 2293/22/7 2295/17/7 2294/18/7
f 2296/21/9 2297/22/9 2298/18/9
f 2297/22/9 2299/17/9 2298/18/9
f 2300/4/1 2301/2/1 2302/3/1
f 2301/2/1 2303/1/1 2302/3/1
f 2304/4/1 2305/2/1 2306/3/1
f 2305/2/1 2307/1/1 2306/3/1
f 2308/4/1 2309/6/1 2055/3/1
f 2309/6/1 2059/8/1 2055/3/1
f 2310/8/1 2311/3/1 2122/7/1
f 2311/3/1 2057/4/1 2122/7/1
f 2312/8/1 2313/3/1 2314/7/1
f 2313/3/1 2315/4/1 2314/7/1
f 2316/8/1 2317/3/1 2318/7/1
f 2317/3/1 2319/4/1 2318/7/1
f 2320/12/3 2321/10/2 2322/11/3
f 2321/10/2 2323/9/2 2322/11/3
f 2324/12/3 2325/10/2 2326/11/3
f 2325/10/2 2327/9/2 2326/11/3
f 2328/12/3 2329/10/3 2330/11/3
f 2329/10/3 2331/9/3 2330/11/3
f 2058/13/1 2332/8/1 2333/12/1
f 2332/8/1 2334/10/1 2333/12/1
f 2335/8/1 2336/10/1 2337/7/1
f 2336/10/1 2338/12/1 2337/7/1
f 2339/8/1 2340/10/1 2341/7/1
f 2340/10/1 2342/12/1 2341/7/1
f 2343/8/1 2306/3/1 2344/7/1
f 2306/3/1 2308/4/1 2344/7/1
f 2311/3/1 2315/4/1 2332/8/1
f 2315/4/1 2337/7/1 2332/8/1
f 2309/6/1 2307/1/1 2345/12/1
f 2307/1/1 2346/10/1 2345/12/1
f 2347/12/2 2348/10/3 2349/11/2
f 2348/10/3 2350/9/3 2349/11/2
f 2351/8/1 2302/3/1 2352/7/1
f 2302/3/1 2304/4/1 2352/7/1
f 2313/3/1 2319/4/1 2335/8/1
f 2319/4/1 2341/7/1 2335/8/1
f 2305/2/1 2303/1/1 2353/12/1
f 2303/1/1 2354/10/1 2353/12/1
f 2355/12/2 2356/10/3 2357/11/2
f 2356/10/3 2358/9/3 2357/11/2
f 1740/8/1 1660/3/1 2359/7/1
f 1660/3/1 2300/4/1 2359/7/1
f 2317/3/1 1665/4/1 2339/8/1
f 1665/4/1 1686/7/1 2339/8/1
f 2301/2/1 1661/5/1 2360/12/1
f 1661/5/1 2361/10/1 2360/12/1
f 2362/12/3 2363/10/2 2364/11/3
f 2363/10/2 2365/9/2 2364/11/3
f 2366/15/1 2367/14/1 2368/4/1
f 2367/14/1 2369/3/1 2368/4/1
f 2370/15/1 2371/14/1 2372/4/1
f 2371/14/1 2373/3/1 2372/4/1
f 2126/7/1 2374/5/1 2121/4/1
f 2374/5/1 2375/3/1 2121/4/1
f 2124/3/1 2376/4/1 2054/8/1
f 2376/4/1 2344/7/1 2054/8/1
f 2377/3/1 2378/4/1 2343/8/1
f 2378/4/1 2352/7/1 2343/8/1
f 2379/3/1 2380/4/1 2351/8/1
f 2380/4/1 2359/7/1 2351/8/1
f 2381/11/5 2382/12/5 2383/9/6
f 2382/12/5 2384/10/6 2383/9/6
f 2385/11/5 2386/12/5 2387/9/5
f 2386/12/5 2388/10/6 2387/9/5
f 2389/11/5 2390/12/5 2391/9/5
f 2390/12/5 2392/10/5 2391/9/5
f 2393/12/1 2394/7/1 2395/10/1
f 2394/7/1 2123/16/1 2395/10/1
f 2396/10/1 2397/12/1 2398/8/1
f 2397/12/1 2399/7/1 2398/8/1
f 2400/10/1 2401/12/1 2402/8/1
f 2401/12/1 2403/7/1 2402/8/1
f 2375/3/1 2372/4/1 2310/8/1
f 2372/4/1 2314/7/1 2310/8/1
f 2398/8/1 2377/3/1 2394/7/1
f 2377/3/1 2376/4/1 2394/7/1
f 2404/12/1 2370/15/1 2405/10/1
f 2370/15/1 2374/5/1 2405/10/1
f 2406/11/6 2407/12/6 2408/9/5
f 2407/12/6 2409/10/5 2408/9/5
f 2373/3/1 2368/4/1 2312/8/1
f 2368/4/1 2318/7/1 2312/8/1
f 2402/8/1 2379/3/1 2399/7/1
f 2379/3/1 2378/4/1 2399/7/1
f 2410/12/1 2366/15/1 2411/10/1
f 2366/15/1 2371/14/1 2411/10/1
f 2412/11/5 2413/12/5 2414/9/5
f 2413/12/5 2415/10/5 2414/9/5
f 2369/3/1 1736/4/1 2316/8/1
f 1736/4/1 1664/7/1 2316/8/1
f 1760/8/1 1738/3/1 2403/7/1
f 1738/3/1 2380/4/1 2403/7/1
f 2416/12/1 1734/6/1 2417/10/1
f 1734/6/1 2367/14/1 2417/10/1
f 2418/11/6 2419/12/6 2420/9/5
f 2419/12/6 2421/10/5 2420/9/5
f 2422/20/7 2283/21/7 2423/19/7
f 2283/21/7 2282/22/7 2423/19/7
f 2424/19/8 2285/22/8 2425/20/8
f 2285/22/8 2284/21/8 2425/20/8
f 2426/19/1 2287/22/1 2427/20/1
f 2287/22/1 2286/21/1 2427/20/1
f 2428/17/7 2429/18/7 2423/19/7
f 2429/18/7 2422/20/7 2423/19/7
f 2430/18/8 2431/17/8 2425/20/8
f 2431/17/8 2424/19/8 2425/20/8
f 2432/18/1 2433/17/1 2427/20/1
f 2433/17/1 2426/19/1 2427/20/1
f 2434/18/8 2288/21/8 2435/17/8
f 2288/21/8 2290/22/8 2435/17/8
f 2436/18/7 2437/17/7 2292/21/7
f 2437/17/7 2293/22/7 2292/21/7
f 2438/18/9 2439/17/9 2296/21/9
f 2439/17/9 2297/22/9 2296/21/9
f 2253/22/8 2252/21/8 2440/19/8
f 2252/21/8 2441/20/8 2440/19/8
f 2255/21/7 2254/22/7 2442/20/7
f 2254/22/7 2443/19/7 2442/20/7
f 2257/21/1 2256/22/1 2444/20/1
f 2256/22/1 2445/19/1 2444/20/1
f 2441/20/8 2446/18/8 2440/19/8
f 2446/18/8 2447/17/8 2440/19/8
f 2443/19/7 2448/17/7 2442/20/7
f 2448/17/7 2449/18/7 2442/20/7
f 2445/19/1 2450/17/1 2444/20/1
f 2450/17/1 2451/18/1 2444/20/1
f 2259/21/7 2452/18/7 2261/22/7
f 2452/18/7 2453/17/7 2261/22/7
f 2263/22/8 2454/17/8 2265/21/8
f 2454/17/8 2455/18/8 2265/21/8
f 2267/22/9 2456/17/9 2269/21/9
f 2456/17/9 2457/18/9 2269/21/9
f 2458/17/8 2459/18/8 2460/19/8
f 2459/18/8 2461/20/8 2460/19/8
f 2462/18/7 2463/17/7 2464/20/7
f 2463/17/7 2465/19/7 2464/20/7
f 2466/18/1 2467/17/1 2468/20/1
f 2467/17/1 2469/19/1 2468/20/1
f 2461/20/8 2470/21/8 2460/19/8
f 2470/21/8 2471/22/8 2460/19/8
f 2465/19/7 2472/22/7 2464/20/7
f 2472/22/7 2473/21/7 2464/20/7
f 2469/19/1 2474/22/1 2468/20/1
f 2474/22/1 2475/21/1 2468/20/1
f 2476/18/7 2477/21/7 2478/17/7
f 2477/21/7 2479/22/7 2478/17/7
f 2480/17/8 2481/22/8 2482/18/8
f 2481/22/8 2483/21/8 2482/18/8
f 2484/17/9 2485/22/9 2486/18/9
f 2485/22/9 2487/21/9 2486/18/9
f 2488/20/7 2489/18/7 2490/19/7
f 2489/18/7 2491/17/7 2490/19/7
f 2492/19/8 2493/17/8 2494/20/8
f 2493/17/8 2495/18/8 2494/20/8
f 2496/19/1 2497/17/1 2498/20/1
f 2497/17/1 2499/18/1 2498/20/1
f 2500/22/7 2501/21/7 2490/19/7
f 2501/21/7 2488/20/7 2490/19/7
f 2502/21/8 2503/22/8 2494/20/8
f 2503/22/8 2492/19/8 2494/20/8
f 2504/21/1 2505/22/1 2498/20/1
f 2505/22/1 2496/19/1 2498/20/1
f 2506/21/8 2507/18/8 2508/22/8
f 2507/18/8 2509/17/8 2508/22/8
f 2510/21/7 2511/22/7 2512/18/7
f 2511/22/7 2513/17/7 2512/18/7
f 2514/21/9 2515/22/9 2516/18/9
f 2515/22/9 2517/17/9 2516/18/9
f 2471/22/8 2470/21/8 2518/19/8
f 2470/21/8 2519/20/8 2518/19/8
f 2473/21/7 2472/22/7 2520/20/7
f 2472/22/7 2521/19/7 2520/20/7
f 2475/21/1 2474/22/1 2522/20/1
f 2474/22/1 2523/19/1 2522/20/1
f 2519/20/8 2524/18/8 2518/19/8
f 2524/18/8 2525/17/8 2518/19/8
f 2521/19/7 2526/17/7 2520/20/7
f 2526/17/7 2527/18/7 2520/20/7
f 2523/19/1 2528/17/1 2522/20/1
f 2528/17/1 2529/18/1 2522/20/1
f 2477/21/7 2530/18/7 2479/22/7
f 2530/18/7 2531/17/7 2479/22/7
f 2481/22/8 2532/17/8 2483/21/8
f 2532/17/8 2533/18/8 2483/21/8
f 2485/22/9 2534/17/9 2487/21/9
f 2534/17/9 2535/18/9 2487/21/9
f 2536/20/7 2501/21/7 2537/19/7
f 2501/21/7 2500/22/7 2537/19/7
f 2538/19/8 2503/22/8 2539/20/8
f 2503/22/8 2502/21/8 2539/20/8
f 2540/19/1 2505/22/1 2541/20/1
f 2505/22/1 2504/21/1 2541/20/1
f 2542/17/7 2543/18/7 2537/19/7
f 2543/18/7 2536/20/7 2537/19/7
f 2544/18/8 2545/17/8 2539/20/8
f 2545/17/8 2538/19/8 2539/20/8
f 2546/18/1 2547/17/1 2541/20/1
f 2547/17/1 2540/19/1 2541/20/1
f 2548/18/8 2506/21/8 2549/17/8
f 2506/21/8 2508/22/8 2549/17/8
f 2550/18/7 2551/17/7 2510/21/7
f 2551/17/7 2511/22/7 2510/21/7
f 2552/18/9 2553/17/9 2514/21/9
f 2553/17/9 2515/22/9 2514/21/9
f 2554/4/1 2555/2/1 1715/3/1
f 2555/2/1 1719/8/1 1715/3/1
f 2556/8/1 2557/3/1 1782/7/1
f 2557/3/1 1717/4/1 1782/7/1
f 2558/12/3 2559/10/3 2560/11/3
f 2559/10/3 2561/9/3 2560/11/3
f 2562/8/1 2563/10/1 1718/13/1
f 2563/10/1 2564/12/1 1718/13/1
f 43/8/1 41/3/1 2565/7/1
f 41/3/1 2554/4/1 2565/7/1
f 2557/3/1 45/4/1 2562/8/1
f 45/4/1 44/13/1 2562/8/1
f 2555/2/1 47/8/1 2566/12/1
f 47/8/1 46/10/1 2566/12/1
f 2567/12/3 50/10/4 2568/11/3
f 50/10/4 49/9/4 2568/11/3
f 1786/7/1 2569/14/1 1781/4/1
f 2569/14/1 2570/3/1 1781/4/1
f 1784/3/1 2571/4/1 1714/8/1
f 2571/4/1 2565/7/1 1714/8/1
f 2572/11/5 2573/12/5 2574/9/6
f 2573/12/5 2575/10/6 2574/9/6
f 2576/10/1 2577/12/1 1783/16/1
f 2577/12/1 2578/7/1 1783/16/1
f 2570/3/1 89/4/1 2556/8/1
f 89/4/1 88/7/1 2556/8/1
f 91/16/1 90/3/1 2578/7/1
f 90/3/1 2571/4/1 2578/7/1
f 94/12/1 92/7/1 2579/10/1
f 92/7/1 2569/14/1 2579/10/1
f 98/11/5 96/12/5 2580/9/5
f 96/12/5 2581/10/5 2580/9/5
f 120/21/8 2582/18/8 119/22/8
f 2582/18/8 2583/17/8 119/22/8
f 124/21/7 122/22/7 2584/18/7
f 122/22/7 2585/17/7 2584/18/7
f 128/21/9 126/22/9 2586/18/9
f 126/22/9 2587/17/9 2586/18/9
f 2588/18/7 148/21/7 2589/17/7
f 148/21/7 147/22/7 2589/17/7
f 2590/17/8 152/22/8 2591/18/8
f 152/22/8 151/21/8 2591/18/8
f 2592/17/9 156/22/9 2593/18/9
f 156/22/9 155/21/9 2593/18/9
f 1913/22/8 1912/21/8 2594/19/8
f 1912/21/8 2595/20/8 2594/19/8
f 1915/21/7 1914/22/7 2596/20/7
f 1914/22/7 2597/19/7 2596/20/7
f 1917/21/1 1916/22/1 2598/20/1
f 1916/22/1 2599/19/1 2598/20/1
f 2595/20/8 2600/18/8 2594/19/8
f 2600/18/8 2601/17/8 2594/19/8
f 2597/19/7 2602/17/7 2596/20/7
f 2602/17/7 2603/18/7 2596/20/7
f 2599/19/1 2604/17/1 2598/20/1
f 2604/17/1 2605/18/1 2598/20/1
f 2606/20/7 1931/21/7 2607/19/7
f 1931/21/7 1930/22/7 2607/19/7
f 2608/19/8 1933/22/8 2609/20/8
f 1933/22/8 1932/21/8 2609/20/8
f 2610/19/1 1935/22/1 2611/20/1
f 1935/22/1 1934/21/1 2611/20/1
f 2612/17/7 2613/18/7 2607/19/7
f 2613/18/7 2606/20/7 2607/19/7
f 2614/18/8 2615/17/8 2609/20/8
f 2615/17/8 2608/19/8 2609/20/8
f 2616/18/1 2617/17/1 2611/20/1
f 2617/17/1 2610/19/1 2611/20/1
f 2618/44/1 2619/42/1 2620/43/1
f 2619/42/1 2621/41/1 2620/43/1
f 2622/39/29 2623/37/28 2624/40/28
f 2623/37/28 2625/38/28 2624/40/28
f 2626/40/19 2627/46/8 2628/39/8
f 2627/46/8 2629/45/8 2628/39/8
f 2630/48/7 2631/40/7 2632/47/7
f 2631/40/7 2633/39/7 2632/47/7
f 2634/41/1 2635/42/1 2636/43/1
f 2635/42/1 2637/44/1 2636/43/1
f 2638/38/28 2639/37/28 2640/40/28
f 2639/37/28 2641/39/28 2640/40/28
f 2642/45/7 2643/46/7 2644/39/7
f 2643/46/7 2645/40/7 2644/39/7
f 2646/39/8 2647/40/8 2648/47/8
f 2647/40/8 2649/48/8 2648/47/8
f 2650/43/1 2651/41/1 2618/44/1
f 2651/41/1 2619/42/1 2618/44/1
f 2652/40/7 2653/48/7 2654/39/7
f 2653/48/7 2632/47/7 2654/39/7
f 2655/40/88 2656/39/88 2657/46/88
f 2656/39/8 2629/45/8 2627/46/8
f 2635/42/1 2658/41/1 2637/44/1
f 2658/41/1 2659/43/1 2637/44/1
f 2660/39/7 2661/40/7 2642/45/7
f 2661/40/7 2662/46/31 2642/45/7
f 2648/47/8 2649/48/8 2663/39/8
f 2649/48/8 2664/40/8 2663/39/8
f 2665/44/1 2666/42/1 2667/43/1
f 2666/42/1 2668/41/1 2667/43/1
f 2669/39/29 2670/37/29 2671/40/28
f 2670/37/29 2672/38/28 2671/40/28
f 2673/40/8 2674/46/8 2675/39/8
f 2674/46/8 2676/45/8 2675/39/8
f 2677/48/7 2678/40/7 2679/47/7
f 2678/40/7 2680/39/7 2679/47/7
f 2681/41/1 2682/42/1 2683/43/1
f 2682/42/1 2684/44/1 2683/43/1
f 2685/38/28 2686/37/30 2687/40/28
f 2686/37/30 2688/39/30 2687/40/28
f 2689/45/7 2690/46/7 2691/39/7
f 2690/46/7 2692/40/7 2691/39/7
f 2693/39/8 2694/40/8 2695/47/8
f 2694/40/8 2696/48/8 2695/47/8
f 2697/43/1 2698/41/1 2665/44/1
f 2698/41/1 2666/42/1 2665/44/1
f 2699/40/7 2677/48/7 2700/39/7
f 2677/48/7 2679/47/7 2700/39/7
f 2701/40/8 2702/39/8 2674/46/8
f 2702/39/8 2676/45/8 2674/46/8
f 2682/42/1 2703/41/1 2684/44/1
f 2703/41/1 2704/43/1 2684/44/1
f 2705/39/7 2706/40/7 2689/45/7
f 2706/40/7 2690/46/7 2689/45/7
f 2695/47/8 2696/48/8 2707/39/8
f 2696/48/8 2708/40/8 2707/39/8
f 2709/44/1 2710/42/1 2711/43/1
f 2710/42/1 2712/41/1 2711/43/1
f 2713/39/30 2714/37/30 2715/40/28
f 2714/37/30 2716/38/28 2715/40/28
f 2717/40/8 2718/46/8 2719/39/8
f 2718/46/8 2720/45/8 2719/39/8
f 2721/48/7 2722/40/7 2723/47/7
f 2722/40/7 2724/39/7 2723/47/7
f 2725/41/1 2726/42/1 2727/43/1
f 2726/42/1 2728/44/1 2727/43/1
f 2729/38/106 2730/37/30 2731/40/106
f 2730/37/30 2732/39/30 2731/40/106
f 2733/45/7 2734/46/7 2735/39/7
f 2734/46/7 2736/40/7 2735/39/7
f 2737/39/8 2738/40/8 2739/47/8
f 2738/40/8 2740/48/8 2739/47/8
f 2741/43/1 2742/41/1 2709/44/1
f 2742/41/1 2710/42/1 2709/44/1
f 2743/40/7 2721/48/7 2744/39/7
f 2721/48/7 2723/47/7 2744/39/7
f 2745/40/8 2746/39/8 2747/46/8
f 2746/39/8 2720/45/8 2718/46/8
f 2726/42/1 2748/41/1 2728/44/1
f 2748/41/1 2749/43/1 2728/44/1
f 2750/39/7 2751/40/7 2733/45/7
f 2751/40/7 2752/46/7 2733/45/7
f 2739/47/8 2740/48/8 2753/39/8
f 2740/48/8 2754/40/8 2753/39/8
f 2755/39/71 2756/37/35 2757/40/90
f 2756/37/35 2758/38/90 2757/40/90
f 2759/52/9 2760/50/9 2761/51/9
f 2760/50/9 2762/49/9 2761/51/9
f 2763/40/19 2764/46/8 2765/39/8
f 2764/46/8 2766/45/8 2765/39/8
f 2767/48/7 2768/40/7 2769/47/7
f 2768/40/7 2770/39/7 2769/47/7
f 2771/54/7 2772/17/7 2773/53/7
f 2772/17/7 2774/18/7 2773/53/7
f 2775/53/56 2776/18/56 2777/56/56
f 2776/18/56 2778/55/56 2777/56/56
f 2779/55/107 2780/56/44 2781/57/44
f 2780/56/44 2782/59/44 2781/57/44
f 2783/60/61 2784/58/61 2785/59/61
f 2784/58/61 2786/57/61 2785/59/61
f 2787/56/47 2788/55/47 2789/53/47
f 2788/55/47 2790/18/47 2789/53/47
f 2791/18/7 2792/17/7 2793/53/31
f 2792/17/7 2794/54/31 2793/53/31
f 2795/55/62 2796/18/62 2797/56/62
f 2796/18/62 2798/53/62 2797/56/62
f 2799/57/39 2800/58/39 2801/59/39
f 2800/58/39 2802/60/39 2801/59/39
f 2803/55/41 2804/57/41 2805/56/51
f 2804/57/41 2806/59/51 2805/56/51
f 2807/18/108 2808/55/52 2809/53/109
f 2808/55/52 2810/56/109 2809/53/109
f 2811/54/7 2812/17/7 2813/53/7
f 2812/17/7 2814/18/7 2813/53/7
f 2815/53/56 2816/18/56 2817/56/56
f 2816/18/56 2818/55/56 2817/56/56
f 2819/55/45 2820/56/44 2821/57/45
f 2820/56/44 2822/59/44 2821/57/45
f 2823/60/46 2824/58/57 2825/59/46
f 2824/58/57 2826/57/57 2825/59/46
f 2827/56/47 2828/55/47 2829/53/110
f 2828/55/47 2830/18/47 2829/53/110
f 2831/18/7 2832/17/7 2833/53/7
f 2832/17/7 2834/54/7 2833/53/7
f 2835/55/37 2836/18/37 2837/56/111
f 2836/18/37 2838/53/111 2837/56/111
f 2839/57/38 2840/58/38 2841/59/39
f 2840/58/38 2842/60/39 2841/59/39
f 2843/55/41 2844/57/41 2845/56/41
f 2844/57/41 2846/59/41 2845/56/41
f 2847/18/72 2848/55/53 2849/53/42
f 2848/55/53 2850/56/42 2849/53/42
f 2851/18/31 2852/17/31 2853/53/31
f 2852/17/31 2854/54/31 2853/53/31
f 2855/55/49 2856/18/81 2857/56/62
f 2856/18/81 2858/53/62 2857/56/62
f 2859/57/38 2860/58/38 2861/59/39
f 2860/58/38 2862/60/39 2861/59/39
f 2863/55/41 2864/57/41 2865/56/41
f 2864/57/41 2866/59/41 2865/56/41
f 2867/18/72 2868/55/53 2869/53/112
f 2868/55/53 2870/56/42 2869/53/112
f 2871/54/7 2872/17/7 2873/53/7
f 2872/17/7 2874/18/7 2873/53/7
f 2875/53/46 2876/18/113 2877/56/56
f 2876/18/113 2878/55/58 2877/56/56
f 2879/55/86 2880/56/87 2881/57/45
f 2880/56/87 2882/59/87 2881/57/45
f 2883/60/114 2884/58/78 2885/59/115
f 2884/58/78 2886/57/46 2885/59/115
f 2887/56/114 2888/55/116 2889/53/110
f 2888/55/116 2890/18/116 2889/53/110
f 2891/54/8 2892/53/8 2893/17/8
f 2892/53/8 2894/18/8 2893/17/8
f 2895/56/66 2896/59/66 2897/55/68
f 2896/59/66 2898/57/68 2897/55/68
f 2899/56/73 2900/59/73 2901/55/73
f 2900/59/73 2902/57/73 2901/55/73
f 2903/53/19 2904/54/19 2905/18/8
f 2904/54/19 2906/17/8 2905/18/8
f 2907/54/8 2908/53/8 2909/17/8
f 2908/53/8 2910/18/8 2909/17/8
f 2911/56/66 2912/59/66 2913/55/66
f 2912/59/66 2914/57/66 2913/55/66
f 2915/56/73 2916/59/73 2917/55/73
f 2916/59/73 2918/57/73 2917/55/73
f 2919/53/8 2920/54/8 2921/18/8
f 2920/54/8 2922/17/8 2921/18/8
f 2923/56/65 2924/59/65 2925/55/73
f 2924/59/65 2926/57/73 2925/55/73
f 2927/53/19 2928/54/19 2929/18/8
f 2928/54/19 2930/17/8 2929/18/8
f 2931/54/8 2932/53/8 2933/17/8
f 2932/53/8 2934/18/8 2933/17/8
f 2935/55/66 2936/57/66 2937/56/66
f 2936/57/66 2938/59/66 2937/56/66
f 2939/38/71 2940/37/36 2941/40/71
f 2940/37/36 2942/39/36 2941/40/71
f 2943/49/9 2944/50/9 2945/51/9
f 2944/50/9 2946/52/9 2945/51/9
f 2947/45/7 2948/46/7 2949/39/7
f 2948/46/7 2950/40/31 2949/39/7
f 2951/39/117 2952/40/8 2953/47/8
f 2952/40/8 2954/48/8 2953/47/8
f 2955/18/8 2956/17/8 2957/53/8
f 2956/17/8 2958/54/8 2957/53/8
f 2959/55/47 2960/18/47 2961/56/47
f 2960/18/47 2962/53/47 2961/56/47
f 2963/59/82 2964/56/82 2965/57/69
f 2964/56/82 2966/55/69 2965/57/69
f 2967/57/61 2968/58/46 2969/59/61
f 2968/58/46 2970/60/61 2969/59/61
f 2971/18/56 2972/55/56 2973/53/56
f 2972/55/56 2974/56/56 2973/53/56
f 2975/54/19 2976/17/19 2977/53/19
f 2976/17/19 2978/18/19 2977/53/19
f 2979/53/54 2980/18/55 2981/56/118
f 2980/18/55 2982/55/55 2981/56/118
f 2983/60/50 2984/58/39 2985/59/50
f 2984/58/39 2986/57/80 2985/59/50
f 2987/59/65 2988/57/64 2989/56/65
f 2988/57/64 2990/55/64 2989/56/65
f 2991/56/37 2992/55/37 2993/53/37
f 2992/55/37 2994/18/37 2993/53/37
f 2995/18/8 2996/17/8 2997/53/8
f 2996/17/8 2998/54/8 2997/53/8
f 2999/55/48 3000/18/48 3001/56/83
f 3000/18/48 3002/53/83 3001/56/83
f 3003/59/66 3004/56/66 3005/57/66
f 3004/56/66 3006/55/66 3005/57/66
f 3007/57/46 3008/58/46 3009/59/61
f 3008/58/46 3010/60/78 3009/59/61
f 3011/18/43 3012/55/43 3013/53/43
f 3012/55/43 3014/56/43 3013/53/43
f 3015/54/19 3016/17/19 3017/53/19
f 3016/17/19 3018/18/19 3017/53/19
f 3019/53/119 3020/18/119 3021/56/119
f 3020/18/119 3022/55/119 3021/56/119
f 3023/60/39 3024/58/39 3025/59/39
f 3024/58/39 3026/57/39 3025/59/39
f 3027/59/73 3028/57/73 3029/56/73
f 3028/57/73 3030/55/73 3029/56/73
f 3031/56/62 3032/55/62 3033/53/62
f 3032/55/62 3034/18/62 3033/53/62
f 3035/54/8 3036/17/8 3037/53/8
f 3036/17/8 3038/18/8 3037/53/8
f 3039/53/42 3040/18/109 3041/56/42
f 3040/18/109 3042/55/109 3041/56/42
f 3043/60/38 3044/58/38 3045/59/39
f 3044/58/38 3046/57/38 3045/59/39
f 3047/59/73 3048/57/67 3049/56/64
f 3048/57/67 3050/55/67 3049/56/64
f 3051/56/75 3052/55/62 3053/53/37
f 3052/55/62 3054/18/62 3053/53/37
f 3055/18/8 3056/17/8 3057/53/8
f 3056/17/8 3058/54/8 3057/53/8
f 3059/55/48 3060/18/48 3061/56/120
f 3060/18/48 3062/53/121 3061/56/120
f 3063/59/82 3064/56/82 3065/57/66
f 3064/56/82 3066/55/66 3065/57/66
f 3067/57/57 3068/58/115 3069/59/46
f 3068/58/115 3070/60/78 3069/59/46
f 3071/18/122 3072/55/123 3073/53/113
f 3072/55/123 3074/56/124 3073/53/113
f 3075/18/7 3076/53/7 3077/17/7
f 3076/53/7 3078/54/7 3077/17/7
f 3079/57/45 3080/59/44 3081/55/45
f 3080/59/44 3082/56/44 3081/55/45
f 3083/57/63 3084/59/51 3085/55/63
f 3084/59/51 3086/56/51 3085/55/63
f 3087/17/31 3088/54/31 3089/18/31
f 3088/54/31 3090/53/31 3089/18/31
f 3091/18/7 3092/53/7 3093/17/7
f 3092/53/7 3094/54/7 3093/17/7
f 3095/57/44 3096/59/87 3097/55/44
f 3096/59/87 3098/56/87 3097/55/44
f 3099/57/51 3100/59/51 3101/55/51
f 3100/59/51 3102/56/51 3101/55/51
f 3103/17/7 3104/54/31 3105/18/7
f 3104/54/31 3106/53/31 3105/18/7
f 3107/57/51 3108/59/41 3109/55/51
f 3108/59/41 3110/56/41 3109/55/51
f 3111/17/7 3112/54/31 3113/18/7
f 3112/54/31 3114/53/31 3113/18/7
f 3115/18/7 3116/53/7 3117/17/7
f 3116/53/7 3118/54/7 3117/17/7
f 3119/59/44 3120/57/45 3121/56/44
f 3120/57/45 3122/55/45 3121/56/44
f 3123/40/7 2767/48/7 3124/39/7
f 2767/48/7 2769/47/7 3124/39/7
f 2761/51/9 2762/49/9 3125/52/9
f 2762/49/9 3126/50/9 3125/52/9
f 3127/40/8 3128/39/8 2764/46/8
f 3128/39/8 3129/45/8 2764/46/8
f 3130/39/7 3131/40/7 2947/45/7
f 3131/40/7 2948/46/7 2947/45/7
f 3132/50/9 2943/49/9 3133/52/9
f 2943/49/9 2945/51/9 3133/52/9
f 3134/47/8 2954/48/8 3135/39/8
f 2954/48/8 3136/40/19 3135/39/8
f 3137/39/71 3138/37/71 3139/40/71
f 3138/37/71 3140/38/71 3139/40/71
f 3141/52/9 3142/50/9 3143/51/9
f 3142/50/9 3144/49/9 3143/51/9
f 3145/40/8 3146/46/8 3147/39/8
f 3146/46/8 3148/45/8 3147/39/8
f 3149/48/7 3150/40/7 3151/47/7
f 3150/40/7 3152/39/7 3151/47/7
f 3153/38/71 3154/37/36 3155/40/36
f 3154/37/36 3156/39/36 3155/40/36
f 3157/49/9 3158/50/9 3159/51/9
f 3158/50/9 3160/52/9 3159/51/9
f 3161/45/7 3162/46/7 3163/39/7
f 3162/46/7 3164/40/7 3163/39/7
f 3165/39/8 3166/40/8 3167/47/8
f 3166/40/8 3168/48/8 3167/47/8
f 3169/40/7 3149/48/7 3170/39/7
f 3149/48/7 3151/47/7 3170/39/7
f 3143/51/9 3144/49/9 3171/52/9
f 3144/49/9 3172/50/9 3171/52/9
f 3173/40/19 3174/39/8 3146/46/8
f 3174/39/8 3175/45/8 3146/46/8
f 3176/39/7 3177/40/7 3161/45/7
f 3177/40/7 3162/46/7 3161/45/7
f 3178/50/9 3157/49/9 3179/52/9
f 3157/49/9 3159/51/9 3179/52/9
f 3180/47/8 3168/48/8 3181/39/8
f 3168/48/125 3182/40/88 3183/39/88
f 3184/39/71 3185/37/71 3186/40/36
f 3185/37/71 3187/38/126 3186/40/36
f 3188/52/9 3189/50/9 3190/51/9
f 3189/50/9 3191/49/9 3190/51/9
f 3192/40/8 3193/46/8 3194/39/8
f 3193/46/8 3195/45/8 3194/39/8
f 3196/48/7 3197/40/7 3198/47/7
f 3197/40/7 3199/39/7 3198/47/7
f 3200/38/36 3201/37/71 3202/40/36
f 3201/37/71 3203/39/71 3202/40/36
f 3204/49/9 3205/50/9 3206/51/9
f 3205/50/9 3207/52/9 3206/51/9
f 3208/45/7 3209/46/7 3210/39/7
f 3209/46/7 3211/40/89 3210/39/7
f 3212/39/8 3213/40/8 3214/47/8
f 3213/40/8 3215/48/8 3214/47/8
f 3216/40/7 3196/48/7 3217/39/7
f 3196/48/7 3198/47/7 3217/39/7
f 3190/51/9 3191/49/9 3218/52/9
f 3191/49/9 3219/50/9 3218/52/9
f 3220/40/8 3221/39/8 3193/46/8
f 3221/39/8 3195/45/8 3193/46/8
f 3222/39/7 3223/40/31 3208/45/7
f 3223/40/31 3209/46/7 3208/45/7
f 3224/50/9 3204/49/9 3225/52/9
f 3204/49/9 3206/51/9 3225/52/9
f 3214/47/8 3215/48/8 3226/39/8
f 3215/48/8 3227/40/8 3226/39/8
f 3228/44/1 3229/42/1 3230/43/1
f 3229/42/1 3231/41/1 3230/43/1
f 3232/39/28 3233/37/28 3234/40/28
f 3233/37/28 3235/38/28 3234/40/28
f 3236/40/8 3237/46/8 3238/39/8
f 3237/46/8 3239/45/8 3238/39/8
f 3240/48/7 3241/40/7 3242/47/7
f 3241/40/7 3243/39/7 3242/47/7
f 3244/41/1 3245/42/1 3246/43/1
f 3245/42/1 3247/44/1 3246/43/1
f 3248/38/106 3249/37/34 3250/40/106
f 3249/37/34 3251/39/34 3250/40/106
f 3252/45/7 3253/46/7 3254/39/7
f 3253/46/7 3255/40/31 3254/39/7
f 3256/39/8 3257/40/8 3258/47/8
f 3257/40/8 3259/48/8 3258/47/8
f 3260/43/1 3261/41/1 3228/44/1
f 3261/41/1 3229/42/1 3228/44/1
f 3262/40/33 3263/48/7 3264/39/7
f 3263/48/7 3242/47/7 3264/39/7
f 3265/40/8 3266/39/8 3267/46/8
f 3266/39/8 3239/45/8 3237/46/8
f 3245/42/1 3268/41/1 3247/44/1
f 3268/41/1 3269/43/1 3247/44/1
f 3270/39/7 3271/40/7 3252/45/7
f 3271/40/7 3253/46/7 3252/45/7
f 3258/47/8 3259/48/8 3272/39/8
f 3259/48/8 3273/40/8 3272/39/8
f 3274/39/35 3275/37/71 3276/40/71
f 3275/37/71 3277/38/71 3276/40/71
f 3278/52/9 3279/50/9 3280/51/9
f 3279/50/9 3281/49/9 3280/51/9
f 3282/40/8 3283/46/8 3284/39/8
f 3283/46/8 3285/45/8 3284/39/8
f 3286/48/7 3287/40/7 3288/47/7
f 3287/40/7 3289/39/7 3288/47/7
f 3290/54/7 3291/17/7 3292/53/7
f 3291/17/7 3293/18/7 3292/53/7
f 3294/53/56 3295/18/127 3296/56/56
f 3295/18/127 3297/55/122 3296/56/56
f 3298/55/44 3299/56/44 3300/57/44
f 3299/56/44 3301/59/44 3300/57/44
f 3302/60/46 3303/58/46 3304/59/46
f 3303/58/46 3305/57/46 3304/59/46
f 3306/56/83 3307/55/47 3308/53/83
f 3307/55/47 3309/18/47 3308/53/83
f 3310/18/7 3311/17/7 3312/53/7
f 3311/17/7 3313/54/7 3312/53/7
f 3314/55/37 3315/18/37 3316/56/37
f 3315/18/37 3317/53/37 3316/56/37
f 3318/57/38 3319/58/38 3320/59/50
f 3319/58/38 3321/60/50 3320/59/50
f 3322/55/85 3323/57/85 3324/56/85
f 3323/57/85 3325/59/85 3324/56/85
f 3326/18/42 3327/55/42 3328/53/42
f 3327/55/42 3329/56/42 3328/53/42
f 3330/54/7 3331/17/7 3332/53/7
f 3331/17/7 3333/18/7 3332/53/7
f 3334/53/56 3335/18/56 3336/56/56
f 3335/18/56 3337/55/56 3336/56/56
f 3338/55/44 3339/56/60 3340/57/44
f 3339/56/60 3341/59/60 3340/57/44
f 3342/60/46 3343/58/46 3344/59/46
f 3343/58/46 3345/57/46 3344/59/46
f 3346/56/48 3347/55/48 3348/53/48
f 3347/55/48 3349/18/48 3348/53/48
f 3350/54/8 3351/53/8 3352/17/8
f 3351/53/8 3353/18/8 3352/17/8
f 3354/56/69 3355/59/69 3356/55/69
f 3355/59/69 3357/57/69 3356/55/69
f 3358/56/73 3359/59/73 3360/55/73
f 3359/59/73 3361/57/73 3360/55/73
f 3362/53/8 3363/54/8 3364/18/8
f 3363/54/8 3365/17/8 3364/18/8
f 3366/54/8 3367/53/8 3368/17/8
f 3367/53/8 3369/18/8 3368/17/8
f 3370/55/69 3371/57/69 3372/56/69
f 3371/57/69 3373/59/69 3372/56/69
f 3374/38/71 3375/37/71 3376/40/71
f 3375/37/71 3377/39/71 3376/40/71
f 3378/49/9 3379/50/9 3380/51/9
f 3379/50/9 3381/52/9 3380/51/9
f 3382/45/7 3383/46/7 3384/39/7
f 3383/46/7 3385/40/31 3384/39/7
f 3386/39/8 3387/40/8 3388/47/8
f 3387/40/8 3389/48/8 3388/47/8
f 3390/18/8 3391/17/8 3392/53/8
f 3391/17/8 3393/54/8 3392/53/8
f 3394/55/47 3395/18/47 3396/56/47
f 3395/18/47 3397/53/47 3396/56/47
f 3398/59/70 3399/56/70 3400/57/66
f 3399/56/70 3401/55/66 3400/57/66
f 3402/57/61 3403/58/61 3404/59/57
f 3403/58/61 3405/60/57 3404/59/57
f 3406/18/43 3407/55/43 3408/53/128
f 3407/55/43 3409/56/128 3408/53/128
f 3410/54/8 3411/17/8 3412/53/8
f 3411/17/8 3413/18/8 3412/53/8
f 3414/53/42 3415/18/42 3416/56/42
f 3415/18/42 3417/55/42 3416/56/42
f 3418/60/39 3419/58/39 3420/59/39
f 3419/58/39 3421/57/39 3420/59/39
f 3422/59/64 3423/57/73 3424/56/64
f 3423/57/73 3425/55/73 3424/56/64
f 3426/56/37 3427/55/62 3428/53/37
f 3427/55/62 3429/18/62 3428/53/37
f 3430/18/8 3431/17/8 3432/53/8
f 3431/17/8 3433/54/8 3432/53/8
f 3434/55/47 3435/18/47 3436/56/47
f 3435/18/47 3437/53/47 3436/56/47
f 3438/59/66 3439/56/66 3440/57/66
f 3439/56/66 3441/55/66 3440/57/66
f 3442/57/46 3443/58/46 3444/59/61
f 3443/58/46 3445/60/61 3444/59/61
f 3446/18/129 3447/55/127 3448/53/56
f 3447/55/127 3449/56/56 3448/53/56
f 3450/18/7 3451/53/7 3452/17/7
f 3451/53/7 3453/54/7 3452/17/7
f 3454/57/44 3455/59/45 3456/55/44
f 3455/59/45 3457/56/45 3456/55/44
f 3458/57/51 3459/59/41 3460/55/51
f 3459/59/41 3461/56/41 3460/55/51
f 3462/17/7 3463/54/7 3464/18/7
f 3463/54/7 3465/53/7 3464/18/7
f 3466/18/7 3467/53/7 3468/17/7
f 3467/53/7 3469/54/7 3468/17/7
f 3470/59/44 3471/57/44 3472/56/44
f 3471/57/44 3473/55/44 3472/56/44
f 3474/40/7 3286/48/7 3475/39/7
f 3286/48/7 3288/47/7 3475/39/7
f 3280/51/9 3281/49/9 3476/52/9
f 3281/49/9 3477/50/9 3476/52/9
f 3478/40/8 3479/39/8 3283/46/8
f 3479/39/8 3285/45/8 3283/46/8
f 3480/39/7 3481/40/7 3382/45/7
f 3481/40/7 3383/46/7 3382/45/7
f 3482/50/9 3378/49/9 3483/52/9
f 3378/49/9 3380/51/9 3483/52/9
f 3388/47/8 3389/48/8 3484/39/8
f 3389/48/8 3485/40/8 3484/39/8
f 3486/52/9 3487/50/9 3488/51/9
f 3487/50/9 3489/49/9 3488/51/9
f 3490/40/8 3491/46/8 3492/39/8
f 3491/46/8 3493/45/8 3492/39/8
f 3494/48/7 3495/40/7 3496/47/7
f 3495/40/7 3497/39/7 3496/47/7
f 3498/49/9 3499/50/9 3500/51/9
f 3499/50/9 3501/52/9 3500/51/9
f 3502/45/7 3503/46/7 3504/39/7
f 3503/46/7 3505/40/7 3504/39/7
f 3506/39/8 3507/40/8 3508/47/8
f 3507/40/8 3509/48/8 3508/47/8
f 3510/44/1 3511/42/1 3512/43/1
f 3511/42/1 3513/41/1 3512/43/1
f 3514/39/130 3515/37/130 3516/40/131
f 3515/37/130 3517/38/132 3516/40/131
f 3518/40/8 3519/46/8 3520/39/8
f 3519/46/8 3521/45/8 3520/39/8
f 3522/48/7 3523/40/7 3524/47/7
f 3523/40/7 3525/39/7 3524/47/7
f 3526/41/1 3527/42/1 3528/43/1
f 3527/42/1 3529/44/1 3528/43/1
f 3530/38/133 3531/37/134 3532/40/135
f 3531/37/134 3533/39/134 3532/40/135
f 3534/45/7 3535/46/7 3536/39/7
f 3535/46/7 3537/40/7 3536/39/7
f 3538/39/8 3539/40/8 3540/47/8
f 3539/40/8 3541/48/8 3540/47/8
f 3542/43/1 3543/41/1 3510/44/1
f 3543/41/1 3511/42/1 3510/44/1
f 3544/40/7 3545/48/7 3546/39/7
f 3545/48/7 3524/47/7 3546/39/7
f 3547/40/8 3548/39/8 3549/46/8
f 3548/39/8 3521/45/8 3519/46/8
f 3527/42/1 3550/41/1 3529/44/1
f 3550/41/1 3551/43/1 3529/44/1
f 3552/39/7 3553/40/7 3534/45/7
f 3553/40/7 3554/46/7 3534/45/7
f 3540/47/8 3541/48/8 3555/39/8
f 3541/48/8 3556/40/8 3555/39/8
f 1407/42/1 3557/41/1 1409/44/1
f 3557/41/1 3558/43/1 1409/44/1
f 1416/47/7 1417/48/7 3559/39/7
f 1417/48/7 3560/40/7 3559/39/7
f 1410/45/8 3561/39/8 1411/46/8
f 3561/39/8 3562/40/8 1411/46/8
f 3563/43/1 3564/41/1 1422/44/1
f 3564/41/1 1423/42/1 1422/44/1
f 1427/46/7 3565/40/7 1429/45/7
f 3565/40/7 3566/39/7 1429/45/7
f 3567/40/8 1430/48/8 3568/39/8
f 1430/48/8 1432/47/8 3568/39/8
f 3569/18/7 3570/17/7 3571/53/7
f 3570/17/7 3572/54/7 3571/53/7
f 3573/55/37 3574/18/136 3575/56/49
f 3574/18/136 3576/53/49 3575/56/49
f 3577/57/38 3578/58/38 3579/59/38
f 3578/58/38 3580/60/38 3579/59/38
f 3581/55/85 3582/57/85 3583/56/85
f 3582/57/85 3584/59/85 3583/56/85
f 3585/18/112 3586/55/112 3587/53/109
f 3586/55/112 3588/56/109 3587/53/109
f 3589/55/137 3590/56/138 3591/57/137
f 3590/56/138 3592/59/138 3591/57/137
f 3593/18/8 3594/53/8 3595/17/8
f 3594/53/8 3596/54/8 3595/17/8
f 3597/54/8 3598/17/8 3599/53/8
f 3598/17/8 3600/18/8 3599/53/8
f 3601/53/72 3602/18/42 3603/56/53
f 3602/18/42 3604/55/42 3603/56/53
f 3605/60/38 3606/58/39 3607/59/38
f 3606/58/39 3608/57/39 3607/59/38
f 3609/59/73 3610/57/73 3611/56/73
f 3610/57/73 3612/55/73 3611/56/73
f 3613/56/62 3614/55/62 3615/53/62
f 3614/55/62 3616/18/62 3615/53/62
f 3617/59/41 3618/56/41 3619/57/85
f 3618/56/41 3620/55/85 3619/57/85
f 3621/54/7 3622/53/7 3623/17/7
f 3622/53/7 3624/18/7 3623/17/7
f 3625/37/71 3626/38/36 3627/39/71
f 3626/38/36 3628/40/36 3627/39/71
f 3489/49/9 3629/50/9 3488/51/9
f 3629/50/9 3630/52/9 3488/51/9
f 3631/45/8 3491/46/8 3632/39/8
f 3491/46/8 3633/40/8 3632/39/8
f 3634/39/7 3635/40/7 3636/47/7
f 3635/40/31 3494/48/7 3496/47/7
f 3637/40/71 3638/38/71 3639/39/71
f 3638/38/71 3640/37/71 3639/39/71
f 3641/52/9 3642/50/9 3500/51/9
f 3642/50/9 3498/49/9 3500/51/9
f 3643/40/7 3503/46/7 3644/39/7
f 3503/46/7 3502/45/7 3644/39/7
f 3509/48/8 3645/40/8 3508/47/8
f 3645/40/8 3646/39/8 3647/47/8
f 3648/17/10 3649/18/10 3650/22/10
f 3649/18/10 3651/21/10 3650/22/10
f 3652/18/9 3653/17/9 3654/21/9
f 3653/17/9 3655/22/9 3654/21/9
f 3651/21/10 3656/18/10 3650/22/10
f 3656/18/10 3657/17/10 3650/22/10
f 3655/22/9 3658/17/9 3654/21/9
f 3658/17/9 3659/18/9 3654/21/9
f 3660/66/1 3661/43/1 3662/67/1
f 3661/43/1 3663/68/1 3662/67/1
f 3664/66/1 3665/43/1 3666/67/1
f 3665/43/1 3667/68/1 3666/67/1
f 3668/17/1 3669/69/1 3670/22/1
f 3669/69/1 3671/21/1 3670/22/1
f 3672/17/1 3673/69/1 3674/22/1
f 3673/69/1 3675/21/1 3674/22/1
f 3676/66/1 3677/43/1 3678/67/1
f 3677/43/1 3679/68/1 3678/67/1
f 3680/66/1 3681/43/1 3682/67/1
f 3681/43/1 3683/68/1 3682/67/1
f 3684/17/1 3685/69/1 3686/22/1
f 3685/69/1 3687/21/1 3686/22/1
f 3688/17/1 3689/69/1 3690/22/1
f 3689/69/1 3691/21/1 3690/22/1
f 3692/66/1 3693/43/1 3694/67/1
f 3693/43/1 3695/68/1 3694/67/1
f 3696/66/1 3697/43/1 3698/67/1
f 3697/43/1 3699/68/1 3698/67/1
f 3700/17/1 3701/69/1 3702/22/1
f 3701/69/1 3703/21/1 3702/22/1
f 3702/22/1 3703/21/1 3704/17/1
f 3703/21/1 3705/69/1 3704/17/1
f 3706/70/1 3707/71/1 3708/22/1
f 3707/71/1 3709/21/1 3708/22/1
f 3710/70/1 3711/71/1 3712/22/1
f 3711/71/1 3713/21/1 3712/22/1
f 3714/70/1 3715/71/1 3716/22/1
f 3715/71/1 3717/21/1 3716/22/1
f 3718/70/1 3719/71/1 3720/22/1
f 3719/71/1 3721/21/1 3720/22/1
f 3722/66/1 3723/43/1 3724/67/1
f 3723/43/1 3725/68/1 3724/67/1
f 3726/66/1 3727/43/1 3728/67/1
f 3727/43/1 3729/68/1 3728/67/1
f 3730/17/1 3731/69/1 3732/22/1
f 3731/69/1 3733/21/1 3732/22/1
f 3732/22/1 3733/21/1 3734/17/1
f 3733/21/1 3735/69/1 3734/17/1
f 3736/66/1 3737/43/1 3738/67/1
f 3737/43/1 3739/68/1 3738/67/1
f 3740/70/1 3741/71/1 3742/22/1
f 3741/71/1 3743/21/1 3742/22/1
f 3744/66/1 3745/43/1 3746/67/1
f 3745/43/1 3747/68/1 3746/67/1
f 3748/22/1 3749/21/1 3750/17/1
f 3749/21/1 3751/69/1 3750/17/1
f 3752/22/1 3753/21/1 3754/17/1
f 3753/21/1 3755/69/1 3754/17/1
f 3756/66/1 3757/43/1 3758/67/1
f 3757/43/1 3759/68/1 3758/67/1
f 3760/66/1 3761/43/1 3762/67/1
f 3761/43/1 3763/38/1 3762/67/1
f 3764/21/1 3765/22/1 3766/71/1
f 3765/22/1 3767/70/1 3766/71/1
f 3768/22/1 3769/21/1 3770/17/1
f 3769/21/1 3771/69/1 3770/17/1
f 3772/22/1 3773/21/1 3774/17/1
f 3773/21/1 3775/69/1 3774/17/1
f 3776/70/1 3777/71/1 3778/22/1
f 3777/71/1 3779/21/1 3778/22/1
f 3780/66/1 3781/43/1 3782/67/1
f 3781/43/1 3783/38/1 3782/67/1
f 3784/66/1 3785/43/1 3786/67/1
f 3785/43/1 3787/68/1 3786/67/1
f 3788/22/1 3789/21/1 3790/17/1
f 3789/21/1 3791/69/1 3790/17/1
f 3792/22/1 3793/21/1 3794/17/1
f 3793/21/1 3795/69/1 3794/17/1
f 3796/70/1 3797/71/1 3798/22/1
f 3797/71/1 3799/21/1 3798/22/1
f 3800/66/1 3801/43/1 3802/67/1
f 3801/43/1 3803/68/1 3802/67/1
f 3804/66/1 3805/43/1 3806/67/1
f 3805/43/1 3807/68/1 3806/67/1
f 3808/17/1 3809/69/1 3810/22/1
f 3809/69/1 3811/21/1 3810/22/1
f 3810/22/1 3811/21/1 3812/17/1
f 3811/21/1 3813/69/1 3812/17/1
f 3814/66/1 3815/43/1 3816/67/1
f 3815/43/1 3817/68/1 3816/67/1
f 3818/66/1 3819/43/1 3820/67/1
f 3819/43/1 3821/68/1 3820/67/1
f 3822/70/1 3823/71/1 3824/22/1
f 3823/71/1 3825/21/1 3824/22/1
f 3826/71/1 3827/70/1 3825/21/1
f 3827/70/1 3824/22/1 3825/21/1
f 3828/66/1 3829/43/1 3830/67/1
f 3829/43/1 3831/68/1 3830/67/1
f 3832/43/1 3833/72/1 3834/73/1
f 3833/72/1 3835/40/1 3834/73/1
f 3836/22/1 3837/21/1 3838/17/1
f 3837/21/1 3839/69/1 3838/17/1
f 3840/22/1 3841/21/1 3842/17/1
f 3841/21/1 3843/69/1 3842/17/1
f 3844/71/1 3845/70/1 3799/21/1
f 3845/70/1 3798/22/1 3799/21/1
f 3846/66/1 3847/43/1 3848/67/1
f 3847/43/1 3849/68/1 3848/67/1
f 3850/72/1 3851/43/1 3852/40/1
f 3851/43/1 3849/68/1 3852/40/1
f 3853/17/1 3854/69/1 3855/22/1
f 3854/69/1 3856/21/1 3855/22/1
f 3857/17/1 3858/69/1 3859/22/1
f 3858/69/1 3860/21/1 3859/22/1
f 3861/71/1 3862/70/1 3779/21/1
f 3862/70/1 3778/22/1 3779/21/1
f 3863/66/1 3864/43/1 3865/67/1
f 3864/43/1 3866/68/1 3865/67/1
f 3867/66/1 3868/43/1 3869/67/1
f 3868/43/1 3870/68/1 3869/67/1
f 3871/22/1 3872/21/1 3873/17/1
f 3872/21/1 3874/69/1 3873/17/1
f 3875/22/1 3876/21/1 3877/17/1
f 3876/21/1 3878/69/1 3877/17/1
f 3879/71/1 3880/70/1 3764/21/1
f 3880/70/1 3765/22/1 3764/21/1
f 3881/66/1 3882/43/1 3883/67/1
f 3882/43/1 3884/68/1 3883/67/1
f 3885/66/1 3886/43/1 3887/67/1
f 3886/43/1 3888/68/1 3887/67/1
f 3889/22/1 3890/21/1 3891/17/1
f 3890/21/1 3892/69/1 3891/17/1
f 3893/22/1 3894/21/1 3895/17/1
f 3894/21/1 3896/69/1 3895/17/1
f 3897/71/1 3898/70/1 3743/21/1
f 3898/70/1 3742/22/1 3743/21/1
f 3899/66/1 3900/43/1 3901/67/1
f 3900/43/1 3902/68/1 3901/67/1
f 3903/66/1 3904/43/1 3905/67/1
f 3904/43/1 3906/68/1 3905/67/1
f 3907/22/1 3908/21/1 3909/17/1
f 3908/21/1 3910/69/1 3909/17/1
f 3911/22/1 3912/21/1 3913/17/1
f 3912/21/1 3914/69/1 3913/17/1
f 3915/71/1 3916/70/1 3721/21/1
f 3916/70/1 3720/22/1 3721/21/1
f 3917/66/1 3918/43/1 3919/67/1
f 3918/43/1 3920/68/1 3919/67/1
f 3921/66/1 3922/43/1 3923/67/1
f 3922/43/1 3924/68/1 3923/67/1
f 3925/17/1 3926/69/1 3927/22/1
f 3926/69/1 3928/21/1 3927/22/1
f 3927/22/1 3928/21/1 3929/17/1
f 3928/21/1 3930/69/1 3929/17/1
f 3931/71/1 3932/70/1 3709/21/1
f 3932/70/1 3708/22/1 3709/21/1
f 3933/66/1 3934/43/1 3935/67/1
f 3934/43/1 3936/68/1 3935/67/1
f 3937/66/1 3938/43/1 3939/67/1
f 3938/43/1 3940/68/1 3939/67/1
f 3941/17/1 3942/69/1 3943/22/1
f 3942/69/1 3944/21/1 3943/22/1
f 3943/22/1 3944/21/1 3945/17/1
f 3944/21/1 3946/69/1 3945/17/1
f 3947/71/1 3948/70/1 3717/21/1
f 3948/70/1 3716/22/1 3717/21/1
f 3949/66/1 3950/43/1 3951/67/1
f 3950/43/1 3952/68/1 3951/67/1
f 3953/66/1 3954/43/1 3955/67/1
f 3954/43/1 3956/68/1 3955/67/1
f 3957/17/1 3958/69/1 3959/22/1
f 3958/69/1 3960/21/1 3959/22/1
f 3959/22/1 3960/21/1 3961/17/1
f 3960/21/1 3962/69/1 3961/17/1
f 3963/71/1 3964/70/1 3713/21/1
f 3964/70/1 3712/22/1 3713/21/1
f 3965/66/1 3966/43/1 3967/67/1
f 3966/43/1 3968/68/1 3967/67/1
f 3969/66/1 3970/43/1 3971/67/1
f 3970/43/1 3972/68/1 3971/67/1
f 3973/74/9 3974/75/9 3975/76/9
f 3974/75/9 3976/77/9 3975/76/9
f 3977/75/9 3978/77/9 3979/74/9
f 3978/77/9 3980/76/9 3979/74/9
f 3981/77/9 3982/76/9 3983/75/9
f 3982/76/9 3984/74/9 3983/75/9
f 3985/77/9 3986/76/9 3987/75/9
f 3986/76/9 3988/74/9 3987/75/9
f 3989/76/9 3988/74/9 3990/77/9
f 3988/74/9 3983/75/9 3990/77/9
f 3991/77/9 3992/76/9 3993/75/9
f 3992/76/9 3984/74/9 3993/75/9
f 3974/75/9 3994/77/9 3979/74/9
f 3994/77/9 3995/76/9 3979/74/9
f 3996/74/9 3977/75/9 3997/76/9
f 3977/75/9 3998/77/9 3997/76/9
f 3999/75/9 4000/77/9 4001/74/9
f 4000/77/9 4002/76/9 4001/74/9
f 4003/75/9 4004/77/9 4005/74/9
f 4004/77/9 4006/76/9 4005/74/9
f 4007/75/9 4008/77/9 4009/74/9
f 4008/77/9 4010/76/9 4009/74/9
f 4011/77/9 4012/76/9 4013/75/9
f 4012/76/9 4014/74/9 4013/75/9
f 4015/77/9 4016/76/9 4017/75/9
f 4016/76/9 4018/74/9 4017/75/9
f 4019/77/9 4020/76/9 4021/75/9
f 4020/76/9 4022/74/9 4021/75/9
f 4023/76/9 4022/74/9 4024/77/9
f 4022/74/9 4017/75/9 4024/77/9
f 4025/76/9 4018/74/9 4026/77/9
f 4018/74/9 4013/75/9 4026/77/9
f 4027/76/9 4014/74/9 4028/77/9
f 4014/74/9 4029/75/9 4028/77/9
f 3999/75/9 4030/77/9 4005/74/9
f 4030/77/9 4031/76/9 4005/74/9
f 4003/75/9 4032/77/9 4009/74/9
f 4032/77/9 4033/76/9 4009/74/9
f 4034/74/9 4007/75/9 4035/76/9
f 4007/75/9 4036/77/9 4035/76/9
f 4037/75/9 4038/77/9 4034/74/9
f 4038/77/9 4039/76/9 4034/74/9
f 4040/75/9 4041/77/9 4042/74/9
f 4041/77/9 4043/76/9 4042/74/9
f 4044/75/9 4045/77/9 4046/74/9
f 4045/77/9 4047/76/9 4046/74/9
f 4048/77/9 4049/76/9 4050/75/9
f 4049/76/9 4051/74/9 4050/75/9
f 4052/77/9 4053/76/9 4054/75/9
f 4053/76/9 4055/74/9 4054/75/9
f 4056/76/9 4057/74/9 4058/77/9
f 4057/74/9 3993/75/9 4058/77/9
f 4059/76/9 4057/74/9 4060/77/9
f 4057/74/9 4054/75/9 4060/77/9
f 4061/76/9 4055/74/9 4062/77/9
f 4055/74/9 4050/75/9 4062/77/9
f 4063/76/9 4051/74/9 4064/77/9
f 4051/74/9 4021/75/9 4064/77/9
f 4037/75/9 4065/77/9 4042/74/9
f 4065/77/9 4066/76/9 4042/74/9
f 4040/75/9 4067/77/9 4046/74/9
f 4067/77/9 4068/76/9 4046/74/9
f 4044/75/9 4069/77/9 3973/74/9
f 4069/77/9 4070/76/9 3973/74/9
f 4071/77/9 4072/75/9 4073/76/9
f 4072/75/9 4074/74/9 4073/76/9
f 4075/77/9 4076/75/9 4077/76/9
f 4076/75/9 4078/74/9 4077/76/9
f 4079/76/9 4080/77/9 4081/74/9
f 4080/77/9 4082/75/9 4081/74/9
f 4083/74/9 4084/76/9 4085/75/9
f 4084/76/9 4086/77/9 4085/75/9
f 4087/74/9 4088/76/9 4089/75/9
f 4088/76/9 4090/77/9 4089/75/9
f 4091/75/9 4092/74/9 4093/77/9
f 4092/74/9 4094/76/9 4093/77/9
f 4095/75/9 4083/74/9 4096/77/9
f 4083/74/9 4097/76/9 4096/77/9
f 4087/74/9 4098/76/9 4085/75/9
f 4098/76/9 4099/77/9 4085/75/9
f 4092/74/9 4100/76/9 4089/75/9
f 4100/76/9 4101/77/9 4089/75/9
f 4102/76/9 4103/77/9 4078/74/9
f 4103/77/9 4082/75/9 4078/74/9
f 4104/76/9 4105/77/9 4074/74/9
f 4105/77/9 4076/75/9 4074/74/9
f 4106/76/9 4107/77/9 4108/74/9
f 4107/77/9 4072/75/9 4108/74/9
f 4109/77/9 4110/75/9 4111/76/9
f 4110/75/9 4112/74/9 4111/76/9
f 4113/77/9 4114/75/9 4115/76/9
f 4114/75/9 4116/74/9 4115/76/9
f 4117/77/9 4118/75/9 4119/76/9
f 4118/75/9 4120/74/9 4119/76/9
f 4121/74/9 4122/76/9 4123/75/9
f 4122/76/9 4124/77/9 4123/75/9
f 4125/74/9 4126/76/9 4127/75/9
f 4126/76/9 4128/77/9 4127/75/9
f 4129/75/9 4130/74/9 4131/77/9
f 4130/74/9 4132/76/9 4131/77/9
f 4121/74/9 4133/76/9 4134/75/9
f 4133/76/9 4135/77/9 4134/75/9
f 4125/74/9 4136/76/9 4123/75/9
f 4136/76/9 4137/77/9 4123/75/9
f 4130/74/9 4138/76/9 4127/75/9
f 4138/76/9 4139/77/9 4127/75/9
f 4140/76/9 4141/77/9 4116/74/9
f 4141/77/9 4118/75/9 4116/74/9
f 4142/76/9 4143/77/9 4112/74/9
f 4143/77/9 4114/75/9 4112/74/9
f 4144/76/9 4145/77/9 4146/74/9
f 4145/77/9 4110/75/9 4146/74/9
f 4147/77/9 4148/75/9 4149/76/9
f 4148/75/9 4150/74/9 4149/76/9
f 4151/77/9 4152/75/9 4153/76/9
f 4152/75/9 4154/74/9 4153/76/9
f 4155/77/9 4156/75/9 4157/76/9
f 4156/75/9 4146/74/9 4157/76/9
f 4158/74/9 4159/76/9 4160/75/9
f 4159/76/9 4161/77/9 4160/75/9
f 4162/74/9 4163/76/9 4164/75/9
f 4163/76/9 4165/77/9 4164/75/9
f 4166/74/9 4167/76/9 4095/75/9
f 4167/76/9 4168/77/9 4095/75/9
f 4158/74/9 4169/76/9 4129/75/9
f 4169/76/9 4170/77/9 4129/75/9
f 4162/74/9 4171/76/9 4160/75/9
f 4171/76/9 4172/77/9 4160/75/9
f 4166/74/9 4173/76/9 4164/75/9
f 4173/76/9 4174/77/9 4164/75/9
f 4175/76/9 4176/77/9 4154/74/9
f 4176/77/9 4156/75/9 4154/74/9
f 4177/76/9 4178/77/9 4150/74/9
f 4178/77/9 4152/75/9 4150/74/9
f 4179/77/9 4148/75/9 4180/76/9
f 4148/75/9 4081/74/9 4180/76/9
f 4181/77/9 4182/75/9 4183/76/9
f 4182/75/9 4108/74/9 4183/76/9
f 4184/74/9 4185/76/9 3987/75/9
f 4185/76/9 3985/77/9 3987/75/9
f 4184/74/9 4186/76/9 4091/75/9
f 4186/76/9 4187/77/9 4091/75/9
f 4188/77/9 4182/75/9 3997/76/9
f 4182/75/9 3996/74/9 3997/76/9
f 4189/78/139 4190/79/10 4191/80/15
f 4190/79/10 4192/81/10 4191/80/15
f 4193/82/1 4194/83/1 4195/78/1
f 4194/83/1 4196/84/1 4195/78/1
f 4197/80/9 4198/83/9 4199/78/9
f 4198/83/9 4200/84/9 4199/78/9
f 4192/81/10 4190/79/10 4201/80/10
f 4190/79/10 4202/78/10 4201/80/10
f 4196/84/1 4194/83/1 4203/78/1
f 4194/83/1 4204/82/1 4203/78/1
f 4200/84/9 4198/83/9 4205/78/9
f 4198/83/9 4206/80/9 4205/78/9
f 4207/85/8 4208/86/8 4209/85/8
f 4208/86/8 4210/86/8 4209/85/8
f 4211/85/140 4212/86/141 4213/85/142
f 4212/86/141 4214/86/143 4213/85/142
f 4219/87/8 4210/86/8 4220/87/8
f 4210/86/8 4208/86/8 4220/87/8
f 4221/87/144 4222/86/145 4223/87/146
f 4222/86/145 4212/86/147 4223/87/146
f 4224/87/148 4225/86/149 4226/87/150
f 4225/86/149 4216/86/151 4226/87/150
f 4233/88/152 4235/85/152 4217/85/153
f 4244/89/154 4245/90/155 4246/89/156
f 4228/88/8 4227/88/8 4238/89/8
f 4227/88/8 4236/89/8 4238/89/8
f 4230/88/157 4229/88/158 4242/89/159
f 4229/88/158 4248/89/160 4242/89/159
f 4232/88/161 4251/89/162 4246/89/156
f 4220/87/8 4252/90/8 4219/87/8
f 4252/90/8 4253/90/8 4219/87/8
f 4223/87/146 4254/90/163 4221/87/144
f 4254/90/164 4255/90/164 4256/87/164
f 4226/87/150 4257/90/165 4224/87/166
f 4257/90/167 4258/90/167 4259/87/167
f 4260/85/8 4261/86/8 4262/85/8
f 4261/86/8 4263/86/8 4262/85/8
f 4264/85/168 4265/86/146 4266/85/142
f 4265/86/146 4267/86/143 4266/85/142
f 4268/85/169 4269/86/151 4270/85/170
f 4269/86/151 4271/86/171 4270/85/170
f 4272/87/8 4263/86/8 4273/87/8
f 4263/86/8 4261/86/8 4273/87/8
f 4274/87/144 4275/86/145 4276/87/172
f 4275/86/145 4265/86/141 4276/87/172
f 4277/87/148 4278/86/149 4279/87/150
f 4278/86/149 4269/86/151 4279/87/150
f 4280/88/8 4281/88/8 4262/85/8
f 4281/88/8 4260/85/8 4262/85/8
f 4283/88/173 4264/85/168 4266/85/142
f 4286/88/174 4288/85/174 4270/85/175
f 4290/90/8 4292/90/8 4291/89/8
f 4293/89/176 4294/90/176 4295/89/177
f 4297/89/178 4298/90/179 4299/89/180
f 4298/90/179 4300/90/179 4299/89/180
f 4281/88/8 4280/88/8 4291/89/8
f 4280/88/8 4289/89/8 4291/89/8
f 4283/88/157 4282/88/158 4295/89/181
f 4282/88/158 4301/89/160 4295/89/181
f 4302/88/182 4285/88/183 4303/89/182
f 4285/88/183 4304/89/184 4299/89/180
f 4273/87/8 4305/90/8 4272/87/8
f 4305/90/8 4306/90/8 4272/87/8
f 4276/87/146 4307/90/185 4274/87/144
f 4307/90/186 4308/90/186 4309/87/186
f 4279/87/187 4310/90/165 4277/87/166
f 4310/90/167 4311/90/167 4312/87/167
f 4313/85/8 4314/86/8 4315/85/8
f 4314/86/8 4316/86/8 4315/85/8
f 4317/85/188 4318/86/189 4319/85/142
f 4318/86/189 4320/86/143 4319/85/142
f 4321/85/169 4322/86/151 4323/85/190
f 4322/86/151 4324/86/171 4323/85/190
f 4325/87/8 4316/86/8 4326/87/8
f 4316/86/8 4314/86/8 4326/87/8
f 4327/87/144 4328/86/145 4329/87/191
f 4328/86/145 4318/86/146 4329/87/191
f 4330/87/148 4331/86/149 4332/87/150
f 4331/86/149 4322/86/151 4332/87/150
f 4333/88/8 4334/88/8 4315/85/8
f 4334/88/8 4313/85/8 4315/85/8
f 4335/88/158 4336/88/157 4337/85/192
f 4338/88/183 4339/88/193 4340/85/193
f 4339/88/174 4341/85/174 4323/85/175
f 4342/89/8 4343/90/8 4344/89/8
f 4343/90/8 4345/90/8 4344/89/8
f 4346/89/194 4347/90/176 4348/89/181
f 4347/90/176 4349/90/176 4348/89/181
f 4338/88/195 4357/89/184 4352/89/196
f 4326/87/8 4358/90/8 4325/87/8
f 4358/90/8 4359/90/8 4325/87/8
f 4329/87/146 4360/90/197 4327/87/144
f 4360/90/164 4361/90/164 4362/87/164
f 4332/87/150 4363/90/198 4330/87/166
f 4363/90/167 4364/90/167 4365/87/167
f 4367/86/8 4369/86/8 4368/85/8
f 4371/86/146 4373/86/199 4372/85/200
f 4378/87/8 4369/86/8 4379/87/8
f 4369/86/8 4367/86/8 4379/87/8
f 4380/87/144 4381/86/201 4382/87/146
f 4381/86/201 4371/86/202 4382/87/146
f 4384/86/203 4375/86/151 4385/87/150
f 4388/88/158 4389/88/157 4390/85/192
f 4391/88/204 4392/88/152 4393/85/152
f 4395/89/8 4396/90/8 4397/89/8
f 4404/90/205 4406/90/205 4405/89/206
f 4379/87/8 4411/90/8 4378/87/8
f 4411/90/8 4412/90/8 4378/87/8
f 4382/87/172 4413/90/185 4380/87/144
f 4413/90/186 4414/90/186 4415/87/186
f 4385/87/150 4416/90/207 4383/87/148
f 4416/90/167 4417/90/167 4418/87/167
f 4419/85/8 4420/86/8 4421/85/8
f 4423/85/140 4424/86/141 4425/85/208
f 4424/86/141 4426/86/209 4425/85/208
f 4427/85/210 4428/86/151 4429/85/190
f 4428/86/151 4430/86/171 4429/85/190
f 4433/87/144 4434/86/145 4435/87/172
f 4440/88/8 4419/85/8 4421/85/8
f 4442/88/157 4423/85/140 4425/85/208
f 4448/91/211 4449/91/211 4450/92/212
f 4449/91/211 4451/93/211 4450/92/212
f 4452/91/96 4453/91/96 4454/93/96
f 4453/91/96 4455/93/213 4454/93/96
f 4456/91/214 4457/91/214 4458/93/214
f 4457/91/214 4459/92/214 4458/93/214
f 4460/94/215 4461/92/215 4462/93/216
f 4463/94/217 4462/93/218 4464/93/219
f 4463/94/217 4464/93/219 4465/92/220
f 4466/95/221 4467/91/222 4468/91/222
f 4466/95/223 4469/91/224 4470/91/224
f 4466/95/225 4471/91/226 4472/91/226
f 4473/89/8 4474/90/8 4475/89/8
f 4439/88/8 4473/89/8 4475/89/8
f 4441/88/158 4485/89/227 4479/89/181
f 4444/88/228 4488/89/184 4483/89/229
f 4432/87/8 4489/90/8 4431/87/8
f 4489/90/8 4490/90/8 4431/87/8
f 4435/87/146 4491/90/186 4433/87/144
f 4491/90/230 4492/90/230 4493/87/230
f 4438/87/150 4494/90/231 4436/87/166
f 4494/90/207 4495/90/207 4496/87/207
f 4497/85/8 4498/86/8 4499/85/8
f 4498/86/8 4500/86/8 4499/85/8
f 4501/85/140 4502/86/147 4503/85/232
f 4506/86/233 4508/86/171 4507/85/170
f 4509/87/8 4500/86/8 4510/87/8
f 4500/86/8 4498/86/8 4510/87/8
f 4512/86/145 4502/86/146 4513/87/172
f 4522/88/183 4523/88/152 4524/85/152
f 4517/88/8 4526/89/8 4528/89/8
f 4510/87/8 4542/90/8 4509/87/8
f 4542/90/8 4543/90/8 4509/87/8
f 4513/87/172 4544/90/164 4511/87/144
f 4544/90/234 4545/90/234 4546/87/234
f 4516/87/150 4547/90/231 4514/87/166
f 4547/90/235 4548/90/235 4549/87/235
f 4215/85/210 4216/86/151 4217/85/170
f 4216/86/151 4218/86/171 4217/85/170
f 4227/88/8 4228/88/8 4209/85/8
f 4228/88/8 4207/85/8 4209/85/8
f 4229/88/158 4230/88/157 4231/85/192
f 4230/88/157 4211/85/140 4213/85/142
f 4232/88/204 4233/88/152 4234/85/152
f 4550/91/236 4551/91/236 4552/92/236
f 4551/91/236 4553/93/236 4552/92/236
f 4554/91/237 4555/91/237 4556/93/237
f 4555/91/237 4557/93/237 4556/93/237
f 4558/91/238 4559/91/238 4560/93/238
f 4559/91/238 4561/92/238 4560/93/238
f 4562/94/239 4563/92/239 4564/93/240
f 4565/94/241 4564/93/242 4566/93/243
f 4565/94/241 4566/93/243 4567/92/244
f 4568/95/245 4569/91/246 4570/91/246
f 4568/95/247 4571/91/248 4572/91/248
f 4568/95/249 4573/91/250 4574/91/250
f 4236/89/8 4237/90/8 4238/89/8
f 4237/90/8 4239/90/8 4238/89/8
f 4240/89/251 4241/90/252 4242/89/181
f 4241/90/252 4243/90/252 4242/89/181
f 4245/90/155 4247/90/155 4246/89/156
f 4249/88/182 4232/88/183 4250/89/182
f 4220/87/8 4575/90/8 4219/87/8
f 4575/90/8 4576/90/8 4219/87/8
f 4223/87/146 4577/90/253 4221/87/144
f 4577/90/254 4255/90/164 4256/87/164
f 4226/87/150 4578/90/255 4224/87/166
f 4578/90/255 4258/90/167 4259/87/167
f 4282/88/158 4283/88/157 4284/85/192
f 4285/88/183 4286/88/152 4287/85/152
f 4579/91/256 4580/91/256 4581/92/256
f 4580/91/256 4582/93/256 4581/92/256
f 4583/91/10 4584/91/257 4585/93/257
f 4584/91/257 4586/93/258 4585/93/257
f 4587/91/214 4588/91/214 4589/93/214
f 4588/91/214 4590/92/214 4589/93/214
f 4591/94/259 4592/92/259 4593/93/216
f 4594/94/260 4593/93/242 4595/93/261
f 4594/94/260 4595/93/261 4596/92/262
f 4597/95/263 4598/91/264 4599/91/264
f 4597/95/265 4600/91/266 4601/91/266
f 4597/95/249 4602/91/267 4603/91/267
f 4289/89/8 4290/90/8 4291/89/8
f 4294/90/176 4296/90/176 4295/89/177
f 4273/87/8 4604/90/8 4272/87/8
f 4604/90/8 4605/90/8 4272/87/8
f 4276/87/146 4606/90/253 4274/87/144
f 4606/90/253 4308/90/186 4309/87/186
f 4279/87/187 4607/90/255 4277/87/166
f 4607/90/255 4311/90/167 4312/87/167
f 4336/88/173 4317/85/188 4319/85/142
f 4608/91/256 4609/91/256 4610/92/256
f 4609/91/256 4611/93/256 4610/92/256
f 4612/91/237 4613/91/237 4614/93/237
f 4613/91/237 4615/93/237 4614/93/237
f 4616/91/268 4617/91/268 4618/93/268
f 4617/91/268 4619/92/268 4618/93/268
f 4620/94/259 4621/92/259 4622/93/269
f 4623/94/270 4622/93/271 4624/93/272
f 4623/94/270 4624/93/272 4625/92/220
f 4626/95/273 4627/91/264 4628/91/264
f 4626/95/247 4629/91/274 4630/91/274
f 4626/95/275 4631/91/226 4632/91/226
f 4350/89/179 4351/90/179 4352/89/276
f 4351/90/179 4353/90/179 4352/89/276
f 4334/88/8 4333/88/8 4344/89/8
f 4333/88/8 4342/89/8 4344/89/8
f 4336/88/157 4335/88/158 4348/89/181
f 4335/88/158 4354/89/160 4348/89/181
f 4355/88/184 4338/88/183 4356/89/184
f 4326/87/8 4633/90/8 4325/87/8
f 4633/90/8 4634/90/8 4325/87/8
f 4329/87/146 4635/90/253 4327/87/144
f 4635/90/254 4361/90/164 4362/87/164
f 4332/87/150 4636/90/255 4330/87/166
f 4636/90/255 4364/90/167 4365/87/167
f 4366/85/8 4367/86/8 4368/85/8
f 4370/85/168 4371/86/146 4372/85/200
f 4374/85/171 4375/86/277 4376/85/175
f 4375/86/277 4377/86/171 4376/85/175
f 4383/87/278 4384/86/203 4385/87/150
f 4386/88/8 4387/88/8 4368/85/8
f 4387/88/8 4366/85/8 4368/85/8
f 4389/88/173 4370/85/168 4372/85/200
f 4392/88/152 4394/85/152 4376/85/170
f 4637/91/279 4638/91/279 4639/92/279
f 4638/91/279 4640/93/280 4639/92/279
f 4641/91/258 4642/91/10 4643/93/10
f 4642/91/10 4644/93/258 4643/93/10
f 4645/91/214 4646/91/214 4647/93/214
f 4646/91/214 4648/92/214 4647/93/214
f 4649/94/215 4650/92/215 4651/93/216
f 4652/94/281 4651/93/282 4653/93/283
f 4652/94/281 4653/93/283 4654/92/284
f 4655/95/273 4656/91/222 4657/91/222
f 4655/95/285 4658/91/286 4659/91/286
f 4655/95/287 4660/91/226 4661/91/226
f 4396/90/8 4398/90/8 4397/89/8
f 4399/89/288 4400/90/194 4401/89/181
f 4400/90/194 4402/90/194 4401/89/181
f 4403/89/154 4404/90/205 4405/89/206
f 4387/88/8 4386/88/8 4397/89/8
f 4386/88/8 4395/89/8 4397/89/8
f 4389/88/157 4388/88/158 4401/89/181
f 4388/88/158 4407/89/289 4401/89/181
f 4408/88/182 4391/88/183 4409/89/182
f 4391/88/161 4410/89/162 4405/89/156
f 4379/87/8 4662/90/8 4378/87/8
f 4662/90/8 4663/90/8 4378/87/8
f 4382/87/172 4664/90/290 4380/87/144
f 4664/90/253 4414/90/186 4415/87/186
f 4385/87/150 4665/90/255 4383/87/148
f 4665/90/255 4417/90/167 4418/87/167
f 4420/86/8 4422/86/8 4421/85/8
f 4431/87/8 4422/86/8 4432/87/8
f 4422/86/8 4420/86/8 4432/87/8
f 4434/86/145 4424/86/146 4435/87/172
f 4436/87/148 4437/86/149 4438/87/150
f 4437/86/149 4428/86/291 4438/87/150
f 4439/88/8 4440/88/8 4421/85/8
f 4441/88/158 4442/88/157 4443/85/192
f 4444/88/183 4445/88/152 4446/85/152
f 4445/88/152 4447/85/152 4429/85/153
f 4474/90/8 4476/90/8 4475/89/8
f 4477/89/292 4478/90/176 4479/89/159
f 4478/90/176 4480/90/176 4479/89/159
f 4481/89/179 4482/90/179 4483/89/293
f 4482/90/179 4484/90/179 4483/89/293
f 4440/88/8 4439/88/8 4475/89/8
f 4442/88/157 4441/88/158 4479/89/181
f 4486/88/184 4444/88/183 4487/89/184
f 4432/87/8 4666/90/8 4431/87/8
f 4666/90/8 4667/90/8 4431/87/8
f 4435/87/146 4668/90/294 4433/87/144
f 4668/90/294 4492/90/230 4493/87/230
f 4438/87/150 4669/90/255 4436/87/166
f 4669/90/255 4495/90/207 4496/87/207
f 4502/86/147 4504/86/143 4503/85/232
f 4505/85/210 4506/86/233 4507/85/170
f 4511/87/144 4512/86/145 4513/87/172
f 4514/87/166 4515/86/149 4516/87/150
f 4515/86/149 4506/86/151 4516/87/150
f 4517/88/8 4518/88/8 4499/85/8
f 4518/88/8 4497/85/8 4499/85/8
f 4519/88/158 4520/88/157 4521/85/192
f 4520/88/173 4501/85/140 4503/85/232
f 4523/88/152 4525/85/152 4507/85/175
f 4670/91/295 4671/91/295 4672/92/295
f 4671/91/295 4673/93/295 4672/92/295
f 4674/91/296 4675/91/10 4676/93/10
f 4675/91/10 4677/93/296 4676/93/10
f 4678/91/214 4679/91/214 4680/93/214
f 4679/91/214 4681/92/214 4680/93/214
f 4682/94/297 4683/92/297 4684/93/298
f 4685/94/283 4684/93/299 4686/93/300
f 4685/94/283 4686/93/300 4687/92/220
f 4688/95/301 4689/91/302 4690/91/302
f 4688/95/303 4691/91/304 4692/91/304
f 4688/95/305 4693/91/226 4694/91/226
f 4526/89/8 4527/90/8 4528/89/8
f 4527/90/8 4529/90/8 4528/89/8
f 4530/89/176 4531/90/288 4532/89/177
f 4531/90/288 4533/90/288 4532/89/177
f 4534/89/154 4535/90/306 4536/89/180
f 4535/90/306 4537/90/306 4536/89/180
f 4518/88/8 4517/88/8 4528/89/8
f 4520/88/157 4519/88/158 4532/89/181
f 4519/88/158 4538/89/289 4532/89/181
f 4539/88/182 4522/88/183 4540/89/182
f 4522/88/195 4541/89/162 4536/89/307
f 4510/87/8 4695/90/8 4509/87/8
f 4695/90/8 4696/90/8 4509/87/8
f 4513/87/172 4697/90/253 4511/87/144
f 4697/90/294 4545/90/234 4546/87/234
f 4516/87/150 4698/90/255 4514/87/166
f 4698/90/255 4548/90/235 4549/87/235
f 4699/86/8 4700/86/8 4701/85/8
f 4700/86/8 4702/85/8 4701/85/8
f 4703/86/308 4704/86/309 4705/85/310
f 4704/86/309 4706/85/146 4705/85/310
f 4707/86/311 4708/86/312 4709/85/313
f 4708/86/312 4710/85/151 4709/85/313
f 4700/86/8 4699/86/8 4711/87/8
f 4699/86/8 4712/87/8 4711/87/8
f 4704/86/309 4703/86/308 4713/87/168
f 4703/86/308 4714/87/314 4713/87/168
f 4715/86/315 4707/86/311 4716/87/315
f 4707/86/311 4717/87/316 4716/87/315
f 4702/85/8 4718/88/8 4701/85/8
f 4718/88/8 4719/88/8 4701/85/8
f 4706/85/146 4720/88/254 4705/85/310
f 4720/88/254 4721/88/317 4722/85/317
f 4710/85/151 4723/88/255 4709/85/313
f 4723/88/255 4724/88/318 4725/85/318
f 4576/90/8 4575/90/8 4712/87/8
f 4575/90/8 4711/87/8 4712/87/8
f 4726/90/319 4577/90/253 4727/87/319
f 4577/90/253 4713/87/168 4714/87/314
f 4728/90/320 4578/90/255 4729/87/320
f 4578/90/255 4730/87/321 4717/87/316
f 4731/86/8 4732/86/8 4733/85/8
f 4732/86/8 4734/85/8 4733/85/8
f 4735/86/322 4736/86/323 4737/85/324
f 4736/86/323 4738/85/172 4737/85/324
f 4739/86/311 4740/86/325 4741/85/313
f 4740/86/325 4742/85/277 4741/85/313
f 4732/86/8 4731/86/8 4743/87/8
f 4731/86/8 4744/87/8 4743/87/8
f 4736/86/323 4735/86/322 4745/87/168
f 4735/86/322 4746/87/326 4745/87/168
f 4747/86/327 4739/86/311 4748/87/328
f 4739/86/311 4749/87/316 4748/87/328
f 4734/85/8 4750/88/8 4733/85/8
f 4750/88/8 4751/88/8 4733/85/8
f 4738/85/172 4752/88/254 4737/85/324
f 4752/88/254 4753/88/329 4754/85/329
f 4742/85/277 4755/88/255 4741/85/313
f 4755/88/255 4756/88/330 4757/85/330
f 4605/90/8 4604/90/8 4744/87/8
f 4604/90/8 4743/87/8 4744/87/8
f 4758/90/319 4606/90/253 4759/87/319
f 4606/90/290 4745/87/168 4746/87/326
f 4760/90/320 4607/90/255 4761/87/320
f 4607/90/255 4762/87/331 4749/87/316
f 4763/86/8 4764/86/8 4765/85/8
f 4764/86/8 4766/85/8 4765/85/8
f 4767/86/332 4768/86/323 4769/85/310
f 4768/86/323 4770/85/333 4769/85/310
f 4771/86/311 4772/86/334 4773/85/313
f 4772/86/334 4774/85/335 4773/85/313
f 4764/86/8 4763/86/8 4775/87/8
f 4763/86/8 4776/87/8 4775/87/8
f 4768/86/323 4767/86/332 4777/87/336
f 4767/86/332 4778/87/314 4777/87/336
f 4779/86/315 4771/86/311 4780/87/315
f 4771/86/311 4781/87/316 4780/87/315
f 4766/85/8 4782/88/8 4765/85/8
f 4782/88/8 4783/88/8 4765/85/8
f 4770/85/333 4784/88/253 4769/85/310
f 4784/88/254 4785/88/329 4786/85/329
f 4774/85/335 4787/88/255 4773/85/313
f 4787/88/255 4788/88/330 4789/85/330
f 4634/90/8 4633/90/8 4776/87/8
f 4633/90/8 4775/87/8 4776/87/8
f 4790/90/319 4635/90/253 4791/87/319
f 4635/90/253 4777/87/336 4778/87/314
f 4792/90/320 4636/90/255 4793/87/320
f 4636/90/255 4794/87/331 4781/87/316
f 4795/86/8 4796/86/8 4797/85/8
f 4796/86/8 4798/85/8 4797/85/8
f 4799/86/322 4800/86/337 4801/85/338
f 4800/86/337 4802/85/333 4801/85/338
f 4803/86/311 4804/86/334 4805/85/313
f 4804/86/334 4806/85/335 4805/85/313
f 4796/86/8 4795/86/8 4807/87/8
f 4795/86/8 4808/87/8 4807/87/8
f 4800/86/337 4799/86/322 4809/87/337
f 4799/86/322 4810/87/326 4809/87/337
f 4811/86/339 4803/86/311 4812/87/328
f 4803/86/311 4813/87/316 4812/87/328
f 4798/85/8 4814/88/8 4797/85/8
f 4814/88/8 4815/88/8 4797/85/8
f 4802/85/333 4816/88/253 4801/85/338
f 4816/88/253 4817/88/329 4818/85/329
f 4806/85/335 4819/88/255 4805/85/313
f 4819/88/255 4820/88/330 4821/85/330
f 4663/90/8 4662/90/8 4808/87/8
f 4662/90/8 4807/87/8 4808/87/8
f 4822/90/319 4664/90/253 4823/87/319
f 4664/90/290 4809/87/337 4810/87/326
f 4824/90/340 4665/90/255 4825/87/340
f 4665/90/255 4826/87/331 4813/87/316
f 4827/86/8 4828/86/8 4829/85/8
f 4828/86/8 4830/85/8 4829/85/8
f 4831/86/332 4832/86/336 4833/85/341
f 4832/86/336 4834/85/333 4833/85/341
f 4835/86/311 4836/86/312 4837/85/342
f 4836/86/312 4838/85/151 4837/85/342
f 4828/86/8 4827/86/8 4839/87/8
f 4827/86/8 4840/87/8 4839/87/8
f 4832/86/336 4831/86/332 4841/87/336
f 4831/86/332 4842/87/314 4841/87/336
f 4843/86/315 4835/86/311 4844/87/315
f 4835/86/311 4845/87/316 4844/87/315
f 4830/85/8 4846/88/8 4829/85/8
f 4846/88/8 4847/88/8 4829/85/8
f 4834/85/333 4848/88/254 4833/85/341
f 4848/88/253 4849/88/317 4850/85/317
f 4838/85/151 4851/88/255 4837/85/342
f 4851/88/255 4852/88/318 4853/85/318
f 4667/90/8 4666/90/8 4840/87/8
f 4666/90/8 4839/87/8 4840/87/8
f 4854/90/319 4668/90/253 4855/87/319
f 4668/90/253 4841/87/336 4842/87/314
f 4856/90/343 4669/90/255 4857/87/343
f 4669/90/255 4858/87/340 4845/87/316
f 4859/86/8 4860/86/8 4861/85/8
f 4860/86/8 4862/85/8 4861/85/8
f 4863/86/332 4864/86/337 4865/85/344
f 4864/86/337 4866/85/146 4865/85/344
f 4867/86/311 4868/86/345 4869/85/313
f 4868/86/345 4870/85/151 4869/85/313
f 4860/86/8 4859/86/8 4871/87/8
f 4859/86/8 4872/87/8 4871/87/8
f 4864/86/337 4863/86/332 4873/87/168
f 4863/86/332 4874/87/314 4873/87/168
f 4875/86/346 4867/86/311 4876/87/315
f 4867/86/311 4877/87/316 4876/87/315
f 4862/85/8 4878/88/8 4861/85/8
f 4878/88/8 4879/88/8 4861/85/8
f 4866/85/146 4880/88/254 4865/85/344
f 4880/88/254 4881/88/347 4882/85/347
f 4870/85/151 4883/88/255 4869/85/313
f 4883/88/255 4884/88/348 4885/85/348
f 4696/90/8 4695/90/8 4872/87/8
f 4695/90/8 4871/87/8 4872/87/8
f 4886/90/349 4697/90/253 4887/87/349
f 4697/90/253 4873/87/168 4874/87/314
f 4888/90/350 4698/90/255 4889/87/350
f 4698/90/255 4890/87/320 4877/87/316
f 4891/85/8 4892/86/8 4893/85/8
f 4892/86/8 4894/86/8 4893/85/8
f 4895/85/140 4896/86/141 4897/85/142
f 4896/86/141 4898/86/143 4897/85/142
f 4899/85/210 4900/86/351 4901/85/190
f 4900/86/351 4902/86/171 4901/85/190
f 4903/87/8 4894/86/8 4904/87/8
f 4894/86/8 4892/86/8 4904/87/8
f 4905/87/352 4906/86/145 4907/87/146
f 4906/86/145 4896/86/146 4907/87/146
f 4908/87/353 4909/86/149 4910/87/277
f 4909/86/149 4900/86/151 4910/87/277
f 4719/88/8 4718/88/8 4893/85/8
f 4718/88/8 4891/85/8 4893/85/8
f 4911/88/354 4720/88/253 4912/85/354
f 4720/88/253 4895/85/140 4897/85/142
f 4913/88/193 4723/88/255 4914/85/193
f 4723/88/255 4915/85/152 4901/85/175
f 4904/87/8 4916/90/8 4903/87/8
f 4916/90/8 4917/90/8 4903/87/8
f 4907/87/146 4918/90/234 4905/87/352
f 4918/90/163 4919/90/163 4920/87/163
f 4910/87/277 4921/90/207 4908/87/353
f 4921/90/207 4922/90/207 4923/87/207
f 4924/85/8 4925/86/8 4926/85/8
f 4925/86/8 4927/86/8 4926/85/8
f 4928/85/355 4929/86/141 4930/85/200
f 4929/86/141 4931/86/356 4930/85/200
f 4932/85/357 4933/86/351 4934/85/170
f 4933/86/351 4935/86/357 4934/85/170
f 4936/87/8 4927/86/8 4937/87/8
f 4927/86/8 4925/86/8 4937/87/8
f 4938/87/352 4939/86/358 4940/87/191
f 4939/86/358 4929/86/147 4940/87/191
f 4941/87/148 4942/86/359 4943/87/277
f 4942/86/359 4933/86/151 4943/87/277
f 4751/88/8 4750/88/8 4926/85/8
f 4750/88/8 4924/85/8 4926/85/8
f 4944/88/192 4752/88/253 4945/85/192
f 4752/88/253 4928/85/355 4930/85/200
f 4946/88/152 4755/88/255 4947/85/152
f 4755/88/255 4948/85/193 4934/85/175
f 4937/87/8 4949/90/8 4936/87/8
f 4949/90/8 4950/90/8 4936/87/8
f 4940/87/191 4951/90/185 4938/87/352
f 4951/90/186 4952/90/186 4953/87/186
f 4943/87/277 4954/90/167 4941/87/148
f 4954/90/167 4955/90/167 4956/87/167
f 4957/85/8 4958/86/8 4959/85/8
f 4958/86/8 4960/86/8 4959/85/8
f 4961/85/140 4962/86/141 4963/85/360
f 4962/86/141 4964/86/209 4963/85/360
f 4965/85/210 4966/86/351 4967/85/170
f 4966/86/351 4968/86/171 4967/85/170
f 4969/87/8 4960/86/8 4970/87/8
f 4960/86/8 4958/86/8 4970/87/8
f 4971/87/352 4972/86/145 4973/87/146
f 4972/86/145 4962/86/172 4973/87/146
f 4974/87/353 4975/86/149 4976/87/150
f 4975/86/149 4966/86/151 4976/87/150
f 4783/88/8 4782/88/8 4959/85/8
f 4782/88/8 4957/85/8 4959/85/8
f 4977/88/192 4784/88/254 4978/85/192
f 4784/88/290 4961/85/140 4963/85/360
f 4979/88/152 4787/88/255 4980/85/152
f 4787/88/255 4981/85/152 4967/85/175
f 4970/87/8 4982/90/8 4969/87/8
f 4982/90/8 4983/90/8 4969/87/8
f 4973/87/146 4984/90/185 4971/87/352
f 4984/90/186 4985/90/186 4986/87/186
f 4976/87/150 4987/90/207 4974/87/353
f 4987/90/167 4988/90/167 4989/87/167
f 4990/85/8 4991/86/8 4992/85/8
f 4991/86/8 4993/86/8 4992/85/8
f 4994/85/355 4995/86/189 4996/85/200
f 4995/86/189 4997/86/199 4996/85/200
f 4998/85/357 4999/86/150 5000/85/190
f 4999/86/150 5001/86/171 5000/85/190
f 5002/87/8 4993/86/8 5003/87/8
f 4993/86/8 4991/86/8 5003/87/8
f 5004/87/352 5005/86/145 5006/87/146
f 5005/86/145 4995/86/172 5006/87/146
f 5007/87/148 5008/86/149 5009/87/150
f 5008/86/149 4999/86/151 5009/87/150
f 4815/88/8 4814/88/8 4992/85/8
f 4814/88/8 4990/85/8 4992/85/8
f 5010/88/192 4816/88/254 5011/85/192
f 4816/88/253 4994/85/355 4996/85/200
f 5012/88/152 4819/88/255 5013/85/152
f 4819/88/255 5014/85/193 5000/85/153
f 5003/87/8 5015/90/8 5002/87/8
f 5015/90/8 5016/90/8 5002/87/8
f 5006/87/146 5017/90/361 5004/87/352
f 5017/90/164 5018/90/164 5019/87/164
f 5009/87/150 5020/90/167 5007/87/148
f 5020/90/207 5021/90/207 5022/87/207
f 5023/85/8 5024/86/8 5025/85/8
f 5024/86/8 5026/86/8 5025/85/8
f 5027/85/140 5028/86/141 5029/85/208
f 5028/86/141 5030/86/199 5029/85/208
f 5031/85/210 5032/86/151 5033/85/170
f 5032/86/151 5034/86/171 5033/85/170
f 5035/87/8 5026/86/8 5036/87/8
f 5026/86/8 5024/86/8 5036/87/8
f 5037/87/362 5038/86/363 5039/87/146
f 5038/86/363 5028/86/172 5039/87/146
f 5040/87/364 5041/86/149 5042/87/150
f 5041/86/149 5032/86/151 5042/87/150
f 4847/88/8 4846/88/8 5025/85/8
f 4846/88/8 5023/85/8 5025/85/8
f 5043/88/354 4848/88/294 5044/85/354
f 4848/88/253 5027/85/140 5029/85/208
f 5045/88/365 4851/88/255 5046/85/365
f 4851/88/255 5047/85/152 5033/85/170
f 5036/87/8 5048/90/8 5035/87/8
f 5048/90/8 5049/90/8 5035/87/8
f 5039/87/146 5050/90/186 5037/87/362
f 5050/90/230 5051/90/230 5052/87/230
f 5042/87/150 5053/90/165 5040/87/364
f 5053/90/235 5054/90/235 5055/87/235
f 5056/85/8 5057/86/8 5058/85/8
f 5057/86/8 5059/86/8 5058/85/8
f 5060/85/140 5061/86/141 5062/85/142
f 5061/86/141 5063/86/199 5062/85/142
f 5064/85/210 5065/86/151 5066/85/190
f 5065/86/151 5067/86/210 5066/85/190
f 5068/87/8 5059/86/8 5069/87/8
f 5059/86/8 5057/86/8 5069/87/8
f 5070/87/366 5071/86/201 5072/87/146
f 5071/86/201 5061/86/367 5072/87/146
f 5073/87/364 5074/86/203 5075/87/277
f 5074/86/203 5065/86/151 5075/87/277
f 4879/88/8 4878/88/8 5058/85/8
f 4878/88/8 5056/85/8 5058/85/8
f 5076/88/368 4880/88/253 5077/85/368
f 4880/88/253 5060/85/140 5062/85/142
f 5078/88/152 4883/88/255 5079/85/152
f 4883/88/255 5080/85/152 5066/85/153
f 5069/87/8 5081/90/8 5068/87/8
f 5081/90/8 5082/90/8 5068/87/8
f 5072/87/146 5083/90/186 5070/87/366
f 5083/90/369 5084/90/369 5085/87/369
f 5075/87/277 5086/90/165 5073/87/364
f 5086/90/370 5087/90/370 5088/87/370
f 5089/86/8 5090/86/8 5091/85/8
f 5090/86/8 5092/85/8 5091/85/8
f 5093/86/371 5094/86/337 5095/85/324
f 5094/86/337 5096/85/333 5095/85/324
f 5097/86/311 5098/86/312 5099/85/313
f 5098/86/312 5100/85/335 5099/85/313
f 5090/86/8 5089/86/8 5101/87/8
f 5089/86/8 5102/87/8 5101/87/8
f 5094/86/337 5093/86/371 5103/87/140
f 5093/86/371 5104/87/314 5103/87/140
f 5105/86/315 5097/86/372 5106/87/328
f 5097/86/372 5107/87/316 5106/87/328
f 5092/85/8 5108/88/8 5091/85/8
f 5108/88/8 5109/88/8 5091/85/8
f 5096/85/333 5110/88/253 5095/85/324
f 5110/88/254 5111/88/373 5112/85/373
f 5100/85/335 5113/88/255 5099/85/313
f 5113/88/255 5114/88/330 5115/85/330
f 5116/90/8 5117/90/8 5102/87/8
f 5117/90/8 5101/87/8 5102/87/8
f 5118/90/319 5119/90/319 5120/87/319
f 5119/90/319 5103/87/140 5104/87/314
f 5121/90/374 5122/90/374 5123/87/374
f 5122/90/331 5124/87/331 5107/87/316
f 5125/86/8 5126/86/8 5127/85/8
f 5126/86/8 5128/85/8 5127/85/8
f 5129/86/375 5130/86/376 5131/85/310
f 5130/86/376 5132/85/146 5131/85/310
f 5133/86/311 5134/86/312 5135/85/313
f 5134/86/312 5136/85/151 5135/85/313
f 5126/86/8 5125/86/8 5137/87/8
f 5125/86/8 5138/87/8 5137/87/8
f 5130/86/376 5129/86/375 5139/87/336
f 5129/86/375 5140/87/377 5139/87/336
f 5141/86/315 5133/86/311 5142/87/339
f 5133/86/311 5143/87/316 5142/87/339
f 5128/85/8 5144/88/8 5127/85/8
f 5144/88/8 5145/88/8 5127/85/8
f 5132/85/146 5146/88/253 5131/85/310
f 5146/88/253 5147/88/317 5148/85/317
f 5136/85/151 5149/88/255 5135/85/313
f 5149/88/255 5150/88/318 5151/85/318
f 5152/90/8 5153/90/8 5138/87/8
f 5153/90/8 5137/87/8 5138/87/8
f 5154/90/319 5155/90/319 5156/87/319
f 5155/90/378 5139/87/336 5140/87/377
f 5157/90/343 5158/90/343 5159/87/343
f 5158/90/343 5160/87/343 5143/87/379
f 5161/86/8 5162/86/8 5163/85/8
f 5162/86/8 5164/85/8 5163/85/8
f 5165/86/371 5166/86/336 5167/85/324
f 5166/86/336 5168/85/172 5167/85/324
f 5169/86/311 5170/86/312 5171/85/313
f 5170/86/312 5172/85/277 5171/85/313
f 5162/86/8 5161/86/8 5173/87/8
f 5161/86/8 5174/87/8 5173/87/8
f 5166/86/336 5165/86/371 5175/87/380
f 5165/86/371 5176/87/314 5175/87/380
f 5177/86/315 5169/86/311 5178/87/315
f 5169/86/311 5179/87/316 5178/87/315
f 5164/85/8 5180/88/8 5163/85/8
f 5180/88/8 5181/88/8 5163/85/8
f 5168/85/172 5182/88/253 5167/85/324
f 5182/88/254 5183/88/329 5184/85/329
f 5172/85/277 5185/88/255 5171/85/313
f 5185/88/255 5186/88/348 5187/85/348
f 5188/90/8 5189/90/8 5174/87/8
f 5189/90/8 5173/87/8 5174/87/8
f 5190/90/349 5191/90/349 5192/87/349
f 5191/90/319 5175/87/380 5176/87/314
f 5193/90/350 5194/90/350 5195/87/350
f 5194/90/320 5196/87/320 5179/87/316
f 5197/86/8 5198/86/8 5199/85/8
f 5198/86/8 5200/85/8 5199/85/8
f 5201/86/308 5202/86/381 5203/85/338
f 5202/86/381 5204/85/333 5203/85/338
f 5205/86/311 5206/86/334 5207/85/313
f 5206/86/334 5208/85/382 5207/85/313
f 5198/86/8 5197/86/8 5209/87/8
f 5197/86/8 5210/87/8 5209/87/8
f 5202/86/381 5201/86/308 5211/87/336
f 5201/86/308 5212/87/314 5211/87/336
f 5213/86/315 5205/86/311 5214/87/315
f 5205/86/311 5215/87/316 5214/87/315
f 5200/85/8 5216/88/8 5199/85/8
f 5216/88/8 5217/88/8 5199/85/8
f 5204/85/333 5218/88/253 5203/85/338
f 5218/88/254 5219/88/373 5220/85/373
f 5208/85/382 5221/88/255 5207/85/313
f 5221/88/255 5222/88/330 5223/85/330
f 5224/90/8 5225/90/8 5210/87/8
f 5225/90/8 5209/87/8 5210/87/8
f 5226/90/383 5227/90/383 5228/87/383
f 5227/90/384 5211/87/336 5212/87/314
f 5229/90/320 5230/90/320 5231/87/320
f 5230/90/320 5232/87/320 5215/87/316
f 5233/86/8 5234/86/8 5235/85/8
f 5234/86/8 5236/85/8 5235/85/8
f 5237/86/385 5238/86/336 5239/85/386
f 5238/86/336 5240/85/333 5239/85/386
f 5241/86/311 5242/86/387 5243/85/313
f 5242/86/387 5244/85/151 5243/85/313
f 5234/86/8 5233/86/8 5245/87/8
f 5233/86/8 5246/87/8 5245/87/8
f 5238/86/336 5237/86/385 5247/87/336
f 5237/86/385 5248/87/326 5247/87/336
f 5249/86/339 5241/86/311 5250/87/388
f 5241/86/311 5251/87/316 5250/87/388
f 5236/85/8 5252/88/8 5235/85/8
f 5252/88/8 5253/88/8 5235/85/8
f 5240/85/333 5254/88/254 5239/85/386
f 5254/88/253 5255/88/317 5256/85/317
f 5244/85/151 5257/88/255 5243/85/313
f 5257/88/255 5258/88/318 5259/85/318
f 5260/90/8 5261/90/8 5246/87/8
f 5261/90/8 5245/87/8 5246/87/8
f 5262/90/384 5263/90/384 5264/87/384
f 5263/90/319 5247/87/336 5248/87/326
f 5265/90/343 5266/90/343 5267/87/343
f 5266/90/389 5268/87/389 5251/87/316
f 5269/86/8 5270/86/8 5271/85/8
f 5270/86/8 5272/85/8 5271/85/8
f 5273/86/322 5274/86/323 5275/85/310
f 5274/86/323 5276/85/146 5275/85/310
f 5277/86/311 5278/86/312 5279/85/313
f 5278/86/312 5280/85/151 5279/85/313
f 5270/86/8 5269/86/8 5281/87/8
f 5269/86/8 5282/87/8 5281/87/8
f 5274/86/323 5273/86/322 5283/87/336
f 5273/86/322 5284/87/377 5283/87/336
f 5285/86/328 5277/86/311 5286/87/339
f 5277/86/311 5287/87/316 5286/87/339
f 5272/85/8 5288/88/8 5271/85/8
f 5288/88/8 5289/88/8 5271/85/8
f 5276/85/146 5290/88/253 5275/85/310
f 5290/88/254 5291/88/317 5292/85/317
f 5280/85/151 5293/88/255 5279/85/313
f 5293/88/255 5294/88/318 5295/85/318
f 5296/90/8 5297/90/8 5282/87/8
f 5297/90/8 5281/87/8 5282/87/8
f 5298/90/384 5299/90/384 5300/87/384
f 5299/90/349 5283/87/336 5284/87/377
f 5301/90/374 5302/90/374 5303/87/374
f 5302/90/321 5304/87/321 5287/87/379
f 5305/85/8 5306/86/8 5307/85/8
f 5306/86/8 5308/86/8 5307/85/8
f 5309/85/168 5310/86/146 5311/85/232
f 5310/86/146 5312/86/199 5311/85/232
f 5313/85/171 5314/86/233 5315/85/175
f 5314/86/233 5316/86/210 5315/85/175
f 5317/87/8 5308/86/8 5318/87/8
f 5308/86/8 5306/86/8 5318/87/8
f 5319/87/352 5320/86/201 5321/87/191
f 5320/86/201 5310/86/202 5321/87/191
f 5322/87/353 5323/86/149 5324/87/233
f 5323/86/149 5314/86/277 5324/87/233
f 5109/88/8 5108/88/8 5307/85/8
f 5108/88/8 5305/85/8 5307/85/8
f 5325/88/192 5110/88/254 5326/85/192
f 5110/88/253 5309/85/168 5311/85/232
f 5327/88/193 5113/88/255 5328/85/193
f 5113/88/255 5329/85/152 5315/85/170
f 5318/87/8 5330/90/8 5317/87/8
f 5330/90/8 5331/90/8 5317/87/8
f 5321/87/191 5332/90/234 5319/87/352
f 5332/90/163 5333/90/163 5334/87/163
f 5324/87/233 5335/90/207 5322/87/353
f 5335/90/207 5336/90/207 5337/87/207
f 5338/85/8 5339/86/8 5340/85/8
f 5339/86/8 5341/86/8 5340/85/8
f 5342/85/140 5343/86/141 5344/85/232
f 5343/86/141 5345/86/390 5344/85/232
f 5346/85/210 5347/86/151 5348/85/153
f 5347/86/151 5349/86/169 5348/85/153
f 5350/87/8 5341/86/8 5351/87/8
f 5341/86/8 5339/86/8 5351/87/8
f 5352/87/144 5353/86/391 5354/87/146
f 5353/86/391 5343/86/172 5354/87/146
f 5355/87/364 5356/86/392 5357/87/277
f 5356/86/392 5347/86/277 5357/87/277
f 5145/88/8 5144/88/8 5340/85/8
f 5144/88/8 5338/85/8 5340/85/8
f 5358/88/354 5146/88/253 5359/85/354
f 5146/88/290 5342/85/140 5344/85/232
f 5360/88/365 5149/88/255 5361/85/365
f 5149/88/255 5362/85/152 5348/85/153
f 5351/87/8 5363/90/8 5350/87/8
f 5363/90/8 5364/90/8 5350/87/8
f 5354/87/146 5365/90/230 5352/87/144
f 5365/90/369 5366/90/369 5367/87/369
f 5357/87/277 5368/90/165 5355/87/364
f 5368/90/235 5369/90/235 5370/87/235
f 5371/85/8 5372/86/8 5373/85/8
f 5372/86/8 5374/86/8 5373/85/8
f 5375/85/140 5376/86/141 5377/85/232
f 5376/86/141 5378/86/143 5377/85/232
f 5379/85/210 5380/86/151 5381/85/170
f 5380/86/151 5382/86/169 5381/85/170
f 5383/87/8 5374/86/8 5384/87/8
f 5374/86/8 5372/86/8 5384/87/8
f 5385/87/144 5386/86/391 5387/87/191
f 5386/86/391 5376/86/333 5387/87/191
f 5388/87/148 5389/86/392 5390/87/277
f 5389/86/392 5380/86/151 5390/87/277
f 5181/88/8 5180/88/8 5373/85/8
f 5180/88/8 5371/85/8 5373/85/8
f 5391/88/368 5182/88/253 5392/85/368
f 5182/88/253 5375/85/140 5377/85/232
f 5393/88/152 5185/88/255 5394/85/152
f 5185/88/255 5395/85/152 5381/85/175
f 5384/87/8 5396/90/8 5383/87/8
f 5396/90/8 5397/90/8 5383/87/8
f 5387/87/191 5398/90/230 5385/87/144
f 5398/90/185 5399/90/185 5400/87/185
f 5390/87/277 5401/90/165 5388/87/148
f 5401/90/393 5402/90/393 5403/87/393
f 5404/85/8 5405/86/8 5406/85/8
f 5405/86/8 5407/86/8 5406/85/8
f 5408/85/140 5409/86/189 5410/85/200
f 5409/86/189 5411/86/199 5410/85/200
f 5412/85/210 5413/86/150 5414/85/394
f 5413/86/150 5415/86/171 5414/85/394
f 5416/87/8 5407/86/8 5417/87/8
f 5407/86/8 5405/86/8 5417/87/8
f 5418/87/352 5419/86/363 5420/87/146
f 5419/86/363 5409/86/172 5420/87/146
f 5421/87/353 5422/86/149 5423/87/277
f 5422/86/149 5413/86/151 5423/87/277
f 5217/88/8 5216/88/8 5406/85/8
f 5216/88/8 5404/85/8 5406/85/8
f 5424/88/192 5218/88/253 5425/85/192
f 5218/88/253 5408/85/140 5410/85/200
f 5426/88/193 5221/88/255 5427/85/193
f 5221/88/255 5428/85/152 5414/85/175
f 5417/87/8 5429/90/8 5416/87/8
f 5429/90/8 5430/90/8 5416/87/8
f 5420/87/146 5431/90/234 5418/87/352
f 5431/90/164 5432/90/164 5433/87/164
f 5423/87/277 5434/90/207 5421/87/353
f 5434/90/207 5435/90/207 5436/87/207
f 5437/85/8 5438/86/8 5439/85/8
f 5438/86/8 5440/86/8 5439/85/8
f 5441/85/168 5442/86/141 5443/85/395
f 5442/86/141 5444/86/199 5443/85/395
f 5445/85/171 5446/86/151 5447/85/190
f 5446/86/151 5448/86/210 5447/85/190
f 5449/87/8 5440/86/8 5450/87/8
f 5440/86/8 5438/86/8 5450/87/8
f 5451/87/144 5452/86/201 5453/87/146
f 5452/86/201 5442/86/146 5453/87/146
f 5454/87/148 5455/86/203 5456/87/233
f 5455/86/203 5446/86/151 5456/87/233
f 5253/88/8 5252/88/8 5439/85/8
f 5252/88/8 5437/85/8 5439/85/8
f 5457/88/354 5254/88/294 5458/85/354
f 5254/88/294 5441/85/168 5443/85/395
f 5459/88/365 5257/88/255 5460/85/365
f 5257/88/255 5461/85/396 5447/85/190
f 5450/87/8 5462/90/8 5449/87/8
f 5462/90/8 5463/90/8 5449/87/8
f 5453/87/146 5464/90/163 5451/87/144
f 5464/90/163 5465/90/163 5466/87/163
f 5456/87/233 5467/90/165 5454/87/148
f 5467/90/235 5468/90/235 5469/87/235
f 5470/85/8 5471/86/8 5472/85/8
f 5471/86/8 5473/86/8 5472/85/8
f 5474/85/168 5475/86/141 5476/85/395
f 5475/86/141 5477/86/390 5476/85/395
f 5478/85/169 5479/86/277 5480/85/170
f 5479/86/277 5481/86/397 5480/85/170
f 5482/87/8 5473/86/8 5483/87/8
f 5473/86/8 5471/86/8 5483/87/8
f 5484/87/362 5485/86/398 5486/87/146
f 5485/86/398 5475/86/172 5486/87/146
f 5487/87/364 5488/86/399 5489/87/277
f 5488/86/399 5479/86/151 5489/87/277
f 5289/88/8 5288/88/8 5472/85/8
f 5288/88/8 5470/85/8 5472/85/8
f 5490/88/354 5290/88/253 5491/85/354
f 5290/88/254 5474/85/168 5476/85/395
f 5492/88/365 5293/88/255 5493/85/365
f 5293/88/255 5494/85/174 5480/85/175
f 5483/87/8 5495/90/8 5482/87/8
f 5495/90/8 5496/90/8 5482/87/8
f 5486/87/146 5497/90/186 5484/87/362
f 5497/90/185 5498/90/185 5499/87/185
f 5489/87/277 5500/90/231 5487/87/364
f 5500/90/370 5501/90/370 5502/87/370
f 5503/86/8 5504/86/8 5505/85/8
f 5504/86/8 5506/85/8 5505/85/8
f 5507/86/400 5508/86/323 5509/85/401
f 5508/86/323 5510/85/333 5509/85/401
f 5511/86/311 5512/86/345 5513/85/402
f 5512/86/345 5514/85/335 5513/85/402
f 5504/86/8 5503/86/8 5515/87/8
f 5503/86/8 5516/87/8 5515/87/8
f 5508/86/323 5507/86/400 5517/87/140
f 5507/86/400 5518/87/314 5517/87/140
f 5519/86/346 5511/86/311 5520/87/328
f 5511/86/311 5521/87/316 5520/87/328
f 5506/85/8 5522/88/8 5505/85/8
f 5522/88/8 5523/88/8 5505/85/8
f 5510/85/333 5524/88/253 5509/85/401
f 5524/88/253 5525/88/373 5526/85/373
f 5514/85/335 5527/88/255 5513/85/402
f 5527/88/255 5528/88/318 5529/85/318
f 5530/90/8 5531/90/8 5516/87/8
f 5531/90/8 5515/87/8 5516/87/8
f 5532/90/319 5533/90/319 5534/87/319
f 5533/90/319 5517/87/140 5518/87/314
f 5535/90/374 5536/90/374 5537/87/374
f 5536/90/331 5538/87/331 5521/87/316
f 5539/86/8 5540/86/8 5541/85/8
f 5540/86/8 5542/85/8 5541/85/8
f 5543/86/403 5544/86/337 5545/85/341
f 5544/86/337 5546/85/146 5545/85/341
f 5547/86/311 5548/86/312 5549/85/404
f 5548/86/312 5550/85/151 5549/85/404
f 5540/86/8 5539/86/8 5551/87/8
f 5539/86/8 5552/87/8 5551/87/8
f 5544/86/337 5543/86/403 5553/87/336
f 5543/86/403 5554/87/377 5553/87/336
f 5555/86/315 5547/86/311 5556/87/339
f 5547/86/311 5557/87/316 5556/87/339
f 5542/85/8 5558/88/8 5541/85/8
f 5558/88/8 5559/88/8 5541/85/8
f 5546/85/146 5560/88/294 5545/85/341
f 5560/88/254 5561/88/373 5562/85/373
f 5550/85/151 5563/88/255 5549/85/404
f 5563/88/255 5564/88/318 5565/85/318
f 5566/90/8 5567/90/8 5552/87/8
f 5567/90/8 5551/87/8 5552/87/8
f 5568/90/319 5569/90/319 5570/87/319
f 5569/90/378 5553/87/336 5554/87/377
f 5571/90/374 5572/90/374 5573/87/374
f 5572/90/374 5574/87/374 5557/87/379
f 5575/86/8 5576/86/8 5577/85/8
f 5576/86/8 5578/85/8 5577/85/8
f 5579/86/308 5580/86/405 5581/85/324
f 5580/86/405 5582/85/333 5581/85/324
f 5583/86/311 5584/86/325 5585/85/313
f 5584/86/325 5586/85/382 5585/85/313
f 5576/86/8 5575/86/8 5587/87/8
f 5575/86/8 5588/87/8 5587/87/8
f 5580/86/405 5579/86/308 5589/87/336
f 5579/86/308 5590/87/326 5589/87/336
f 5591/86/327 5583/86/311 5592/87/328
f 5583/86/311 5593/87/316 5592/87/328
f 5578/85/8 5594/88/8 5577/85/8
f 5594/88/8 5595/88/8 5577/85/8
f 5582/85/333 5596/88/253 5581/85/324
f 5596/88/254 5597/88/329 5598/85/329
f 5586/85/382 5599/88/255 5585/85/313
f 5599/88/255 5600/88/330 5601/85/330
f 5602/90/8 5603/90/8 5588/87/8
f 5603/90/8 5587/87/8 5588/87/8
f 5604/90/319 5605/90/319 5606/87/319
f 5605/90/319 5589/87/336 5590/87/326
f 5607/90/406 5608/90/406 5609/87/406
f 5608/90/331 5610/87/331 5593/87/316
f 5611/86/8 5612/86/8 5613/85/8
f 5612/86/8 5614/85/8 5613/85/8
f 5615/86/375 5616/86/337 5617/85/324
f 5616/86/337 5618/85/367 5617/85/324
f 5619/86/311 5620/86/312 5621/85/313
f 5620/86/312 5622/85/407 5621/85/313
f 5612/86/8 5611/86/8 5623/87/8
f 5611/86/8 5624/87/8 5623/87/8
f 5616/86/337 5615/86/375 5625/87/168
f 5615/86/375 5626/87/377 5625/87/168
f 5627/86/315 5619/86/372 5628/87/339
f 5619/86/372 5629/87/316 5628/87/339
f 5614/85/8 5630/88/8 5613/85/8
f 5630/88/8 5631/88/8 5613/85/8
f 5618/85/367 5632/88/253 5617/85/324
f 5632/88/408 5633/88/409 5634/85/409
f 5622/85/407 5635/88/255 5621/85/313
f 5635/88/255 5636/88/318 5637/85/318
f 5638/90/8 5639/90/8 5624/87/8
f 5639/90/8 5623/87/8 5624/87/8
f 5640/90/319 5641/90/319 5642/87/319
f 5641/90/349 5625/87/168 5626/87/377
f 5643/90/374 5644/90/374 5645/87/374
f 5644/90/321 5646/87/321 5629/87/379
f 5647/86/8 5648/86/8 5649/85/8
f 5648/86/8 5650/85/8 5649/85/8
f 5651/86/410 5652/86/381 5653/85/411
f 5652/86/381 5654/85/333 5653/85/411
f 5655/86/311 5656/86/334 5657/85/313
f 5656/86/334 5658/85/335 5657/85/313
f 5648/86/8 5647/86/8 5659/87/8
f 5647/86/8 5660/87/8 5659/87/8
f 5652/86/381 5651/86/410 5661/87/168
f 5651/86/410 5662/87/326 5661/87/168
f 5663/86/339 5655/86/372 5664/87/328
f 5655/86/372 5665/87/316 5664/87/328
f 5650/85/8 5666/88/8 5649/85/8
f 5666/88/8 5667/88/8 5649/85/8
f 5654/85/333 5668/88/253 5653/85/411
f 5668/88/254 5669/88/329 5670/85/329
f 5658/85/335 5671/88/255 5657/85/313
f 5671/88/255 5672/88/330 5673/85/330
f 5674/90/8 5675/90/8 5660/87/8
f 5675/90/8 5659/87/8 5660/87/8
f 5676/90/384 5677/90/384 5678/87/384
f 5677/90/319 5661/87/168 5662/87/326
f 5679/90/374 5680/90/374 5681/87/374
f 5680/90/331 5682/87/331 5665/87/316
f 5683/86/8 5684/86/8 5685/85/8
f 5684/86/8 5686/85/8 5685/85/8
f 5687/86/322 5688/86/337 5689/85/412
f 5688/86/337 5690/85/146 5689/85/412
f 5691/86/311 5692/86/334 5693/85/313
f 5692/86/334 5694/85/151 5693/85/313
f 5684/86/8 5683/86/8 5695/87/8
f 5683/86/8 5696/87/8 5695/87/8
f 5688/86/337 5687/86/322 5697/87/168
f 5687/86/322 5698/87/377 5697/87/168
f 5699/86/339 5691/86/413 5700/87/339
f 5691/86/413 5701/87/316 5700/87/339
f 5686/85/8 5702/88/8 5685/85/8
f 5702/88/8 5703/88/8 5685/85/8
f 5690/85/146 5704/88/253 5689/85/412
f 5704/88/254 5705/88/317 5706/85/317
f 5694/85/151 5707/88/255 5693/85/313
f 5707/88/255 5708/88/318 5709/85/318
f 5710/90/8 5711/90/8 5696/87/8
f 5711/90/8 5695/87/8 5696/87/8
f 5712/90/384 5713/90/384 5714/87/384
f 5713/90/414 5697/87/168 5698/87/377
f 5715/90/374 5716/90/374 5717/87/374
f 5716/90/374 5718/87/374 5701/87/379
f 5719/85/8 5720/86/8 5721/85/8
f 5720/86/8 5722/86/8 5721/85/8
f 5723/85/168 5724/86/147 5725/85/142
f 5724/86/147 5726/86/199 5725/85/142
f 5727/85/171 5728/86/277 5729/85/190
f 5728/86/277 5730/86/210 5729/85/190
f 5731/87/8 5722/86/8 5732/87/8
f 5722/86/8 5720/86/8 5732/87/8
f 5733/87/352 5734/86/201 5735/87/146
f 5734/86/201 5724/86/367 5735/87/146
f 5736/87/353 5737/86/203 5738/87/150
f 5737/86/203 5728/86/277 5738/87/150
f 5523/88/8 5522/88/8 5721/85/8
f 5522/88/8 5719/85/8 5721/85/8
f 5739/88/354 5524/88/253 5740/85/354
f 5524/88/253 5723/85/168 5725/85/142
f 5741/88/365 5527/88/255 5742/85/365
f 5527/88/255 5743/85/152 5729/85/170
f 5732/87/8 5744/90/8 5731/87/8
f 5744/90/8 5745/90/8 5731/87/8
f 5735/87/146 5746/90/185 5733/87/352
f 5746/90/230 5747/90/230 5748/87/230
f 5738/87/150 5749/90/207 5736/87/353
f 5749/90/207 5750/90/207 5751/87/207
f 5752/85/8 5753/86/8 5754/85/8
f 5753/86/8 5755/86/8 5754/85/8
f 5756/85/168 5757/86/189 5758/85/142
f 5757/86/189 5759/86/199 5758/85/142
f 5760/85/169 5761/86/233 5762/85/170
f 5761/86/233 5763/86/210 5762/85/170
f 5764/87/8 5755/86/8 5765/87/8
f 5755/86/8 5753/86/8 5765/87/8
f 5766/87/144 5767/86/201 5768/87/191
f 5767/86/201 5757/86/367 5768/87/191
f 5769/87/364 5770/86/149 5771/87/150
f 5770/86/149 5761/86/151 5771/87/150
f 5559/88/8 5558/88/8 5754/85/8
f 5558/88/8 5752/85/8 5754/85/8
f 5772/88/192 5560/88/253 5773/85/192
f 5560/88/254 5756/85/168 5758/85/142
f 5774/88/193 5563/88/255 5775/85/193
f 5563/88/255 5776/85/174 5762/85/170
f 5765/87/8 5777/90/8 5764/87/8
f 5777/90/8 5778/90/8 5764/87/8
f 5768/87/191 5779/90/163 5766/87/144
f 5779/90/164 5780/90/164 5781/87/164
f 5771/87/150 5782/90/165 5769/87/364
f 5782/90/207 5783/90/207 5784/87/207
f 5785/85/8 5786/86/8 5787/85/8
f 5786/86/8 5788/86/8 5787/85/8
f 5789/85/168 5790/86/415 5791/85/142
f 5790/86/415 5792/86/143 5791/85/142
f 5793/85/171 5794/86/291 5795/85/170
f 5794/86/291 5796/86/169 5795/85/170
f 5797/87/8 5788/86/8 5798/87/8
f 5788/86/8 5786/86/8 5798/87/8
f 5799/87/352 5800/86/391 5801/87/146
f 5800/86/391 5790/86/172 5801/87/146
f 5802/87/353 5803/86/392 5804/87/150
f 5803/86/392 5794/86/151 5804/87/150
f 5595/88/8 5594/88/8 5787/85/8
f 5594/88/8 5785/85/8 5787/85/8
f 5805/88/192 5596/88/254 5806/85/192
f 5596/88/253 5789/85/168 5791/85/142
f 5807/88/152 5599/88/255 5808/85/152
f 5599/88/255 5809/85/396 5795/85/416
f 5798/87/8 5810/90/8 5797/87/8
f 5810/90/8 5811/90/8 5797/87/8
f 5801/87/146 5812/90/185 5799/87/352
f 5812/90/230 5813/90/230 5814/87/230
f 5804/87/150 5815/90/207 5802/87/353
f 5815/90/235 5816/90/235 5817/87/235
f 5818/85/8 5819/86/8 5820/85/8
f 5819/86/8 5821/86/8 5820/85/8
f 5822/85/168 5823/86/147 5824/85/200
f 5823/86/147 5825/86/199 5824/85/200
f 5826/85/171 5827/86/351 5828/85/175
f 5827/86/351 5829/86/171 5828/85/175
f 5830/87/8 5821/86/8 5831/87/8
f 5821/86/8 5819/86/8 5831/87/8
f 5832/87/417 5833/86/145 5834/87/146
f 5833/86/145 5823/86/172 5834/87/146
f 5835/87/418 5836/86/149 5837/87/150
f 5836/86/149 5827/86/151 5837/87/150
f 5631/88/8 5630/88/8 5820/85/8
f 5630/88/8 5818/85/8 5820/85/8
f 5838/88/354 5632/88/294 5839/85/354
f 5632/88/294 5822/85/168 5824/85/200
f 5840/88/365 5635/88/255 5841/85/365
f 5635/88/255 5842/85/174 5828/85/419
f 5831/87/8 5843/90/8 5830/87/8
f 5843/90/8 5844/90/8 5830/87/8
f 5834/87/146 5845/90/197 5832/87/417
f 5845/90/230 5846/90/230 5847/87/230
f 5837/87/150 5848/90/198 5835/87/418
f 5848/90/235 5849/90/235 5850/87/235
f 5851/85/8 5852/86/8 5853/85/8
f 5852/86/8 5854/86/8 5853/85/8
f 5855/85/168 5856/86/141 5857/85/395
f 5856/86/141 5858/86/199 5857/85/395
f 5859/85/171 5860/86/151 5861/85/190
f 5860/86/151 5862/86/210 5861/85/190
f 5863/87/8 5854/86/8 5864/87/8
f 5854/86/8 5852/86/8 5864/87/8
f 5865/87/352 5866/86/201 5867/87/191
f 5866/86/201 5856/86/141 5867/87/191
f 5868/87/353 5869/86/203 5870/87/150
f 5869/86/203 5860/86/151 5870/87/150
f 5667/88/8 5666/88/8 5853/85/8
f 5666/88/8 5851/85/8 5853/85/8
f 5871/88/192 5668/88/294 5872/85/192
f 5668/88/294 5855/85/168 5857/85/395
f 5873/88/152 5671/88/255 5874/85/152
f 5671/88/255 5875/85/396 5861/85/190
f 5864/87/8 5876/90/8 5863/87/8
f 5876/90/8 5877/90/8 5863/87/8
f 5867/87/191 5878/90/234 5865/87/352
f 5878/90/164 5879/90/164 5880/87/164
f 5870/87/150 5881/90/207 5868/87/353
f 5881/90/207 5882/90/207 5883/87/207
f 5884/85/8 5885/86/8 5886/85/8
f 5885/86/8 5887/86/8 5886/85/8
f 5888/85/188 5889/86/141 5890/85/395
f 5889/86/141 5891/86/390 5890/85/395
f 5892/85/169 5893/86/291 5894/85/153
f 5893/86/291 5895/86/397 5894/85/153
f 5896/87/8 5887/86/8 5897/87/8
f 5887/86/8 5885/86/8 5897/87/8
f 5898/87/144 5899/86/398 5900/87/146
f 5899/86/398 5889/86/146 5900/87/146
f 5901/87/148 5902/86/399 5903/87/150
f 5902/86/399 5893/86/151 5903/87/150
f 5703/88/8 5702/88/8 5886/85/8
f 5702/88/8 5884/85/8 5886/85/8
f 5904/88/354 5704/88/253 5905/85/354
f 5704/88/254 5888/85/188 5890/85/395
f 5906/88/365 5707/88/255 5907/85/365
f 5707/88/255 5908/85/174 5894/85/175
f 5897/87/8 5909/90/8 5896/87/8
f 5909/90/8 5910/90/8 5896/87/8
f 5900/87/146 5911/90/230 5898/87/144
f 5911/90/230 5912/90/230 5913/87/230
f 5903/87/150 5914/90/165 5901/87/148
f 5914/90/207 5915/90/207 5916/87/207
f 5917/85/7 5918/86/7 5919/85/7
f 5918/86/7 5920/86/7 5919/85/7
f 5921/85/420 5922/86/421 5923/85/422
f 5922/86/421 5924/86/423 5923/85/422
f 5925/85/424 5926/86/425 5927/85/426
f 5926/86/425 5928/86/427 5927/85/426
f 5929/87/7 5920/86/7 5930/87/7
f 5920/86/7 5918/86/7 5930/87/7
f 5931/87/428 5932/86/429 5933/87/421
f 5932/86/429 5922/86/430 5933/87/421
f 5934/87/431 5935/86/432 5936/87/433
f 5935/86/432 5926/86/434 5936/87/433
f 5937/88/7 5938/88/7 5919/85/7
f 5938/88/7 5917/85/7 5919/85/7
f 5939/88/435 5940/88/436 5941/85/437
f 5940/88/436 5921/85/420 5923/85/422
f 5942/88/438 5943/88/439 5944/85/439
f 5943/88/440 5945/85/440 5927/85/441
f 5946/89/7 5947/90/7 5948/89/7
f 5947/90/7 5949/90/7 5948/89/7
f 5950/89/442 5951/90/442 5952/89/443
f 5951/90/442 5953/90/442 5952/89/443
f 5954/89/444 5955/90/445 5956/89/446
f 5955/90/445 5957/90/445 5956/89/446
f 5938/88/7 5937/88/7 5948/89/7
f 5937/88/7 5946/89/7 5948/89/7
f 5940/88/436 5939/88/435 5952/89/447
f 5939/88/435 5958/89/448 5952/89/447
f 5959/88/449 5942/88/450 5960/89/449
f 5942/88/438 5961/89/451 5956/89/452
f 5930/87/7 5962/90/7 5929/87/7
f 5962/90/7 5963/90/7 5929/87/7
f 5933/87/421 5964/90/453 5931/87/428
f 5964/90/454 5965/90/454 5966/87/454
f 5936/87/433 5967/90/455 5934/87/431
f 5967/90/456 5968/90/456 5969/87/456
f 5970/85/7 5971/86/7 5972/85/7
f 5971/86/7 5973/86/7 5972/85/7
f 5974/85/457 5975/86/421 5976/85/458
f 5975/86/421 5977/86/423 5976/85/458
f 5978/85/459 5979/86/425 5980/85/441
f 5979/86/425 5981/86/427 5980/85/441
f 5982/87/7 5973/86/7 5983/87/7
f 5973/86/7 5971/86/7 5983/87/7
f 5984/87/460 5985/86/429 5986/87/461
f 5985/86/429 5975/86/430 5986/87/461
f 5987/87/462 5988/86/432 5989/87/425
f 5988/86/432 5979/86/434 5989/87/425
f 5990/88/7 5991/88/7 5972/85/7
f 5991/88/7 5970/85/7 5972/85/7
f 5992/88/463 5993/88/436 5994/85/464
f 5993/88/465 5974/85/457 5976/85/458
f 5995/88/438 5996/88/440 5997/85/440
f 5996/88/466 5998/85/466 5980/85/441
f 5999/89/7 6000/90/7 6001/89/7
f 6000/90/7 6002/90/7 6001/89/7
f 6003/89/442 6004/90/442 6005/89/467
f 6004/90/442 6006/90/442 6005/89/467
f 6007/89/468 6008/90/445 6009/89/469
f 6008/90/445 6010/90/445 6009/89/469
f 5991/88/7 5990/88/7 6001/89/7
f 5990/88/7 5999/89/7 6001/89/7
f 5993/88/436 5992/88/463 6005/89/470
f 5992/88/463 6011/89/471 6005/89/470
f 6012/88/472 5995/88/450 6013/89/472
f 5995/88/450 6014/89/473 6009/89/469
f 5983/87/7 6015/90/7 5982/87/7
f 6015/90/7 6016/90/7 5982/87/7
f 5986/87/461 6017/90/474 5984/87/460
f 6017/90/453 6018/90/453 6019/87/453
f 5989/87/425 6020/90/475 5987/87/462
f 6020/90/475 6021/90/475 6022/87/475
f 6023/85/7 6024/86/7 6025/85/7
f 6024/86/7 6026/86/7 6025/85/7
f 6027/85/457 6028/86/421 6029/85/422
f 6028/86/421 6030/86/476 6029/85/422
f 6031/85/477 6032/86/425 6033/85/426
f 6032/86/425 6034/86/478 6033/85/426
f 6035/87/7 6026/86/7 6036/87/7
f 6026/86/7 6024/86/7 6036/87/7
f 6037/87/479 6038/86/480 6039/87/421
f 6038/86/480 6028/86/430 6039/87/421
f 6040/87/481 6041/86/482 6042/87/483
f 6041/86/482 6032/86/425 6042/87/483
f 6043/88/7 6044/88/7 6025/85/7
f 6044/88/7 6023/85/7 6025/85/7
f 6045/88/484 6046/88/436 6047/85/464
f 6046/88/465 6027/85/457 6029/85/422
f 6048/88/438 6049/88/440 6050/85/440
f 6049/88/485 6051/85/485 6033/85/441
f 6052/89/7 6053/90/7 6054/89/7
f 6053/90/7 6055/90/7 6054/89/7
f 6056/89/486 6057/90/442 6058/89/487
f 6057/90/442 6059/90/442 6058/89/487
f 6060/89/488 6061/90/445 6062/89/469
f 6061/90/445 6063/90/445 6062/89/469
f 6044/88/7 6043/88/7 6054/89/7
f 6043/88/7 6052/89/7 6054/89/7
f 6046/88/436 6045/88/484 6058/89/443
f 6045/88/484 6064/89/489 6058/89/443
f 6065/88/472 6048/88/450 6066/89/472
f 6048/88/438 6067/89/490 6062/89/491
f 6036/87/7 6068/90/7 6035/87/7
f 6068/90/7 6069/90/7 6035/87/7
f 6039/87/421 6070/90/453 6037/87/479
f 6070/90/454 6071/90/454 6072/87/454
f 6042/87/483 6073/90/492 6040/87/481
f 6073/90/455 6074/90/493 6075/87/493
f 6076/85/7 6077/86/7 6078/85/7
f 6077/86/7 6079/86/7 6078/85/7
f 6080/85/494 6081/86/421 6082/85/495
f 6081/86/421 6083/86/423 6082/85/495
f 6084/85/459 6085/86/425 6086/85/441
f 6085/86/425 6087/86/459 6086/85/441
f 6088/87/7 6079/86/7 6089/87/7
f 6079/86/7 6077/86/7 6089/87/7
f 6090/87/460 6091/86/429 6092/87/461
f 6091/86/429 6081/86/430 6092/87/461
f 6093/87/462 6094/86/432 6095/87/434
f 6094/86/432 6085/86/434 6095/87/434
f 6096/88/7 6097/88/7 6078/85/7
f 6097/88/7 6076/85/7 6078/85/7
f 6098/88/435 6099/88/436 6100/85/496
f 6099/88/497 6080/85/494 6082/85/495
f 6101/88/498 6102/88/466 6103/85/466
f 6102/88/466 6104/85/466 6086/85/499
f 6105/89/7 6106/90/7 6107/89/7
f 6106/90/7 6108/90/7 6107/89/7
f 6109/89/442 6110/90/500 6111/89/467
f 6110/90/500 6112/90/501 6111/89/467
f 6113/89/502 6114/90/444 6115/89/446
f 6114/90/444 6116/90/444 6115/89/446
f 6097/88/7 6096/88/7 6107/89/7
f 6096/88/7 6105/89/7 6107/89/7
f 6099/88/436 6098/88/435 6111/89/470
f 6098/88/435 6117/89/471 6111/89/470
f 6118/88/503 6101/88/450 6119/89/503
f 6101/88/504 6120/89/473 6115/89/452
f 6089/87/7 6121/90/7 6088/87/7
f 6121/90/7 6122/90/7 6088/87/7
f 6092/87/461 6123/90/454 6090/87/460
f 6123/90/453 6124/90/453 6125/87/453
f 6095/87/434 6126/90/505 6093/87/462
f 6126/90/505 6127/90/505 6128/87/505
f 6129/85/7 6130/86/7 6131/85/7
f 6130/86/7 6132/86/7 6131/85/7
f 6133/85/506 6134/86/507 6135/85/422
f 6134/86/507 6136/86/423 6135/85/422
f 6137/85/427 6138/86/425 6139/85/441
f 6138/86/425 6140/86/459 6139/85/441
f 6141/87/7 6132/86/7 6142/87/7
f 6132/86/7 6130/86/7 6142/87/7
f 6143/87/460 6144/86/508 6145/87/461
f 6144/86/508 6134/86/509 6145/87/461
f 6146/87/462 6147/86/510 6148/87/434
f 6147/86/510 6138/86/434 6148/87/434
f 6149/88/7 6150/88/7 6131/85/7
f 6150/88/7 6129/85/7 6131/85/7
f 6151/88/463 6152/88/436 6153/85/464
f 6152/88/497 6133/85/506 6135/85/422
f 6154/88/498 6155/88/439 6156/85/439
f 6155/88/440 6157/85/440 6139/85/441
f 6158/89/7 6159/90/7 6160/89/7
f 6159/90/7 6161/90/7 6160/89/7
f 6162/89/486 6163/90/511 6164/89/467
f 6163/90/511 6165/90/500 6164/89/467
f 6166/89/445 6167/90/445 6168/89/469
f 6167/90/445 6169/90/512 6168/89/469
f 6150/88/7 6149/88/7 6160/89/7
f 6149/88/7 6158/89/7 6160/89/7
f 6152/88/436 6151/88/463 6164/89/470
f 6151/88/463 6170/89/513 6164/89/470
f 6171/88/473 6154/88/498 6172/89/473
f 6154/88/450 6173/89/503 6168/89/446
f 6142/87/7 6174/90/7 6141/87/7
f 6174/90/7 6175/90/7 6141/87/7
f 6145/87/461 6176/90/514 6143/87/460
f 6176/90/453 6177/90/453 6178/87/453
f 6148/87/434 6179/90/515 6146/87/462
f 6179/90/505 6180/90/505 6181/87/505
f 6182/85/7 6183/86/7 6184/85/7
f 6183/86/7 6185/86/7 6184/85/7
f 6186/85/457 6187/86/430 6188/85/458
f 6187/86/430 6189/86/516 6188/85/458
f 6190/85/459 6191/86/434 6192/85/517
f 6191/86/434 6193/86/478 6192/85/517
f 6194/87/7 6185/86/7 6195/87/7
f 6185/86/7 6183/86/7 6195/87/7
f 6196/87/460 6197/86/480 6198/87/518
f 6197/86/480 6187/86/430 6198/87/518
f 6199/87/462 6200/86/482 6201/87/434
f 6200/86/482 6191/86/425 6201/87/434
f 6202/88/7 6203/88/7 6184/85/7
f 6203/88/7 6182/85/7 6184/85/7
f 6204/88/463 6205/88/436 6206/85/464
f 6205/88/519 6186/85/457 6188/85/458
f 6207/88/520 6208/88/440 6209/85/440
f 6208/88/466 6210/85/466 6192/85/441
f 6211/89/7 6212/90/7 6213/89/7
f 6212/90/7 6214/90/7 6213/89/7
f 6215/89/511 6216/90/521 6217/89/467
f 6216/90/521 6218/90/521 6217/89/467
f 6219/89/512 6220/90/512 6221/89/469
f 6220/90/512 6222/90/512 6221/89/469
f 6203/88/7 6202/88/7 6213/89/7
f 6202/88/7 6211/89/7 6213/89/7
f 6205/88/436 6204/88/463 6217/89/447
f 6204/88/463 6223/89/522 6217/89/447
f 6224/88/473 6207/88/504 6225/89/473
f 6207/88/504 6226/89/523 6221/89/452
f 6195/87/7 6227/90/7 6194/87/7
f 6227/90/7 6228/90/7 6194/87/7
f 6198/87/518 6229/90/454 6196/87/460
f 6229/90/524 6230/90/524 6231/87/524
f 6201/87/434 6232/90/515 6199/87/462
f 6232/90/475 6233/90/475 6234/87/475
f 6235/96/525 6236/97/525 6237/98/10
f 6236/97/525 6238/99/10 6237/98/10
f 6239/100/1 6240/101/1 6241/102/1
f 6240/101/1 6242/103/1 6241/102/1
f 6243/96/526 6244/97/526 6245/98/527
f 6244/97/526 6246/99/527 6245/98/527
f 6247/96/528 6248/97/528 6249/98/529
f 6248/97/528 6250/99/530 6249/98/529
f 6251/96/531 6252/97/531 6253/98/532
f 6252/97/531 6254/99/533 6253/98/532
f 6255/102/1 6256/103/1 6257/100/1
f 6256/103/1 6258/104/1 6257/100/1
f 6259/96/534 6260/97/534 6261/98/534
f 6260/97/534 6262/99/534 6261/98/534
f 6263/96/530 6264/97/530 6265/98/530
f 6264/97/530 6266/99/530 6265/98/530
f 6267/105/8 6268/106/8 6269/107/8
f 6268/106/8 6270/108/8 6269/107/8
f 6271/109/535 6272/110/1 6273/111/536
f 6272/110/1 6274/112/537 6273/111/536
f 6275/113/8 6276/114/8 6277/111/8
f 6276/114/8 6278/112/8 6277/111/8
f 6279/109/535 6280/110/1 6281/107/536
f 6280/110/1 6282/108/536 6281/107/536
f 6283/111/7 6284/112/7 6285/113/7
f 6284/112/7 6286/114/7 6285/113/7
f 6287/107/538 6288/108/538 6271/109/535
f 6288/108/538 6272/110/1 6271/109/535
f 6289/107/7 6290/108/7 6291/105/7
f 6290/108/7 6292/106/7 6291/105/7
f 6293/111/538 6294/112/538 6279/109/535
f 6294/112/538 6280/110/1 6279/109/535
f 6295/96/531 6296/97/531 6297/98/15
f 6296/97/531 6298/99/539 6297/98/15
f 6299/100/1 6300/101/1 6301/102/1
f 6300/101/1 6302/103/1 6301/102/1
f 6303/96/540 6304/97/541 6305/98/542
f 6304/97/541 6306/99/543 6305/98/542
f 6307/96/528 6308/97/544 6309/98/529
f 6308/97/544 6310/99/545 6309/98/529
f 6311/96/546 6312/97/547 6313/98/525
f 6312/97/547 6314/99/525 6313/98/525
f 6315/102/1 6316/103/1 6317/100/1
f 6316/103/1 6318/104/1 6317/100/1
f 6319/96/534 6320/97/534 6321/98/526
f 6320/97/534 6322/99/526 6321/98/526
f 6323/96/548 6324/97/548 6325/98/549
f 6324/97/548 6326/99/550 6325/98/549
f 6268/106/8 6327/106/8 6270/108/8
f 6327/106/8 6328/108/8 6270/108/8
f 6272/110/1 6329/110/1 6274/112/537
f 6329/110/1 6330/112/536 6274/112/537
f 6276/114/8 6331/114/8 6278/112/8
f 6331/114/8 6332/112/8 6278/112/8
f 6280/110/1 6333/110/1 6282/108/536
f 6333/110/1 6334/108/536 6282/108/536
f 6284/112/7 6335/112/7 6286/114/7
f 6335/112/7 6336/114/7 6286/114/7
f 6288/108/538 6337/108/538 6272/110/1
f 6337/108/538 6329/110/1 6272/110/1
f 6290/108/7 6338/108/7 6292/106/7
f 6338/108/7 6339/106/7 6292/106/7
f 6294/112/538 6340/112/538 6280/110/1
f 6340/112/538 6333/110/1 6280/110/1
f 6341/96/525 6342/97/525 6343/98/139
f 6342/97/525 6344/99/551 6343/98/139
f 6345/100/1 6346/101/1 6347/102/1
f 6346/101/1 6348/103/1 6347/102/1
f 6349/96/552 6350/97/552 6351/98/553
f 6350/97/552 6352/99/553 6351/98/553
f 6353/96/554 6354/97/528 6355/98/529
f 6354/97/528 6356/99/530 6355/98/529
f 6357/96/10 6358/97/555 6359/98/556
f 6358/97/555 6360/99/556 6359/98/556
f 6361/102/1 6362/103/1 6363/100/1
f 6362/103/1 6364/104/1 6363/100/1
f 6365/96/543 6366/97/543 6367/98/540
f 6366/97/543 6368/99/540 6367/98/540
f 6369/96/557 6370/97/557 6371/98/558
f 6370/97/557 6372/99/559 6371/98/558
f 6327/106/8 6373/106/8 6328/108/8
f 6373/106/8 6374/108/8 6328/108/8
f 6329/110/1 6375/110/1 6330/112/536
f 6375/110/1 6376/112/536 6330/112/536
f 6331/114/8 6377/114/8 6332/112/8
f 6377/114/8 6378/112/8 6332/112/8
f 6333/110/1 6379/110/1 6334/108/536
f 6379/110/1 6380/108/536 6334/108/536
f 6335/112/7 6381/112/7 6336/114/7
f 6381/112/7 6382/114/7 6336/114/7
f 6337/108/538 6383/108/538 6329/110/1
f 6383/108/538 6375/110/1 6329/110/1
f 6338/108/7 6384/108/7 6339/106/7
f 6384/108/7 6385/106/7 6339/106/7
f 6340/112/538 6386/112/560 6333/110/1
f 6386/112/560 6379/110/1 6333/110/1
f 6387/96/10 6388/97/547 6389/98/10
f 6388/97/547 6390/99/139 6389/98/10
f 6391/100/1 6392/101/1 6393/102/1
f 6392/101/1 6394/103/1 6393/102/1
f 6395/96/561 6396/97/561 6397/98/541
f 6396/97/561 6398/99/541 6397/98/541
f 6399/96/562 6400/97/562 6401/98/545
f 6400/97/562 6402/99/545 6401/98/545
f 6403/96/563 6404/97/10 6405/98/551
f 6404/97/10 6406/99/555 6405/98/551
f 6407/102/1 6408/103/1 6409/100/1
f 6408/103/1 6410/104/1 6409/100/1
f 6411/96/543 6412/97/527 6413/98/564
f 6412/97/527 6414/99/564 6413/98/564
f 6415/96/562 6416/97/545 6417/98/529
f 6416/97/545 6418/99/529 6417/98/529
f 6373/106/8 6419/106/8 6374/108/8
f 6419/106/8 6420/108/8 6374/108/8
f 6375/110/1 6421/110/1 6376/112/536
f 6421/110/1 6422/112/536 6376/112/536
f 6377/114/8 6423/114/8 6378/112/8
f 6423/114/8 6424/112/8 6378/112/8
f 6379/110/1 6425/110/1 6380/108/536
f 6425/110/1 6426/108/536 6380/108/536
f 6381/112/7 6427/112/7 6382/114/7
f 6427/112/7 6428/114/7 6382/114/7
f 6383/108/538 6429/108/560 6375/110/1
f 6429/108/560 6421/110/1 6375/110/1
f 6384/108/7 6430/108/7 6385/106/7
f 6430/108/7 6431/106/7 6385/106/7
f 6386/112/560 6432/112/538 6379/110/1
f 6432/112/538 6425/110/1 6379/110/1
f 6433/96/547 6434/97/547 6435/98/565
f 6434/97/547 6436/99/565 6435/98/565
f 6437/100/1 6438/101/1 6439/102/1
f 6438/101/1 6440/103/1 6439/102/1
f 6441/96/526 6442/97/526 6443/98/534
f 6442/97/526 6444/99/534 6443/98/534
f 6445/96/528 6446/97/528 6447/98/566
f 6446/97/528 6448/99/530 6447/98/566
f 6449/96/96 6450/97/96 6451/98/567
f 6450/97/96 6452/99/15 6451/98/567
f 6453/102/1 6454/103/1 6455/100/1
f 6454/103/1 6456/104/1 6455/100/1
f 6457/96/526 6458/97/526 6459/98/568
f 6458/97/526 6460/99/568 6459/98/568
f 6461/96/557 6462/97/557 6463/98/549
f 6462/97/557 6464/99/549 6463/98/549
f 6419/106/8 6465/106/8 6420/108/8
f 6465/106/8 6466/108/8 6420/108/8
f 6421/110/1 6467/110/1 6422/112/536
f 6467/110/1 6468/112/537 6422/112/536
f 6423/114/8 6469/114/8 6424/112/8
f 6469/114/8 6470/112/8 6424/112/8
f 6425/110/1 6471/110/1 6426/108/536
f 6471/110/1 6472/108/536 6426/108/536
f 6427/112/7 6473/112/7 6428/114/7
f 6473/112/7 6474/114/7 6428/114/7
f 6429/108/560 6475/108/538 6421/110/1
f 6475/108/538 6467/110/1 6421/110/1
f 6430/108/7 6476/108/7 6431/106/7
f 6476/108/7 6477/106/7 6431/106/7
f 6432/112/538 6478/112/538 6425/110/1
f 6478/112/538 6471/110/1 6425/110/1
f 6479/96/10 6480/97/15 6481/98/569
f 6480/97/15 6482/99/10 6481/98/569
f 6483/100/1 6484/101/1 6485/102/1
f 6484/101/1 6486/103/1 6485/102/1
f 6487/96/568 6488/97/553 6489/98/534
f 6488/97/553 6490/99/534 6489/98/534
f 6491/96/562 6492/97/562 6493/98/562
f 6492/97/562 6494/99/562 6493/98/562
f 6495/96/10 6496/97/551 6497/98/10
f 6496/97/551 6498/99/570 6497/98/10
f 6499/102/1 6500/103/1 6501/100/1
f 6500/103/1 6502/104/1 6501/100/1
f 6503/96/568 6504/97/568 6505/98/553
f 6504/97/568 6506/99/553 6505/98/553
f 6507/96/571 6508/97/571 6509/98/529
f 6508/97/571 6510/99/545 6509/98/529
f 6465/106/8 6511/106/8 6466/108/8
f 6511/106/8 6512/108/8 6466/108/8
f 6467/110/1 6513/110/1 6468/112/537
f 6513/110/1 6514/112/536 6468/112/537
f 6469/114/8 6515/114/8 6470/112/8
f 6515/114/8 6516/112/8 6470/112/8
f 6471/110/1 6517/110/572 6472/108/536
f 6517/110/572 6518/108/536 6472/108/536
f 6473/112/7 6519/112/7 6474/114/7
f 6519/112/7 6520/114/7 6474/114/7
f 6475/108/538 6521/108/538 6467/110/1
f 6521/108/538 6513/110/1 6467/110/1
f 6476/108/7 6522/108/7 6477/106/7
f 6522/108/7 6523/106/7 6477/106/7
f 6478/112/538 6524/112/573 6471/110/1
f 6524/112/573 6517/110/572 6471/110/1
f 6525/96/10 6526/97/139 6527/98/574
f 6526/97/139 6528/99/574 6527/98/574
f 6529/100/1 6530/101/1 6531/102/1
f 6530/101/1 6532/103/1 6531/102/1
f 6533/96/527 6534/97/543 6535/98/540
f 6534/97/543 6536/99/540 6535/98/540
f 6537/96/549 6538/97/549 6539/98/548
f 6538/97/549 6540/99/528 6539/98/548
f 6541/96/96 6542/97/96 6543/98/525
f 6542/97/96 6544/99/567 6543/98/525
f 6545/102/1 6546/103/1 6547/100/1
f 6546/103/1 6548/104/1 6547/100/1
f 6549/96/534 6550/97/534 6551/98/553
f 6550/97/534 6552/99/553 6551/98/553
f 6553/96/557 6554/97/557 6555/98/530
f 6554/97/557 6556/99/548 6555/98/530
f 6557/105/8 6558/106/8 6559/107/8
f 6558/106/8 6560/108/8 6559/107/8
f 6561/109/535 6562/110/1 6563/111/536
f 6562/110/1 6564/112/536 6563/111/536
f 6565/113/8 6566/114/8 6567/111/8
f 6566/114/8 6568/112/8 6567/111/8
f 6569/109/575 6570/110/1 6571/107/537
f 6570/110/1 6572/108/536 6571/107/537
f 6573/111/7 6574/112/7 6575/113/7
f 6574/112/7 6576/114/7 6575/113/7
f 6577/107/538 6578/108/560 6561/109/535
f 6578/108/560 6562/110/1 6561/109/535
f 6579/107/7 6580/108/7 6581/105/7
f 6580/108/7 6582/106/7 6581/105/7
f 6583/111/538 6584/112/538 6569/109/575
f 6584/112/538 6570/110/1 6569/109/575
f 6585/96/574 6586/97/531 6587/98/531
f 6586/97/531 6588/99/555 6587/98/531
f 6589/100/1 6590/101/1 6591/102/1
f 6590/101/1 6592/103/1 6591/102/1
f 6593/96/561 6594/97/561 6595/98/561
f 6594/97/561 6596/99/561 6595/98/561
f 6597/96/562 6598/97/562 6599/98/562
f 6598/97/562 6600/99/562 6599/98/562
f 6601/96/531 6602/97/531 6603/98/539
f 6602/97/531 6604/99/565 6603/98/539
f 6605/102/1 6606/103/1 6607/100/1
f 6606/103/1 6608/104/1 6607/100/1
f 6609/96/534 6610/97/542 6611/98/561
f 6610/97/542 6612/99/561 6611/98/561
f 6613/96/528 6614/97/557 6615/98/566
f 6614/97/557 6616/99/530 6615/98/566
f 6558/106/8 6617/106/8 6560/108/8
f 6617/106/8 6618/108/8 6560/108/8
f 6562/110/1 6619/110/1 6564/112/536
f 6619/110/1 6620/112/536 6564/112/536
f 6566/114/8 6621/114/8 6568/112/8
f 6621/114/8 6622/112/8 6568/112/8
f 6570/110/1 6623/110/1 6572/108/536
f 6623/110/1 6624/108/536 6572/108/536
f 6574/112/7 6625/112/7 6576/114/7
f 6625/112/7 6626/114/7 6576/114/7
f 6578/108/560 6627/108/560 6562/110/1
f 6627/108/560 6619/110/1 6562/110/1
f 6580/108/7 6628/108/7 6582/106/7
f 6628/108/7 6629/106/7 6582/106/7
f 6584/112/538 6630/112/538 6570/110/1
f 6630/112/538 6623/110/1 6570/110/1
f 6631/96/567 6632/97/139 6633/98/139
f 6632/97/139 6634/99/576 6633/98/139
f 6635/100/1 6636/101/1 6637/102/1
f 6636/101/1 6638/103/1 6637/102/1
f 6639/96/552 6640/97/553 6641/98/541
f 6640/97/553 6642/99/541 6641/98/541
f 6643/96/545 6644/97/562 6645/98/562
f 6644/97/562 6646/99/562 6645/98/562
f 6647/96/577 6648/97/578 6649/98/525
f 6648/97/578 6650/99/525 6649/98/525
f 6651/102/1 6652/103/1 6653/100/1
f 6652/103/1 6654/104/1 6653/100/1
f 6655/96/526 6656/97/526 6657/98/527
f 6656/97/526 6658/99/543 6657/98/527
f 6659/96/529 6660/97/529 6661/98/529
f 6660/97/529 6662/99/529 6661/98/529
f 6617/106/8 6663/106/8 6618/108/8
f 6663/106/8 6664/108/8 6618/108/8
f 6619/110/1 6665/110/1 6620/112/536
f 6665/110/1 6666/112/537 6620/112/536
f 6621/114/8 6667/114/8 6622/112/8
f 6667/114/8 6668/112/8 6622/112/8
f 6623/110/1 6669/110/1 6624/108/536
f 6669/110/1 6670/108/536 6624/108/536
f 6625/112/7 6671/112/7 6626/114/7
f 6671/112/7 6672/114/7 6626/114/7
f 6627/108/560 6673/108/538 6619/110/1
f 6673/108/538 6665/110/1 6619/110/1
f 6628/108/7 6674/108/7 6629/106/7
f 6674/108/7 6675/106/7 6629/106/7
f 6630/112/538 6676/112/538 6623/110/1
f 6676/112/538 6669/110/1 6623/110/1
f 6677/96/565 6678/97/565 6679/98/567
f 6678/97/565 6680/99/551 6679/98/567
f 6681/100/1 6682/101/1 6683/102/1
f 6682/101/1 6684/103/1 6683/102/1
f 6685/96/561 6686/97/534 6687/98/527
f 6686/97/534 6688/99/543 6687/98/527
f 6689/96/530 6690/97/530 6691/98/548
f 6690/97/530 6692/99/548 6691/98/548
f 6693/96/551 6694/97/15 6695/98/555
f 6694/97/15 6696/99/555 6695/98/555
f 6697/102/1 6698/103/1 6699/100/1
f 6698/103/1 6700/104/1 6699/100/1
f 6701/96/568 6702/97/553 6703/98/534
f 6702/97/553 6704/99/534 6703/98/534
f 6705/96/530 6706/97/566 6707/98/528
f 6706/97/566 6708/99/528 6707/98/528
f 6663/106/8 6709/106/8 6664/108/8
f 6709/106/8 6710/108/8 6664/108/8
f 6665/110/1 6711/110/1 6666/112/537
f 6711/110/1 6712/112/537 6666/112/537
f 6667/114/8 6713/114/8 6668/112/8
f 6713/114/8 6714/112/8 6668/112/8
f 6669/110/1 6715/110/1 6670/108/536
f 6715/110/1 6716/108/536 6670/108/536
f 6671/112/7 6717/112/7 6672/114/7
f 6717/112/7 6718/114/7 6672/114/7
f 6673/108/538 6719/108/538 6665/110/1
f 6719/108/538 6711/110/1 6665/110/1
f 6674/108/7 6720/108/7 6675/106/7
f 6720/108/7 6721/106/7 6675/106/7
f 6676/112/538 6722/112/538 6669/110/1
f 6722/112/538 6715/110/1 6669/110/1
f 6723/96/579 6724/97/579 6725/98/525
f 6724/97/579 6726/99/525 6725/98/525
f 6727/100/1 6728/101/1 6729/102/1
f 6728/101/1 6730/103/1 6729/102/1
f 6731/96/541 6732/97/541 6733/98/534
f 6732/97/541 6734/99/542 6733/98/534
f 6735/96/566 6736/97/566 6737/98/557
f 6736/97/566 6738/99/557 6737/98/557
f 6739/96/10 6740/97/139 6741/98/574
f 6740/97/139 6742/99/531 6741/98/574
f 6743/102/1 6744/103/1 6745/100/1
f 6744/103/1 6746/104/1 6745/100/1
f 6747/96/553 6748/97/553 6749/98/568
f 6748/97/553 6750/99/541 6749/98/568
f 6751/96/528 6752/97/554 6753/98/562
f 6752/97/554 6754/99/562 6753/98/562
f 6709/106/8 6755/106/8 6710/108/8
f 6755/106/8 6756/108/8 6710/108/8
f 6711/110/1 6757/110/1 6712/112/537
f 6757/110/1 6758/112/536 6712/112/537
f 6713/114/8 6759/114/8 6714/112/8
f 6759/114/8 6760/112/8 6714/112/8
f 6715/110/1 6761/110/1 6716/108/536
f 6761/110/1 6762/108/536 6716/108/536
f 6717/112/7 6763/112/7 6718/114/7
f 6763/112/7 6764/114/7 6718/114/7
f 6719/108/538 6765/108/560 6711/110/1
f 6765/108/560 6757/110/1 6711/110/1
f 6720/108/7 6766/108/7 6721/106/7
f 6766/108/7 6767/106/7 6721/106/7
f 6722/112/538 6768/112/538 6715/110/1
f 6768/112/538 6761/110/1 6715/110/1
f 6769/96/531 6770/97/555 6771/98/580
f 6770/97/555 6772/99/580 6771/98/580
f 6773/100/1 6774/101/1 6775/102/1
f 6774/101/1 6776/103/1 6775/102/1
f 6777/96/527 6778/97/527 6779/98/543
f 6778/97/527 6780/99/543 6779/98/543
f 6781/96/554 6782/97/559 6783/98/529
f 6782/97/559 6784/99/529 6783/98/529
f 6785/96/10 6786/97/10 6787/98/10
f 6786/97/10 6788/99/10 6787/98/10
f 6789/102/1 6790/103/1 6791/100/1
f 6790/103/1 6792/104/1 6791/100/1
f 6793/96/526 6794/97/527 6795/98/543
f 6794/97/527 6796/99/543 6795/98/543
f 6797/96/549 6798/97/549 6799/98/557
f 6798/97/549 6800/99/557 6799/98/557
f 6755/106/8 6801/106/8 6756/108/8
f 6801/106/8 6802/108/8 6756/108/8
f 6757/110/1 6803/110/1 6758/112/536
f 6803/110/1 6804/112/536 6758/112/536
f 6759/114/8 6805/114/8 6760/112/8
f 6805/114/8 6806/112/8 6760/112/8
f 6761/110/1 6807/110/572 6762/108/536
f 6807/110/572 6808/108/536 6762/108/536
f 6763/112/7 6809/112/7 6764/114/7
f 6809/112/7 6810/114/7 6764/114/7
f 6765/108/560 6811/108/538 6757/110/1
f 6811/108/538 6803/110/1 6757/110/1
f 6766/108/7 6812/108/7 6767/106/7
f 6812/108/7 6813/106/7 6767/106/7
f 6768/112/538 6814/112/573 6761/110/1
f 6814/112/573 6807/110/572 6761/110/1
f 6815/96/574 6816/97/578 6817/98/531
f 6816/97/578 6818/99/531 6817/98/531
f 6819/100/1 6820/101/1 6821/102/1
f 6820/101/1 6822/103/1 6821/102/1
f 6823/96/568 6824/97/568 6825/98/541
f 6824/97/568 6826/99/541 6825/98/541
f 6827/96/566 6828/97/566 6829/98/530
f 6828/97/566 6830/99/530 6829/98/530
f 6831/96/139 6832/97/578 6833/98/531
f 6832/97/578 6834/99/555 6833/98/531
f 6835/102/1 6836/103/1 6837/100/1
f 6836/103/1 6838/104/1 6837/100/1
f 6839/96/540 6840/97/581 6841/98/534
f 6840/97/581 6842/99/542 6841/98/534
f 6843/96/530 6844/97/530 6845/98/529
f 6844/97/530 6846/99/529 6845/98/529
f 6847/105/8 6848/106/8 6849/107/8
f 6848/106/8 6850/108/8 6849/107/8
f 6851/109/535 6852/110/1 6853/111/536
f 6852/110/1 6854/112/536 6853/111/536
f 6855/113/8 6856/114/8 6857/111/8
f 6856/114/8 6858/112/8 6857/111/8
f 6859/109/535 6860/110/1 6861/107/536
f 6860/110/1 6862/108/536 6861/107/536
f 6863/111/7 6864/112/7 6865/113/7
f 6864/112/7 6866/114/7 6865/113/7
f 6867/107/538 6868/108/538 6851/109/535
f 6868/108/538 6852/110/1 6851/109/535
f 6869/107/7 6870/108/7 6871/105/7
f 6870/108/7 6872/106/7 6871/105/7
f 6873/111/538 6874/112/538 6859/109/535
f 6874/112/538 6860/110/1 6859/109/535
f 6875/96/582 6876/97/574 6877/98/574
f 6876/97/574 6878/99/15 6877/98/574
f 6879/100/1 6880/101/1 6881/102/1
f 6880/101/1 6882/103/1 6881/102/1
f 6883/96/568 6884/97/553 6885/98/561
f 6884/97/553 6886/99/561 6885/98/561
f 6887/96/545 6888/97/545 6889/98/562
f 6888/97/545 6890/99/562 6889/98/562
f 6891/96/531 6892/97/578 6893/98/555
f 6892/97/578 6894/99/555 6893/98/555
f 6895/102/1 6896/103/1 6897/100/1
f 6896/103/1 6898/104/1 6897/100/1
f 6899/96/526 6900/97/526 6901/98/526
f 6900/97/526 6902/99/526 6901/98/526
f 6903/96/557 6904/97/557 6905/98/557
f 6904/97/557 6906/99/557 6905/98/557
f 6848/106/8 6907/106/8 6850/108/8
f 6907/106/8 6908/108/8 6850/108/8
f 6852/110/1 6909/110/1 6854/112/536
f 6909/110/1 6910/112/536 6854/112/536
f 6856/114/8 6911/114/8 6858/112/8
f 6911/114/8 6912/112/8 6858/112/8
f 6860/110/1 6913/110/1 6862/108/536
f 6913/110/1 6914/108/536 6862/108/536
f 6864/112/7 6915/112/7 6866/114/7
f 6915/112/7 6916/114/7 6866/114/7
f 6868/108/538 6917/108/538 6852/110/1
f 6917/108/538 6909/110/1 6852/110/1
f 6870/108/7 6918/108/7 6872/106/7
f 6918/108/7 6919/106/7 6872/106/7
f 6874/112/538 6920/112/538 6860/110/1
f 6920/112/538 6913/110/1 6860/110/1
f 6921/96/565 6922/97/567 6923/98/567
f 6922/97/567 6924/99/555 6923/98/567
f 6925/100/1 6926/101/1 6927/102/1
f 6926/101/1 6928/103/1 6927/102/1
f 6929/96/583 6930/97/561 6931/98/527
f 6930/97/561 6932/99/543 6931/98/527
f 6933/96/584 6934/97/584 6935/98/585
f 6934/97/584 6936/99/585 6935/98/585
f 6937/96/139 6938/97/531 6939/98/555
f 6938/97/531 6940/99/555 6939/98/555
f 6941/102/1 6942/103/1 6943/100/1
f 6942/103/1 6944/104/1 6943/100/1
f 6945/96/534 6946/97/542 6947/98/561
f 6946/97/542 6948/99/561 6947/98/561
f 6949/96/545 6950/97/545 6951/98/529
f 6950/97/545 6952/99/529 6951/98/529
f 6907/106/8 6953/106/8 6908/108/8
f 6953/106/8 6954/108/8 6908/108/8
f 6909/110/1 6955/110/1 6910/112/536
f 6955/110/1 6956/112/536 6910/112/536
f 6911/114/8 6957/114/8 6912/112/8
f 6957/114/8 6958/112/8 6912/112/8
f 6913/110/1 6959/110/1 6914/108/536
f 6959/110/1 6960/108/536 6914/108/536
f 6915/112/7 6961/112/7 6916/114/7
f 6961/112/7 6962/114/7 6916/114/7
f 6917/108/538 6963/108/538 6909/110/1
f 6963/108/538 6955/110/1 6909/110/1
f 6918/108/7 6964/108/7 6919/106/7
f 6964/108/7 6965/106/7 6919/106/7
f 6920/112/538 6966/112/538 6913/110/1
f 6966/112/538 6959/110/1 6913/110/1
f 6967/96/525 6968/97/567 6969/98/580
f 6968/97/567 6970/99/580 6969/98/580
f 6971/100/1 6972/101/1 6973/102/1
f 6972/101/1 6974/103/1 6973/102/1
f 6975/96/553 6976/97/553 6977/98/553
f 6976/97/553 6978/99/553 6977/98/553
f 6979/96/530 6980/97/530 6981/98/529
f 6980/97/530 6982/99/529 6981/98/529
f 6983/96/578 6984/97/10 6985/98/15
f 6984/97/10 6986/99/525 6985/98/15
f 6987/102/1 6988/103/1 6989/100/1
f 6988/103/1 6990/104/1 6989/100/1
f 6991/96/568 6992/97/553 6993/98/540
f 6992/97/553 6994/99/583 6993/98/540
f 6995/96/554 6996/97/585 6997/98/586
f 6996/97/585 6998/99/529 6997/98/586
f 6953/106/8 6999/106/8 6954/108/8
f 6999/106/8 7000/108/8 6954/108/8
f 6955/110/1 7001/110/1 6956/112/536
f 7001/110/1 7002/112/536 6956/112/536
f 6957/114/8 7003/114/8 6958/112/8
f 7003/114/8 7004/112/8 6958/112/8
f 6959/110/1 7005/110/1 6960/108/536
f 7005/110/1 7006/108/536 6960/108/536
f 6961/112/7 7007/112/7 6962/114/7
f 7007/112/7 7008/114/7 6962/114/7
f 6963/108/538 7009/108/538 6955/110/1
f 7009/108/538 7001/110/1 6955/110/1
f 6964/108/7 7010/108/7 6965/106/7
f 7010/108/7 7011/106/7 6965/106/7
f 6966/112/538 7012/112/538 6959/110/1
f 7012/112/538 7005/110/1 6959/110/1
f 7013/96/10 7014/97/10 7015/98/10
f 7014/97/10 7016/99/567 7015/98/10
f 7017/100/1 7018/101/1 7019/102/1
f 7018/101/1 7020/103/1 7019/102/1
f 7021/96/561 7022/97/561 7023/98/553
f 7022/97/561 7024/99/568 7023/98/553
f 7025/96/529 7026/97/557 7027/98/557
f 7026/97/557 7028/99/557 7027/98/557
f 7029/96/539 7030/97/539 7031/98/139
f 7030/97/539 7032/99/580 7031/98/139
f 7033/102/1 7034/103/1 7035/100/1
f 7034/103/1 7036/104/1 7035/100/1
f 7037/96/534 7038/97/534 7039/98/526
f 7038/97/534 7040/99/526 7039/98/526
f 7041/96/548 7042/97/548 7043/98/566
f 7042/97/548 7044/99/549 7043/98/566
f 6999/106/8 7045/106/8 7000/108/8
f 7045/106/8 7046/108/8 7000/108/8
f 7001/110/1 7047/110/1 7002/112/536
f 7047/110/1 7048/112/536 7002/112/536
f 7003/114/8 7049/114/8 7004/112/8
f 7049/114/8 7050/112/8 7004/112/8
f 7005/110/1 7051/110/1 7006/108/536
f 7051/110/1 7052/108/536 7006/108/536
f 7007/112/7 7053/112/7 7008/114/7
f 7053/112/7 7054/114/7 7008/114/7
f 7009/108/538 7055/108/538 7001/110/1
f 7055/108/538 7047/110/1 7001/110/1
f 7010/108/7 7056/108/7 7011/106/7
f 7056/108/7 7057/106/7 7011/106/7
f 7012/112/538 7058/112/560 7005/110/1
f 7058/112/560 7051/110/1 7005/110/1
f 7059/96/531 7060/97/555 7061/98/551
f 7060/97/555 7062/99/565 7061/98/551
f 7063/100/1 7064/101/1 7065/102/1
f 7064/101/1 7066/103/1 7065/102/1
f 7067/96/587 7068/97/587 7069/98/587
f 7068/97/587 7070/99/587 7069/98/587
f 7071/96/562 7072/97/562 7073/98/545
f 7072/97/562 7074/99/545 7073/98/545
f 7075/96/551 7076/97/10 7077/98/580
f 7076/97/10 7078/99/580 7077/98/580
f 7079/102/1 7080/103/1 7081/100/1
f 7080/103/1 7082/104/1 7081/100/1
f 7083/96/553 7084/97/568 7085/98/541
f 7084/97/568 7086/99/541 7085/98/541
f 7087/96/588 7088/97/528 7089/98/566
f 7088/97/528 7090/99/530 7089/98/566
f 7045/106/8 7091/106/8 7046/108/8
f 7091/106/8 7092/108/8 7046/108/8
f 7047/110/1 7093/110/1 7048/112/536
f 7093/110/1 7094/112/536 7048/112/536
f 7049/114/8 7095/114/8 7050/112/8
f 7095/114/8 7096/112/8 7050/112/8
f 7051/110/1 7097/110/572 7052/108/536
f 7097/110/572 7098/108/589 7052/108/536
f 7053/112/7 7099/112/7 7054/114/7
f 7099/112/7 7100/114/7 7054/114/7
f 7055/108/538 7101/108/538 7047/110/1
f 7101/108/538 7093/110/1 7047/110/1
f 7056/108/7 7102/108/7 7057/106/7
f 7102/108/7 7103/106/7 7057/106/7
f 7058/112/560 7104/112/538 7051/110/1
f 7104/112/538 7097/110/572 7051/110/1
f 7105/96/10 7106/97/10 7107/98/139
f 7106/97/10 7108/99/139 7107/98/139
f 7109/100/1 7110/101/1 7111/102/1
f 7110/101/1 7112/103/1 7111/102/1
f 7113/96/553 7114/97/553 7115/98/534
f 7114/97/553 7116/99/534 7115/98/534
f 7117/96/571 7118/97/557 7119/98/557
f 7118/97/557 7120/99/557 7119/98/557
f 7121/96/531 7122/97/555 7123/98/532
f 7122/97/555 7124/99/533 7123/98/532
f 7125/102/1 7126/103/1 7127/100/1
f 7126/103/1 7128/104/1 7127/100/1
f 7129/96/590 7130/97/590 7131/98/543
f 7130/97/590 7132/99/527 7131/98/543
f 7133/96/559 7134/97/548 7135/98/557
f 7134/97/548 7136/99/557 7135/98/557
f 6801/106/8 7137/106/8 6802/108/8
f 7137/106/8 7138/108/8 6802/108/8
f 6803/110/1 7139/110/1 6804/112/536
f 7139/110/1 7140/112/537 6804/112/536
f 6805/114/8 7141/114/8 6806/112/8
f 7141/114/8 7142/112/8 6806/112/8
f 7143/109/575 7144/110/1 7145/108/536
f 7144/110/1 7146/108/536 7145/108/536
f 6809/112/7 7147/112/7 6810/114/7
f 7147/112/7 7148/114/7 6810/114/7
f 6811/108/538 7149/108/538 6803/110/1
f 7149/108/538 7139/110/1 6803/110/1
f 6812/108/7 7150/108/7 6813/106/7
f 7150/108/7 7151/106/7 6813/106/7
f 7152/112/538 7153/112/560 7143/109/575
f 7153/112/560 7144/110/1 7143/109/575
f 7154/96/525 7155/97/525 7156/98/525
f 7155/97/525 7157/99/139 7156/98/525
f 7158/100/1 7159/101/1 7160/102/1
f 7159/101/1 7161/103/1 7160/102/1
f 7162/96/543 7163/97/587 7164/98/587
f 7163/97/587 7165/99/587 7164/98/587
f 7166/96/530 7167/97/530 7168/98/557
f 7167/97/530 7169/99/557 7168/98/557
f 7170/96/10 7171/97/10 7172/98/580
f 7171/97/10 7173/99/580 7172/98/580
f 7174/102/1 7175/103/1 7176/100/1
f 7175/103/1 7177/104/1 7176/100/1
f 7178/96/553 7179/97/552 7180/98/534
f 7179/97/552 7181/99/534 7180/98/534
f 7182/96/557 7183/97/557 7184/98/566
f 7183/97/557 7185/99/530 7184/98/566
f 7137/106/8 7186/106/8 7138/108/8
f 7186/106/8 7187/108/8 7138/108/8
f 7139/110/1 7188/110/1 7140/112/537
f 7188/110/1 7189/112/537 7140/112/537
f 7141/114/8 7190/114/8 7142/112/8
f 7190/114/8 7191/112/8 7142/112/8
f 7144/110/1 7192/110/1 7146/108/536
f 7192/110/1 7193/108/536 7146/108/536
f 7147/112/7 7194/112/7 7148/114/7
f 7194/112/7 7195/114/7 7148/114/7
f 7149/108/538 7196/108/538 7139/110/1
f 7196/108/538 7188/110/1 7139/110/1
f 7150/108/7 7197/108/7 7151/106/7
f 7197/108/7 7198/106/7 7151/106/7
f 7153/112/560 7199/112/560 7144/110/1
f 7199/112/560 7192/110/1 7144/110/1
f 7200/96/139 7201/97/578 7202/98/10
f 7201/97/578 7203/99/531 7202/98/10
f 7204/100/1 7205/101/1 7206/102/1
f 7205/101/1 7207/103/1 7206/102/1
f 7208/96/534 7209/97/534 7210/98/568
f 7209/97/534 7211/99/541 7210/98/568
f 7212/96/566 7213/97/566 7214/98/557
f 7213/97/566 7215/99/557 7214/98/557
f 7216/96/10 7217/97/10 7218/98/15
f 7217/97/10 7219/99/525 7218/98/15
f 7220/102/1 7221/103/1 7222/100/1
f 7221/103/1 7223/104/1 7222/100/1
f 7224/96/553 7225/97/553 7226/98/534
f 7225/97/553 7227/99/534 7226/98/534
f 7228/96/562 7229/97/545 7230/98/571
f 7229/97/545 7231/99/571 7230/98/571
f 7186/106/8 7232/106/8 7187/108/8
f 7232/106/8 7233/108/8 7187/108/8
f 7188/110/1 7234/110/1 7189/112/537
f 7234/110/1 7235/112/536 7189/112/537
f 7190/114/8 7236/114/8 7191/112/8
f 7236/114/8 7237/112/8 7191/112/8
f 7192/110/1 7238/110/1 7193/108/536
f 7238/110/1 7239/108/536 7193/108/536
f 7194/112/7 7240/112/7 7195/114/7
f 7240/112/7 7241/114/7 7195/114/7
f 7196/108/538 7242/108/560 7188/110/1
f 7242/108/560 7234/110/1 7188/110/1
f 7197/108/7 7243/108/7 7198/106/7
f 7243/108/7 7244/106/7 7198/106/7
f 7199/112/560 7245/112/538 7192/110/1
f 7245/112/538 7238/110/1 7192/110/1
f 7246/96/539 7247/97/532 7248/98/525
f 7247/97/532 7249/99/525 7248/98/525
f 7250/100/1 7251/101/1 7252/102/1
f 7251/101/1 7253/103/1 7252/102/1
f 7254/96/568 7255/97/553 7256/98/534
f 7255/97/553 7257/99/534 7256/98/534
f 7258/96/584 7259/97/584 7260/98/529
f 7259/97/584 7261/99/545 7260/98/529
f 7262/96/525 7263/97/10 7264/98/569
f 7263/97/10 7265/99/565 7264/98/569
f 7266/102/1 7267/103/1 7268/100/1
f 7267/103/1 7269/104/1 7268/100/1
f 7270/96/561 7271/97/542 7272/98/526
f 7271/97/542 7273/99/527 7272/98/526
f 7274/96/528 7275/97/544 7276/98/566
f 7275/97/544 7277/99/566 7276/98/566
f 7232/106/8 7278/106/8 7233/108/8
f 7278/106/8 7279/108/8 7233/108/8
f 7234/110/1 7280/110/1 7235/112/536
f 7280/110/1 7281/112/536 7235/112/536
f 7236/114/8 7282/114/8 7237/112/8
f 7282/114/8 7283/112/8 7237/112/8
f 7238/110/1 7284/110/1 7239/108/536
f 7284/110/1 7285/108/536 7239/108/536
f 7240/112/7 7286/112/7 7241/114/7
f 7286/112/7 7287/114/7 7241/114/7
f 7242/108/560 7288/108/560 7234/110/1
f 7288/108/560 7280/110/1 7234/110/1
f 7243/108/7 7289/108/7 7244/106/7
f 7289/108/7 7290/106/7 7244/106/7
f 7245/112/538 7291/112/538 7238/110/1
f 7291/112/538 7284/110/1 7238/110/1
f 7292/96/525 7293/97/525 7294/98/591
f 7293/97/525 7295/99/591 7294/98/591
f 7296/100/1 7297/101/1 7298/102/1
f 7297/101/1 7299/103/1 7298/102/1
f 7300/96/526 7301/97/527 7302/98/543
f 7301/97/527 7303/99/543 7302/98/543
f 7304/96/545 7305/97/562 7306/98/548
f 7305/97/562 7307/99/548 7306/98/548
f 7308/96/531 7309/97/10 7310/98/578
f 7309/97/10 7311/99/139 7310/98/578
f 7312/102/1 7313/103/1 7314/100/1
f 7313/103/1 7315/104/1 7314/100/1
f 7316/96/553 7317/97/553 7318/98/553
f 7317/97/553 7319/99/553 7318/98/553
f 7320/96/545 7321/97/545 7322/98/562
f 7321/97/545 7323/99/562 7322/98/562
f 7278/106/8 7324/106/8 7279/108/8
f 7324/106/8 7325/108/8 7279/108/8
f 7280/110/1 7326/110/1 7281/112/536
f 7326/110/1 7327/112/537 7281/112/536
f 7282/114/8 7328/114/8 7283/112/8
f 7328/114/8 7329/112/8 7283/112/8
f 7284/110/1 7330/110/1 7285/108/536
f 7330/110/1 7331/108/536 7285/108/536
f 7286/112/7 7332/112/7 7287/114/7
f 7332/112/7 7333/114/7 7287/114/7
f 7288/108/560 7334/108/538 7280/110/1
f 7334/108/538 7326/110/1 7280/110/1
f 7289/108/7 7335/108/7 7290/106/7
f 7335/108/7 7336/106/7 7290/106/7
f 7291/112/538 7337/112/538 7284/110/1
f 7337/112/538 7330/110/1 7284/110/1
f 7338/96/592 7339/97/569 7340/98/547
f 7339/97/569 7341/99/593 7340/98/547
f 7342/100/1 7343/101/1 7344/102/1
f 7343/101/1 7345/103/1 7344/102/1
f 7346/96/540 7347/97/540 7348/98/543
f 7347/97/540 7349/99/543 7348/98/543
f 7350/96/544 7351/97/557 7352/98/548
f 7351/97/557 7353/99/594 7352/98/548
f 7354/96/547 7355/97/547 7356/98/15
f 7355/97/547 7357/99/10 7356/98/15
f 7358/102/1 7359/103/1 7360/100/1
f 7359/103/1 7361/104/1 7360/100/1
f 7362/96/553 7363/97/552 7364/98/542
f 7363/97/552 7365/99/561 7364/98/542
f 7366/96/545 7367/97/562 7368/98/557
f 7367/97/562 7369/99/528 7368/98/557
f 7324/106/8 7370/106/8 7325/108/8
f 7370/106/8 7371/108/8 7325/108/8
f 7326/110/1 7372/110/1 7327/112/537
f 7372/110/1 7373/112/537 7327/112/537
f 7328/114/8 7374/114/8 7329/112/8
f 7374/114/8 7375/112/8 7329/112/8
f 7330/110/1 7376/110/572 7331/108/536
f 7376/110/572 7377/108/589 7331/108/536
f 7332/112/7 7378/112/7 7333/114/7
f 7378/112/7 7379/114/7 7333/114/7
f 7334/108/538 7380/108/538 7326/110/1
f 7380/108/538 7372/110/1 7326/110/1
f 7335/108/7 7381/108/7 7336/106/7
f 7381/108/7 7382/106/7 7336/106/7
f 7337/112/538 7383/112/573 7330/110/1
f 7383/112/573 7376/110/572 7330/110/1
f 7384/96/10 7385/97/15 7386/98/580
f 7385/97/15 7387/99/10 7386/98/580
f 7388/100/1 7389/101/1 7390/102/1
f 7389/101/1 7391/103/1 7390/102/1
f 7392/96/552 7393/97/553 7394/98/568
f 7393/97/553 7395/99/541 7394/98/568
f 7396/96/528 7397/97/544 7398/98/549
f 7397/97/544 7399/99/566 7398/98/549
f 7400/96/96 7401/97/96 7402/98/595
f 7401/97/96 7403/99/596 7402/98/595
f 7404/102/1 7405/103/1 7406/100/1
f 7405/103/1 7407/104/1 7406/100/1
f 7408/96/526 7409/97/526 7410/98/590
f 7409/97/526 7411/99/540 7410/98/590
f 7412/96/548 7413/97/548 7414/98/549
f 7413/97/548 7415/99/528 7414/98/549
f 6511/106/8 7416/106/8 6512/108/8
f 7416/106/8 7417/108/8 6512/108/8
f 6513/110/1 7418/110/1 6514/112/536
f 7418/110/1 7419/112/536 6514/112/536
f 6515/114/8 7420/114/8 6516/112/8
f 7420/114/8 7421/112/8 6516/112/8
f 7422/109/535 7423/110/1 7424/108/536
f 7423/110/1 7425/108/536 7424/108/536
f 6519/112/7 7426/112/7 6520/114/7
f 7426/112/7 7427/114/7 6520/114/7
f 6521/108/538 7428/108/538 6513/110/1
f 7428/108/538 7418/110/1 6513/110/1
f 6522/108/7 7429/108/7 6523/106/7
f 7429/108/7 7430/106/7 6523/106/7
f 7431/112/538 7432/112/538 7422/109/535
f 7432/112/538 7423/110/1 7422/109/535
f 7433/96/10 7434/97/10 7435/98/15
f 7434/97/10 7436/99/15 7435/98/15
f 7437/100/1 7438/101/1 7439/102/1
f 7438/101/1 7440/103/1 7439/102/1
f 7441/96/541 7442/97/553 7443/98/561
f 7442/97/553 7444/99/597 7443/98/561
f 7445/96/598 7446/97/598 7447/98/584
f 7446/97/598 7448/99/584 7447/98/584
f 7449/96/533 7450/97/539 7451/98/539
f 7450/97/539 7452/99/599 7451/98/539
f 7453/102/1 7454/103/1 7455/100/1
f 7454/103/1 7456/104/1 7455/100/1
f 7457/96/526 7458/97/526 7459/98/543
f 7458/97/526 7460/99/543 7459/98/543
f 7461/96/557 7462/97/557 7463/98/530
f 7462/97/557 7464/99/530 7463/98/530
f 7416/106/8 7465/106/8 7417/108/8
f 7465/106/8 7466/108/8 7417/108/8
f 7418/110/1 7467/110/1 7419/112/536
f 7467/110/1 7468/112/536 7419/112/536
f 7420/114/8 7469/114/8 7421/112/8
f 7469/114/8 7470/112/8 7421/112/8
f 7423/110/1 7471/110/1 7425/108/536
f 7471/110/1 7472/108/536 7425/108/536
f 7426/112/7 7473/112/7 7427/114/7
f 7473/112/7 7474/114/7 7427/114/7
f 7428/108/538 7475/108/538 7418/110/1
f 7475/108/538 7467/110/1 7418/110/1
f 7429/108/7 7476/108/7 7430/106/7
f 7476/108/7 7477/106/7 7430/106/7
f 7432/112/538 7478/112/560 7423/110/1
f 7478/112/560 7471/110/1 7423/110/1
f 7479/96/531 7480/97/139 7481/98/525
f 7480/97/139 7482/99/532 7481/98/525
f 7483/100/1 7484/101/1 7485/102/1
f 7484/101/1 7486/103/1 7485/102/1
f 7487/96/600 7488/97/600 7489/98/543
f 7488/97/600 7490/99/543 7489/98/543
f 7491/96/529 7492/97/529 7493/98/529
f 7492/97/529 7494/99/557 7493/98/529
f 7495/96/139 7496/97/567 7497/98/567
f 7496/97/567 7498/99/551 7497/98/567
f 7499/102/1 7500/103/1 7501/100/1
f 7500/103/1 7502/104/1 7501/100/1
f 7503/96/568 7504/97/526 7505/98/534
f 7504/97/526 7506/99/534 7505/98/534
f 7507/96/562 7508/97/545 7509/98/529
f 7508/97/545 7510/99/529 7509/98/529
f 7465/106/8 7511/106/8 7466/108/8
f 7511/106/8 7512/108/8 7466/108/8
f 7467/110/1 7513/110/1 7468/112/536
f 7513/110/1 7514/112/537 7468/112/536
f 7469/114/8 7515/114/8 7470/112/8
f 7515/114/8 7516/112/8 7470/112/8
f 7471/110/1 7517/110/1 7472/108/536
f 7517/110/1 7518/108/536 7472/108/536
f 7473/112/7 7519/112/7 7474/114/7
f 7519/112/7 7520/114/7 7474/114/7
f 7475/108/538 7521/108/538 7467/110/1
f 7521/108/538 7513/110/1 7467/110/1
f 7476/108/7 7522/108/7 7477/106/7
f 7522/108/7 7523/106/7 7477/106/7
f 7478/112/560 7524/112/538 7471/110/1
f 7524/112/538 7517/110/1 7471/110/1
f 7525/96/10 7526/97/10 7527/98/15
f 7526/97/10 7528/99/15 7527/98/15
f 7529/100/1 7530/101/1 7531/102/1
f 7530/101/1 7532/103/1 7531/102/1
f 7533/96/541 7534/97/541 7535/98/568
f 7534/97/541 7536/99/568 7535/98/568
f 7537/96/566 7538/97/566 7539/98/530
f 7538/97/566 7540/99/530 7539/98/530
f 7541/96/551 7542/97/10 7543/98/10
f 7542/97/10 7544/99/10 7543/98/10
f 7545/102/1 7546/103/1 7547/100/1
f 7546/103/1 7548/104/1 7547/100/1
f 7549/96/553 7550/97/553 7551/98/553
f 7550/97/553 7552/99/553 7551/98/553
f 7553/96/544 7554/97/557 7555/98/557
f 7554/97/557 7556/99/529 7555/98/557
f 7511/106/8 7557/106/8 7512/108/8
f 7557/106/8 7558/108/8 7512/108/8
f 7513/110/1 7559/110/1 7514/112/537
f 7559/110/1 7560/112/536 7514/112/537
f 7515/114/8 7561/114/8 7516/112/8
f 7561/114/8 7562/112/8 7516/112/8
f 7517/110/1 7563/110/1 7518/108/536
f 7563/110/1 7564/108/536 7518/108/536
f 7519/112/7 7565/112/7 7520/114/7
f 7565/112/7 7566/114/7 7520/114/7
f 7521/108/538 7567/108/560 7513/110/1
f 7567/108/560 7559/110/1 7513/110/1
f 7522/108/7 7568/108/7 7523/106/7
f 7568/108/7 7569/106/7 7523/106/7
f 7524/112/538 7570/112/538 7517/110/1
f 7570/112/538 7563/110/1 7517/110/1
f 7571/96/525 7572/97/555 7573/98/10
f 7572/97/555 7574/99/531 7573/98/10
f 7575/100/1 7576/101/1 7577/102/1
f 7576/101/1 7578/103/1 7577/102/1
f 7579/96/541 7580/97/527 7581/98/534
f 7580/97/527 7582/99/534 7581/98/534
f 7583/96/529 7584/97/529 7585/98/584
f 7584/97/529 7586/99/584 7585/98/584
f 7587/96/525 7588/97/10 7589/98/525
f 7588/97/10 7590/99/525 7589/98/525
f 7591/102/1 7592/103/1 7593/100/1
f 7592/103/1 7594/104/1 7593/100/1
f 7595/96/543 7596/97/543 7597/98/527
f 7596/97/543 7598/99/527 7597/98/527
f 7599/96/557 7600/97/557 7601/98/530
f 7600/97/557 7602/99/548 7601/98/530
f 7557/106/8 7603/106/8 7558/108/8
f 7603/106/8 7604/108/8 7558/108/8
f 7559/110/1 7605/110/1 7560/112/536
f 7605/110/1 7606/112/536 7560/112/536
f 7561/114/8 7607/114/8 7562/112/8
f 7607/114/8 7608/112/8 7562/112/8
f 7563/110/1 7609/110/1 7564/108/536
f 7609/110/1 7610/108/536 7564/108/536
f 7565/112/7 7611/112/7 7566/114/7
f 7611/112/7 7612/114/7 7566/114/7
f 7567/108/560 7613/108/538 7559/110/1
f 7613/108/538 7605/110/1 7559/110/1
f 7568/108/7 7614/108/7 7569/106/7
f 7614/108/7 7615/106/7 7569/106/7
f 7570/112/538 7616/112/538 7563/110/1
f 7616/112/538 7609/110/1 7563/110/1
f 7617/96/563 7618/97/15 7619/98/551
f 7618/97/15 7620/99/531 7619/98/551
f 7621/100/1 7622/101/1 7623/102/1
f 7622/101/1 7624/103/1 7623/102/1
f 7625/96/564 7626/97/534 7627/98/590
f 7626/97/534 7628/99/601 7627/98/590
f 7629/96/557 7630/97/557 7631/98/557
f 7630/97/557 7632/99/557 7631/98/557
f 7633/96/10 7634/97/10 7635/98/10
f 7634/97/10 7636/99/580 7635/98/10
f 7637/102/1 7638/103/1 7639/100/1
f 7638/103/1 7640/104/1 7639/100/1
f 7641/96/552 7642/97/552 7643/98/553
f 7642/97/552 7644/99/553 7643/98/553
f 7645/96/548 7646/97/548 7647/98/528
f 7646/97/548 7648/99/528 7647/98/528
f 7603/106/8 7649/106/8 7604/108/8
f 7649/106/8 7650/108/8 7604/108/8
f 7605/110/1 7651/110/1 7606/112/536
f 7651/110/1 7652/112/537 7606/112/536
f 7607/114/8 7653/114/8 7608/112/8
f 7653/114/8 7654/112/8 7608/112/8
f 7609/110/1 7655/110/602 7610/108/536
f 7655/110/602 7656/108/589 7610/108/536
f 7611/112/7 7657/112/7 7612/114/7
f 7657/112/7 7658/114/7 7612/114/7
f 7613/108/538 7659/108/538 7605/110/1
f 7659/108/538 7651/110/1 7605/110/1
f 7614/108/7 7660/108/7 7615/106/7
f 7660/108/7 7661/106/7 7615/106/7
f 7616/112/538 7662/112/538 7609/110/1
f 7662/112/538 7655/110/602 7609/110/1
f 7663/96/10 7664/97/10 7665/98/580
f 7664/97/10 7666/99/580 7665/98/580
f 7667/100/1 7668/101/1 7669/102/1
f 7668/101/1 7670/103/1 7669/102/1
f 7671/96/597 7672/97/543 7673/98/543
f 7672/97/543 7674/99/527 7673/98/543
f 7675/96/544 7676/97/544 7677/98/557
f 7676/97/544 7678/99/557 7677/98/557
f 7679/96/547 7680/97/569 7681/98/596
f 7680/97/569 7682/99/556 7681/98/596
f 7683/102/1 7684/103/1 7685/100/1
f 7684/103/1 7686/104/1 7685/100/1
f 7687/96/541 7688/97/541 7689/98/526
f 7688/97/541 7690/99/526 7689/98/526
f 7691/96/603 7692/97/604 7693/98/529
f 7692/97/604 7694/99/557 7693/98/529
f 7091/106/8 7695/106/8 7092/108/8
f 7695/106/8 7696/108/8 7092/108/8
f 7093/110/1 7697/110/1 7094/112/536
f 7697/110/1 7698/112/537 7094/112/536
f 7095/114/8 7699/114/8 7096/112/8
f 7699/114/8 7700/112/8 7096/112/8
f 7701/109/535 7702/110/1 7703/108/536
f 7702/110/1 7704/108/536 7703/108/536
f 7099/112/7 7705/112/7 7100/114/7
f 7705/112/7 7706/114/7 7100/114/7
f 7101/108/538 7707/108/538 7093/110/1
f 7707/108/538 7697/110/1 7093/110/1
f 7102/108/7 7708/108/7 7103/106/7
f 7708/108/7 7709/106/7 7103/106/7
f 7710/112/538 7711/112/538 7701/109/535
f 7711/112/538 7702/110/1 7701/109/535
f 7712/96/525 7713/97/567 7714/98/531
f 7713/97/567 7715/99/574 7714/98/531
f 7716/100/1 7717/101/1 7718/102/1
f 7717/101/1 7719/103/1 7718/102/1
f 7720/96/553 7721/97/553 7722/98/553
f 7721/97/553 7723/99/553 7722/98/553
f 7724/96/557 7725/97/557 7726/98/566
f 7725/97/557 7727/99/566 7726/98/566
f 7728/96/547 7729/97/531 7730/98/139
f 7729/97/531 7731/99/574 7730/98/139
f 7732/102/1 7733/103/1 7734/100/1
f 7733/103/1 7735/104/1 7734/100/1
f 7736/96/587 7737/97/561 7738/98/540
f 7737/97/561 7739/99/605 7738/98/540
f 7740/96/557 7741/97/529 7742/98/554
f 7741/97/529 7743/99/603 7742/98/554
f 7695/106/8 7744/106/8 7696/108/8
f 7744/106/8 7745/108/8 7696/108/8
f 7697/110/1 7746/110/1 7698/112/537
f 7746/110/1 7747/112/536 7698/112/537
f 7699/114/8 7748/114/8 7700/112/8
f 7748/114/8 7749/112/8 7700/112/8
f 7702/110/1 7750/110/1 7704/108/536
f 7750/110/1 7751/108/537 7704/108/536
f 7705/112/7 7752/112/7 7706/114/7
f 7752/112/7 7753/114/7 7706/114/7
f 7707/108/538 7754/108/560 7697/110/1
f 7754/108/560 7746/110/1 7697/110/1
f 7708/108/7 7755/108/7 7709/106/7
f 7755/108/7 7756/106/7 7709/106/7
f 7711/112/538 7757/112/538 7702/110/1
f 7757/112/538 7750/110/1 7702/110/1
f 7758/96/96 7759/97/96 7760/98/565
f 7759/97/96 7761/99/565 7760/98/565
f 7762/100/1 7763/101/1 7764/102/1
f 7763/101/1 7765/103/1 7764/102/1
f 7766/96/541 7767/97/541 7768/98/526
f 7767/97/541 7769/99/526 7768/98/526
f 7770/96/545 7771/97/545 7772/98/529
f 7771/97/545 7773/99/529 7772/98/529
f 7774/96/96 7775/97/96 7776/98/567
f 7775/97/96 7777/99/10 7776/98/567
f 7778/102/1 7779/103/1 7780/100/1
f 7779/103/1 7781/104/1 7780/100/1
f 7782/96/601 7783/97/540 7784/98/526
f 7783/97/540 7785/99/534 7784/98/526
f 7786/96/528 7787/97/544 7788/98/549
f 7787/97/544 7789/99/566 7788/98/549
f 7744/106/8 7790/106/8 7745/108/8
f 7790/106/8 7791/108/8 7745/108/8
f 7746/110/1 7792/110/1 7747/112/536
f 7792/110/1 7793/112/536 7747/112/536
f 7748/114/8 7794/114/8 7749/112/8
f 7794/114/8 7795/112/8 7749/112/8
f 7750/110/1 7796/110/1 7751/108/537
f 7796/110/1 7797/108/536 7751/108/537
f 7752/112/7 7798/112/7 7753/114/7
f 7798/112/7 7799/114/7 7753/114/7
f 7754/108/560 7800/108/538 7746/110/1
f 7800/108/538 7792/110/1 7746/110/1
f 7755/108/7 7801/108/7 7756/106/7
f 7801/108/7 7802/106/7 7756/106/7
f 7757/112/538 7803/112/538 7750/110/1
f 7803/112/538 7796/110/1 7750/110/1
f 7804/96/555 7805/97/555 7806/98/580
f 7805/97/555 7807/99/139 7806/98/580
f 7808/100/1 7809/101/1 7810/102/1
f 7809/101/1 7811/103/1 7810/102/1
f 7812/96/564 7813/97/564 7814/98/526
f 7813/97/564 7815/99/527 7814/98/526
f 7816/96/566 7817/97/606 7818/98/549
f 7817/97/606 7819/99/549 7818/98/549
f 7820/96/10 7821/97/525 7822/98/15
f 7821/97/525 7823/99/580 7822/98/15
f 7824/102/1 7825/103/1 7826/100/1
f 7825/103/1 7827/104/1 7826/100/1
f 7828/96/534 7829/97/534 7830/98/552
f 7829/97/534 7831/99/552 7830/98/552
f 7832/96/566 7833/97/566 7834/98/549
f 7833/97/566 7835/99/549 7834/98/549
f 7790/106/8 7836/106/8 7791/108/8
f 7836/106/8 7837/108/8 7791/108/8
f 7792/110/1 7838/110/1 7793/112/536
f 7838/110/1 7839/112/536 7793/112/536
f 7794/114/8 7840/114/8 7795/112/8
f 7840/114/8 7841/112/8 7795/112/8
f 7796/110/1 7842/110/1 7797/108/536
f 7842/110/1 7843/108/536 7797/108/536
f 7798/112/7 7844/112/7 7799/114/7
f 7844/112/7 7845/114/7 7799/114/7
f 7800/108/538 7846/108/538 7792/110/1
f 7846/108/538 7838/110/1 7792/110/1
f 7801/108/7 7847/108/7 7802/106/7
f 7847/108/7 7848/106/7 7802/106/7
f 7803/112/538 7849/112/538 7796/110/1
f 7849/112/538 7842/110/1 7796/110/1
f 7850/96/607 7851/97/547 7852/98/596
f 7851/97/547 7853/99/608 7852/98/596
f 7854/100/1 7855/101/1 7856/102/1
f 7855/101/1 7857/103/1 7856/102/1
f 7858/96/561 7859/97/561 7860/98/542
f 7859/97/561 7861/99/534 7860/98/542
f 7862/96/529 7863/97/529 7864/98/529
f 7863/97/529 7865/99/529 7864/98/529
f 7866/96/547 7867/97/547 7868/98/14
f 7867/97/547 7869/99/570 7868/98/14
f 7870/102/1 7871/103/1 7872/100/1
f 7871/103/1 7873/104/1 7872/100/1
f 7874/96/552 7875/97/552 7876/98/553
f 7875/97/552 7877/99/553 7876/98/553
f 7878/96/571 7879/97/528 7880/98/529
f 7879/97/528 7881/99/529 7880/98/529
f 7836/106/8 7882/106/8 7837/108/8
f 7882/106/8 7883/108/8 7837/108/8
f 7838/110/1 7884/110/1 7839/112/536
f 7884/110/1 7885/112/536 7839/112/536
f 7840/114/8 7886/114/8 7841/112/8
f 7886/114/8 7887/112/8 7841/112/8
f 7842/110/1 7888/110/1 7843/108/536
f 7888/110/1 7889/108/537 7843/108/536
f 7844/112/7 7890/112/7 7845/114/7
f 7890/112/7 7891/114/7 7845/114/7
f 7846/108/538 7892/108/538 7838/110/1
f 7892/108/538 7884/110/1 7838/110/1
f 7847/108/7 7893/108/7 7848/106/7
f 7893/108/7 7894/106/7 7848/106/7
f 7849/112/538 7895/112/538 7842/110/1
f 7895/112/538 7888/110/1 7842/110/1
f 7896/96/539 7897/97/539 7898/98/15
f 7897/97/539 7899/99/533 7898/98/15
f 7900/100/1 7901/101/1 7902/102/1
f 7901/101/1 7903/103/1 7902/102/1
f 7904/96/526 7905/97/526 7906/98/543
f 7905/97/526 7907/99/543 7906/98/543
f 7908/96/562 7909/97/562 7910/98/585
f 7909/97/562 7911/99/571 7910/98/585
f 7912/96/525 7913/97/539 7914/98/576
f 7913/97/539 7915/99/576 7914/98/576
f 7916/102/1 7917/103/1 7918/100/1
f 7917/103/1 7919/104/1 7918/100/1
f 7920/96/543 7921/97/543 7922/98/609
f 7921/97/543 7923/99/609 7922/98/609
f 7924/96/566 7925/97/566 7926/98/566
f 7925/97/566 7927/99/566 7926/98/566
f 7882/106/8 7928/106/8 7883/108/8
f 7928/106/8 7929/108/8 7883/108/8
f 7884/110/1 7930/110/1 7885/112/536
f 7930/110/1 7931/112/536 7885/112/536
f 7886/114/8 7932/114/8 7887/112/8
f 7932/114/8 7933/112/8 7887/112/8
f 7888/110/1 7934/110/602 7889/108/537
f 7934/110/602 7935/108/589 7889/108/537
f 7890/112/7 7936/112/7 7891/114/7
f 7936/112/7 7937/114/7 7891/114/7
f 7892/108/538 7938/108/538 7884/110/1
f 7938/108/538 7930/110/1 7884/110/1
f 7893/108/7 7939/108/7 7894/106/7
f 7939/108/7 7940/106/7 7894/106/7
f 7895/112/538 7941/112/573 7888/110/1
f 7941/112/573 7934/110/602 7888/110/1
f 7942/96/139 7943/97/555 7944/98/574
f 7943/97/555 7945/99/574 7944/98/574
f 7946/100/1 7947/101/1 7948/102/1
f 7947/101/1 7949/103/1 7948/102/1
f 7950/96/527 7951/97/527 7952/98/526
f 7951/97/527 7953/99/526 7952/98/526
f 7954/96/529 7955/97/529 7956/98/562
f 7955/97/529 7957/99/562 7956/98/562
f 7958/96/580 7959/97/10 7960/98/539
f 7959/97/10 7961/99/525 7960/98/539
f 7962/102/1 7963/103/1 7964/100/1
f 7963/103/1 7965/104/1 7964/100/1
f 7966/96/568 7967/97/568 7968/98/553
f 7967/97/568 7969/99/553 7968/98/553
f 7970/96/559 7971/97/557 7972/98/554
f 7971/97/557 7973/99/603 7972/98/554
f 7370/106/8 7974/106/8 7371/108/8
f 7974/106/8 7975/108/8 7371/108/8
f 7372/110/1 7976/110/1 7373/112/537
f 7976/110/1 7977/112/536 7373/112/537
f 7374/114/8 7978/114/8 7375/112/8
f 7978/114/8 7979/112/8 7375/112/8
f 7980/109/535 7981/110/1 7982/108/536
f 7981/110/1 7983/108/536 7982/108/536
f 7378/112/7 7984/112/7 7379/114/7
f 7984/112/7 7985/114/7 7379/114/7
f 7380/108/538 7986/108/538 7372/110/1
f 7986/108/538 7976/110/1 7372/110/1
f 7381/108/7 7987/108/7 7382/106/7
f 7987/108/7 7988/106/7 7382/106/7
f 7989/112/538 7990/112/538 7980/109/535
f 7990/112/538 7981/110/1 7980/109/535
f 7991/96/577 7992/97/577 7993/98/555
f 7992/97/577 7994/99/578 7993/98/555
f 7995/100/1 7996/101/1 7997/102/1
f 7996/101/1 7998/103/1 7997/102/1
f 7999/96/526 8000/97/526 8001/98/541
f 8000/97/526 8002/99/581 8001/98/541
f 8003/96/584 8004/97/584 8005/98/529
f 8004/97/584 8006/99/529 8005/98/529
f 8007/96/579 8008/97/610 8009/98/539
f 8008/97/610 8010/99/533 8009/98/539
f 8011/102/1 8012/103/1 8013/100/1
f 8012/103/1 8014/104/1 8013/100/1
f 8015/96/540 8016/97/543 8017/98/534
f 8016/97/543 8018/99/534 8017/98/534
f 8019/96/566 8020/97/549 8021/98/544
f 8020/97/549 8022/99/528 8021/98/544
f 7974/106/8 8023/106/8 7975/108/8
f 8023/106/8 8024/108/8 7975/108/8
f 7976/110/1 8025/110/1 7977/112/536
f 8025/110/1 8026/112/536 7977/112/536
f 7978/114/8 8027/114/8 7979/112/8
f 8027/114/8 8028/112/8 7979/112/8
f 7981/110/1 8029/110/1 7983/108/536
f 8029/110/1 8030/108/536 7983/108/536
f 7984/112/7 8031/112/7 7985/114/7
f 8031/112/7 8032/114/7 7985/114/7
f 7986/108/538 8033/108/538 7976/110/1
f 8033/108/538 8025/110/1 7976/110/1
f 7987/108/7 8034/108/7 7988/106/7
f 8034/108/7 8035/106/7 7988/106/7
f 7990/112/538 8036/112/538 7981/110/1
f 8036/112/538 8029/110/1 7981/110/1
f 8037/96/10 8038/97/10 8039/98/10
f 8038/97/10 8040/99/610 8039/98/10
f 8041/100/1 8042/101/1 8043/102/1
f 8042/101/1 8044/103/1 8043/102/1
f 8045/96/587 8046/97/587 8047/98/542
f 8046/97/587 8048/99/542 8047/98/542
f 8049/96/528 8050/97/528 8051/98/566
f 8050/97/528 8052/99/530 8051/98/566
f 8053/96/577 8054/97/556 8055/98/555
f 8054/97/556 8056/99/578 8055/98/555
f 8057/102/1 8058/103/1 8059/100/1
f 8058/103/1 8060/104/1 8059/100/1
f 8061/96/526 8062/97/526 8063/98/568
f 8062/97/526 8064/99/541 8063/98/568
f 8065/96/606 8066/97/544 8067/98/566
f 8066/97/544 8068/99/566 8067/98/566
f 8023/106/8 8069/106/8 8024/108/8
f 8069/106/8 8070/108/8 8024/108/8
f 8025/110/1 8071/110/1 8026/112/536
f 8071/110/1 8072/112/536 8026/112/536
f 8027/114/8 8073/114/8 8028/112/8
f 8073/114/8 8074/112/8 8028/112/8
f 8029/110/1 8075/110/1 8030/108/536
f 8075/110/1 8076/108/536 8030/108/536
f 8031/112/7 8077/112/7 8032/114/7
f 8077/112/7 8078/114/7 8032/114/7
f 8033/108/538 8079/108/538 8025/110/1
f 8079/108/538 8071/110/1 8025/110/1
f 8034/108/7 8080/108/7 8035/106/7
f 8080/108/7 8081/106/7 8035/106/7
f 8036/112/538 8082/112/538 8029/110/1
f 8082/112/538 8075/110/1 8029/110/1
f 8083/96/563 8084/97/15 8085/98/539
f 8084/97/15 8086/99/139 8085/98/539
f 8087/100/1 8088/101/1 8089/102/1
f 8088/101/1 8090/103/1 8089/102/1
f 8091/96/553 8092/97/552 8093/98/534
f 8092/97/552 8094/99/534 8093/98/534
f 8095/96/562 8096/97/562 8097/98/529
f 8096/97/562 8098/99/557 8097/98/529
f 8099/96/531 8100/97/10 8101/98/580
f 8100/97/10 8102/99/139 8101/98/580
f 8103/102/1 8104/103/1 8105/100/1
f 8104/103/1 8106/104/1 8105/100/1
f 8107/96/568 8108/97/553 8109/98/561
f 8108/97/553 8110/99/561 8109/98/561
f 8111/96/585 8112/97/585 8113/98/529
f 8112/97/585 8114/99/545 8113/98/529
f 8069/106/8 8115/106/8 8070/108/8
f 8115/106/8 8116/108/8 8070/108/8
f 8071/110/1 8117/110/1 8072/112/536
f 8117/110/1 8118/112/536 8072/112/536
f 8073/114/8 8119/114/8 8074/112/8
f 8119/114/8 8120/112/8 8074/112/8
f 8075/110/1 8121/110/1 8076/108/536
f 8121/110/1 8122/108/536 8076/108/536
f 8077/112/7 8123/112/7 8078/114/7
f 8123/112/7 8124/114/7 8078/114/7
f 8079/108/538 8125/108/538 8071/110/1
f 8125/108/538 8117/110/1 8071/110/1
f 8080/108/7 8126/108/7 8081/106/7
f 8126/108/7 8127/106/7 8081/106/7
f 8082/112/538 8128/112/538 8075/110/1
f 8128/112/538 8121/110/1 8075/110/1
f 8129/96/10 8130/97/525 8131/98/15
f 8130/97/525 8132/99/567 8131/98/15
f 8133/100/1 8134/101/1 8135/102/1
f 8134/101/1 8136/103/1 8135/102/1
f 8137/96/526 8138/97/526 8139/98/541
f 8138/97/526 8140/99/541 8139/98/541
f 8141/96/558 8142/97/562 8143/98/529
f 8142/97/562 8144/99/529 8143/98/529
f 8145/96/539 8146/97/15 8147/98/10
f 8146/97/15 8148/99/531 8147/98/10
f 8149/102/1 8150/103/1 8151/100/1
f 8150/103/1 8152/104/1 8151/100/1
f 8153/96/526 8154/97/526 8155/98/534
f 8154/97/526 8156/99/534 8155/98/534
f 8157/96/566 8158/97/566 8159/98/557
f 8158/97/566 8160/99/557 8159/98/557
f 8115/106/8 8161/106/8 8116/108/8
f 8161/106/8 8162/108/8 8116/108/8
f 8117/110/1 8163/110/1 8118/112/536
f 8163/110/1 8164/112/536 8118/112/536
f 8119/114/8 8165/114/8 8120/112/8
f 8165/114/8 8166/112/8 8120/112/8
f 8121/110/1 8167/110/1 8122/108/536
f 8167/110/1 8168/108/536 8122/108/536
f 8123/112/7 8169/112/7 8124/114/7
f 8169/112/7 8170/114/7 8124/114/7
f 8125/108/538 8171/108/538 8117/110/1
f 8171/108/538 8163/110/1 8117/110/1
f 8126/108/7 8172/108/7 8127/106/7
f 8172/108/7 8173/106/7 8127/106/7
f 8128/112/538 8174/112/538 8121/110/1
f 8174/112/538 8167/110/1 8121/110/1
f 8175/96/531 8176/97/555 8177/98/531
f 8176/97/555 8178/99/574 8177/98/531
f 8179/100/1 8180/101/1 8181/102/1
f 8180/101/1 8182/103/1 8181/102/1
f 8183/96/526 8184/97/526 8185/98/534
f 8184/97/526 8186/99/534 8185/98/534
f 8187/96/598 8188/97/611 8189/98/606
f 8188/97/611 8190/99/550 8189/98/606
f 8191/96/612 8192/97/569 8193/98/567
f 8192/97/569 8194/99/565 8193/98/567
f 8195/102/1 8196/103/1 8197/100/1
f 8196/103/1 8198/104/1 8197/100/1
f 8199/96/553 8200/97/553 8201/98/568
f 8200/97/553 8202/99/568 8201/98/568
f 8203/96/557 8204/97/557 8205/98/548
f 8204/97/557 8206/99/548 8205/98/548
f 8161/106/8 8207/106/8 8162/108/8
f 8207/106/8 8208/108/8 8162/108/8
f 8163/110/1 8209/110/1 8164/112/536
f 8209/110/1 8210/112/536 8164/112/536
f 8165/114/8 8211/114/8 8166/112/8
f 8211/114/8 8212/112/8 8166/112/8
f 8167/110/1 8213/110/572 8168/108/536
f 8213/110/572 8214/108/589 8168/108/536
f 8169/112/7 8215/112/7 8170/114/7
f 8215/112/7 8216/114/7 8170/114/7
f 8171/108/538 8217/108/538 8163/110/1
f 8217/108/538 8209/110/1 8163/110/1
f 8172/108/7 8218/108/7 8173/106/7
f 8218/108/7 8219/106/7 8173/106/7
f 8174/112/538 8220/112/573 8167/110/1
f 8220/112/573 8213/110/572 8167/110/1
f 8221/96/525 8222/97/525 8223/98/139
f 8222/97/525 8224/99/139 8223/98/139
f 8225/100/1 8226/101/1 8227/102/1
f 8226/101/1 8228/103/1 8227/102/1
f 8229/96/601 8230/97/540 8231/98/542
f 8230/97/540 8232/99/587 8231/98/542
f 8233/96/545 8234/97/545 8235/98/562
f 8234/97/545 8236/99/562 8235/98/562
f 8237/96/563 8238/97/580 8239/98/15
f 8238/97/580 8240/99/576 8239/98/15
f 8241/102/1 8242/103/1 8243/100/1
f 8242/103/1 8244/104/1 8243/100/1
f 8245/96/553 8246/97/553 8247/98/553
f 8246/97/553 8248/99/553 8247/98/553
f 8249/96/566 8250/97/566 8251/98/548
f 8250/97/566 8252/99/548 8251/98/548
f 7649/106/8 8253/106/8 7650/108/8
f 8253/106/8 8254/108/8 7650/108/8
f 7651/110/1 8255/110/1 7652/112/537
f 8255/110/1 8256/112/536 7652/112/537
f 7653/114/8 8257/114/8 7654/112/8
f 8257/114/8 8258/112/8 7654/112/8
f 8259/109/535 8260/110/1 8261/108/536
f 8260/110/1 8262/108/537 8261/108/536
f 7657/112/7 8263/112/7 7658/114/7
f 8263/112/7 8264/114/7 7658/114/7
f 7659/108/538 8265/108/538 7651/110/1
f 8265/108/538 8255/110/1 7651/110/1
f 7660/108/7 8266/108/7 7661/106/7
f 8266/108/7 8267/106/7 7661/106/7
f 8268/112/538 8269/112/538 8259/109/535
f 8269/112/538 8260/110/1 8259/109/535
f 8270/96/531 8271/97/15 8272/98/10
f 8271/97/15 8273/99/613 8272/98/10
f 8274/100/1 8275/101/1 8276/102/1
f 8275/101/1 8277/103/1 8276/102/1
f 8278/96/568 8279/97/568 8280/98/526
f 8279/97/568 8281/99/526 8280/98/526
f 8282/96/548 8283/97/548 8284/98/529
f 8283/97/548 8285/99/529 8284/98/529
f 8286/96/96 8287/97/96 8288/98/569
f 8287/97/96 8289/99/569 8288/98/569
f 8290/102/1 8291/103/1 8292/100/1
f 8291/103/1 8293/104/1 8292/100/1
f 8294/96/553 8295/97/553 8296/98/561
f 8295/97/553 8297/99/583 8296/98/561
f 8298/96/544 8299/97/557 8300/98/529
f 8299/97/557 8301/99/529 8300/98/529
f 8253/106/8 8302/106/8 8254/108/8
f 8302/106/8 8303/108/8 8254/108/8
f 8255/110/1 8304/110/1 8256/112/536
f 8304/110/1 8305/112/536 8256/112/536
f 8257/114/8 8306/114/8 8258/112/8
f 8306/114/8 8307/112/8 8258/112/8
f 8260/110/1 8308/110/1 8262/108/537
f 8308/110/1 8309/108/536 8262/108/537
f 8263/112/7 8310/112/7 8264/114/7
f 8310/112/7 8311/114/7 8264/114/7
f 8265/108/538 8312/108/538 8255/110/1
f 8312/108/538 8304/110/1 8255/110/1
f 8266/108/7 8313/108/7 8267/106/7
f 8313/108/7 8314/106/7 8267/106/7
f 8269/112/538 8315/112/538 8260/110/1
f 8315/112/538 8308/110/1 8260/110/1
f 8316/96/531 8317/97/139 8318/98/10
f 8317/97/139 8319/99/10 8318/98/10
f 8320/100/1 8321/101/1 8322/102/1
f 8321/101/1 8323/103/1 8322/102/1
f 8324/96/590 8325/97/561 8326/98/553
f 8325/97/561 8327/99/568 8326/98/553
f 8328/96/614 8329/97/558 8330/98/545
f 8329/97/558 8331/99/562 8330/98/545
f 8332/96/539 8333/97/139 8334/98/139
f 8333/97/139 8335/99/574 8334/98/139
f 8336/102/1 8337/103/1 8338/100/1
f 8337/103/1 8339/104/1 8338/100/1
f 8340/96/564 8341/97/564 8342/98/526
f 8341/97/564 8343/99/527 8342/98/526
f 8344/96/548 8345/97/548 8346/98/566
f 8345/97/548 8347/99/566 8346/98/566
f 8302/106/8 8348/106/8 8303/108/8
f 8348/106/8 8349/108/8 8303/108/8
f 8304/110/1 8350/110/1 8305/112/536
f 8350/110/1 8351/112/536 8305/112/536
f 8306/114/8 8352/114/8 8307/112/8
f 8352/114/8 8353/112/8 8307/112/8
f 8308/110/1 8354/110/1 8309/108/536
f 8354/110/1 8355/108/536 8309/108/536
f 8310/112/7 8356/112/7 8311/114/7
f 8356/112/7 8357/114/7 8311/114/7
f 8312/108/538 8358/108/560 8304/110/1
f 8358/108/560 8350/110/1 8304/110/1
f 8313/108/7 8359/108/7 8314/106/7
f 8359/108/7 8360/106/7 8314/106/7
f 8315/112/538 8361/112/538 8308/110/1
f 8361/112/538 8354/110/1 8308/110/1
f 8362/96/525 8363/97/570 8364/98/539
f 8363/97/570 8365/99/570 8364/98/539
f 8366/100/1 8367/101/1 8368/102/1
f 8367/101/1 8369/103/1 8368/102/1
f 8370/96/587 8371/97/587 8372/98/564
f 8371/97/587 8373/99/564 8372/98/564
f 8374/96/545 8375/97/545 8376/98/557
f 8375/97/545 8377/99/557 8376/98/557
f 8378/96/10 8379/97/580 8380/98/525
f 8379/97/580 8381/99/539 8380/98/525
f 8382/102/1 8383/103/1 8384/100/1
f 8383/103/1 8385/104/1 8384/100/1
f 8386/96/553 8387/97/553 8388/98/553
f 8387/97/553 8389/99/553 8388/98/553
f 8390/96/528 8391/97/548 8392/98/566
f 8391/97/548 8393/99/530 8392/98/566
f 8348/106/8 8394/106/8 8349/108/8
f 8394/106/8 8395/108/8 8349/108/8
f 8350/110/1 8396/110/1 8351/112/536
f 8396/110/1 8397/112/536 8351/112/536
f 8352/114/8 8398/114/8 8353/112/8
f 8398/114/8 8399/112/8 8353/112/8
f 8354/110/1 8400/110/1 8355/108/536
f 8400/110/1 8401/108/536 8355/108/536
f 8356/112/7 8402/112/7 8357/114/7
f 8402/112/7 8403/114/7 8357/114/7
f 8358/108/560 8404/108/538 8350/110/1
f 8404/108/538 8396/110/1 8350/110/1
f 8359/108/7 8405/108/7 8360/106/7
f 8405/108/7 8406/106/7 8360/106/7
f 8361/112/538 8407/112/538 8354/110/1
f 8407/112/538 8400/110/1 8354/110/1
f 8408/96/567 8409/97/10 8410/98/567
f 8409/97/10 8411/99/139 8410/98/567
f 8412/100/1 8413/101/1 8414/102/1
f 8413/101/1 8415/103/1 8414/102/1
f 8416/96/543 8417/97/543 8418/98/543
f 8417/97/543 8419/99/543 8418/98/543
f 8420/96/528 8421/97/528 8422/98/528
f 8421/97/528 8423/99/528 8422/98/528
f 8424/96/96 8425/97/96 8426/98/555
f 8425/97/96 8427/99/612 8426/98/555
f 8428/102/1 8429/103/1 8430/100/1
f 8429/103/1 8431/104/1 8430/100/1
f 8432/96/568 8433/97/568 8434/98/526
f 8433/97/568 8435/99/526 8434/98/526
f 8436/96/562 8437/97/562 8438/98/584
f 8437/97/562 8439/99/585 8438/98/584
f 8394/106/8 8440/106/8 8395/108/8
f 8440/106/8 8441/108/8 8395/108/8
f 8396/110/1 8442/110/1 8397/112/536
f 8442/110/1 8443/112/536 8397/112/536
f 8398/114/8 8444/114/8 8399/112/8
f 8444/114/8 8445/112/8 8399/112/8
f 8400/110/1 8446/110/1 8401/108/536
f 8446/110/1 8447/108/536 8401/108/536
f 8402/112/7 8448/112/7 8403/114/7
f 8448/112/7 8449/114/7 8403/114/7
f 8404/108/538 8450/108/560 8396/110/1
f 8450/108/560 8442/110/1 8396/110/1
f 8405/108/7 8451/108/7 8406/106/7
f 8451/108/7 8452/106/7 8406/106/7
f 8407/112/538 8453/112/538 8400/110/1
f 8453/112/538 8446/110/1 8400/110/1
f 8454/96/551 8455/97/578 8456/98/139
f 8455/97/578 8457/99/578 8456/98/139
f 8458/100/1 8459/101/1 8460/102/1
f 8459/101/1 8461/103/1 8460/102/1
f 8462/96/553 8463/97/552 8464/98/561
f 8463/97/552 8465/99/561 8464/98/561
f 8466/96/562 8467/97/562 8468/98/615
f 8467/97/562 8469/99/562 8468/98/615
f 8470/96/574 8471/97/579 8472/98/539
f 8471/97/579 8473/99/567 8472/98/539
f 8474/102/1 8475/103/1 8476/100/1
f 8475/103/1 8477/104/1 8476/100/1
f 8478/96/526 8479/97/526 8480/98/526
f 8479/97/526 8481/99/526 8480/98/526
f 8482/96/557 8483/97/557 8484/98/566
f 8483/97/557 8485/99/530 8484/98/566
f 8440/106/8 8486/106/8 8441/108/8
f 8486/106/8 8487/108/8 8441/108/8
f 8442/110/1 8488/110/1 8443/112/536
f 8488/110/1 8489/112/536 8443/112/536
f 8444/114/8 8490/114/8 8445/112/8
f 8490/114/8 8491/112/8 8445/112/8
f 8446/110/1 8492/110/602 8447/108/536
f 8492/110/602 8493/108/589 8447/108/536
f 8448/112/7 8494/112/7 8449/114/7
f 8494/112/7 8495/114/7 8449/114/7
f 8450/108/560 8496/108/538 8442/110/1
f 8496/108/538 8488/110/1 8442/110/1
f 8451/108/7 8497/108/7 8452/106/7
f 8497/108/7 8498/106/7 8452/106/7
f 8453/112/538 8499/112/573 8446/110/1
f 8499/112/573 8492/110/602 8446/110/1
f 8500/96/10 8501/97/15 8502/98/580
f 8501/97/15 8503/99/556 8502/98/580
f 8504/100/1 8505/101/1 8506/102/1
f 8505/101/1 8507/103/1 8506/102/1
f 8508/96/526 8509/97/527 8510/98/540
f 8509/97/527 8511/99/540 8510/98/540
f 8512/96/557 8513/97/557 8514/98/566
f 8513/97/557 8515/99/530 8514/98/566
f 8516/96/567 8517/97/567 8518/98/608
f 8517/97/567 8519/99/608 8518/98/608
f 8520/102/1 8521/103/1 8522/100/1
f 8521/103/1 8523/104/1 8522/100/1
f 8524/96/541 8525/97/561 8526/98/553
f 8525/97/561 8527/99/568 8526/98/553
f 8528/96/530 8529/97/530 8530/98/566
f 8529/97/530 8531/99/566 8530/98/566
f 7928/106/8 8532/106/8 7929/108/8
f 8532/106/8 8533/108/8 7929/108/8
f 7930/110/1 8534/110/1 7931/112/536
f 8534/110/1 8535/112/536 7931/112/536
f 7932/114/8 8536/114/8 7933/112/8
f 8536/114/8 8537/112/8 7933/112/8
f 8538/109/535 8539/110/1 8540/108/536
f 8539/110/1 8541/108/536 8540/108/536
f 7936/112/7 8542/112/7 7937/114/7
f 8542/112/7 8543/114/7 7937/114/7
f 7938/108/538 8544/108/538 7930/110/1
f 8544/108/538 8534/110/1 7930/110/1
f 7939/108/7 8545/108/7 7940/106/7
f 8545/108/7 8546/106/7 7940/106/7
f 8547/112/538 8548/112/560 8538/109/535
f 8548/112/560 8539/110/1 8538/109/535
f 8549/96/96 8550/97/578 8551/98/551
f 8550/97/578 8552/99/551 8551/98/551
f 8553/100/1 8554/101/1 8555/102/1
f 8554/101/1 8556/103/1 8555/102/1
f 8557/96/526 8558/97/616 8559/98/617
f 8558/97/616 8560/99/609 8559/98/617
f 8561/96/530 8562/97/530 8563/98/529
f 8562/97/530 8564/99/529 8563/98/529
f 8565/96/531 8566/97/531 8567/98/565
f 8566/97/531 8568/99/565 8567/98/565
f 8569/102/1 8570/103/1 8571/100/1
f 8570/103/1 8572/104/1 8571/100/1
f 8573/96/568 8574/97/568 8575/98/553
f 8574/97/568 8576/99/552 8575/98/553
f 8577/96/566 8578/97/566 8579/98/566
f 8578/97/566 8580/99/566 8579/98/566
f 8532/106/8 8581/106/8 8533/108/8
f 8581/106/8 8582/108/8 8533/108/8
f 8534/110/1 8583/110/1 8535/112/536
f 8583/110/1 8584/112/536 8535/112/536
f 8536/114/8 8585/114/8 8537/112/8
f 8585/114/8 8586/112/8 8537/112/8
f 8539/110/1 8587/110/1 8541/108/536
f 8587/110/1 8588/108/536 8541/108/536
f 8542/112/7 8589/112/7 8543/114/7
f 8589/112/7 8590/114/7 8543/114/7
f 8544/108/538 8591/108/538 8534/110/1
f 8591/108/538 8583/110/1 8534/110/1
f 8545/108/7 8592/108/7 8546/106/7
f 8592/108/7 8593/106/7 8546/106/7
f 8548/112/560 8594/112/538 8539/110/1
f 8594/112/538 8587/110/1 8539/110/1
f 8595/96/563 8596/97/551 8597/98/525
f 8596/97/551 8598/99/576 8597/98/525
f 8599/100/1 8600/101/1 8601/102/1
f 8600/101/1 8602/103/1 8601/102/1
f 8603/96/542 8604/97/534 8605/98/553
f 8604/97/534 8606/99/568 8605/98/553
f 8607/96/566 8608/97/549 8609/98/549
f 8608/97/549 8610/99/549 8609/98/549
f 8611/96/531 8612/97/555 8613/98/576
f 8612/97/555 8614/99/531 8613/98/576
f 8615/102/1 8616/103/1 8617/100/1
f 8616/103/1 8618/104/1 8617/100/1
f 8619/96/534 8620/97/534 8621/98/541
f 8620/97/534 8622/99/541 8621/98/541
f 8623/96/562 8624/97/562 8625/98/585
f 8624/97/562 8626/99/571 8625/98/585
f 8581/106/8 8627/106/8 8582/108/8
f 8627/106/8 8628/108/8 8582/108/8
f 8583/110/1 8629/110/1 8584/112/536
f 8629/110/1 8630/112/536 8584/112/536
f 8585/114/8 8631/114/8 8586/112/8
f 8631/114/8 8632/112/8 8586/112/8
f 8587/110/1 8633/110/1 8588/108/536
f 8633/110/1 8634/108/537 8588/108/536
f 8589/112/7 8635/112/7 8590/114/7
f 8635/112/7 8636/114/7 8590/114/7
f 8591/108/538 8637/108/560 8583/110/1
f 8637/108/560 8629/110/1 8583/110/1
f 8592/108/7 8638/108/7 8593/106/7
f 8638/108/7 8639/106/7 8593/106/7
f 8594/112/538 8640/112/538 8587/110/1
f 8640/112/538 8633/110/1 8587/110/1
f 8641/96/567 8642/97/15 8643/98/539
f 8642/97/15 8644/99/10 8643/98/539
f 8645/100/1 8646/101/1 8647/102/1
f 8646/101/1 8648/103/1 8647/102/1
f 8649/96/561 8650/97/561 8651/98/561
f 8650/97/561 8652/99/561 8651/98/561
f 8653/96/571 8654/97/618 8655/98/529
f 8654/97/618 8656/99/529 8655/98/529
f 8657/96/551 8658/97/139 8659/98/567
f 8658/97/139 8660/99/580 8659/98/567
f 8661/102/1 8662/103/1 8663/100/1
f 8662/103/1 8664/104/1 8663/100/1
f 8665/96/542 8666/97/542 8667/98/534
f 8666/97/542 8668/99/526 8667/98/534
f 8669/96/528 8670/97/544 8671/98/566
f 8670/97/544 8672/99/530 8671/98/566
f 8627/106/8 8673/106/8 8628/108/8
f 8673/106/8 8674/108/8 8628/108/8
f 8629/110/1 8675/110/1 8630/112/536
f 8675/110/1 8676/112/536 8630/112/536
f 8631/114/8 8677/114/8 8632/112/8
f 8677/114/8 8678/112/8 8632/112/8
f 8633/110/1 8679/110/1 8634/108/537
f 8679/110/1 8680/108/536 8634/108/537
f 8635/112/7 8681/112/7 8636/114/7
f 8681/112/7 8682/114/7 8636/114/7
f 8637/108/560 8683/108/538 8629/110/1
f 8683/108/538 8675/110/1 8629/110/1
f 8638/108/7 8684/108/7 8639/106/7
f 8684/108/7 8685/106/7 8639/106/7
f 8640/112/538 8686/112/538 8633/110/1
f 8686/112/538 8679/110/1 8633/110/1
f 8687/96/580 8688/97/555 8689/98/525
f 8688/97/555 8690/99/533 8689/98/525
f 8691/100/1 8692/101/1 8693/102/1
f 8692/101/1 8694/103/1 8693/102/1
f 8695/96/609 8696/97/600 8697/98/619
f 8696/97/600 8698/99/619 8697/98/619
f 8699/96/530 8700/97/566 8701/98/544
f 8700/97/566 8702/99/528 8701/98/544
f 8703/96/525 8704/97/578 8705/98/139
f 8704/97/578 8706/99/556 8705/98/139
f 8707/102/1 8708/103/1 8709/100/1
f 8708/103/1 8710/104/1 8709/100/1
f 8711/96/541 8712/97/541 8713/98/534
f 8712/97/541 8714/99/534 8713/98/534
f 8715/96/549 8716/97/549 8717/98/566
f 8716/97/549 8718/99/566 8717/98/566
f 8673/106/8 8719/106/8 8674/108/8
f 8719/106/8 8720/108/8 8674/108/8
f 8675/110/1 8721/110/1 8676/112/536
f 8721/110/1 8722/112/537 8676/112/536
f 8677/114/8 8723/114/8 8678/112/8
f 8723/114/8 8724/112/8 8678/112/8
f 8679/110/1 8725/110/1 8680/108/536
f 8725/110/1 8726/108/536 8680/108/536
f 8681/112/7 8727/112/7 8682/114/7
f 8727/112/7 8728/114/7 8682/114/7
f 8683/108/538 8729/108/538 8675/110/1
f 8729/108/538 8721/110/1 8675/110/1
f 8684/108/7 8730/108/7 8685/106/7
f 8730/108/7 8731/106/7 8685/106/7
f 8686/112/538 8732/112/538 8679/110/1
f 8732/112/538 8725/110/1 8679/110/1
f 8733/96/531 8734/97/580 8735/98/580
f 8734/97/580 8736/99/532 8735/98/580
f 8737/100/1 8738/101/1 8739/102/1
f 8738/101/1 8740/103/1 8739/102/1
f 8741/96/561 8742/97/542 8743/98/534
f 8742/97/542 8744/99/553 8743/98/534
f 8745/96/548 8746/97/548 8747/98/529
f 8746/97/548 8748/99/529 8747/98/529
f 8749/96/10 8750/97/620 8751/98/525
f 8750/97/620 8752/99/525 8751/98/525
f 8753/102/1 8754/103/1 8755/100/1
f 8754/103/1 8756/104/1 8755/100/1
f 8757/96/552 8758/97/552 8759/98/568
f 8758/97/552 8760/99/568 8759/98/568
f 8761/96/545 8762/97/545 8763/98/545
f 8762/97/545 8764/99/545 8763/98/545
f 8719/106/8 8765/106/8 8720/108/8
f 8765/106/8 8766/108/8 8720/108/8
f 8721/110/1 8767/110/1 8722/112/537
f 8767/110/1 8768/112/536 8722/112/537
f 8723/114/8 8769/114/8 8724/112/8
f 8769/114/8 8770/112/8 8724/112/8
f 8725/110/1 8771/110/572 8726/108/536
f 8771/110/572 8772/108/589 8726/108/536
f 8727/112/7 8773/112/7 8728/114/7
f 8773/112/7 8774/114/7 8728/114/7
f 8729/108/538 8775/108/560 8721/110/1
f 8775/108/560 8767/110/1 8721/110/1
f 8730/108/7 8776/108/7 8731/106/7
f 8776/108/7 8777/106/7 8731/106/7
f 8732/112/538 8778/112/573 8725/110/1
f 8778/112/573 8771/110/572 8725/110/1
f 8779/96/139 8780/97/580 8781/98/578
f 8780/97/580 8782/99/531 8781/98/578
f 8783/100/1 8784/101/1 8785/102/1
f 8784/101/1 8786/103/1 8785/102/1
f 8787/96/616 8788/97/590 8789/98/619
f 8788/97/590 8790/99/619 8789/98/619
f 8791/96/529 8792/97/529 8793/98/529
f 8792/97/529 8794/99/529 8793/98/529
f 8795/96/574 8796/97/531 8797/98/567
f 8796/97/531 8798/99/565 8797/98/567
f 8799/102/1 8800/103/1 8801/100/1
f 8800/103/1 8802/104/1 8801/100/1
f 8803/96/541 8804/97/568 8805/98/561
f 8804/97/568 8806/99/590 8805/98/561
f 8807/96/562 8808/97/562 8809/98/529
f 8808/97/562 8810/99/557 8809/98/529
f 8207/106/8 8811/106/8 8208/108/8
f 8811/106/8 8812/108/8 8208/108/8
f 8209/110/1 8813/110/1 8210/112/536
f 8813/110/1 8814/112/537 8210/112/536
f 8211/114/8 8815/114/8 8212/112/8
f 8815/114/8 8816/112/8 8212/112/8
f 8817/109/535 8818/110/1 8819/108/536
f 8818/110/1 8820/108/536 8819/108/536
f 8215/112/7 8821/112/7 8216/114/7
f 8821/112/7 8822/114/7 8216/114/7
f 8217/108/538 8823/108/538 8209/110/1
f 8823/108/538 8813/110/1 8209/110/1
f 8218/108/7 8824/108/7 8219/106/7
f 8824/108/7 8825/106/7 8219/106/7
f 8826/112/538 8827/112/538 8817/109/535
f 8827/112/538 8818/110/1 8817/109/535
f 8828/96/533 8829/97/563 8830/98/531
f 8829/97/563 8831/99/531 8830/98/531
f 8832/100/1 8833/101/1 8834/102/1
f 8833/101/1 8835/103/1 8834/102/1
f 8836/96/552 8837/97/552 8838/98/541
f 8837/97/552 8839/99/541 8838/98/541
f 8840/96/529 8841/97/529 8842/98/529
f 8841/97/529 8843/99/529 8842/98/529
f 8844/96/10 8845/97/14 8846/98/556
f 8845/97/14 8847/99/610 8846/98/556
f 8848/102/1 8849/103/1 8850/100/1
f 8849/103/1 8851/104/1 8850/100/1
f 8852/96/534 8853/97/526 8854/98/541
f 8853/97/526 8855/99/541 8854/98/541
f 8856/96/557 8857/97/529 8858/98/562
f 8857/97/529 8859/99/562 8858/98/562
f 8811/106/8 8860/106/8 8812/108/8
f 8860/106/8 8861/108/8 8812/108/8
f 8813/110/1 8862/110/1 8814/112/537
f 8862/110/1 8863/112/536 8814/112/537
f 8815/114/8 8864/114/8 8816/112/8
f 8864/114/8 8865/112/8 8816/112/8
f 8818/110/1 8866/110/1 8820/108/536
f 8866/110/1 8867/108/537 8820/108/536
f 8821/112/7 8868/112/7 8822/114/7
f 8868/112/7 8869/114/7 8822/114/7
f 8823/108/538 8870/108/560 8813/110/1
f 8870/108/560 8862/110/1 8813/110/1
f 8824/108/7 8871/108/7 8825/106/7
f 8871/108/7 8872/106/7 8825/106/7
f 8827/112/538 8873/112/538 8818/110/1
f 8873/112/538 8866/110/1 8818/110/1
f 8874/96/139 8875/97/531 8876/98/139
f 8875/97/531 8877/99/567 8876/98/139
f 8878/100/1 8879/101/1 8880/102/1
f 8879/101/1 8881/103/1 8880/102/1
f 8882/96/553 8883/97/553 8884/98/534
f 8883/97/553 8885/99/534 8884/98/534
f 8886/96/545 8887/97/545 8888/98/584
f 8887/97/545 8889/99/584 8888/98/584
f 8890/96/580 8891/97/547 8892/98/567
f 8891/97/547 8893/99/613 8892/98/567
f 8894/102/1 8895/103/1 8896/100/1
f 8895/103/1 8897/104/1 8896/100/1
f 8898/96/527 8899/97/527 8900/98/526
f 8899/97/527 8901/99/526 8900/98/526
f 8902/96/557 8903/97/557 8904/98/529
f 8903/97/557 8905/99/545 8904/98/529
f 8860/106/8 8906/106/8 8861/108/8
f 8906/106/8 8907/108/8 8861/108/8
f 8862/110/1 8908/110/1 8863/112/536
f 8908/110/1 8909/112/536 8863/112/536
f 8864/114/8 8910/114/8 8865/112/8
f 8910/114/8 8911/112/8 8865/112/8
f 8866/110/1 8912/110/1 8867/108/537
f 8912/110/1 8913/108/536 8867/108/537
f 8868/112/7 8914/112/7 8869/114/7
f 8914/112/7 8915/114/7 8869/114/7
f 8870/108/560 8916/108/538 8862/110/1
f 8916/108/538 8908/110/1 8862/110/1
f 8871/108/7 8917/108/7 8872/106/7
f 8917/108/7 8918/106/7 8872/106/7
f 8873/112/538 8919/112/538 8866/110/1
f 8919/112/538 8912/110/1 8866/110/1
f 8920/96/578 8921/97/621 8922/98/578
f 8921/97/621 8923/99/565 8922/98/578
f 8924/100/1 8925/101/1 8926/102/1
f 8925/101/1 8927/103/1 8926/102/1
f 8928/96/526 8929/97/526 8930/98/527
f 8929/97/526 8931/99/527 8930/98/527
f 8932/96/604 8933/97/604 8934/98/548
f 8933/97/604 8935/99/528 8934/98/548
f 8936/96/531 8937/97/555 8938/98/533
f 8937/97/555 8939/99/622 8938/98/533
f 8940/102/1 8941/103/1 8942/100/1
f 8941/103/1 8943/104/1 8942/100/1
f 8944/96/553 8945/97/553 8946/98/534
f 8945/97/553 8947/99/534 8946/98/534
f 8948/96/548 8949/97/548 8950/98/528
f 8949/97/548 8951/99/528 8950/98/528
f 8906/106/8 8952/106/8 8907/108/8
f 8952/106/8 8953/108/8 8907/108/8
f 8908/110/1 8954/110/1 8909/112/536
f 8954/110/1 8955/112/537 8909/112/536
f 8910/114/8 8956/114/8 8911/112/8
f 8956/114/8 8957/112/8 8911/112/8
f 8912/110/1 8958/110/1 8913/108/536
f 8958/110/1 8959/108/536 8913/108/536
f 8914/112/7 8960/112/7 8915/114/7
f 8960/112/7 8961/114/7 8915/114/7
f 8916/108/538 8962/108/538 8908/110/1
f 8962/108/538 8954/110/1 8908/110/1
f 8917/108/7 8963/108/7 8918/106/7
f 8963/108/7 8964/106/7 8918/106/7
f 8919/112/538 8965/112/538 8912/110/1
f 8965/112/538 8958/110/1 8912/110/1
f 8966/96/547 8967/97/555 8968/98/608
f 8967/97/555 8969/99/531 8968/98/608
f 8970/100/1 8971/101/1 8972/102/1
f 8971/101/1 8973/103/1 8972/102/1
f 8974/96/526 8975/97/526 8976/98/526
f 8975/97/526 8977/99/526 8976/98/526
f 8978/96/529 8979/97/529 8980/98/545
f 8979/97/529 8981/99/545 8980/98/545
f 8982/96/567 8983/97/569 8984/98/596
f 8983/97/569 8985/99/623 8984/98/596
f 8986/102/1 8987/103/1 8988/100/1
f 8987/103/1 8989/104/1 8988/100/1
f 8990/96/553 8991/97/553 8992/98/541
f 8991/97/553 8993/99/541 8992/98/541
f 8994/96/562 8995/97/562 8996/98/529
f 8995/97/562 8997/99/529 8996/98/529
f 8952/106/8 8998/106/8 8953/108/8
f 8998/106/8 8999/108/8 8953/108/8
f 8954/110/1 9000/110/1 8955/112/537
f 9000/110/1 9001/112/536 8955/112/537
f 8956/114/8 9002/114/8 8957/112/8
f 9002/114/8 9003/112/8 8957/112/8
f 8958/110/1 9004/110/1 8959/108/536
f 9004/110/1 9005/108/537 8959/108/536
f 8960/112/7 9006/112/7 8961/114/7
f 9006/112/7 9007/114/7 8961/114/7
f 8962/108/538 9008/108/538 8954/110/1
f 9008/108/538 9000/110/1 8954/110/1
f 8963/108/7 9009/108/7 8964/106/7
f 9009/108/7 9010/106/7 8964/106/7
f 8965/112/538 9011/112/538 8958/110/1
f 9011/112/538 9004/110/1 8958/110/1
f 9012/96/96 9013/97/96 9014/98/570
f 9013/97/96 9015/99/570 9014/98/570
f 9016/100/1 9017/101/1 9018/102/1
f 9017/101/1 9019/103/1 9018/102/1
f 9020/96/543 9021/97/543 9022/98/526
f 9021/97/543 9023/99/526 9022/98/526
f 9024/96/548 9025/97/548 9026/98/529
f 9025/97/548 9027/99/529 9026/98/529
f 9028/96/139 9029/97/531 9030/98/574
f 9029/97/531 9031/99/610 9030/98/574
f 9032/102/1 9033/103/1 9034/100/1
f 9033/103/1 9035/104/1 9034/100/1
f 9036/96/527 9037/97/527 9038/98/527
f 9037/97/527 9039/99/527 9038/98/527
f 9040/96/557 9041/97/557 9042/98/549
f 9041/97/557 9043/99/566 9042/98/549
f 8998/106/8 9044/106/8 8999/108/8
f 9044/106/8 9045/108/8 8999/108/8
f 9000/110/1 9046/110/1 9001/112/536
f 9046/110/1 9047/112/536 9001/112/536
f 9002/114/8 9048/114/8 9003/112/8
f 9048/114/8 9049/112/8 9003/112/8
f 9004/110/1 9050/110/572 9005/108/537
f 9050/110/572 9051/108/536 9005/108/537
f 9006/112/7 9052/112/7 9007/114/7
f 9052/112/7 9053/114/7 9007/114/7
f 9008/108/538 9054/108/538 9000/110/1
f 9054/108/538 9046/110/1 9000/110/1
f 9009/108/7 9055/108/7 9010/106/7
f 9055/108/7 9056/106/7 9010/106/7
f 9011/112/538 9057/112/573 9004/110/1
f 9057/112/573 9050/110/572 9004/110/1
f 9058/96/567 9059/97/139 9060/98/551
f 9059/97/139 9061/99/567 9060/98/551
f 9062/100/1 9063/101/1 9064/102/1
f 9063/101/1 9065/103/1 9064/102/1
f 9066/96/568 9067/97/568 9068/98/526
f 9067/97/568 9069/99/526 9068/98/526
f 9070/96/562 9071/97/562 9072/98/606
f 9071/97/562 9073/99/606 9072/98/606
f 9074/96/96 9075/97/96 9076/98/96
f 9075/97/96 9077/99/612 9076/98/96
f 9078/102/1 9079/103/1 9080/100/1
f 9079/103/1 9081/104/1 9080/100/1
f 9082/96/541 9083/97/541 9084/98/552
f 9083/97/541 9085/99/552 9084/98/552
f 9086/96/528 9087/97/544 9088/98/549
f 9087/97/544 9089/99/566 9088/98/549
f 8486/106/8 9090/106/8 8487/108/8
f 9090/106/8 9091/108/8 8487/108/8
f 8488/110/1 9092/110/1 8489/112/536
f 9092/110/1 9093/112/536 8489/112/536
f 8490/114/8 9094/114/8 8491/112/8
f 9094/114/8 9095/112/8 8491/112/8
f 9096/109/535 9097/110/1 9098/108/536
f 9097/110/1 9099/108/536 9098/108/536
f 8494/112/7 9100/112/7 8495/114/7
f 9100/112/7 9101/114/7 8495/114/7
f 8496/108/538 9102/108/538 8488/110/1
f 9102/108/538 9092/110/1 8488/110/1
f 8497/108/7 9103/108/7 8498/106/7
f 9103/108/7 9104/106/7 8498/106/7
f 9105/112/538 9106/112/538 9096/109/535
f 9106/112/538 9097/110/1 9096/109/535
f 9107/96/551 9108/97/139 9109/98/539
f 9108/97/139 9110/99/139 9109/98/539
f 9111/100/1 9112/101/1 9113/102/1
f 9112/101/1 9114/103/1 9113/102/1
f 9115/96/587 9116/97/624 9117/98/527
f 9116/97/624 9118/99/543 9117/98/527
f 9119/96/530 9120/97/530 9121/98/566
f 9120/97/530 9122/99/566 9121/98/566
f 9123/96/613 9124/97/539 9125/98/565
f 9124/97/539 9126/99/531 9125/98/565
f 9127/102/1 9128/103/1 9129/100/1
f 9128/103/1 9130/104/1 9129/100/1
f 9131/96/526 9132/97/526 9133/98/553
f 9132/97/526 9134/99/553 9133/98/553
f 9135/96/548 9136/97/530 9137/98/528
f 9136/97/530 9138/99/528 9137/98/528
f 9090/106/8 9139/106/8 9091/108/8
f 9139/106/8 9140/108/8 9091/108/8
f 9092/110/1 9141/110/1 9093/112/536
f 9141/110/1 9142/112/536 9093/112/536
f 9094/114/8 9143/114/8 9095/112/8
f 9143/114/8 9144/112/8 9095/112/8
f 9097/110/1 9145/110/1 9099/108/536
f 9145/110/1 9146/108/536 9099/108/536
f 9100/112/7 9147/112/7 9101/114/7
f 9147/112/7 9148/114/7 9101/114/7
f 9102/108/538 9149/108/538 9092/110/1
f 9149/108/538 9141/110/1 9092/110/1
f 9103/108/7 9150/108/7 9104/106/7
f 9150/108/7 9151/106/7 9104/106/7
f 9106/112/538 9152/112/538 9097/110/1
f 9152/112/538 9145/110/1 9097/110/1
f 9153/96/556 9154/97/551 9155/98/580
f 9154/97/551 9156/99/625 9155/98/580
f 9157/100/1 9158/101/1 9159/102/1
f 9158/101/1 9160/103/1 9159/102/1
f 9161/96/534 9162/97/534 9163/98/534
f 9162/97/534 9164/99/534 9163/98/534
f 9165/96/562 9166/97/562 9167/98/562
f 9166/97/562 9168/99/562 9167/98/562
f 9169/96/569 9170/97/15 9171/98/539
f 9170/97/15 9172/99/525 9171/98/539
f 9173/102/1 9174/103/1 9175/100/1
f 9174/103/1 9176/104/1 9175/100/1
f 9177/96/552 9178/97/552 9179/98/553
f 9178/97/552 9180/99/553 9179/98/553
f 9181/96/585 9182/97/585 9183/98/529
f 9182/97/585 9184/99/529 9183/98/529
f 9139/106/8 9185/106/8 9140/108/8
f 9185/106/8 9186/108/8 9140/108/8
f 9141/110/1 9187/110/1 9142/112/536
f 9187/110/1 9188/112/536 9142/112/536
f 9143/114/8 9189/114/8 9144/112/8
f 9189/114/8 9190/112/8 9144/112/8
f 9145/110/1 9191/110/1 9146/108/536
f 9191/110/1 9192/108/536 9146/108/536
f 9147/112/7 9193/112/7 9148/114/7
f 9193/112/7 9194/114/7 9148/114/7
f 9149/108/538 9195/108/538 9141/110/1
f 9195/108/538 9187/110/1 9141/110/1
f 9150/108/7 9196/108/7 9151/106/7
f 9196/108/7 9197/106/7 9151/106/7
f 9152/112/538 9198/112/538 9145/110/1
f 9198/112/538 9191/110/1 9145/110/1
f 9199/96/139 9200/97/580 9201/98/139
f 9200/97/580 9202/99/551 9201/98/139
f 9203/100/1 9204/101/1 9205/102/1
f 9204/101/1 9206/103/1 9205/102/1
f 9207/96/590 9208/97/543 9209/98/526
f 9208/97/543 9210/99/526 9209/98/526
f 9211/96/545 9212/97/529 9213/98/571
f 9212/97/529 9214/99/594 9213/98/571
f 9215/96/626 9216/97/612 9217/98/531
f 9216/97/612 9218/99/531 9217/98/531
f 9219/102/1 9220/103/1 9221/100/1
f 9220/103/1 9222/104/1 9221/100/1
f 9223/96/526 9224/97/526 9225/98/534
f 9224/97/526 9226/99/601 9225/98/534
f 9227/96/559 9228/97/594 9229/98/529
f 9228/97/594 9230/99/557 9229/98/529
f 9185/106/8 9231/106/8 9186/108/8
f 9231/106/8 9232/108/8 9186/108/8
f 9187/110/1 9233/110/1 9188/112/536
f 9233/110/1 9234/112/536 9188/112/536
f 9189/114/8 9235/114/8 9190/112/8
f 9235/114/8 9236/112/8 9190/112/8
f 9191/110/1 9237/110/1 9192/108/536
f 9237/110/1 9238/108/536 9192/108/536
f 9193/112/7 9239/112/7 9194/114/7
f 9239/112/7 9240/114/7 9194/114/7
f 9195/108/538 9241/108/538 9187/110/1
f 9241/108/538 9233/110/1 9187/110/1
f 9196/108/7 9242/108/7 9197/106/7
f 9242/108/7 9243/106/7 9197/106/7
f 9198/112/538 9244/112/538 9191/110/1
f 9244/112/538 9237/110/1 9191/110/1
f 9245/96/580 9246/97/578 9247/98/139
f 9246/97/578 9248/99/531 9247/98/139
f 9249/100/1 9250/101/1 9251/102/1
f 9250/101/1 9252/103/1 9251/102/1
f 9253/96/534 9254/97/534 9255/98/534
f 9254/97/534 9256/99/534 9255/98/534
f 9257/96/548 9258/97/548 9259/98/548
f 9258/97/548 9260/99/530 9259/98/548
f 9261/96/582 9262/97/574 9263/98/577
f 9262/97/574 9264/99/531 9263/98/577
f 9265/102/1 9266/103/1 9267/100/1
f 9266/103/1 9268/104/1 9267/100/1
f 9269/96/553 9270/97/553 9271/98/553
f 9270/97/553 9272/99/553 9271/98/553
f 9273/96/528 9274/97/557 9275/98/530
f 9274/97/557 9276/99/548 9275/98/530
f 9231/106/8 9277/106/8 9232/108/8
f 9277/106/8 9278/108/8 9232/108/8
f 9233/110/1 9279/110/1 9234/112/536
f 9279/110/1 9280/112/536 9234/112/536
f 9235/114/8 9281/114/8 9236/112/8
f 9281/114/8 9282/112/8 9236/112/8
f 9237/110/1 9283/110/1 9238/108/536
f 9283/110/1 9284/108/536 9238/108/536
f 9239/112/7 9285/112/7 9240/114/7
f 9285/112/7 9286/114/7 9240/114/7
f 9241/108/538 9287/108/538 9233/110/1
f 9287/108/538 9279/110/1 9233/110/1
f 9242/108/7 9288/108/7 9243/106/7
f 9288/108/7 9289/106/7 9243/106/7
f 9244/112/538 9290/112/538 9237/110/1
f 9290/112/538 9283/110/1 9237/110/1
f 9291/96/525 9292/97/627 9293/98/556
f 9292/97/627 9294/99/574 9293/98/556
f 9295/100/1 9296/101/1 9297/102/1
f 9296/101/1 9298/103/1 9297/102/1
f 9299/96/628 9300/97/616 9301/98/543
f 9300/97/616 9302/99/543 9301/98/543
f 9303/96/566 9304/97/566 9305/98/566
f 9304/97/566 9306/99/566 9305/98/566
f 9307/96/578 9308/97/10 9309/98/551
f 9308/97/10 9310/99/551 9309/98/551
f 9311/102/1 9312/103/1 9313/100/1
f 9312/103/1 9314/104/1 9313/100/1
f 9315/96/568 9316/97/568 9317/98/552
f 9316/97/568 9318/99/552 9317/98/552
f 9319/96/562 9320/97/562 9321/98/529
f 9320/97/562 9322/99/529 9321/98/529
f 9277/106/8 9323/106/8 9278/108/8
f 9323/106/8 9324/108/8 9278/108/8
f 9279/110/1 9325/110/1 9280/112/536
f 9325/110/1 9326/112/536 9280/112/536
f 9281/114/8 9327/114/8 9282/112/8
f 9327/114/8 9328/112/8 9282/112/8
f 9283/110/1 9329/110/572 9284/108/536
f 9329/110/572 9330/108/536 9284/108/536
f 9285/112/7 9331/112/7 9286/114/7
f 9331/112/7 9332/114/7 9286/114/7
f 9287/108/538 9333/108/538 9279/110/1
f 9333/108/538 9325/110/1 9279/110/1
f 9288/108/7 9334/108/7 9289/106/7
f 9334/108/7 9335/106/7 9289/106/7
f 9290/112/538 9336/112/573 9283/110/1
f 9336/112/573 9329/110/572 9283/110/1
f 9337/96/551 9338/97/139 9339/98/525
f 9338/97/139 9340/99/139 9339/98/525
f 9341/100/1 9342/101/1 9343/102/1
f 9342/101/1 9344/103/1 9343/102/1
f 9345/96/540 9346/97/541 9347/98/526
f 9346/97/541 9348/99/534 9347/98/526
f 9349/96/562 9350/97/562 9351/98/558
f 9350/97/562 9352/99/528 9351/98/558
f 9353/96/96 9354/97/96 9355/98/580
f 9354/97/96 9356/99/574 9355/98/580
f 9357/102/1 9358/103/1 9359/100/1
f 9358/103/1 9360/104/1 9359/100/1
f 9361/96/534 9362/97/534 9363/98/629
f 9362/97/534 9364/99/540 9363/98/629
f 9365/96/557 9366/97/557 9367/98/566
f 9366/97/557 9368/99/530 9367/98/566
f 8765/106/8 9369/106/8 8766/108/8
f 9369/106/8 9370/108/8 8766/108/8
f 8767/110/1 9371/110/1 8768/112/536
f 9371/110/1 9372/112/536 8768/112/536
f 8769/114/8 9373/114/8 8770/112/8
f 9373/114/8 9374/112/8 8770/112/8
f 9375/109/575 9376/110/1 9377/108/536
f 9376/110/1 9378/108/537 9377/108/536
f 8773/112/7 9379/112/7 8774/114/7
f 9379/112/7 9380/114/7 8774/114/7
f 8775/108/560 9381/108/538 8767/110/1
f 9381/108/538 9371/110/1 8767/110/1
f 8776/108/7 9382/108/7 8777/106/7
f 9382/108/7 9383/106/7 8777/106/7
f 9384/112/538 9385/112/538 9375/109/575
f 9385/112/538 9376/110/1 9375/109/575
f 9386/96/10 9387/97/525 9388/98/531
f 9387/97/525 9389/99/531 9388/98/531
f 9390/100/1 9391/101/1 9392/102/1
f 9391/101/1 9393/103/1 9392/102/1
f 9394/96/561 9395/97/561 9396/98/568
f 9395/97/561 9397/99/541 9396/98/568
f 9398/96/529 9399/97/529 9400/98/557
f 9399/97/529 9401/99/557 9400/98/557
f 9402/96/551 9403/97/580 9404/98/15
f 9403/97/580 9405/99/10 9404/98/15
f 9406/102/1 9407/103/1 9408/100/1
f 9407/103/1 9409/104/1 9408/100/1
f 9410/96/628 9411/97/616 9412/98/619
f 9411/97/616 9413/99/609 9412/98/619
f 9414/96/548 9415/97/530 9416/98/528
f 9415/97/530 9417/99/528 9416/98/528
f 9369/106/8 9418/106/8 9370/108/8
f 9418/106/8 9419/108/8 9370/108/8
f 9371/110/1 9420/110/1 9372/112/536
f 9420/110/1 9421/112/536 9372/112/536
f 9373/114/8 9422/114/8 9374/112/8
f 9422/114/8 9423/112/8 9374/112/8
f 9376/110/1 9424/110/1 9378/108/537
f 9424/110/1 9425/108/536 9378/108/537
f 9379/112/7 9426/112/7 9380/114/7
f 9426/112/7 9427/114/7 9380/114/7
f 9381/108/538 9428/108/538 9371/110/1
f 9428/108/538 9420/110/1 9371/110/1
f 9382/108/7 9429/108/7 9383/106/7
f 9429/108/7 9430/106/7 9383/106/7
f 9385/112/538 9431/112/538 9376/110/1
f 9431/112/538 9424/110/1 9376/110/1
f 9432/96/607 9433/97/569 9434/98/630
f 9433/97/569 9435/99/596 9434/98/630
f 9436/100/1 9437/101/1 9438/102/1
f 9437/101/1 9439/103/1 9438/102/1
f 9440/96/542 9441/97/542 9442/98/534
f 9441/97/542 9443/99/526 9442/98/534
f 9444/96/566 9445/97/566 9446/98/566
f 9445/97/566 9447/99/566 9446/98/566
f 9448/96/547 9449/97/96 9450/98/96
f 9449/97/96 9451/99/569 9450/98/96
f 9452/102/1 9453/103/1 9454/100/1
f 9453/103/1 9455/104/1 9454/100/1
f 9456/96/553 9457/97/553 9458/98/541
f 9457/97/553 9459/99/541 9458/98/541
f 9460/96/566 9461/97/566 9462/98/566
f 9461/97/566 9463/99/566 9462/98/566
f 9418/106/8 9464/106/8 9419/108/8
f 9464/106/8 9465/108/8 9419/108/8
f 9420/110/1 9466/110/1 9421/112/536
f 9466/110/1 9467/112/536 9421/112/536
f 9422/114/8 9468/114/8 9423/112/8
f 9468/114/8 9469/112/8 9423/112/8
f 9424/110/1 9470/110/1 9425/108/536
f 9470/110/1 9471/108/536 9425/108/536
f 9426/112/7 9472/112/7 9427/114/7
f 9472/112/7 9473/114/7 9427/114/7
f 9428/108/538 9474/108/538 9420/110/1
f 9474/108/538 9466/110/1 9420/110/1
f 9429/108/7 9475/108/7 9430/106/7
f 9475/108/7 9476/106/7 9430/106/7
f 9431/112/538 9477/112/560 9424/110/1
f 9477/112/560 9470/110/1 9424/110/1
f 9478/96/531 9479/97/555 9480/98/567
f 9479/97/555 9481/99/563 9480/98/567
f 9482/100/1 9483/101/1 9484/102/1
f 9483/101/1 9485/103/1 9484/102/1
f 9486/96/527 9487/97/527 9488/98/543
f 9487/97/527 9489/99/543 9488/98/543
f 9490/96/548 9491/97/566 9492/98/528
f 9491/97/566 9493/99/528 9492/98/528
f 9494/96/531 9495/97/555 9496/98/15
f 9495/97/555 9497/99/533 9496/98/15
f 9498/102/1 9499/103/1 9500/100/1
f 9499/103/1 9501/104/1 9500/100/1
f 9502/96/581 9503/97/541 9504/98/534
f 9503/97/541 9505/99/534 9504/98/534
f 9506/96/562 9507/97/545 9508/98/529
f 9507/97/545 9509/99/529 9508/98/529
f 9464/106/8 9510/106/8 9465/108/8
f 9510/106/8 9511/108/8 9465/108/8
f 9466/110/1 9512/110/1 9467/112/536
f 9512/110/1 9513/112/536 9467/112/536
f 9468/114/8 9514/114/8 9469/112/8
f 9514/114/8 9515/112/8 9469/112/8
f 9470/110/1 9516/110/1 9471/108/536
f 9516/110/1 9517/108/536 9471/108/536
f 9472/112/7 9518/112/7 9473/114/7
f 9518/112/7 9519/114/7 9473/114/7
f 9474/108/538 9520/108/538 9466/110/1
f 9520/108/538 9512/110/1 9466/110/1
f 9475/108/7 9521/108/7 9476/106/7
f 9521/108/7 9522/106/7 9476/106/7
f 9477/112/560 9523/112/538 9470/110/1
f 9523/112/538 9516/110/1 9470/110/1
f 9524/96/612 9525/97/612 9526/98/574
f 9525/97/612 9527/99/576 9526/98/574
f 9528/100/1 9529/101/1 9530/102/1
f 9529/101/1 9531/103/1 9530/102/1
f 9532/96/526 9533/97/526 9534/98/526
f 9533/97/526 9535/99/526 9534/98/526
f 9536/96/529 9537/97/557 9538/98/544
f 9537/97/557 9539/99/544 9538/98/544
f 9540/96/607 9541/97/10 9542/98/525
f 9541/97/10 9543/99/15 9542/98/525
f 9544/102/1 9545/103/1 9546/100/1
f 9545/103/1 9547/104/1 9546/100/1
f 9548/96/587 9549/97/587 9550/98/526
f 9549/97/587 9551/99/527 9550/98/526
f 9552/96/549 9553/97/549 9554/98/566
f 9553/97/549 9555/99/566 9554/98/566
f 9510/106/8 9556/106/8 9511/108/8
f 9556/106/8 9557/108/8 9511/108/8
f 9512/110/1 9558/110/1 9513/112/536
f 9558/110/1 9559/112/536 9513/112/536
f 9514/114/8 9560/114/8 9515/112/8
f 9560/114/8 9561/112/8 9515/112/8
f 9516/110/1 9562/110/1 9517/108/536
f 9562/110/1 9563/108/536 9517/108/536
f 9518/112/7 9564/112/7 9519/114/7
f 9564/112/7 9565/114/7 9519/114/7
f 9520/108/538 9566/108/560 9512/110/1
f 9566/108/560 9558/110/1 9512/110/1
f 9521/108/7 9567/108/7 9522/106/7
f 9567/108/7 9568/106/7 9522/106/7
f 9523/112/538 9569/112/538 9516/110/1
f 9569/112/538 9562/110/1 9516/110/1
f 9570/96/625 9571/97/539 9572/98/631
f 9571/97/539 9573/99/551 9572/98/631
f 9574/100/1 9575/101/1 9576/102/1
f 9575/101/1 9577/103/1 9576/102/1
f 9578/96/543 9579/97/543 9580/98/543
f 9579/97/543 9581/99/527 9580/98/543
f 9582/96/528 9583/97/544 9584/98/615
f 9583/97/544 9585/99/548 9584/98/615
f 9586/96/533 9587/97/539 9588/98/525
f 9587/97/539 9589/99/578 9588/98/525
f 9590/102/1 9591/103/1 9592/100/1
f 9591/103/1 9593/104/1 9592/100/1
f 9594/96/568 9595/97/568 9596/98/553
f 9595/97/568 9597/99/553 9596/98/553
f 9598/96/557 9599/97/557 9600/98/566
f 9599/97/557 9601/99/530 9600/98/566
f 9556/106/8 9602/106/8 9557/108/8
f 9602/106/8 9603/108/8 9557/108/8
f 9558/110/1 9604/110/1 9559/112/536
f 9604/110/1 9605/112/536 9559/112/536
f 9560/114/8 9606/114/8 9561/112/8
f 9606/114/8 9607/112/8 9561/112/8
f 9562/110/1 9608/110/572 9563/108/536
f 9608/110/572 9609/108/589 9563/108/536
f 9564/112/7 9610/112/7 9565/114/7
f 9610/112/7 9611/114/7 9565/114/7
f 9566/108/560 9612/108/538 9558/110/1
f 9612/108/538 9604/110/1 9558/110/1
f 9567/108/7 9613/108/7 9568/106/7
f 9613/108/7 9614/106/7 9568/106/7
f 9569/112/538 9615/112/538 9562/110/1
f 9615/112/538 9608/110/572 9562/110/1
f 9616/96/15 9617/97/580 9618/98/580
f 9617/97/580 9619/99/555 9618/98/580
f 9620/100/1 9621/101/1 9622/102/1
f 9621/101/1 9623/103/1 9622/102/1
f 9624/96/553 9625/97/552 9626/98/534
f 9625/97/552 9627/99/534 9626/98/534
f 9628/96/584 9629/97/584 9630/98/545
f 9629/97/584 9631/99/545 9630/98/545
f 9632/96/579 9633/97/579 9634/98/569
f 9633/97/579 9635/99/596 9634/98/569
f 9636/102/1 9637/103/1 9638/100/1
f 9637/103/1 9639/104/1 9638/100/1
f 9640/96/543 9641/97/543 9642/98/527
f 9641/97/543 9643/99/527 9642/98/527
f 9644/96/530 9645/97/548 9646/98/594
f 9645/97/548 9647/99/559 9646/98/594
f 9044/106/8 9648/106/8 9045/108/8
f 9648/106/8 9649/108/8 9045/108/8
f 9046/110/1 9650/110/1 9047/112/536
f 9650/110/1 9651/112/536 9047/112/536
f 9048/114/8 9652/114/8 9049/112/8
f 9652/114/8 9653/112/8 9049/112/8
f 9654/109/575 9655/110/1 9656/108/536
f 9655/110/1 9657/108/536 9656/108/536
f 9052/112/7 9658/112/7 9053/114/7
f 9658/112/7 9659/114/7 9053/114/7
f 9054/108/538 9660/108/538 9046/110/1
f 9660/108/538 9650/110/1 9046/110/1
f 9055/108/7 9661/108/7 9056/106/7
f 9661/108/7 9662/106/7 9056/106/7
f 9663/112/538 9664/112/560 9654/109/575
f 9664/112/560 9655/110/1 9654/109/575
f 9665/96/579 9666/97/531 9667/98/580
f 9666/97/531 9668/99/539 9667/98/580
f 9669/100/1 9670/101/1 9671/102/1
f 9670/101/1 9672/103/1 9671/102/1
f 9673/96/526 9674/97/526 9675/98/564
f 9674/97/526 9676/99/564 9675/98/564
f 9677/96/545 9678/97/545 9679/98/562
f 9678/97/545 9680/99/562 9679/98/562
f 9681/96/10 9682/97/10 9683/98/580
f 9682/97/10 9684/99/580 9683/98/580
f 9685/102/1 9686/103/1 9687/100/1
f 9686/103/1 9688/104/1 9687/100/1
f 9689/96/553 9690/97/553 9691/98/553
f 9690/97/553 9692/99/553 9691/98/553
f 9693/96/566 9694/97/566 9695/98/557
f 9694/97/566 9696/99/557 9695/98/557
f 9648/106/8 9697/106/8 9649/108/8
f 9697/106/8 9698/108/8 9649/108/8
f 9650/110/1 9699/110/1 9651/112/536
f 9699/110/1 9700/112/536 9651/112/536
f 9652/114/8 9701/114/8 9653/112/8
f 9701/114/8 9702/112/8 9653/112/8
f 9655/110/1 9703/110/1 9657/108/536
f 9703/110/1 9704/108/536 9657/108/536
f 9658/112/7 9705/112/7 9659/114/7
f 9705/112/7 9706/114/7 9659/114/7
f 9660/108/538 9707/108/538 9650/110/1
f 9707/108/538 9699/110/1 9650/110/1
f 9661/108/7 9708/108/7 9662/106/7
f 9708/108/7 9709/106/7 9662/106/7
f 9664/112/560 9710/112/538 9655/110/1
f 9710/112/538 9703/110/1 9655/110/1
f 9711/96/525 9712/97/532 9713/98/539
f 9712/97/532 9714/99/565 9713/98/539
f 9715/100/1 9716/101/1 9717/102/1
f 9716/101/1 9718/103/1 9717/102/1
f 9719/96/597 9720/97/543 9721/98/527
f 9720/97/543 9722/99/526 9721/98/527
f 9723/96/528 9724/97/544 9725/98/566
f 9724/97/544 9726/99/530 9725/98/566
f 9727/96/582 9728/97/578 9729/98/612
f 9728/97/578 9730/99/539 9729/98/612
f 9731/102/1 9732/103/1 9733/100/1
f 9732/103/1 9734/104/1 9733/100/1
f 9735/96/568 9736/97/553 9737/98/534
f 9736/97/553 9738/99/561 9737/98/534
f 9739/96/562 9740/97/562 9741/98/584
f 9740/97/562 9742/99/585 9741/98/584
f 9697/106/8 9743/106/8 9698/108/8
f 9743/106/8 9744/108/8 9698/108/8
f 9699/110/1 9745/110/1 9700/112/536
f 9745/110/1 9746/112/536 9700/112/536
f 9701/114/8 9747/114/8 9702/112/8
f 9747/114/8 9748/112/8 9702/112/8
f 9703/110/1 9749/110/1 9704/108/536
f 9749/110/1 9750/108/537 9704/108/536
f 9705/112/7 9751/112/7 9706/114/7
f 9751/112/7 9752/114/7 9706/114/7
f 9707/108/538 9753/108/560 9699/110/1
f 9753/108/560 9745/110/1 9699/110/1
f 9708/108/7 9754/108/7 9709/106/7
f 9754/108/7 9755/106/7 9709/106/7
f 9710/112/538 9756/112/538 9703/110/1
f 9756/112/538 9749/110/1 9703/110/1
f 9757/96/539 9758/97/15 9759/98/139
f 9758/97/15 9760/99/579 9759/98/139
f 9761/100/1 9762/101/1 9763/102/1
f 9762/101/1 9764/103/1 9763/102/1
f 9765/96/553 9766/97/553 9767/98/552
f 9766/97/553 9768/99/552 9767/98/552
f 9769/96/584 9770/97/584 9771/98/545
f 9770/97/584 9772/99/545 9771/98/545
f 9773/96/525 9774/97/10 9775/98/15
f 9774/97/10 9776/99/10 9775/98/15
f 9777/102/1 9778/103/1 9779/100/1
f 9778/103/1 9780/104/1 9779/100/1
f 9781/96/526 9782/97/526 9783/98/527
f 9782/97/526 9784/99/527 9783/98/527
f 9785/96/528 9786/97/528 9787/98/566
f 9786/97/528 9788/99/530 9787/98/566
f 9743/106/8 9789/106/8 9744/108/8
f 9789/106/8 9790/108/8 9744/108/8
f 9745/110/1 9791/110/1 9746/112/536
f 9791/110/1 9792/112/536 9746/112/536
f 9747/114/8 9793/114/8 9748/112/8
f 9793/114/8 9794/112/8 9748/112/8
f 9749/110/1 9795/110/1 9750/108/537
f 9795/110/1 9796/108/536 9750/108/537
f 9751/112/7 9797/112/7 9752/114/7
f 9797/112/7 9798/114/7 9752/114/7
f 9753/108/560 9799/108/538 9745/110/1
f 9799/108/538 9791/110/1 9745/110/1
f 9754/108/7 9800/108/7 9755/106/7
f 9800/108/7 9801/106/7 9755/106/7
f 9756/112/538 9802/112/538 9749/110/1
f 9802/112/538 9795/110/1 9749/110/1
f 9803/96/610 9804/97/555 9805/98/578
f 9804/97/555 9806/99/565 9805/98/578
f 9807/100/1 9808/101/1 9809/102/1
f 9808/101/1 9810/103/1 9809/102/1
f 9811/96/609 9812/97/543 9813/98/616
f 9812/97/543 9814/99/632 9813/98/616
f 9815/96/545 9816/97/562 9817/98/606
f 9816/97/562 9818/99/606 9817/98/606
f 9819/96/563 9820/97/15 9821/98/567
f 9820/97/15 9822/99/531 9821/98/567
f 9823/102/1 9824/103/1 9825/100/1
f 9824/103/1 9826/104/1 9825/100/1
f 9827/96/568 9828/97/568 9829/98/553
f 9828/97/568 9830/99/553 9829/98/553
f 9831/96/557 9832/97/557 9833/98/549
f 9832/97/557 9834/99/549 9833/98/549
f 9789/106/8 9835/106/8 9790/108/8
f 9835/106/8 9836/108/8 9790/108/8
f 9791/110/1 9837/110/1 9792/112/536
f 9837/110/1 9838/112/536 9792/112/536
f 9793/114/8 9839/114/8 9794/112/8
f 9839/114/8 9840/112/8 9794/112/8
f 9795/110/1 9841/110/1 9796/108/536
f 9841/110/1 9842/108/536 9796/108/536
f 9797/112/7 9843/112/7 9798/114/7
f 9843/112/7 9844/114/7 9798/114/7
f 9799/108/538 9845/108/538 9791/110/1
f 9845/108/538 9837/110/1 9791/110/1
f 9800/108/7 9846/108/7 9801/106/7
f 9846/108/7 9847/106/7 9801/106/7
f 9802/112/538 9848/112/560 9795/110/1
f 9848/112/560 9841/110/1 9795/110/1
f 9849/96/551 9850/97/10 9851/98/567
f 9850/97/10 9852/99/580 9851/98/567
f 9853/100/1 9854/101/1 9855/102/1
f 9854/101/1 9856/103/1 9855/102/1
f 9857/96/527 9858/97/526 9859/98/534
f 9858/97/526 9860/99/534 9859/98/534
f 9861/96/529 9862/97/529 9863/98/557
f 9862/97/529 9864/99/557 9863/98/557
f 9865/96/547 9866/97/567 9867/98/539
f 9866/97/567 9868/99/551 9867/98/539
f 9869/102/1 9870/103/1 9871/100/1
f 9870/103/1 9872/104/1 9871/100/1
f 9873/96/561 9874/97/561 9875/98/553
f 9874/97/561 9876/99/568 9875/98/553
f 9877/96/530 9878/97/530 9879/98/566
f 9878/97/530 9880/99/566 9879/98/566
f 9835/106/8 9881/106/8 9836/108/8
f 9881/106/8 9882/108/8 9836/108/8
f 9837/110/1 9883/110/1 9838/112/536
f 9883/110/1 9884/112/536 9838/112/536
f 9839/114/8 9885/114/8 9840/112/8
f 9885/114/8 9886/112/8 9840/112/8
f 9841/110/1 9887/110/572 9842/108/536
f 9887/110/572 9888/108/536 9842/108/536
f 9843/112/7 9889/112/7 9844/114/7
f 9889/112/7 9890/114/7 9844/114/7
f 9845/108/538 9891/108/538 9837/110/1
f 9891/108/538 9883/110/1 9837/110/1
f 9846/108/7 9892/108/7 9847/106/7
f 9892/108/7 9893/106/7 9847/106/7
f 9848/112/560 9894/112/538 9841/110/1
f 9894/112/538 9887/110/572 9841/110/1
f 9895/96/551 9896/97/525 9897/98/567
f 9896/97/525 9898/99/567 9897/98/567
f 9899/100/1 9900/101/1 9901/102/1
f 9900/101/1 9902/103/1 9901/102/1
f 9903/96/561 9904/97/561 9905/98/542
f 9904/97/561 9906/99/534 9905/98/542
f 9907/96/559 9908/97/559 9909/98/545
f 9908/97/559 9910/99/529 9909/98/545
f 9911/96/525 9912/97/525 9913/98/139
f 9912/97/525 9914/99/139 9913/98/139
f 9915/102/1 9916/103/1 9917/100/1
f 9916/103/1 9918/104/1 9917/100/1
f 9919/96/534 9920/97/534 9921/98/568
f 9920/97/534 9922/99/633 9921/98/568
f 9923/96/529 9924/97/545 9925/98/594
f 9924/97/545 9926/99/559 9925/98/594
f 9323/106/8 9927/106/8 9324/108/8
f 9927/106/8 9928/108/8 9324/108/8
f 9325/110/1 9929/110/1 9326/112/536
f 9929/110/1 9930/112/536 9326/112/536
f 9327/114/8 9931/114/8 9328/112/8
f 9931/114/8 9932/112/8 9328/112/8
f 9933/109/575 9934/110/1 9935/108/536
f 9934/110/1 9936/108/537 9935/108/536
f 9331/112/7 9937/112/7 9332/114/7
f 9937/112/7 9938/114/7 9332/114/7
f 9333/108/538 9939/108/560 9325/110/1
f 9939/108/560 9929/110/1 9325/110/1
f 9334/108/7 9940/108/7 9335/106/7
f 9940/108/7 9941/106/7 9335/106/7
f 9942/112/538 9943/112/538 9933/109/575
f 9943/112/538 9934/110/1 9933/109/575
f 9944/96/531 9945/97/15 9946/98/580
f 9945/97/15 9947/99/634 9946/98/580
f 9948/100/1 9949/101/1 9950/102/1
f 9949/101/1 9951/103/1 9950/102/1
f 9952/96/534 9953/97/534 9954/98/561
f 9953/97/534 9955/99/543 9954/98/561
f 9956/96/529 9957/97/529 9958/98/562
f 9957/97/529 9959/99/562 9958/98/562
f 9960/96/10 9961/97/547 9962/98/625
f 9961/97/547 9963/99/625 9962/98/625
f 9964/102/1 9965/103/1 9966/100/1
f 9965/103/1 9967/104/1 9966/100/1
f 9968/96/526 9969/97/526 9970/98/526
f 9969/97/526 9971/99/526 9970/98/526
f 9972/96/528 9973/97/528 9974/98/530
f 9973/97/528 9975/99/548 9974/98/530
f 9927/106/8 9976/106/8 9928/108/8
f 9976/106/8 9977/108/8 9928/108/8
f 9929/110/1 9978/110/1 9930/112/536
f 9978/110/1 9979/112/536 9930/112/536
f 9931/114/8 9980/114/8 9932/112/8
f 9980/114/8 9981/112/8 9932/112/8
f 9934/110/1 9982/110/1 9936/108/537
f 9982/110/1 9983/108/536 9936/108/537
f 9937/112/7 9984/112/7 9938/114/7
f 9984/112/7 9985/114/7 9938/114/7
f 9939/108/560 9986/108/538 9929/110/1
f 9986/108/538 9978/110/1 9929/110/1
f 9940/108/7 9987/108/7 9941/106/7
f 9987/108/7 9988/106/7 9941/106/7
f 9943/112/538 9989/112/538 9934/110/1
f 9989/112/538 9982/110/1 9934/110/1
f 9990/96/607 9991/97/14 9992/98/139
f 9991/97/14 9993/99/578 9992/98/139
f 9994/100/1 9995/101/1 9996/102/1
f 9995/101/1 9997/103/1 9996/102/1
f 9998/96/609 9999/97/609 10000/98/600
f 9999/97/609 10001/99/600 10000/98/600
f 10002/96/530 10003/97/566 10004/98/549
f 10003/97/566 10005/99/549 10004/98/549
f 10006/96/96 10007/97/96 10008/98/580
f 10007/97/96 10009/99/580 10008/98/580
f 10010/102/1 10011/103/1 10012/100/1
f 10011/103/1 10013/104/1 10012/100/1
f 10014/96/541 10015/97/541 10016/98/534
f 10015/97/541 10017/99/542 10016/98/534
f 10018/96/548 10019/97/548 10020/98/545
f 10019/97/548 10021/99/545 10020/98/545
f 9976/106/8 10022/106/8 9977/108/8
f 10022/106/8 10023/108/8 9977/108/8
f 9978/110/1 10024/110/1 9979/112/536
f 10024/110/1 10025/112/536 9979/112/536
f 9980/114/8 10026/114/8 9981/112/8
f 10026/114/8 10027/112/8 9981/112/8
f 9982/110/1 10028/110/1 9983/108/536
f 10028/110/1 10029/108/536 9983/108/536
f 9984/112/7 10030/112/7 9985/114/7
f 10030/112/7 10031/114/7 9985/114/7
f 9986/108/538 10032/108/538 9978/110/1
f 10032/108/538 10024/110/1 9978/110/1
f 9987/108/7 10033/108/7 9988/106/7
f 10033/108/7 10034/106/7 9988/106/7
f 9989/112/538 10035/112/538 9982/110/1
f 10035/112/538 10028/110/1 9982/110/1
f 10036/96/563 10037/97/15 10038/98/15
f 10037/97/15 10039/99/555 10038/98/15
f 10040/100/1 10041/101/1 10042/102/1
f 10041/101/1 10043/103/1 10042/102/1
f 10044/96/561 10045/97/561 10046/98/553
f 10045/97/561 10047/99/553 10046/98/553
f 10048/96/566 10049/97/566 10050/98/566
f 10049/97/566 10051/99/549 10050/98/566
f 10052/96/635 10053/97/555 10054/98/626
f 10053/97/555 10055/99/579 10054/98/626
f 10056/102/1 10057/103/1 10058/100/1
f 10057/103/1 10059/104/1 10058/100/1
f 10060/96/553 10061/97/553 10062/98/541
f 10061/97/553 10063/99/541 10062/98/541
f 10064/96/557 10065/97/557 10066/98/529
f 10065/97/557 10067/99/545 10066/98/529
f 10022/106/8 10068/106/8 10023/108/8
f 10068/106/8 10069/108/8 10023/108/8
f 10024/110/1 10070/110/1 10025/112/536
f 10070/110/1 10071/112/536 10025/112/536
f 10026/114/8 10072/114/8 10027/112/8
f 10072/114/8 10073/112/8 10027/112/8
f 10028/110/1 10074/110/1 10029/108/536
f 10074/110/1 10075/108/536 10029/108/536
f 10030/112/7 10076/112/7 10031/114/7
f 10076/112/7 10077/114/7 10031/114/7
f 10032/108/538 10078/108/560 10024/110/1
f 10078/108/560 10070/110/1 10024/110/1
f 10033/108/7 10079/108/7 10034/106/7
f 10079/108/7 10080/106/7 10034/106/7
f 10035/112/538 10081/112/538 10028/110/1
f 10081/112/538 10074/110/1 10028/110/1
f 10082/96/555 10083/97/578 10084/98/578
f 10083/97/578 10085/99/556 10084/98/578
f 10086/100/1 10087/101/1 10088/102/1
f 10087/101/1 10089/103/1 10088/102/1
f 10090/96/527 10091/97/543 10092/98/543
f 10091/97/543 10093/99/543 10092/98/543
f 10094/96/562 10095/97/611 10096/98/611
f 10095/97/611 10097/99/611 10096/98/611
f 10098/96/607 10099/97/593 10100/98/547
f 10099/97/593 10101/99/625 10100/98/547
f 10102/102/1 10103/103/1 10104/100/1
f 10103/103/1 10105/104/1 10104/100/1
f 10106/96/543 10107/97/543 10108/98/526
f 10107/97/543 10109/99/526 10108/98/526
f 10110/96/528 10111/97/544 10112/98/548
f 10111/97/544 10113/99/548 10112/98/548
f 10068/106/8 10114/106/8 10069/108/8
f 10114/106/8 10115/108/8 10069/108/8
f 10070/110/1 10116/110/1 10071/112/536
f 10116/110/1 10117/112/536 10071/112/536
f 10072/114/8 10118/114/8 10073/112/8
f 10118/114/8 10119/112/8 10073/112/8
f 10074/110/1 10120/110/1 10075/108/536
f 10120/110/1 10121/108/536 10075/108/536
f 10076/112/7 10122/112/7 10077/114/7
f 10122/112/7 10123/114/7 10077/114/7
f 10078/108/560 10124/108/538 10070/110/1
f 10124/108/538 10116/110/1 10070/110/1
f 10079/108/7 10125/108/7 10080/106/7
f 10125/108/7 10126/106/7 10080/106/7
f 10081/112/538 10127/112/538 10074/110/1
f 10127/112/538 10120/110/1 10074/110/1
f 10128/96/576 10129/97/579 10130/98/565
f 10129/97/579 10131/99/15 10130/98/565
f 10132/100/1 10133/101/1 10134/102/1
f 10133/101/1 10135/103/1 10134/102/1
f 10136/96/534 10137/97/534 10138/98/553
f 10137/97/534 10139/99/568 10138/98/553
f 10140/96/557 10141/97/529 10142/98/606
f 10141/97/529 10143/99/557 10142/98/606
f 10144/96/10 10145/97/525 10146/98/539
f 10145/97/525 10147/99/636 10146/98/539
f 10148/102/1 10149/103/1 10150/100/1
f 10149/103/1 10151/104/1 10150/100/1
f 10152/96/553 10153/97/553 10154/98/552
f 10153/97/553 10155/99/552 10154/98/552
f 10156/96/571 10157/97/566 10158/98/566
f 10157/97/566 10159/99/566 10158/98/566
f 10114/106/8 10160/106/8 10115/108/8
f 10160/106/8 10161/108/8 10115/108/8
f 10116/110/1 10162/110/1 10117/112/536
f 10162/110/1 10163/112/536 10117/112/536
f 10118/114/8 10164/114/8 10119/112/8
f 10164/114/8 10165/112/8 10119/112/8
f 10120/110/1 10166/110/572 10121/108/536
f 10166/110/572 10167/108/589 10121/108/536
f 10122/112/7 10168/112/7 10123/114/7
f 10168/112/7 10169/114/7 10123/114/7
f 10124/108/538 10170/108/538 10116/110/1
f 10170/108/538 10162/110/1 10116/110/1
f 10125/108/7 10171/108/7 10126/106/7
f 10171/108/7 10172/106/7 10126/106/7
f 10127/112/538 10173/112/538 10120/110/1
f 10173/112/538 10166/110/572 10120/110/1
f 10174/96/531 10175/97/531 10176/98/531
f 10175/97/531 10177/99/531 10176/98/531
f 10178/100/1 10179/101/1 10180/102/1
f 10179/101/1 10181/103/1 10180/102/1
f 10182/96/597 10183/97/543 10184/98/526
f 10183/97/543 10185/99/534 10184/98/526
f 10186/96/530 10187/97/530 10188/98/549
f 10187/97/530 10189/99/549 10188/98/549
f 10190/96/634 10191/97/565 10192/98/551
f 10191/97/565 10193/99/10 10192/98/551
f 10194/102/1 10195/103/1 10196/100/1
f 10195/103/1 10197/104/1 10196/100/1
f 10198/96/527 10199/97/527 10200/98/534
f 10199/97/527 10201/99/534 10200/98/534
f 10202/96/554 10203/97/559 10204/98/557
f 10203/97/559 10205/99/557 10204/98/557
f 9602/106/8 10206/106/8 9603/108/8
f 10206/106/8 10207/108/8 9603/108/8
f 9604/110/1 10208/110/1 9605/112/536
f 10208/110/1 10209/112/536 9605/112/536
f 9606/114/8 10210/114/8 9607/112/8
f 10210/114/8 10211/112/8 9607/112/8
f 10212/109/575 10213/110/1 10214/108/536
f 10213/110/1 10215/108/536 10214/108/536
f 9610/112/7 10216/112/7 9611/114/7
f 10216/112/7 10217/114/7 9611/114/7
f 9612/108/538 10218/108/538 9604/110/1
f 10218/108/538 10208/110/1 9604/110/1
f 9613/108/7 10219/108/7 9614/106/7
f 10219/108/7 10220/106/7 9614/106/7
f 10221/112/560 10222/112/538 10212/109/575
f 10222/112/538 10213/110/1 10212/109/575
f 10223/96/612 10224/97/612 10225/98/531
f 10224/97/612 10226/99/531 10225/98/531
f 10227/100/1 10228/101/1 10229/102/1
f 10228/101/1 10230/103/1 10229/102/1
f 10231/96/534 10232/97/534 10233/98/553
f 10232/97/534 10234/99/553 10233/98/553
f 10235/96/549 10236/97/566 10237/98/530
f 10236/97/566 10238/99/548 10237/98/530
f 10239/96/551 10240/97/539 10241/98/532
f 10240/97/539 10242/99/525 10241/98/532
f 10243/102/1 10244/103/1 10245/100/1
f 10244/103/1 10246/104/1 10245/100/1
f 10247/96/552 10248/97/552 10249/98/568
f 10248/97/552 10250/99/568 10249/98/568
f 10251/96/529 10252/97/529 10253/98/528
f 10252/97/529 10254/99/557 10253/98/528
f 10206/106/8 10255/106/8 10207/108/8
f 10255/106/8 10256/108/8 10207/108/8
f 10208/110/1 10257/110/1 10209/112/536
f 10257/110/1 10258/112/536 10209/112/536
f 10210/114/8 10259/114/8 10211/112/8
f 10259/114/8 10260/112/8 10211/112/8
f 10213/110/1 10261/110/1 10215/108/536
f 10261/110/1 10262/108/537 10215/108/536
f 10216/112/7 10263/112/7 10217/114/7
f 10263/112/7 10264/114/7 10217/114/7
f 10218/108/538 10265/108/560 10208/110/1
f 10265/108/560 10257/110/1 10208/110/1
f 10219/108/7 10266/108/7 10220/106/7
f 10266/108/7 10267/106/7 10220/106/7
f 10222/112/538 10268/112/538 10213/110/1
f 10268/112/538 10261/110/1 10213/110/1
f 10269/96/576 10270/97/637 10271/98/531
f 10270/97/637 10272/99/591 10271/98/531
f 10273/100/1 10274/101/1 10275/102/1
f 10274/101/1 10276/103/1 10275/102/1
f 10277/96/543 10278/97/543 10279/98/526
f 10278/97/543 10280/99/534 10279/98/526
f 10281/96/545 10282/97/529 10283/98/585
f 10282/97/529 10284/99/618 10283/98/585
f 10285/96/532 10286/97/555 10287/98/551
f 10286/97/555 10288/99/556 10287/98/551
f 10289/102/1 10290/103/1 10291/100/1
f 10290/103/1 10292/104/1 10291/100/1
f 10293/96/543 10294/97/543 10295/98/601
f 10294/97/543 10296/99/541 10295/98/601
f 10297/96/530 10298/97/530 10299/98/529
f 10298/97/530 10300/99/529 10299/98/529
f 10255/106/8 10301/106/8 10256/108/8
f 10301/106/8 10302/108/8 10256/108/8
f 10257/110/1 10303/110/1 10258/112/536
f 10303/110/1 10304/112/536 10258/112/536
f 10259/114/8 10305/114/8 10260/112/8
f 10305/114/8 10306/112/8 10260/112/8
f 10261/110/1 10307/110/1 10262/108/537
f 10307/110/1 10308/108/536 10262/108/537
f 10263/112/7 10309/112/7 10264/114/7
f 10309/112/7 10310/114/7 10264/114/7
f 10265/108/560 10311/108/560 10257/110/1
f 10311/108/560 10303/110/1 10257/110/1
f 10266/108/7 10312/108/7 10267/106/7
f 10312/108/7 10313/106/7 10267/106/7
f 10268/112/538 10314/112/538 10261/110/1
f 10314/112/538 10307/110/1 10261/110/1
f 10315/96/551 10316/97/139 10317/98/10
f 10316/97/139 10318/99/578 10317/98/10
f 10319/100/1 10320/101/1 10321/102/1
f 10320/101/1 10322/103/1 10321/102/1
f 10323/96/564 10324/97/564 10325/98/543
f 10324/97/564 10326/99/543 10325/98/543
f 10327/96/566 10328/97/566 10329/98/566
f 10328/97/566 10330/99/566 10329/98/566
f 10331/96/567 10332/97/10 10333/98/15
f 10332/97/10 10334/99/139 10333/98/15
f 10335/102/1 10336/103/1 10337/100/1
f 10336/103/1 10338/104/1 10337/100/1
f 10339/96/542 10340/97/534 10341/98/553
f 10340/97/534 10342/99/568 10341/98/553
f 10343/96/530 10344/97/566 10345/98/549
f 10344/97/566 10346/99/549 10345/98/549
f 10301/106/8 10347/106/8 10302/108/8
f 10347/106/8 10348/108/8 10302/108/8
f 10303/110/1 10349/110/1 10304/112/536
f 10349/110/1 10350/112/537 10304/112/536
f 10305/114/8 10351/114/8 10306/112/8
f 10351/114/8 10352/112/8 10306/112/8
f 10307/110/1 10353/110/1 10308/108/536
f 10353/110/1 10354/108/536 10308/108/536
f 10309/112/7 10355/112/7 10310/114/7
f 10355/112/7 10356/114/7 10310/114/7
f 10311/108/560 10357/108/538 10303/110/1
f 10357/108/538 10349/110/1 10303/110/1
f 10312/108/7 10358/108/7 10313/106/7
f 10358/108/7 10359/106/7 10313/106/7
f 10314/112/538 10360/112/538 10307/110/1
f 10360/112/538 10353/110/1 10307/110/1
f 10361/96/525 10362/97/15 10363/98/10
f 10362/97/15 10364/99/555 10363/98/10
f 10365/100/1 10366/101/1 10367/102/1
f 10366/101/1 10368/103/1 10367/102/1
f 10369/96/541 10370/97/541 10371/98/541
f 10370/97/541 10372/99/541 10371/98/541
f 10373/96/529 10374/97/529 10375/98/548
f 10374/97/529 10376/99/548 10375/98/548
f 10377/96/578 10378/97/10 10379/98/532
f 10378/97/10 10380/99/532 10379/98/532
f 10381/102/1 10382/103/1 10383/100/1
f 10382/103/1 10384/104/1 10383/100/1
f 10385/96/568 10386/97/568 10387/98/552
f 10386/97/568 10388/99/552 10387/98/552
f 10389/96/529 10390/97/529 10391/98/529
f 10390/97/529 10392/99/529 10391/98/529
f 10347/106/8 10393/106/8 10348/108/8
f 10393/106/8 10394/108/8 10348/108/8
f 10349/110/1 10395/110/1 10350/112/537
f 10395/110/1 10396/112/536 10350/112/537
f 10351/114/8 10397/114/8 10352/112/8
f 10397/114/8 10398/112/8 10352/112/8
f 10353/110/1 10399/110/1 10354/108/536
f 10399/110/1 10400/108/536 10354/108/536
f 10355/112/7 10401/112/7 10356/114/7
f 10401/112/7 10402/114/7 10356/114/7
f 10357/108/538 10403/108/560 10349/110/1
f 10403/108/560 10395/110/1 10349/110/1
f 10358/108/7 10404/108/7 10359/106/7
f 10404/108/7 10405/106/7 10359/106/7
f 10360/112/538 10406/112/538 10353/110/1
f 10406/112/538 10399/110/1 10353/110/1
f 10407/96/574 10408/97/638 10409/98/567
f 10408/97/638 10410/99/639 10409/98/567
f 10411/100/1 10412/101/1 10413/102/1
f 10412/101/1 10414/103/1 10413/102/1
f 10415/96/534 10416/97/534 10417/98/553
f 10416/97/534 10418/99/553 10417/98/553
f 10419/96/554 10420/97/559 10421/98/557
f 10420/97/559 10422/99/571 10421/98/557
f 10423/96/565 10424/97/551 10425/98/10
f 10424/97/551 10426/99/15 10425/98/10
f 10427/102/1 10428/103/1 10429/100/1
f 10428/103/1 10430/104/1 10429/100/1
f 10431/96/561 10432/97/534 10433/98/590
f 10432/97/534 10434/99/540 10433/98/590
f 10435/96/548 10436/97/548 10437/98/530
f 10436/97/548 10438/99/566 10437/98/530
f 10393/106/8 10439/106/8 10394/108/8
f 10439/106/8 10440/108/8 10394/108/8
f 10395/110/1 10441/110/1 10396/112/536
f 10441/110/1 10442/112/536 10396/112/536
f 10397/114/8 10443/114/8 10398/112/8
f 10443/114/8 10444/112/8 10398/112/8
f 10399/110/1 10445/110/572 10400/108/536
f 10445/110/572 10446/108/536 10400/108/536
f 10401/112/7 10447/112/7 10402/114/7
f 10447/112/7 10448/114/7 10402/114/7
f 10403/108/560 10449/108/560 10395/110/1
f 10449/108/560 10441/110/1 10395/110/1
f 10404/108/7 10450/108/7 10405/106/7
f 10450/108/7 10451/106/7 10405/106/7
f 10406/112/538 10452/112/573 10399/110/1
f 10452/112/573 10445/110/572 10399/110/1
f 10453/96/576 10454/97/579 10455/98/531
f 10454/97/579 10456/99/555 10455/98/531
f 10457/100/1 10458/101/1 10459/102/1
f 10458/101/1 10460/103/1 10459/102/1
f 10461/96/553 10462/97/553 10463/98/534
f 10462/97/553 10464/99/534 10463/98/534
f 10465/96/606 10466/97/559 10467/98/566
f 10466/97/559 10468/99/530 10467/98/566
f 10469/96/555 10470/97/10 10471/98/580
f 10470/97/10 10472/99/539 10471/98/580
f 10473/102/1 10474/103/1 10475/100/1
f 10474/103/1 10476/104/1 10475/100/1
f 10477/96/553 10478/97/553 10479/98/553
f 10478/97/553 10480/99/553 10479/98/553
f 10481/96/585 10482/97/584 10483/98/550
f 10482/97/584 10484/99/550 10483/98/550
f 9881/106/8 10485/106/8 9882/108/8
f 10485/106/8 10486/108/8 9882/108/8
f 9883/110/1 10487/110/1 9884/112/536
f 10487/110/1 10488/112/536 9884/112/536
f 9885/114/8 10489/114/8 9886/112/8
f 10489/114/8 10490/112/8 9886/112/8
f 10491/109/575 10492/110/1 10493/108/537
f 10492/110/1 10494/108/537 10493/108/537
f 9889/112/7 10495/112/7 9890/114/7
f 10495/112/7 10496/114/7 9890/114/7
f 9891/108/538 10497/108/538 9883/110/1
f 10497/108/538 10487/110/1 9883/110/1
f 9892/108/7 10498/108/7 9893/106/7
f 10498/108/7 10499/106/7 9893/106/7
f 10500/112/560 10501/112/538 10491/109/575
f 10501/112/538 10492/110/1 10491/109/575
f 10502/96/531 10503/97/531 10504/98/525
f 10503/97/531 10505/99/525 10504/98/525
f 10506/100/1 10507/101/1 10508/102/1
f 10507/101/1 10509/103/1 10508/102/1
f 10510/96/526 10511/97/526 10512/98/541
f 10511/97/526 10513/99/541 10512/98/541
f 10514/96/545 10515/97/545 10516/98/529
f 10515/97/545 10517/99/529 10516/98/529
f 10518/96/547 10519/97/531 10520/98/612
f 10519/97/531 10521/99/576 10520/98/612
f 10522/102/1 10523/103/1 10524/100/1
f 10523/103/1 10525/104/1 10524/100/1
f 10526/96/526 10527/97/526 10528/98/564
f 10527/97/526 10529/99/564 10528/98/564
f 10530/96/566 10531/97/566 10532/98/528
f 10531/97/566 10533/99/528 10532/98/528
f 10485/106/8 10534/106/8 10486/108/8
f 10534/106/8 10535/108/8 10486/108/8
f 10487/110/1 10536/110/1 10488/112/536
f 10536/110/1 10537/112/536 10488/112/536
f 10489/114/8 10538/114/8 10490/112/8
f 10538/114/8 10539/112/8 10490/112/8
f 10492/110/1 10540/110/1 10494/108/537
f 10540/110/1 10541/108/536 10494/108/537
f 10495/112/7 10542/112/7 10496/114/7
f 10542/112/7 10543/114/7 10496/114/7
f 10497/108/538 10544/108/560 10487/110/1
f 10544/108/560 10536/110/1 10487/110/1
f 10498/108/7 10545/108/7 10499/106/7
f 10545/108/7 10546/106/7 10499/106/7
f 10501/112/538 10547/112/560 10492/110/1
f 10547/112/560 10540/110/1 10492/110/1
f 10548/96/15 10549/97/15 10550/98/539
f 10549/97/15 10551/99/630 10550/98/539
f 10552/100/1 10553/101/1 10554/102/1
f 10553/101/1 10555/103/1 10554/102/1
f 10556/96/526 10557/97/526 10558/98/526
f 10557/97/526 10559/99/526 10558/98/526
f 10560/96/566 10561/97/566 10562/98/530
f 10561/97/566 10563/99/530 10562/98/530
f 10564/96/525 10565/97/533 10566/98/533
f 10565/97/533 10567/99/622 10566/98/533
f 10568/102/1 10569/103/1 10570/100/1
f 10569/103/1 10571/104/1 10570/100/1
f 10572/96/552 10573/97/552 10574/98/568
f 10573/97/552 10575/99/541 10574/98/568
f 10576/96/544 10577/97/557 10578/98/530
f 10577/97/557 10579/99/548 10578/98/530
f 10534/106/8 10580/106/8 10535/108/8
f 10580/106/8 10581/108/8 10535/108/8
f 10536/110/1 10582/110/1 10537/112/536
f 10582/110/1 10583/112/536 10537/112/536
f 10538/114/8 10584/114/8 10539/112/8
f 10584/114/8 10585/112/8 10539/112/8
f 10540/110/1 10586/110/1 10541/108/536
f 10586/110/1 10587/108/536 10541/108/536
f 10542/112/7 10588/112/7 10543/114/7
f 10588/112/7 10589/114/7 10543/114/7
f 10544/108/560 10590/108/538 10536/110/1
f 10590/108/538 10582/110/1 10536/110/1
f 10545/108/7 10591/108/7 10546/106/7
f 10591/108/7 10592/106/7 10546/106/7
f 10547/112/560 10593/112/560 10540/110/1
f 10593/112/560 10586/110/1 10540/110/1
f 10594/96/567 10595/97/551 10596/98/574
f 10595/97/551 10597/99/580 10596/98/574
f 10598/100/1 10599/101/1 10600/102/1
f 10599/101/1 10601/103/1 10600/102/1
f 10602/96/527 10603/97/543 10604/98/543
f 10603/97/543 10605/99/543 10604/98/543
f 10606/96/548 10607/97/530 10608/98/528
f 10607/97/530 10609/99/545 10608/98/528
f 10610/96/612 10611/97/612 10612/98/625
f 10611/97/612 10613/99/634 10612/98/625
f 10614/102/1 10615/103/1 10616/100/1
f 10615/103/1 10617/104/1 10616/100/1
f 10618/96/541 10619/97/541 10620/98/553
f 10619/97/541 10621/99/553 10620/98/553
f 10622/96/557 10623/97/557 10624/98/557
f 10623/97/557 10625/99/557 10624/98/557
f 10580/106/8 10626/106/8 10581/108/8
f 10626/106/8 10627/108/8 10581/108/8
f 10582/110/1 10628/110/1 10583/112/536
f 10628/110/1 10629/112/536 10583/112/536
f 10584/114/8 10630/114/8 10585/112/8
f 10630/114/8 10631/112/8 10585/112/8
f 10586/110/1 10632/110/1 10587/108/536
f 10632/110/1 10633/108/536 10587/108/536
f 10588/112/7 10634/112/7 10589/114/7
f 10634/112/7 10635/114/7 10589/114/7
f 10590/108/538 10636/108/538 10582/110/1
f 10636/108/538 10628/110/1 10582/110/1
f 10591/108/7 10637/108/7 10592/106/7
f 10637/108/7 10638/106/7 10592/106/7
f 10593/112/560 10639/112/538 10586/110/1
f 10639/112/538 10632/110/1 10586/110/1
f 10640/96/630 10641/97/556 10642/98/626
f 10641/97/556 10643/99/640 10642/98/626
f 10644/100/1 10645/101/1 10646/102/1
f 10645/101/1 10647/103/1 10646/102/1
f 10648/96/561 10649/97/561 10650/98/561
f 10649/97/561 10651/99/561 10650/98/561
f 10652/96/566 10653/97/566 10654/98/530
f 10653/97/566 10655/99/530 10654/98/530
f 10656/96/630 10657/97/96 10658/98/567
f 10657/97/96 10659/99/580 10658/98/567
f 10660/102/1 10661/103/1 10662/100/1
f 10661/103/1 10663/104/1 10662/100/1
f 10664/96/561 10665/97/534 10666/98/540
f 10665/97/534 10667/99/605 10666/98/540
f 10668/96/545 10669/97/562 10670/98/603
f 10669/97/562 10671/99/566 10670/98/603
f 10626/106/8 10672/106/8 10627/108/8
f 10672/106/8 10673/108/8 10627/108/8
f 10628/110/1 10674/110/1 10629/112/536
f 10674/110/1 10675/112/536 10629/112/536
f 10630/114/8 10676/114/8 10631/112/8
f 10676/114/8 10677/112/8 10631/112/8
f 10632/110/1 10678/110/1 10633/108/536
f 10678/110/1 10679/108/537 10633/108/536
f 10634/112/7 10680/112/7 10635/114/7
f 10680/112/7 10681/114/7 10635/114/7
f 10636/108/538 10682/108/538 10628/110/1
f 10682/108/538 10674/110/1 10628/110/1
f 10637/108/7 10683/108/7 10638/106/7
f 10683/108/7 10684/106/7 10638/106/7
f 10639/112/538 10685/112/538 10632/110/1
f 10685/112/538 10678/110/1 10632/110/1
f 10686/96/641 10687/97/641 10688/98/642
f 10687/97/641 10689/99/567 10688/98/642
f 10690/100/1 10691/101/1 10692/102/1
f 10691/101/1 10693/103/1 10692/102/1
f 10694/96/568 10695/97/553 10696/98/534
f 10695/97/553 10697/99/534 10696/98/534
f 10698/96/529 10699/97/559 10700/98/529
f 10699/97/559 10701/99/603 10700/98/529
f 10702/96/565 10703/97/625 10704/98/525
f 10703/97/625 10705/99/539 10704/98/525
f 10706/102/1 10707/103/1 10708/100/1
f 10707/103/1 10709/104/1 10708/100/1
f 10710/96/601 10711/97/540 10712/98/561
f 10711/97/540 10713/99/643 10712/98/561
f 10714/96/528 10715/97/528 10716/98/566
f 10715/97/528 10717/99/566 10716/98/566
f 10672/106/8 10718/106/8 10673/108/8
f 10718/106/8 10719/108/8 10673/108/8
f 10674/110/1 10720/110/572 10675/112/536
f 10720/110/572 10721/112/536 10675/112/536
f 10676/114/8 10722/114/8 10677/112/8
f 10722/114/8 10723/112/8 10677/112/8
f 10678/110/1 10724/110/602 10679/108/537
f 10724/110/602 10725/108/589 10679/108/537
f 10680/112/7 10726/112/7 10681/114/7
f 10726/112/7 10727/114/7 10681/114/7
f 10682/108/538 10728/108/538 10674/110/1
f 10728/108/538 10720/110/572 10674/110/1
f 10683/108/7 10729/108/7 10684/106/7
f 10729/108/7 10730/106/7 10684/106/7
f 10685/112/538 10731/112/538 10678/110/1
f 10731/112/538 10724/110/602 10678/110/1
f 10732/96/578 10733/97/139 10734/98/567
f 10733/97/139 10735/99/551 10734/98/567
f 10736/100/1 10737/101/1 10738/102/1
f 10737/101/1 10739/103/1 10738/102/1
f 10740/96/527 10741/97/527 10742/98/543
f 10741/97/527 10743/99/543 10742/98/543
f 10744/96/549 10745/97/549 10746/98/548
f 10745/97/549 10747/99/548 10746/98/548
f 10748/96/610 10749/97/570 10750/98/608
f 10749/97/570 10751/99/608 10750/98/608
f 10752/102/1 10753/103/1 10754/100/1
f 10753/103/1 10755/104/1 10754/100/1
f 10756/96/553 10757/97/553 10758/98/568
f 10757/97/553 10759/99/568 10758/98/568
f 10760/96/549 10761/97/549 10762/98/548
f 10761/97/549 10763/99/548 10762/98/548
f 10160/106/8 10764/106/8 10161/108/8
f 10764/106/8 10765/108/8 10161/108/8
f 10162/110/1 10766/110/1 10163/112/536
f 10766/110/1 10767/112/536 10163/112/536
f 10164/114/8 10768/114/644 10165/112/8
f 10768/114/644 10769/112/117 10165/112/8
f 10770/109/575 10771/110/1 10772/108/536
f 10771/110/1 10773/108/537 10772/108/536
f 10168/112/7 10774/112/7 10169/114/7
f 10774/112/7 10775/114/7 10169/114/7
f 10170/108/538 10776/108/538 10162/110/1
f 10776/108/538 10766/110/1 10162/110/1
f 10171/108/7 10777/108/645 10172/106/7
f 10777/108/645 10778/106/645 10172/106/7
f 10779/112/560 10780/112/538 10770/109/575
f 10780/112/538 10771/110/1 10770/109/575
f 10781/96/10 10782/97/10 10783/98/580
f 10782/97/10 10784/99/574 10783/98/580
f 10785/100/1 10786/101/1 10787/102/1
f 10786/101/1 10788/103/1 10787/102/1
f 10789/96/552 10790/97/552 10791/98/552
f 10790/97/552 10792/99/553 10791/98/552
f 10793/96/530 10794/97/566 10795/98/528
f 10794/97/566 10796/99/588 10795/98/528
f 10797/96/634 10798/97/532 10799/98/565
f 10798/97/532 10800/99/556 10799/98/565
f 10801/102/1 10802/103/1 10803/100/1
f 10802/103/1 10804/104/1 10803/100/1
f 10805/96/541 10806/97/541 10807/98/534
f 10806/97/541 10808/99/534 10807/98/534
f 10809/96/562 10810/97/562 10811/98/528
f 10810/97/562 10812/99/571 10811/98/528
f 10764/106/8 10813/106/8 10765/108/8
f 10813/106/8 10814/108/8 10765/108/8
f 10766/110/1 10815/110/1 10767/112/536
f 10815/110/1 10816/112/536 10767/112/536
f 10768/114/644 10817/114/8 10769/112/117
f 10817/114/8 10818/112/8 10769/112/117
f 10771/110/1 10819/110/1 10773/108/537
f 10819/110/1 10820/108/536 10773/108/537
f 10774/112/7 10821/112/7 10775/114/7
f 10821/112/7 10822/114/7 10775/114/7
f 10776/108/538 10823/108/560 10766/110/1
f 10823/108/560 10815/110/1 10766/110/1
f 10777/108/645 10824/108/7 10778/106/645
f 10824/108/7 10825/106/7 10778/106/645
f 10780/112/538 10826/112/538 10771/110/1
f 10826/112/538 10819/110/1 10771/110/1
f 10827/96/551 10828/97/539 10829/98/10
f 10828/97/539 10830/99/565 10829/98/10
f 10831/100/1 10832/101/1 10833/102/1
f 10832/101/1 10834/103/1 10833/102/1
f 10835/96/534 10836/97/526 10837/98/527
f 10836/97/526 10838/99/527 10837/98/527
f 10839/96/529 10840/97/529 10841/98/557
f 10840/97/529 10842/99/557 10841/98/557
f 10843/96/556 10844/97/531 10845/98/563
f 10844/97/531 10846/99/625 10845/98/563
f 10847/102/1 10848/103/1 10849/100/1
f 10848/103/1 10850/104/1 10849/100/1
f 10851/96/643 10852/97/561 10853/98/526
f 10852/97/561 10854/99/527 10853/98/526
f 10855/96/557 10856/97/557 10857/98/566
f 10856/97/557 10858/99/530 10857/98/566
f 10813/106/8 10859/106/8 10814/108/8
f 10859/106/8 10860/108/8 10814/108/8
f 10815/110/1 10861/110/1 10816/112/536
f 10861/110/1 10862/112/536 10816/112/536
f 10817/114/8 10863/114/8 10818/112/8
f 10863/114/8 10864/112/8 10818/112/8
f 10819/110/1 10865/110/1 10820/108/536
f 10865/110/1 10866/108/536 10820/108/536
f 10821/112/7 10867/112/7 10822/114/7
f 10867/112/7 10868/114/7 10822/114/7
f 10823/108/560 10869/108/560 10815/110/1
f 10869/108/560 10861/110/1 10815/110/1
f 10824/108/7 10870/108/7 10825/106/7
f 10870/108/7 10871/106/7 10825/106/7
f 10826/112/538 10872/112/538 10819/110/1
f 10872/112/538 10865/110/1 10819/110/1
f 10873/96/96 10874/97/563 10875/98/547
f 10874/97/563 10876/99/646 10875/98/547
f 10877/100/1 10878/101/1 10879/102/1
f 10878/101/1 10880/103/1 10879/102/1
f 10881/96/526 10882/97/526 10883/98/534
f 10882/97/526 10884/99/534 10883/98/534
f 10885/96/529 10886/97/529 10887/98/530
f 10886/97/529 10888/99/530 10887/98/530
f 10889/96/647 10890/97/593 10891/98/539
f 10890/97/593 10892/99/567 10891/98/539
f 10893/102/1 10894/103/1 10895/100/1
f 10894/103/1 10896/104/1 10895/100/1
f 10897/96/541 10898/97/568 10899/98/553
f 10898/97/568 10900/99/553 10899/98/553
f 10901/96/528 10902/97/528 10903/98/549
f 10902/97/528 10904/99/566 10903/98/549
f 10859/106/8 10905/106/8 10860/108/8
f 10905/106/8 10906/108/8 10860/108/8
f 10861/110/1 10907/110/1 10862/112/536
f 10907/110/1 10908/112/536 10862/112/536
f 10863/114/8 10909/114/8 10864/112/8
f 10909/114/8 10910/112/8 10864/112/8
f 10865/110/1 10911/110/1 10866/108/536
f 10911/110/1 10912/108/536 10866/108/536
f 10867/112/7 10913/112/7 10868/114/7
f 10913/112/7 10914/114/7 10868/114/7
f 10869/108/560 10915/108/538 10861/110/1
f 10915/108/538 10907/110/1 10861/110/1
f 10870/108/7 10916/108/7 10871/106/7
f 10916/108/7 10917/106/7 10871/106/7
f 10872/112/538 10918/112/560 10865/110/1
f 10918/112/560 10911/110/1 10865/110/1
f 10919/96/10 10920/97/525 10921/98/15
f 10920/97/525 10922/99/539 10921/98/15
f 10923/100/1 10924/101/1 10925/102/1
f 10924/101/1 10926/103/1 10925/102/1
f 10927/96/526 10928/97/526 10929/98/526
f 10928/97/526 10930/99/526 10929/98/526
f 10931/96/566 10932/97/566 10933/98/528
f 10932/97/566 10934/99/528 10933/98/528
f 10935/96/551 10936/97/551 10937/98/533
f 10936/97/551 10938/99/532 10937/98/533
f 10939/102/1 10940/103/1 10941/100/1
f 10940/103/1 10942/104/1 10941/100/1
f 10943/96/553 10944/97/552 10945/98/552
f 10944/97/552 10946/99/552 10945/98/552
f 10947/96/529 10948/97/529 10949/98/529
f 10948/97/529 10950/99/648 10949/98/529
f 10905/106/8 10951/106/8 10906/108/8
f 10951/106/8 10952/108/8 10906/108/8
f 10907/110/1 10953/110/1 10908/112/536
f 10953/110/1 10954/112/536 10908/112/536
f 10909/114/8 10955/114/8 10910/112/8
f 10955/114/8 10956/112/8 10910/112/8
f 10911/110/1 10957/110/1 10912/108/536
f 10957/110/1 10958/108/536 10912/108/536
f 10913/112/7 10959/112/7 10914/114/7
f 10959/112/7 10960/114/7 10914/114/7
f 10915/108/538 10961/108/538 10907/110/1
f 10961/108/538 10953/110/1 10907/110/1
f 10916/108/7 10962/108/7 10917/106/7
f 10962/108/7 10963/106/7 10917/106/7
f 10918/112/560 10964/112/538 10911/110/1
f 10964/112/538 10957/110/1 10911/110/1
f 10965/96/563 10966/97/563 10967/98/565
f 10966/97/563 10968/99/565 10967/98/565
f 10969/100/1 10970/101/1 10971/102/1
f 10970/101/1 10972/103/1 10971/102/1
f 10973/96/568 10974/97/541 10975/98/541
f 10974/97/541 10976/99/541 10975/98/541
f 10977/96/562 10978/97/562 10979/98/648
f 10978/97/562 10980/99/566 10979/98/648
f 10981/96/565 10982/97/563 10983/98/565
f 10982/97/563 10984/99/625 10983/98/565
f 10985/102/1 10986/103/1 10987/100/1
f 10986/103/1 10988/104/1 10987/100/1
f 10989/96/526 10990/97/527 10991/98/540
f 10990/97/527 10992/99/601 10991/98/540
f 10993/96/562 10994/97/528 10995/98/566
f 10994/97/528 10996/99/530 10995/98/566
f 10951/106/8 10997/106/8 10952/108/8
f 10997/106/8 10998/108/8 10952/108/8
f 10953/110/1 10999/110/602 10954/112/536
f 10999/110/602 11000/112/536 10954/112/536
f 10955/114/8 11001/114/8 10956/112/8
f 11001/114/8 11002/112/8 10956/112/8
f 10957/110/1 11003/110/602 10958/108/536
f 11003/110/602 11004/108/536 10958/108/536
f 10959/112/7 11005/112/7 10960/114/7
f 11005/112/7 11006/114/7 10960/114/7
f 10961/108/538 11007/108/538 10953/110/1
f 11007/108/538 10999/110/602 10953/110/1
f 10962/108/7 11008/108/7 10963/106/7
f 11008/108/7 11009/106/7 10963/106/7
f 10964/112/538 11010/112/573 10957/110/1
f 11010/112/573 11003/110/602 10957/110/1
f 11011/96/525 11012/97/525 11013/98/580
f 11012/97/525 11014/99/555 11013/98/580
f 11015/100/1 11016/101/1 11017/102/1
f 11016/101/1 11018/103/1 11017/102/1
f 11019/96/534 11020/97/534 11021/98/541
f 11020/97/534 11022/99/541 11021/98/541
f 11023/96/529 11024/97/562 11025/98/554
f 11024/97/562 11026/99/544 11025/98/554
f 11027/96/565 11028/97/565 11029/98/565
f 11028/97/565 11030/99/525 11029/98/565
f 11031/102/1 11032/103/1 11033/100/1
f 11032/103/1 11034/104/1 11033/100/1
f 11035/96/561 11036/97/561 11037/98/553
f 11036/97/561 11038/99/553 11037/98/553
f 11039/96/566 11040/97/566 11041/98/530
f 11040/97/566 11042/99/530 11041/98/530
f 10439/106/8 11043/106/8 10440/108/8
f 11043/106/8 11044/108/8 10440/108/8
f 10441/110/1 11045/110/1 10442/112/536
f 11045/110/1 11046/112/536 10442/112/536
f 10443/114/8 11047/114/8 10444/112/8
f 11047/114/8 11048/112/8 10444/112/8
f 11049/109/575 11050/110/1 11051/108/536
f 11050/110/1 11052/108/536 11051/108/536
f 10447/112/7 11053/112/7 10448/114/7
f 11053/112/7 11054/114/7 10448/114/7
f 10449/108/560 11055/108/538 10441/110/1
f 11055/108/538 11045/110/1 10441/110/1
f 10450/108/7 11056/108/7 10451/106/7
f 11056/108/7 11057/106/7 10451/106/7
f 11058/112/538 11059/112/538 11049/109/575
f 11059/112/538 11050/110/1 11049/109/575
f 11060/96/531 11061/97/531 11062/98/533
f 11061/97/531 11063/99/625 11062/98/533
f 11064/100/1 11065/101/1 11066/102/1
f 11065/101/1 11067/103/1 11066/102/1
f 11068/96/527 11069/97/526 11070/98/587
f 11069/97/526 11071/99/587 11070/98/587
f 11072/96/566 11073/97/566 11074/98/557
f 11073/97/566 11075/99/557 11074/98/557
f 11076/96/576 11077/97/531 11078/98/531
f 11077/97/531 11079/99/139 11078/98/531
f 11080/102/1 11081/103/1 11082/100/1
f 11081/103/1 11083/104/1 11082/100/1
f 11084/96/581 11085/97/541 11086/98/526
f 11085/97/541 11087/99/526 11086/98/526
f 11088/96/562 11089/97/562 11090/98/562
f 11089/97/562 11091/99/562 11090/98/562
f 11043/106/8 11092/106/8 11044/108/8
f 11092/106/8 11093/108/8 11044/108/8
f 11045/110/1 11094/110/1 11046/112/536
f 11094/110/1 11095/112/536 11046/112/536
f 11047/114/8 11096/114/8 11048/112/8
f 11096/114/8 11097/112/8 11048/112/8
f 11050/110/1 11098/110/1 11052/108/536
f 11098/110/1 11099/108/536 11052/108/536
f 11053/112/7 11100/112/7 11054/114/7
f 11100/112/7 11101/114/7 11054/114/7
f 11055/108/538 11102/108/538 11045/110/1
f 11102/108/538 11094/110/1 11045/110/1
f 11056/108/7 11103/108/7 11057/106/7
f 11103/108/7 11104/106/7 11057/106/7
f 11059/112/538 11105/112/538 11050/110/1
f 11105/112/538 11098/110/1 11050/110/1
f 11106/96/15 11107/97/10 11108/98/525
f 11107/97/10 11109/99/525 11108/98/525
f 11110/100/1 11111/101/1 11112/102/1
f 11111/101/1 11113/103/1 11112/102/1
f 11114/96/526 11115/97/526 11116/98/526
f 11115/97/526 11117/99/526 11116/98/526
f 11118/96/548 11119/97/548 11120/98/549
f 11119/97/548 11121/99/549 11120/98/549
f 11122/96/547 11123/97/547 11124/98/539
f 11123/97/547 11125/99/539 11124/98/539
f 11126/102/1 11127/103/1 11128/100/1
f 11127/103/1 11129/104/1 11128/100/1
f 11130/96/534 11131/97/534 11132/98/552
f 11131/97/534 11133/99/552 11132/98/552
f 11134/96/545 11135/97/562 11136/98/562
f 11135/97/562 11137/99/562 11136/98/562
f 11092/106/8 11138/106/8 11093/108/8
f 11138/106/8 11139/108/8 11093/108/8
f 11094/110/1 11140/110/1 11095/112/536
f 11140/110/1 11141/112/536 11095/112/536
f 11096/114/8 11142/114/8 11097/112/8
f 11142/114/8 11143/112/8 11097/112/8
f 11098/110/1 11144/110/1 11099/108/536
f 11144/110/1 11145/108/536 11099/108/536
f 11100/112/7 11146/112/7 11101/114/7
f 11146/112/7 11147/114/7 11101/114/7
f 11102/108/538 11148/108/538 11094/110/1
f 11148/108/538 11140/110/1 11094/110/1
f 11103/108/7 11149/108/7 11104/106/7
f 11149/108/7 11150/106/7 11104/106/7
f 11105/112/538 11151/112/538 11098/110/1
f 11151/112/538 11144/110/1 11098/110/1
f 11152/96/531 11153/97/555 11154/98/532
f 11153/97/555 11155/99/649 11154/98/532
f 11156/100/1 11157/101/1 11158/102/1
f 11157/101/1 11159/103/1 11158/102/1
f 11160/96/541 11161/97/568 11162/98/650
f 11161/97/568 11163/99/561 11162/98/650
f 11164/96/584 11165/97/598 11166/98/562
f 11165/97/598 11167/99/558 11166/98/562
f 11168/96/531 11169/97/531 11170/98/578
f 11169/97/531 11171/99/578 11170/98/578
f 11172/102/1 11173/103/1 11174/100/1
f 11173/103/1 11175/104/1 11174/100/1
f 11176/96/543 11177/97/543 11178/98/526
f 11177/97/543 11179/99/526 11178/98/526
f 11180/96/606 11181/97/528 11182/98/548
f 11181/97/528 11183/99/548 11182/98/548
f 11138/106/8 11184/106/8 11139/108/8
f 11184/106/8 11185/108/8 11139/108/8
f 11140/110/1 11186/110/1 11141/112/536
f 11186/110/1 11187/112/536 11141/112/536
f 11142/114/8 11188/114/8 11143/112/8
f 11188/114/8 11189/112/8 11143/112/8
f 11144/110/1 11190/110/1 11145/108/536
f 11190/110/1 11191/108/536 11145/108/536
f 11146/112/7 11192/112/7 11147/114/7
f 11192/112/7 11193/114/7 11147/114/7
f 11148/108/538 11194/108/538 11140/110/1
f 11194/108/538 11186/110/1 11140/110/1
f 11149/108/7 11195/108/7 11150/106/7
f 11195/108/7 11196/106/7 11150/106/7
f 11151/112/538 11197/112/538 11144/110/1
f 11197/112/538 11190/110/1 11144/110/1
f 11198/96/569 11199/97/531 11200/98/531
f 11199/97/531 11201/99/576 11200/98/531
f 11202/100/1 11203/101/1 11204/102/1
f 11203/101/1 11205/103/1 11204/102/1
f 11206/96/543 11207/97/543 11208/98/543
f 11207/97/543 11209/99/543 11208/98/543
f 11210/96/566 11211/97/566 11212/98/528
f 11211/97/566 11213/99/528 11212/98/528
f 11214/96/576 11215/97/574 11216/98/613
f 11215/97/574 11217/99/622 11216/98/613
f 11218/102/1 11219/103/1 11220/100/1
f 11219/103/1 11221/104/1 11220/100/1
f 11222/96/534 11223/97/534 11224/98/553
f 11223/97/534 11225/99/553 11224/98/553
f 11226/96/566 11227/97/566 11228/98/544
f 11227/97/566 11229/99/528 11228/98/544
f 11184/106/8 11230/106/8 11185/108/8
f 11230/106/8 11231/108/8 11185/108/8
f 11186/110/1 11232/110/1 11187/112/536
f 11232/110/1 11233/112/536 11187/112/536
f 11188/114/8 11234/114/8 11189/112/8
f 11234/114/8 11235/112/8 11189/112/8
f 11190/110/1 11236/110/1 11191/108/536
f 11236/110/1 11237/108/536 11191/108/536
f 11192/112/7 11238/112/7 11193/114/7
f 11238/112/7 11239/114/7 11193/114/7
f 11194/108/538 11240/108/538 11186/110/1
f 11240/108/538 11232/110/1 11186/110/1
f 11195/108/7 11241/108/7 11196/106/7
f 11241/108/7 11242/106/7 11196/106/7
f 11197/112/538 11243/112/538 11190/110/1
f 11243/112/538 11236/110/1 11190/110/1
f 11244/96/10 11245/97/10 11246/98/567
f 11245/97/10 11247/99/139 11246/98/567
f 11248/100/1 11249/101/1 11250/102/1
f 11249/101/1 11251/103/1 11250/102/1
f 11252/96/541 11253/97/541 11254/98/568
f 11253/97/541 11255/99/568 11254/98/568
f 11256/96/528 11257/97/544 11258/98/566
f 11257/97/544 11259/99/530 11258/98/566
f 11260/96/531 11261/97/531 11262/98/10
f 11261/97/531 11263/99/15 11262/98/10
f 11264/102/1 11265/103/1 11266/100/1
f 11265/103/1 11267/104/1 11266/100/1
f 11268/96/583 11269/97/561 11270/98/553
f 11269/97/561 11271/99/568 11270/98/553
f 11272/96/550 11273/97/606 11274/98/598
f 11273/97/606 11275/99/584 11274/98/598
f 11230/106/8 11276/106/8 11231/108/8
f 11276/106/8 11277/108/8 11231/108/8
f 11232/110/1 11278/110/572 11233/112/536
f 11278/110/572 11279/112/536 11233/112/536
f 11234/114/8 11280/114/8 11235/112/8
f 11280/114/8 11281/112/8 11235/112/8
f 11236/110/1 11282/110/602 11237/108/536
f 11282/110/602 11283/108/536 11237/108/536
f 11238/112/7 11284/112/7 11239/114/7
f 11284/112/7 11285/114/7 11239/114/7
f 11240/108/538 11286/108/538 11232/110/1
f 11286/108/538 11278/110/572 11232/110/1
f 11241/108/7 11287/108/7 11242/106/7
f 11287/108/7 11288/106/7 11242/106/7
f 11243/112/538 11289/112/573 11236/110/1
f 11289/112/573 11282/110/602 11236/110/1
